A,v,vth,delta,resid
0.1025621703872865,2.118339884203144,2.118338900777965,9.834251786244863e-07,8.609391312046539e-05
0.1025621703778929,2.1183401325996893,2.118338900584067,1.2320156224099321e-06,8.713642199769674e-05
0.1025621703838747,2.118339905754561,2.11833890070754,1.0050470207190187e-06,8.609382200316195e-05
0.1025621703873877,2.118340039678316,2.118338900780054,1.1388982619209287e-06,8.606423113212973e-05
0.102562169779472,2.118340089688573,2.1183388882317318,1.2014568411267135e-06,8.607838610917358e-05
0.1025621702354512,2.1183399342135423,2.118338897643849,1.0365696931913249e-06,8.69985475179113e-05
0.1025621703873289,2.1183400785328335,2.1183389007788405,1.1777539929980207e-06,8.608002429230955e-05
0.1025621702354512,2.1183397715251724,2.118338897643849,8.738813233044596e-07,8.607838610917358e-05
0.1025621698045938,2.1183399885263134,2.118338888750285,1.0997760284681135e-06,8.603261724920812e-05
0.1025621703857669,2.1183399772223437,2.1183389007465983,1.076475745431793e-06,8.627749832123886e-05
0.1025621702613427,2.118340196265878,2.11833889817829,1.2980875880863607e-06,8.69985475179113e-05
0.1025621698045938,2.1183397835079405,2.118338888750285,8.947576555229375e-07,8.603261724920812e-05
0.1025621703792153,2.118340003373147,2.1183389006113633,1.1027617836667503e-06,8.627749265554245e-05
0.1025621703873877,2.1183400075854117,2.118338900780054,1.106805357586893e-06,8.606423113212973e-05
0.1025621703873877,2.118340042669873,2.118338900780054,1.141889818701003e-06,8.606423113212973e-05
0.102562169779472,2.1183400532245042,2.1183388882317318,1.1649927724732834e-06,8.607838610917358e-05
0.1025621703856176,2.118340029676045,2.1183389007435167,1.1289325283492246e-06,8.608002233765382e-05
0.1025621703873289,2.118340009753339,2.1183389007788405,1.1089744984538186e-06,8.608002429230955e-05
0.1025621703857669,2.1183400026584605,2.1183389007465983,1.101911862200211e-06,8.627749832123886e-05
0.1025621703746251,2.118340044347618,2.118338900516614,1.1438310036915311e-06,8.71373469923849e-05
0.1025621702613427,2.1183397662913968,2.11833889817829,8.681131067334036e-07,8.627282904228075e-05
0.1025621703857669,2.118339916580988,2.1183389007465983,1.0158343899391298e-06,8.627749832123886e-05
0.1025621703857668,2.118339951317526,2.118338900746596,1.0505709298058719e-06,8.627749832106004e-05
0.1025621703856176,2.1183400920177626,2.1183389007435167,1.1912742459152525e-06,8.627749265554245e-05
0.1025621702354512,2.11833991019072,2.118338897643849,1.0125468707933294e-06,8.607838610917358e-05
0.102562170379388,2.118340049285041,2.118338900614928,1.1486701128049503e-06,8.699843396526956e-05
0.1025621703746251,2.1183400452482095,2.118338900516614,1.144731595292825e-06,8.71373469923849e-05
0.1025621703857668,2.1183400111328003,2.118338900746596,1.1103862043171375e-06,8.627749832106004e-05
0.1025621703838747,2.1183400118320694,2.11833890070754,1.1111245292738658e-06,8.609382200316195e-05
0.1025621703838747,2.118339933630043,2.11833890070754,1.0329225026417532e-06,8.608002233765382e-05
0.1025621703838747,2.118339988546967,2.11833890070754,1.0878394269830949e-06,8.606420822837829e-05
0.1025621698045938,2.1183399420864166,2.118338888750285,1.0533361316511503e-06,8.604588354353229e-05
0.1025621703746251,2.1183399953555417,2.118338900516614,1.0948389275178272e-06,8.699843412596072e-05
0.1025621703838747,2.1183399724526315,2.11833890070754,1.0717450913411142e-06,8.609382200316195e-05
0.1025621702354512,2.118339847425253,2.118338897643849,9.497814037473518e-07,8.627282904228075e-05
0.1025621703857668,2.118339855909844,2.118338900746596,9.551632480508943e-07,8.627749832106004e-05
0.1025621703872865,2.1183400492394244,2.118338900777965,1.1484614592660591e-06,8.609391312046539e-05
0.1025621703857668,2.118339979663656,2.118338900746596,1.0789170601377407e-06,8.627749832106004e-05
0.1025621703792153,2.118339779511053,2.1183389006113633,8.78899689471524e-07,8.609382200316195e-05
0.1025621703873877,2.1183400417357134,2.118338900780054,1.140955659284515e-06,8.606423113212973e-05
0.1025621703856176,2.1183400359755784,2.1183389007435167,1.1352320616886402e-06,8.609382200316195e-05
0.1025621702613427,2.1183402156805906,2.11833889817829,1.3175023005906894e-06,8.627282904228075e-05
0.1025621698045938,2.118340099522102,2.118338888750285,1.2107718170284443e-06,8.607838610917358e-05
0.1025621703838747,2.118340000553532,2.11833890070754,1.0998459920585901e-06,8.609382200316195e-05
0.1025621703856176,2.118340011674798,2.1183389007435167,1.1109312811896643e-06,8.606420822837829e-05
0.1025621703873289,2.118339908241852,2.1183389007788405,1.007463011681864e-06,8.608002429236154e-05
0.1025621703838747,2.1183399340369853,2.11833890070754,1.033329445121467e-06,8.608002233765382e-05
0.1025621703874336,2.118339815836489,2.1183389007810014,9.150554873826877e-07,8.604935429592303e-05
0.102562170379388,2.118340093523936,2.118338900614928,1.1929090080187166e-06,8.699843396548961e-05
0.1025621703857668,2.118340038696214,2.118338900746596,1.1379496180907722e-06,8.627749832106004e-05
0.1025621702613427,2.1183401690551404,2.11833889817829,1.2708768504232637e-06,8.627282904228075e-05
0.1025621703872863,2.1183400368185925,2.1183389007779607,1.1360406317884042e-06,8.609391311632535e-05
0.1025621703857669,2.1183400827223497,2.1183389007465983,1.181975751496367e-06,8.627749832123886e-05
0.1025621703873877,2.1183398969362153,2.118338900780054,9.96156161114925e-07,8.606423113212973e-05
0.102562170379388,2.1183400113868176,2.118338900614928,1.1107718895786434e-06,8.699843396548961e-05
0.1025621703873289,2.1183400010855706,2.1183389007788405,1.1003067301729175e-06,8.608002429230955e-05
0.1025621703857669,2.1183400522033393,2.1183389007465983,1.1514567410664256e-06,8.627749832123886e-05
0.1025621698045938,2.118340118916892,2.118338888750285,1.2301666068026407e-06,8.607838610917358e-05
0.1025621703857669,2.118340050351025,2.1183389007465983,1.1496044267644834e-06,8.627749832123886e-05
0.1025621703873289,2.1183400228748472,2.1183389007788405,1.1220960067781505e-06,8.608002429236154e-05
0.1025621703873289,2.1183399403265035,2.1183389007788405,1.0395476630620237e-06,8.608002429236154e-05
0.1025621703873289,2.1183399918854913,2.1183389007788405,1.091106650807916e-06,8.608002429230955e-05
0.1025621703873877,2.118339969117864,2.118338900780054,1.0683378097731122e-06,8.606423113212973e-05
0.1025621703857669,2.1183400135827624,2.1183389007465983,1.1128361641077333e-06,8.627749832123886e-05
0.1025621703857668,2.118339958740277,2.118338900746596,1.0579936811083712e-06,8.627749832106004e-05
0.1025621702613427,2.1183401160369115,2.11833889817829,1.2178586215050302e-06,8.627282904228075e-05
0.1025621703856176,2.118339806003078,2.1183389007435167,9.052595610903325e-07,8.608002233765382e-05
0.1025621703873289,2.1183400688760563,2.1183389007788405,1.168097215842323e-06,8.608002429230955e-05
0.1025621703872863,2.118340006128802,2.1183389007779607,1.1053508410796553e-06,8.609391311632535e-05
0.1025621698045938,2.118340082278429,2.118338888750285,1.1935281438724132e-06,8.604588354353229e-05
0.1025621702354512,2.1183399290268343,2.118338897643849,1.0313829852393042e-06,8.607838610917358e-05
0.1025621703872865,2.1183400688836223,2.118338900777965,1.168105657090024e-06,8.609391312046539e-05
0.1025621703778929,2.118340091833284,2.118338900584067,1.1912492170473854e-06,8.713642199769674e-05
0.1025621703856176,2.118340038114518,2.1183389007435167,1.1373710013806715e-06,8.606420822837829e-05
0.1025621703873289,2.118339990306927,2.1183389007788405,1.0895280864176016e-06,8.608002429236154e-05
0.1025621703792153,2.118339924877644,2.1183389006113633,1.0242662806803082e-06,8.609382200316195e-05
0.1025621703838747,2.1183401412174594,2.11833890070754,1.240509919231414e-06,8.627749265554245e-05
0.1025621703856176,2.1183399811166903,2.1183389007435167,1.080373173589777e-06,8.608002233765382e-05
0.1025621703873289,2.1183400169691184,2.1183389007788405,1.1161902779832644e-06,8.608002429236154e-05
0.1025621703838747,2.1183398807943745,2.11833890070754,9.80086834356797e-07,8.608002233765382e-05
0.1025621678811744,2.118340196983627,2.1183388490479276,1.3479356995027558e-06,8.627282904228075e-05
0.1025621678811744,2.1183401046859456,2.1183388490479276,1.2556380180051008e-06,8.607838610917358e-05
0.1025621703838747,2.1183400134731367,2.11833890070754,1.1127655965559313e-06,8.609382200316195e-05
0.1025621703872865,2.1183398244171263,2.118338900777965,9.236391611544548e-07,8.609391312046539e-05
0.1025621702613427,2.1183401184296793,2.11833889817829,1.2202513892667355e-06,8.762155233193334e-05
0.1025621703872865,2.118339983919868,2.118338900777965,1.0831419028356493e-06,8.609391312046539e-05
0.1025621703873877,2.1183399885626426,2.118338900780054,1.0877825884492154e-06,8.606423113212973e-05
0.1025621702613427,2.1183400695991073,2.11833889817829,1.1714208172364238e-06,8.607838610917358e-05
0.1025621703838747,2.118340054369455,2.11833890070754,1.1536619148877492e-06,8.627749265554245e-05
0.1025621703792153,2.118339918731881,2.1183389006113633,1.0181205176706953e-06,8.609382200316195e-05
0.1025621703873289,2.118340313769038,2.1183389007788405,1.412990197735553e-06,8.608002429236154e-05
0.1025621703872865,2.1183400360083735,2.118338900777965,1.135230408344512e-06,8.609391312046539e-05
0.1025621703838747,2.1183399169617068,2.11833890070754,1.0162541665970082e-06,8.609382200316195e-05
0.1025621702354512,2.118339967559712,2.118338897643849,1.069915863016746e-06,8.607838610917358e-05
0.1025621703857669,2.118340054835491,2.1183389007465983,1.1540888928962545e-06,8.627749832123886e-05
0.1025621703873289,2.11834002739095,2.1183389007788405,1.126612109381142e-06,8.608002429230955e-05
0.1025621703857668,2.118340040958945,2.118338900746596,1.1402123489823168e-06,8.627749832106004e-05
0.1025621703874336,2.118340032362126,2.1183389007810014,1.1315811248024943e-06,8.604935429592303e-05
0.1025621703857668,2.1183400994087815,2.118338900746596,1.198662185508681e-06,8.627749832106004e-05
0.1025621703857668,2.1183398774862363,2.118338900746596,9.767396402793338e-07,8.627749832106004e-05
0.1025621703872863,2.1183401578468217,2.1183389007779607,1.2570688610047398e-06,8.609391311632535e-05
0.1025621703856176,2.1183397787856086,2.1183389007435167,8.780420919229925e-07,8.627749265554245e-05
0.1025621702354512,2.11834005090574,2.118338897643849,1.1532618908738357e-06,8.627282904228075e-05
0.1025621703873877,2.1183399339703315,2.118338900780054,1.0331902773330626e-06,8.606423113212973e-05
0.1025621703856176,2.1183400076598575,2.1183389007435167,1.106916340809505e-06,8.606420822837829e-05
0.1025621703873289,2.118340037597214,2.1183389007788405,1.1368183736593096e-06,8.608002429230955e-05
0.1025621703856176,2.118339918991973,2.1183389007435167,1.0182484562193395e-06,8.606420822837829e-05
0.1025621703856176,2.118340031788835,2.1183389007435167,1.131045318292223e-06,8.627749265554245e-05
0.1025621698045938,2.1183398735007017,2.118338888750285,9.847504167659338e-07,8.603261724920812e-05
0.1025621702613427,2.1183401468674643,2.11833889817829,1.2486891742824469e-06,8.69985475179113e-05
0.1025621703873289,2.1183400378306896,2.1183389007788405,1.1370518491204962e-06,8.608002429236154e-05
0.1025621703872863,2.1183400499354357,2.1183389007779607,1.1491574749555866e-06,8.609391311632535e-05
0.102562169779472,2.1183399346926635,2.1183388882317318,1.046460931686255e-06,8.603261724920812e-05
0.1025621703873877,2.118339978151993,2.118338900780054,1.0773719387735525e-06,8.606423113300073e-05
0.1025621703872863,2.1183400164540678,2.1183389007779607,1.115676107055208e-06,8.609391311632535e-05
0.1025621703873289,2.1183400718012404,2.1183389007788405,1.1710223999372715e-06,8.608002429236154e-05
0.1025621703873877,2.11833993976091,2.118338900780054,1.0389808560162805e-06,8.606423113212973e-05
0.102562169779472,2.118340136165352,2.1183388882317318,1.2479336204407332e-06,8.627282904228075e-05
0.102562169779472,2.1183400603938747,2.1183388882317318,1.172162142903943e-06,8.69985475179113e-05
0.1025621703856176,2.1183399039340896,2.1183389007435167,1.0031905728347112e-06,8.606420822837829e-05
0.1025621703872863,2.1183399846855924,2.1183389007779607,1.083907631649339e-06,8.609391311632535e-05
0.102562170379388,2.1183399906088396,2.118338900614928,1.0899939115738277e-06,8.699843396526956e-05
0.1025621703792153,2.118339887430276,2.1183389006113633,9.868189128070526e-07,8.699843412596072e-05
0.1025621703872863,2.118339965408016,2.1183389007779607,1.0646300552252796e-06,8.609391311632535e-05
0.102562170379388,2.118340015393289,2.118338900614928,1.1147783611775708e-06,8.699843396526956e-05
0.1025621703856176,2.1183398518632632,2.1183389007435167,9.511197465172927e-07,8.627749265554245e-05
0.102562170379388,2.1183400492926134,2.118338900614928,1.1486776854141567e-06,8.699843396526956e-05
0.1025621703873289,2.1183399579011017,2.1183389007788405,1.0571222612831832e-06,8.608002429230955e-05
0.1025621698045938,2.1183400860737898,2.118338888750285,1.1973235047868513e-06,8.607838610917358e-05
0.1025621703874336,2.118339869122373,2.1183389007810014,9.68341371532233e-07,8.604935429511404e-05
0.1025621703856176,2.1183401490029614,2.1183389007435167,1.2482594446971973e-06,8.627749265554245e-05
0.1025621703873289,2.1183401050921566,2.1183389007788405,1.2043133161832031e-06,8.608002429230955e-05
0.1025621703873289,2.118340026166887,2.1183389007788405,1.1253880467521071e-06,8.608002429230955e-05
0.1025621678811744,2.118340046747963,2.1183388490479276,1.1977000355933853e-06,8.604588354353229e-05
0.1025621703873877,2.118339992174468,2.118338900780054,1.0913944139545606e-06,8.606423113300073e-05
0.1025621703746251,2.1183400718296803,2.118338900516614,1.171313066095081e-06,8.699843412596072e-05
0.1025621703872865,2.118340006882725,2.118338900777965,1.1061047597848983e-06,8.609391312046539e-05
0.1025621703873877,2.1183400248604953,2.118338900780054,1.1240804411727368e-06,8.606423113212973e-05
0.1025621703873289,2.118339976762417,2.1183389007788405,1.0759835764595493e-06,8.608002429230955e-05
0.1025621703856176,2.118340006004219,2.1183389007435167,1.105260702072286e-06,8.609382200316195e-05
0.1025621702354512,2.118340043741227,2.118338897643849,1.1460973778909533e-06,8.607838610917358e-05
0.1025621703857668,2.118340145519248,2.118338900746596,1.2447726520647961e-06,8.627749832106004e-05
0.1025621703873289,2.1183399398065323,2.1183389007788405,1.0390276918847974e-06,8.608002429230955e-05
0.1025621703872863,2.1183400662465517,2.1183389007779607,1.1654685909689988e-06,8.609391311632535e-05
0.1025621703778929,2.1183400647388093,2.118338900584067,1.1641547423835163e-06,8.713642199769674e-05
0.1025621703873289,2.11833993616283,2.1183389007788405,1.0353839896559691e-06,8.608002429230955e-05
0.1025621703873877,2.1183399853741647,2.118338900780054,1.084594110523085e-06,8.606423113212973e-05
0.1025621703873877,2.1183399965944636,2.118338900780054,1.0958144094352917e-06,8.606423113300073e-05
0.102562170379388,2.118340074822372,2.118338900614928,1.1742074441656314e-06,8.699843396548961e-05
0.1025621703873289,2.1183400632377745,2.1183389007788405,1.1624589340009095e-06,8.608002429236154e-05
0.1025621703866447,2.118340028192935,2.1183389007647175,1.127428217451154e-06,8.606420822837829e-05
0.1025621703856176,2.1183399076924725,2.1183389007435167,1.0069489557729128e-06,8.608002233765382e-05
0.1025621702613427,2.1183399144446935,2.11833889817829,1.0162664034751856e-06,8.627282904228075e-05
0.1025621703873289,2.118340072482413,2.1183389007788405,1.171703572389049e-06,8.608002429236154e-05
0.1025621703792153,2.1183400651030126,2.1183389006113633,1.1644916493303015e-06,8.627749265554245e-05
0.1025621703792153,2.118339976038028,2.1183389006113633,1.07542666460958e-06,8.606420822837829e-05
0.1025621703874336,2.118339912493046,2.1183389007810014,1.0117120448072114e-06,8.604935429511404e-05
0.102562169779472,2.1183400698945305,2.1183388882317318,1.181662798721561e-06,8.627282904228075e-05
0.1025621703856176,2.1183400291242402,2.1183389007435167,1.1283807235251686e-06,8.608002233765382e-05
0.1025621703792153,2.1183400412545033,2.1183389006113633,1.140643139940778e-06,8.699843412596072e-05
0.1025621678811744,2.118340132307082,2.1183388490479276,1.2832591544942318e-06,8.762155233193334e-05
0.1025621703867217,2.118340022996652,2.1183389007663065,1.122230345540487e-06,8.606420822837829e-05
0.102562169779472,2.118339958308301,2.1183388882317318,1.0700765691318281e-06,8.604588354353229e-05
0.1025621703857668,2.118340253091202,2.118338900746596,1.352344606075917e-06,8.627749832106004e-05
0.1025621698045938,2.1183401263964505,2.118338888750285,1.2376461655527748e-06,8.627282904228075e-05
0.102562170379388,2.1183400492926134,2.118338900614928,1.1486776854141567e-06,8.699843396548961e-05
0.1025621703872865,2.1183400293899544,2.118338900777965,1.128611989198447e-06,8.609391312046539e-05
0.1025621703873289,2.118339998205441,2.1183389007788405,1.0974266007046651e-06,8.608002429230955e-05
0.1025621703857669,2.1183399861435666,2.1183389007465983,1.0853969683033426e-06,8.627749832123886e-05
0.102562169779472,2.1183399867892936,2.1183388882317318,1.0985575618072119e-06,8.604588354353229e-05
0.1025621698045938,2.1183400947494024,2.118338888750285,1.2059991174595552e-06,8.604588354353229e-05
0.1025621703857669,2.118340015499024,2.1183389007465983,1.1147524259236263e-06,8.627749832123886e-05
0.1025621702354512,2.1183400570067947,2.118338897643849,1.1593629456463361e-06,8.627282904228075e-05
0.1025621703872863,2.118340048878274,2.1183389007779607,1.1481003134861112e-06,8.609391311632535e-05
0.1025621703838747,2.1183398969897484,2.11833890070754,9.962822082876244e-07,8.627749265554245e-05
0.1025621703792153,2.1183400367938443,2.1183389006113633,1.1361824809874577e-06,8.699843412596072e-05
0.1025621703838747,2.1183400897161704,2.11833890070754,1.1890086302202008e-06,8.609382200316195e-05
0.1025621703838747,2.11833977005926,2.11833890070754,8.693517199453993e-07,8.627749265554245e-05
0.1025621702354512,2.1183401035419442,2.118338897643849,1.2058980951579201e-06,8.627282904228075e-05
0.1025621703873289,2.118339946121918,2.1183389007788405,1.0453430774326478e-06,8.608002429236154e-05
0.1025621703857669,2.118340231302999,2.1183389007465983,1.3305564006138582e-06,8.627749832123886e-05
0.1025621702354512,2.1183399627409982,2.118338897643849,1.0650971491443784e-06,8.607838610917358e-05
0.1025621703857668,2.1183400250243865,2.118338900746596,1.1242777904207912e-06,8.627749832106004e-05
0.1025621703872865,2.1183400487927195,2.118338900777965,1.148014754370763e-06,8.609391312046539e-05
0.102562170379388,2.118339985946366,2.118338900614928,1.085331438055448e-06,8.699843396526956e-05
0.102562170379388,2.118339960991493,2.118338900614928,1.0603765647765329e-06,8.699843396548961e-05
0.1025621703857668,2.1183400338015805,2.118338900746596,1.1330549845034454e-06,8.627749832106004e-05
0.1025621698045938,2.118340090448187,2.118338888750285,1.2016979020756935e-06,8.607838610917358e-05
0.1025621703873289,2.118340061901363,2.1183389007788405,1.1611225225749422e-06,8.608002429230955e-05
0.1025621702613427,2.118340193011394,2.11833889817829,1.2948331038487026e-06,8.627282904228075e-05
0.1025621703856176,2.1183399444965256,2.1183389007435167,1.0437530089113523e-06,8.608002233765382e-05
0.1025621703857668,2.118340012322778,2.118338900746596,1.1115761817670489e-06,8.627749832106004e-05
0.1025621703874336,2.1183399963033063,2.1183389007810014,1.0955223048725315e-06,8.604935429511404e-05
0.1025621703872863,2.118339962019749,2.1183389007779607,1.0612417882249758e-06,8.609391311632535e-05
0.1025621703874336,2.118339883115227,2.1183389007810014,9.82334225518855e-07,8.604935429592303e-05
0.1025621703866447,2.1183400723079298,2.1183389007647175,1.1715432122194613e-06,8.606420822837829e-05
0.1025621703856176,2.118340079335478,2.1183389007435167,1.1785919613593876e-06,8.627749265554245e-05
0.1025621703872863,2.1183399937133265,2.1183389007779607,1.0929353657651575e-06,8.609391311632535e-05
0.102562169779472,2.118340074819947,2.1183388882317318,1.186588215240647e-06,8.607838610917358e-05
0.1025621698045938,2.118340172312148,2.118338888750285,1.2835618630191448e-06,8.762155233193334e-05
0.1025621703792153,2.118339919733278,2.1183389006113633,1.01912191485809e-06,8.627749265554245e-05
0.1025621703857669,2.118339777272956,2.1183389007465983,8.76526357718177e-07,8.627749832123886e-05
0.1025621703874336,2.1183400317677825,2.1183389007810014,1.130986781117116e-06,8.604935429511404e-05
0.1025621703792153,2.1183401646657307,2.1183389006113633,1.2640543674002913e-06,8.699843412596072e-05
0.1025621703872863,2.1183400471832714,2.1183389007779607,1.146405310681331e-06,8.609391311632535e-05
0.1025621703873289,2.118340008275548,2.1183389007788405,1.1074967076751818e-06,8.608002429230955e-05
0.1025621703856176,2.118340067703253,2.1183389007435167,1.1669597363983542e-06,8.627749265554245e-05
0.1025621703856176,2.1183399817342243,2.1183389007435167,1.0809907076136938e-06,8.608002233765382e-05
0.1025621703857668,2.118339998607831,2.118338900746596,1.0978612348111483e-06,8.627749832106004e-05
0.1025621702354512,2.118340047225477,2.118338897643849,1.149581628112628e-06,8.69985475179113e-05
0.1025621703857668,2.1183400582737866,2.118338900746596,1.1575271905428508e-06,8.627749832106004e-05
0.1025621702354512,2.1183401038386362,2.118338897643849,1.206194787162218e-06,8.627282904228075e-05
0.1025621703792153,2.118340047213299,2.1183389006113633,1.1466019356198842e-06,8.699843412596072e-05
0.1025621702354512,2.1183400542048965,2.118338897643849,1.1565610473773802e-06,8.627282904228075e-05
0.1025621703873289,2.1183402456910714,2.1183389007788405,1.344912230916151e-06,8.608002429230955e-05
0.1025621703873289,2.118339981738521,2.1183389007788405,1.0809596804328692e-06,8.608002429230955e-05
0.1025621676899787,2.1183399064510695,2.118338845101352,1.0613497174460917e-06,8.602513224222104e-05
0.1025621702354512,2.1183399928978424,2.118338897643849,1.0952539932773675e-06,8.607838610917358e-05
0.1025621703857669,2.118339846850381,2.1183389007465983,9.461037828728536e-07,8.627749832123886e-05
0.102562170379388,2.1183400355849398,2.118338900614928,1.134970011751335e-06,8.699843396548961e-05
0.1025621703873877,2.1183399379223404,2.118338900780054,1.0371422862753832e-06,8.606423113300073e-05
0.1025621703746251,2.1183399399432012,2.118338900516614,1.0394265870239394e-06,8.606420822837829e-05
0.1025621703857669,2.1183400973883413,2.1183389007465983,1.1966417430286924e-06,8.627749832123886e-05
0.1025621678811744,2.118340055871483,2.1183388490479276,1.2068235553108764e-06,8.627282904228075e-05
0.1025621703746251,2.118339999474541,2.118338900516614,1.0989579268816385e-06,8.606420822837829e-05
0.1025621703874336,2.1183399087439083,2.1183389007810014,1.0079629069181806e-06,8.604935429592303e-05
0.102562169779472,2.118340111692938,2.1183388882317318,1.2234612061234884e-06,8.607838610917358e-05
0.1025621703857669,2.118340090536937,2.1183389007465983,1.1897903386959285e-06,8.627749832123886e-05
0.1025621703872865,2.118339868969628,2.118338900777965,9.681916628423437e-07,8.609391312046539e-05
0.102562170379388,2.118340002774816,2.118338900614928,1.1021598878002692e-06,8.699843396548961e-05
0.1025621703838747,2.118340062880869,2.11833890070754,1.1621733286837355e-06,8.609382200316195e-05
0.1025621703734333,2.118340095585897,2.1183389004920135,1.1950938834104363e-06,8.609382200316195e-05
0.1025621703734333,2.1183400566514243,2.1183389004920135,1.1561594108755457e-06,8.606420822837829e-05
0.1025621703873877,2.1183399139618553,2.118338900780054,1.0131818011238636e-06,8.606423113300073e-05
0.1025621702613427,2.1183401392452463,2.11833889817829,1.2410669563145404e-06,8.627282904228075e-05
0.1025621703872863,2.1183399977242847,2.1183389007779607,1.096946323997372e-06,8.609391311632535e-05
0.1025621676899787,2.1183399570463446,2.118338845101352,1.1119449925267588e-06,8.602513224222104e-05
0.1025621703872865,2.118340021680092,2.118338900777965,1.120902126672263e-06,8.609391312046539e-05
0.1025621703857668,2.1183399196037866,2.118338900746596,1.018857190615563e-06,8.627749832106004e-05
0.1025621703866447,2.1183399495120034,2.1183389007647175,1.0487472859033176e-06,8.604933343977453e-05
0.1025621678811744,2.1183401155812933,2.1183388490479276,1.26653336574023e-06,8.603261724920812e-05
0.1025621703873289,2.118340046073541,2.1183389007788405,1.1452947004109149e-06,8.608002429230955e-05
0.102562169779472,2.1183400093905917,2.1183388882317318,1.1211588599735478e-06,8.604588354353229e-05
0.1025621703857669,2.11834002300126,2.1183389007465983,1.1222546616451723e-06,8.627749832123886e-05
0.1025621703873877,2.1183398722841478,2.118338900780054,9.715040936164598e-07,8.606423113300073e-05
0.1025621703746251,2.1183400402769883,2.118338900516614,1.1397603740803675e-06,8.699843412596072e-05
0.1025621703857668,2.118340031254195,2.118338900746596,1.130507599089725e-06,8.627749832106004e-05
0.1025621703872865,2.118339943239144,2.118338900777965,1.0424611787129834e-06,8.609391312046539e-05
0.1025621703873289,2.11833987574249,2.1183389007788405,9.749636493694425e-07,8.608002429236154e-05
0.1025621678811744,2.1183400465281315,2.1183388490479276,1.197480203884993e-06,8.603261724920812e-05
0.1025621678811744,2.118340105614052,2.1183388490479276,1.2565661244856585e-06,8.603261724920812e-05
0.1025621703792153,2.1183399296882652,2.1183389006113633,1.0290769019150048e-06,8.606420822837829e-05
0.1025621703867217,2.118339889820222,2.1183389007663065,9.890539156565126e-07,8.608002233765382e-05
0.1025621703856176,2.118340145010948,2.1183389007435167,1.244267431310675e-06,8.627749265554245e-05
0.1025621703866447,2.11834008098151,2.1183389007647175,1.1802167922958517e-06,8.608002233765382e-05
0.1025621703872863,2.118340035953182,2.1183389007779607,1.1351752213784039e-06,8.609391311632535e-05
0.1025621703872863,2.118340020091096,2.1183389007779607,1.1193131350673013e-06,8.609391311632535e-05
0.102562169779472,2.1183400163123105,2.1183388882317318,1.128080578727264e-06,8.604588354353229e-05
0.1025621703838747,2.118340053618135,2.11833890070754,1.1529105949925622e-06,8.609382200316195e-05
0.1025621703778927,2.118339994661955,2.1183389005840625,1.0940778927270856e-06,8.713642199417603e-05
0.1025621678811744,2.1183401200784737,2.1183388490479276,1.2710305461460791e-06,8.762155233193334e-05
0.1025621702613427,2.1183401902477823,2.11833889817829,1.2920694922868847e-06,8.69985475179113e-05
0.1025621702354512,2.1183399679594843,2.118338897643849,1.0703156352320775e-06,8.607838610917358e-05
0.1025621703873877,2.118339976041838,2.118338900780054,1.0752617840559253e-06,8.606423113300073e-05
0.1025621703857668,2.118340068157406,2.118338900746596,1.1674108097992075e-06,8.627749832106004e-05
0.1025621703746251,2.1183400132684658,2.118338900516614,1.1127518515507973e-06,8.699843412596072e-05
0.1025621703856176,2.118340083105987,2.1183389007435167,1.182362470153464e-06,8.609382200316195e-05
0.1025621703872865,2.1183399650803674,2.118338900777965,1.0643024022094494e-06,8.609391312046539e-05
0.1025621703856176,2.118339978978203,2.1183389007435167,1.0782346864246506e-06,8.608002233765382e-05
0.102562169779472,2.11833995504798,2.1183388882317318,1.066816248229685e-06,8.604588354353229e-05
0.102562169779472,2.1183399921327233,2.1183388882317318,1.103900991505924e-06,8.604588354353229e-05
0.1025621703872865,2.1183399805496466,2.118338900777965,1.0797716814003877e-06,8.609391312046539e-05
0.1025621703874336,2.1183399704798362,2.1183389007810014,1.0696988348435355e-06,8.604935429511404e-05
0.102562170379388,2.1183400010844426,2.118338900614928,1.1004695146255017e-06,8.699843396548961e-05
0.1025621703857668,2.118340103843703,2.118338900746596,1.2030971068277552e-06,8.627749832106004e-05
0.1025621703873877,2.1183400098225453,2.118338900780054,1.1090424911763819e-06,8.606423113212973e-05
0.1025621703872865,2.118339933667475,2.118338900777965,1.0328895099220858e-06,8.609391312046539e-05
0.1025621703873877,2.118340014567699,2.118338900780054,1.1137876447797623e-06,8.606423113212973e-05
0.1025621703792153,2.118340004366966,2.1183389006113633,1.1037556024717787e-06,8.608002233765382e-05
0.1025621703838747,2.1183400531363334,2.11833890070754,1.1524287932829225e-06,8.609382200316195e-05
0.1025621678811744,2.11834010633096,2.1183388490479276,1.2572830323520634e-06,8.627282904228075e-05
0.1025621703872863,2.118340039099746,2.1183389007779607,1.1383217852767302e-06,8.609391311632535e-05
0.1025621703857669,2.118339929252845,2.1183389007465983,1.0285062468362582e-06,8.627749832123886e-05
0.1025621703866447,2.1183400581396974,2.1183389007647175,1.1573749798543531e-06,8.604933343977453e-05
0.102562169779472,2.11834006106729,2.1183388882317318,1.1728355580054028e-06,8.604588354353229e-05
0.1025621703872863,2.118340003776188,2.1183389007779607,1.1029982274202155e-06,8.609391311632535e-05
0.1025621703856176,2.118340023599761,2.1183389007435167,1.1228562444287604e-06,8.609382200316195e-05
0.1025621703838747,2.1183400019850023,2.11833890070754,1.1012774621121935e-06,8.609382200316195e-05
0.102562169779472,2.1183401022739647,2.1183388882317318,1.2140422329665057e-06,8.69985475179113e-05
0.1025621703873289,2.118340063613947,2.1183389007788405,1.1628351064274511e-06,8.608002429236154e-05
0.1025621703873289,2.1183400311936995,2.1183389007788405,1.1304148590518537e-06,8.608002429236154e-05
0.1025621702354512,2.118339821186833,2.118338897643849,9.235429838660991e-07,8.627282904228075e-05
0.1025621703866447,2.1183399865069408,2.1183389007647175,1.0857422232390945e-06,8.606420822837829e-05
0.1025621703873289,2.118339948262518,2.1183389007788405,1.0474836775742347e-06,8.608002429230955e-05
0.1025621703872863,2.118340048878274,2.1183389007779607,1.1481003134861112e-06,8.609391311632535e-05
0.1025621703873877,2.118339945805902,2.118338900780054,1.0450258476346619e-06,8.606423113300073e-05
0.1025621703857669,2.118340068121489,2.1183389007465983,1.1673748905316472e-06,8.627749832123886e-05
0.1025621703838747,2.1183400358251547,2.11833890070754,1.1351176145701913e-06,8.608002233765382e-05
0.1025621703873289,2.11833987574249,2.1183389007788405,9.749636493694425e-07,8.608002429230955e-05
0.1025621703872863,2.118339962574564,2.1183389007779607,1.0617966030856962e-06,8.609391311632535e-05
0.1025621703857669,2.118340032309531,2.1183389007465983,1.1315629326880128e-06,8.627749832123886e-05
0.102562169779472,2.1183399544262542,2.1183388882317318,1.0661945224477165e-06,8.604588354353229e-05
0.1025621703857669,2.118339863897253,2.1183389007465983,9.63150654786915e-07,8.627749832123886e-05
0.1025621702354512,2.118339935185709,2.118338897643849,1.0375418599828379e-06,8.69985475179113e-05
0.1025621702354512,2.1183400297395414,2.118338897643849,1.1320956923022152e-06,8.627282904228075e-05
0.1025621703856176,2.11833997714998,2.1183389007435167,1.0764064630741643e-06,8.608002233765382e-05
0.1025621703872863,2.118340024444326,2.1183389007779607,1.1236663652880452e-06,8.609391311632535e-05
0.1025621703856176,2.1183400644795305,2.1183389007435167,1.1637360137761732e-06,8.627749265554245e-05
0.1025621703873877,2.118339963101739,2.118338900780054,1.0623216848415495e-06,8.606423113300073e-05
0.1025621698045938,2.118340070280721,2.118338888750285,1.1815304361562085e-06,8.607838610917358e-05
0.1025621702354512,2.118340056486433,2.118338897643849,1.1588425841146943e-06,8.627282904228075e-05
0.1025621703866447,2.1183399619510106,2.1183389007647175,1.0611862930609561e-06,8.606420822837829e-05
0.1025621703872865,2.1183398787794374,2.118338900777965,9.780014722515773e-07,8.609391312046539e-05
0.1025621703746251,2.118340010587778,2.118338900516614,1.1100711638789562e-06,8.699843412596072e-05
0.1025621703873877,2.1183400053692742,2.118338900780054,1.1045892200911567e-06,8.606423113212973e-05
0.1025621703838747,2.118340056508684,2.11833890070754,1.155801143681856e-06,8.609382200316195e-05
0.1025621703838747,2.1183400429935864,2.11833890070754,1.1422860461962614e-06,8.609382200316195e-05
0.1025621702613427,2.118340224512814,2.11833889817829,1.3263345239877822e-06,8.607838610917358e-05
0.1025621703746251,2.1183400514149615,2.118338900516614,1.150898347290763e-06,8.699843412596072e-05
0.1025621703792153,2.1183400373836165,2.1183389006113633,1.1367722532185098e-06,8.609382200316195e-05
0.1025621703857668,2.1183400416438087,2.118338900746596,1.1408972127036066e-06,8.627749832106004e-05
0.1025621703873877,2.1183399605159776,2.118338900780054,1.05973592345876e-06,8.606423113300073e-05
0.1025621702613427,2.1183400284229745,2.11833889817829,1.1302446845107283e-06,8.607838610917358e-05
0.1025621703746251,2.1183400433955573,2.118338900516614,1.142878943038994e-06,8.608002233765382e-05
0.1025621698045938,2.1183401421940795,2.118338888750285,1.2534437945355137e-06,8.627282904228075e-05
0.1025621702354512,2.1183401688796155,2.118338897643849,1.271235766431289e-06,8.627282904228075e-05
0.102562170379388,2.1183399398589335,2.118338900614928,1.0392440055184693e-06,8.699843396526956e-05
0.1025621703873289,2.1183400383832334,2.1183389007788405,1.1376043929089974e-06,8.608002429230955e-05
0.1025621703873877,2.118339994517036,2.118338900780054,1.0937369818719844e-06,8.606423113300073e-05
0.1025621703856176,2.1183400800520094,2.1183389007435167,1.1793084926381425e-06,8.627749265554245e-05
0.1025621703857669,2.118340039249899,2.1183389007465983,1.1385033009680967e-06,8.627749832123886e-05
0.1025621703872863,2.1183400785554114,2.1183389007779607,1.1777774506782634e-06,8.609391311632535e-05
0.1025621703872865,2.118339964791642,2.118338900777965,1.064013676721487e-06,8.609391312046539e-05
0.1025621703857668,2.1183400033646045,2.118338900746596,1.1026180084527937e-06,8.627749832106004e-05
0.1025621676899787,2.118340019629534,2.118338845101352,1.1745281818242859e-06,8.602513224222104e-05
0.1025621703734333,2.118340011811087,2.1183389004920135,1.111319073654471e-06,8.71373469923849e-05
0.1025621703872863,2.118339996310552,2.1183389007779607,1.0955325913108993e-06,8.609391311632535e-05
0.1025621703873289,2.118340022574615,2.1183389007788405,1.1217957744946716e-06,8.608002429230955e-05
0.1025621703866447,2.118340009244348,2.1183389007647175,1.1084796303073574e-06,8.606420822837829e-05
0.1025621703873289,2.1183399814079698,2.1183389007788405,1.0806291292908554e-06,8.608002429230955e-05
0.1025621703872865,2.118339999656196,2.118338900777965,1.0988782306320388e-06,8.609391312046539e-05
0.1025621703409047,2.1183400331636486,2.118338899820573,1.133343075387927e-06,8.627282904228075e-05
0.1025621703792153,2.1183401653530907,2.1183389006113633,1.2647417273470296e-06,8.699843412596072e-05
0.1025621703873289,2.1183400105106096,2.1183389007788405,1.1097317691444175e-06,8.608002429230955e-05
0.1025621703857668,2.1183399336656943,2.118338900746596,1.0329190982538705e-06,8.627749832106004e-05
0.102562169779472,2.1183400248003297,2.1183388882317318,1.1365685979036755e-06,8.604588354353229e-05
0.1025621703873877,2.118339914642486,2.118338900780054,1.013862431786805e-06,8.606423113300073e-05
0.1025621703792153,2.118339899613747,2.1183389006113633,9.990023834838269e-07,8.608002233765382e-05
0.1025621698045938,2.1183400353941217,2.118338888750285,1.1466438367691012e-06,8.604588354353229e-05
0.1025621702354512,2.118340058777086,2.118338897643849,1.1611332371153082e-06,8.627282904228075e-05
0.1025621703778929,2.118340038226222,2.118338900584067,1.1376421551467786e-06,8.713642199769674e-05
0.1025621703746251,2.1183400206436307,2.118338900516614,1.1201270164740151e-06,8.71373469923849e-05
0.1025621703857668,2.1183400343275154,2.118338900746596,1.1335809193546709e-06,8.627749832106004e-05
0.1025621702354512,2.1183399665970866,2.118338897643849,1.0689532374819066e-06,8.607838610917358e-05
0.1025621703873289,2.118340030099117,2.1183389007788405,1.1293202764051102e-06,8.608002429236154e-05
0.1025621703873289,2.1183399842985624,2.1183389007788405,1.083519721944981e-06,8.608002429236154e-05
0.1025621703838747,2.118340015453343,2.11833890070754,1.1147458027771506e-06,8.609382200316195e-05
0.1025621703778927,2.1183400132608585,2.1183389005840625,1.1126767960334405e-06,8.713642199417603e-05
0.102562170379388,2.1183399120129724,2.118338900614928,1.0113980444259596e-06,8.699843396548961e-05
0.1025621702613427,2.118339929738012,2.11833889817829,1.0315597220866835e-06,8.627282904228075e-05
0.1025621703856176,2.118340058546449,2.1183389007435167,1.1578029321945849e-06,8.627749265554245e-05
0.1025621703857668,2.118340133295674,2.118338900746596,1.2325490779119264e-06,8.627749832106004e-05
0.1025621698045938,2.118340137797821,2.118338888750285,1.2490475360671383e-06,8.607838610917358e-05
0.1025621703872863,2.118340025283811,2.1183389007779607,1.1245058502140637e-06,8.609391311632535e-05
0.1025621702354512,2.1183401106307747,2.118338897643849,1.2129869255694814e-06,8.627282904228075e-05
0.1025621703872863,2.118339892407375,2.1183389007779607,9.916294141376625e-07,8.609391311632535e-05
0.102562170379388,2.1183400301921793,2.118338900614928,1.1295772512909252e-06,8.699843396526956e-05
0.1025621676899787,2.1183400514919795,2.118338845101352,1.2063906273951375e-06,8.602513224222104e-05
0.1025621703838747,2.1183401096558203,2.11833890070754,1.2089482801513896e-06,8.627749265554245e-05
0.1025621703857668,2.1183400254318188,2.118338900746596,1.1246852227309034e-06,8.627749832106004e-05
0.1025621703792153,2.1183399743323563,2.1183389006113633,1.0737209930056224e-06,8.627749265554245e-05
0.1025621703872863,2.118339992050221,2.1183389007779607,1.091272260111964e-06,8.609391311632535e-05
0.1025621698045938,2.1183400327436885,2.118338888750285,1.1439934035628596e-06,8.603261724920812e-05
0.1025621703872865,2.1183399680683963,2.118338900777965,1.0672904311448406e-06,8.609391312046539e-05
0.102562170379388,2.1183399483949965,2.118338900614928,1.0477800684860483e-06,8.699843396548961e-05
0.1025621703838747,2.1183400049174743,2.11833890070754,1.1042099341551648e-06,8.609382200316195e-05
0.1025621703872863,2.118339989361119,2.1183389007779607,1.088583158281864e-06,8.609391311632535e-05
0.1025621703856176,2.1183400759700217,2.1183389007435167,1.1752265050013477e-06,8.627749265554245e-05
0.1025621703746251,2.1183400485532102,2.118338900516614,1.1480365960103711e-06,8.609382200316195e-05
0.1025621702354512,2.118340077068062,2.118338897643849,1.179424212960356e-06,8.69985475179113e-05
0.1025621676899787,2.1183399308428665,2.118338845101352,1.0857415144727156e-06,8.602513224222104e-05
0.1025621702354512,2.118340018775876,2.118338897643849,1.121132026771221e-06,8.607838610917358e-05
0.1025621702354512,2.118339852611636,2.118338897643849,9.5496778707016e-07,8.627282904228075e-05
0.102562169779472,2.118339948862027,2.1183388882317318,1.0606302951465807e-06,8.604588354353229e-05
0.1025621703872865,2.118340003776188,2.118338900777965,1.1029982229793234e-06,8.609391312046539e-05
0.1025621703872863,2.1183399527632645,2.1183389007779607,1.0519853037571636e-06,8.609391311632535e-05
0.102562169779472,2.1183399142286756,2.1183388882317318,1.0259969438486394e-06,8.604588354353229e-05
0.1025621703838747,2.118340023555915,2.11833890070754,1.1228483747238727e-06,8.627749265554245e-05
0.1025621703873877,2.1183399775417624,2.118338900780054,1.076761708240781e-06,8.606423113212973e-05
0.1025621703857669,2.1183400306793887,2.1183389007465983,1.1299327904445988e-06,8.627749832123886e-05
0.1025621703872863,2.1183400770303304,2.1183389007779607,1.1762523697278482e-06,8.609391311632535e-05
0.1025621703874336,2.1183399959628755,2.1183389007810014,1.0951818740778663e-06,8.604935429511404e-05
0.1025621698045938,2.118340065994493,2.118338888750285,1.1772442078950007e-06,8.604588354353229e-05
0.1025621702354512,2.118340171266424,2.118338897643849,1.2736225749598873e-06,8.69985475179113e-05
0.1025621703872865,2.1183400606345306,2.118338900777965,1.1598565654580284e-06,8.609391312046539e-05
0.1025621703872865,2.1183399005928774,2.118338900777965,9.998149121948074e-07,8.609391312046539e-05
0.1025621703857669,2.118340067744287,2.1183389007465983,1.1669976887063171e-06,8.627749832123886e-05
0.1025621703792153,2.118339853294963,2.1183389006113633,9.526835995643523e-07,8.699843412596072e-05
0.1025621703838747,2.1183399924169013,2.11833890070754,1.0917093611340078e-06,8.627749265554245e-05
0.1025621702613427,2.118340042514301,2.11833889817829,1.1443360108387424e-06,8.627282904228075e-05
0.1025621703857668,2.118340056338484,2.118338900746596,1.1555918879579963e-06,8.627749832106004e-05
0.1025621703873289,2.1183400196180178,2.1183389007788405,1.1188391773053752e-06,8.608002429236154e-05
0.1025621703746251,2.1183401280056304,2.118338900516614,1.2274890162089491e-06,8.71373469923849e-05
0.102562170379388,2.118340007159685,2.118338900614928,1.1065447571567688e-06,8.699843396526956e-05
0.102562169779472,2.118339946398336,2.1183388882317318,1.0581666041176163e-06,8.603261724920812e-05
0.1025621703792153,2.118339983566341,2.1183389006113633,1.0829549776936176e-06,8.608002233765382e-05
0.1025621703857669,2.118339988248386,2.1183389007465983,1.0875017877332027e-06,8.627749832123886e-05
0.102562170379388,2.1183395397985088,2.118338900614928,6.391835807306734e-07,8.699843396526956e-05
0.1025621702354512,2.1183400372690855,2.118338897643849,1.1396252364015425e-06,8.627282904228075e-05
0.1025621702354512,2.118339986740652,2.118338897643849,1.0890968029642067e-06,8.627282904228075e-05
0.1025621703867217,2.1183400321513144,2.1183389007663065,1.1313850079019971e-06,8.608002233765382e-05
0.1025621698045938,2.1183398755013103,2.118338888750285,9.86751025333632e-07,8.603261724920812e-05
0.1025621703792153,2.118340072820474,2.1183389006113633,1.1722091106669552e-06,8.699843412596072e-05
0.1025621703866447,2.1183400025538774,2.1183389007647175,1.1017891599074403e-06,8.606420822837829e-05
0.1025621703872863,2.1183399545254376,2.1183389007779607,1.0537474768312904e-06,8.609391311632535e-05
0.1025621703873289,2.118339900446577,2.1183389007788405,9.99667736589771e-07,8.608002429236154e-05
0.1025621702354512,2.1183399337702813,2.118338897643849,1.0361264322078512e-06,8.627282904228075e-05
0.1025621703872863,2.1183399234743674,2.1183389007779607,1.0226964066717414e-06,8.609391311632535e-05
0.1025621698045938,2.118340135895727,2.118338888750285,1.247145442029307e-06,8.627282904228075e-05
0.1025621703873289,2.1183399530856177,2.1183389007788405,1.0523067772716388e-06,8.608002429236154e-05
0.1025621703856176,2.118339754485581,2.1183389007435167,8.537420641552274e-07,8.609382200316195e-05
0.1025621703873877,2.118339895466575,2.118338900780054,9.946865207055566e-07,8.606423113212973e-05
0.1025621703866447,2.118339969993472,2.1183389007647175,1.0692287544245005e-06,8.604933343977453e-05
0.1025621703838747,2.1183400244052253,2.11833890070754,1.123697685123659e-06,8.627749265554245e-05
0.102562169779472,2.118339989804016,2.1183388882317318,1.1015722840568287e-06,8.603261724920812e-05
0.1025621703873289,2.1183400300143864,2.1183389007788405,1.1292355459602277e-06,8.608002429236154e-05
0.1025621703857668,2.1183400889475754,2.118338900746596,1.1882009793851012e-06,8.627749832106004e-05
0.1025621703872865,2.118340010003785,2.118338900777965,1.109225819639903e-06,8.609391312046539e-05
0.1025621703746251,2.11834007652684,2.118338900516614,1.1760102256452853e-06,8.699843412596072e-05
0.1025621703792153,2.118340000689531,2.1183389006113633,1.1000781676706595e-06,8.608002233765382e-05
0.1025621703857669,2.118339963752378,2.1183389007465983,1.063005779844417e-06,8.627749832123886e-05
0.1025621703872865,2.118339946628225,2.118338900777965,1.0458502597288089e-06,8.609391312046539e-05
0.1025621703872863,2.118339996831674,2.1183389007779607,1.0960537131232684e-06,8.609391311632535e-05
0.1025621703873289,2.1183398956809234,2.1183389007788405,9.949020829402855e-07,8.608002429236154e-05
0.1025621702613427,2.118339949534683,2.11833889817829,1.051356393055869e-06,8.627282904228075e-05
0.1025621703873289,2.1183400253309395,2.1183389007788405,1.124552098996645e-06,8.608002429230955e-05
0.1025621698045938,2.1183400209801557,2.118338888750285,1.132229870748347e-06,8.604588354353229e-05
0.1025621703873289,2.1183400858716968,2.1183389007788405,1.1850928562928686e-06,8.608002429236154e-05
0.1025621703857669,2.1183400354636297,2.1183389007465983,1.1347170314479627e-06,8.627749832123886e-05
0.1025621703792153,2.1183400102790695,2.1183389006113633,1.1096677061672722e-06,8.609382200316195e-05
0.1025621703872863,2.1183399778440575,2.1183389007779607,1.0770660967551748e-06,8.609391311632535e-05
0.1025621703872863,2.1183400898605504,2.1183389007779607,1.1890825897253876e-06,8.609391311632535e-05
0.102562169779472,2.1183398673325193,2.1183388882317318,9.791007875570301e-07,8.603261724920812e-05
0.1025621703792153,2.118339866353555,2.1183389006113633,9.657421915498787e-07,8.627749265554245e-05
0.1025621703857669,2.118340047447175,2.1183389007465983,1.1467005767151761e-06,8.627749832123886e-05
0.102562169779472,2.118340043898088,2.1183388882317318,1.1556663563894176e-06,8.607838610917358e-05
0.1025621703873877,2.1183399527604876,2.118338900780054,1.0519804334307992e-06,8.606423113300073e-05
0.1025621703792153,2.118339968994132,2.1183389006113633,1.068382768476539e-06,8.608002233765382e-05
0.1025621703866447,2.1183400228283746,2.1183389007647175,1.122063657099659e-06,8.608002233765382e-05
0.102562170379388,2.1183400676710575,2.118338900614928,1.1670561295140658e-06,8.699843396548961e-05
0.1025621703873289,2.118340006629663,2.1183389007788405,1.1058508224692787e-06,8.608002429230955e-05
0.1025621703857668,2.1183399684559183,2.118338900746596,1.0677093222888345e-06,8.627749832106004e-05
0.1025621703746251,2.1183400624829996,2.118338900516614,1.1619663853323914e-06,8.627749265554245e-05
0.1025621703792153,2.11834005874233,2.1183389006113633,1.1581309666830464e-06,8.699843412596072e-05
0.1025621702613427,2.1183400984192016,2.11833889817829,1.2002409115474677e-06,8.627282904228075e-05
0.1025621703838747,2.118339922877208,2.11833890070754,1.0221696680190462e-06,8.609382200316195e-05
0.1025621703873289,2.1183400183520353,2.1183389007788405,1.1175731948753764e-06,8.608002429236154e-05
0.102562169779472,2.118339891027949,2.1183388882317318,1.0027962171754723e-06,8.604588354353229e-05
0.1025621698045938,2.1183401266934876,2.118338888750285,1.2379432026143888e-06,8.69985475179113e-05
0.1025621703873877,2.118339981888042,2.118338900780054,1.0811079880213015e-06,8.606423113300073e-05
0.102562169779472,2.1183400647977706,2.1183388882317318,1.1765660388185495e-06,8.69985475179113e-05
0.1025621703857669,2.118339919410882,2.1183389007465983,1.0186642835918747e-06,8.627749832123886e-05
0.1025621703873289,2.1183400268458987,2.1183389007788405,1.1260670582657895e-06,8.608002429230955e-05
0.1025621703873289,2.118339974375841,2.1183389007788405,1.073597000633697e-06,8.608002429230955e-05
0.1025621678811744,2.1183400936161605,2.1183388490479276,1.2445682329165209e-06,8.603261724920812e-05
0.1025621703857668,2.118339906245449,2.118338900746596,1.0054988530683318e-06,8.627749832106004e-05
0.1025621703746251,2.1183400603902363,2.118338900516614,1.1598736220364003e-06,8.608002233765382e-05
0.1025621703857668,2.118339744112885,2.118338900746596,8.43366288805214e-07,8.627749832106004e-05
0.1025621703746251,2.1183400301212223,2.118338900516614,1.1296046080744304e-06,8.608002233765382e-05
0.1025621703873289,2.118339970826781,2.1183389007788405,1.070047940476826e-06,8.608002429236154e-05
0.1025621703792153,2.1183399657505753,2.1183389006113633,1.0651392119420677e-06,8.609382200316195e-05
0.1025621702354512,2.1183400593803507,2.118338897643849,1.161736501664734e-06,8.607838610917358e-05
0.102562169779472,2.1183400841072753,2.1183388882317318,1.1958755434804402e-06,8.604588354353229e-05
0.1025621703857669,2.1183400585267482,2.1183389007465983,1.1577801499740303e-06,8.627749832123886e-05
0.1025621698045938,2.118340095444353,2.118338888750285,1.2066940682231575e-06,8.603261724920812e-05
0.1025621703873289,2.118340011361579,2.1183389007788405,1.110582738661492e-06,8.608002429230955e-05
0.1025621698045938,2.1183400926643587,2.118338888750285,1.203914073766299e-06,8.604588354353229e-05
0.1025621702354512,2.1183400309150264,2.118338897643849,1.1332711773448523e-06,8.69985475179113e-05
0.1025621703792153,2.118339940170975,2.1183389006113633,1.039559611726304e-06,8.627749265554245e-05
0.1025621703873289,2.1183400767711476,2.1183389007788405,1.175992307089757e-06,8.608002429230955e-05
0.1025621703857668,2.118340087974191,2.118338900746596,1.1872275949009747e-06,8.627749832106004e-05
0.102562169779472,2.118340056839907,2.1183388882317318,1.168608175117214e-06,8.604588354353229e-05
0.1025621678811744,2.1183400075114416,2.1183388490479276,1.1584635140060584e-06,8.607838610917358e-05
0.1025621703873289,2.118340022574615,2.1183389007788405,1.1217957744946716e-06,8.608002429230955e-05
0.102562169779472,2.1183400010551936,2.1183388882317318,1.112823461824064e-06,8.604588354353229e-05
0.1025621703746251,2.118340080441221,2.118338900516614,1.1799246069088554e-06,8.627749265554245e-05
0.1025621703874336,2.1183399463844674,2.1183389007810014,1.0456034660322189e-06,8.604935429592303e-05
0.1025621703873289,2.118340185893809,2.1183389007788405,1.2851149686632368e-06,8.608002429230955e-05
0.1025621703872865,2.118340101098892,2.118338900777965,1.20032092665312e-06,8.609391312046539e-05
0.1025621678811744,2.1183400247504287,2.1183388490479276,1.175702501132747e-06,8.603261724920812e-05
0.1025621703857669,2.1183400881290604,2.1183389007465983,1.1873824621311257e-06,8.627749832123886e-05
0.1025621703857668,2.118340126192726,2.118338900746596,1.225446129904384e-06,8.627749832106004e-05
0.1025621703838747,2.1183399353417633,2.11833890070754,1.0346342231848382e-06,8.608002233765382e-05
0.1025621703856176,2.118340117382712,2.1183389007435167,1.216639195167346e-06,8.609382200316195e-05
0.1025621702354512,2.118340172396208,2.118338897643849,1.2747523587819387e-06,8.69985475179113e-05
0.1025621702354512,2.1183400988125527,2.118338897643849,1.2011687036128649e-06,8.69985475179113e-05
0.1025621703857669,2.1183399791143236,2.1183389007465983,1.0783677253378698e-06,8.627749832123886e-05
0.1025621678811744,2.1183401025789084,2.1183388490479276,1.2535309807937267e-06,8.762155233193334e-05
0.1025621703857668,2.118340058515256,2.118338900746596,1.1577686600539039e-06,8.627749832106004e-05
0.1025621698045938,2.1183399813269213,2.118338888750285,1.0925766362746003e-06,8.607838610917358e-05
0.1025621702613427,2.118340169181408,2.11833889817829,1.2710031178642112e-06,8.627282904228075e-05
0.102562170379388,2.1183400606542975,2.118338900614928,1.1600393694521927e-06,8.699843396526956e-05
0.1025621703856176,2.1183400131703616,2.1183389007435167,1.1124268448625685e-06,8.608002233765382e-05
0.1025621703872865,2.118339973884681,2.118338900777965,1.0731067159319707e-06,8.609391312046539e-05
0.1025621703857669,2.1183400483432937,2.1183389007465983,1.1475966954499484e-06,8.627749832123886e-05
0.1025621703872865,2.1183398817750394,2.118338900777965,9.80997074240264e-07,8.609391312046539e-05
0.1025621703857668,2.118339833676683,2.118338900746596,9.329300869609369e-07,8.627749832106004e-05
0.102562169779472,2.1183399984274205,2.1183388882317318,1.1101956887138442e-06,8.604588354353229e-05
0.1025621703873289,2.1183400984034546,2.1183389007788405,1.1976246141465197e-06,8.608002429230955e-05
0.1025621676899787,2.1183399307208544,2.118338845101352,1.085619502294577e-06,8.602513224222104e-05
0.1025621703873289,2.11834005326581,2.1183389007788405,1.152486969413502e-06,8.608002429230955e-05
0.1025621703866447,2.118340023632856,2.1183389007647175,1.1228681384700678e-06,8.606420822837829e-05
0.1025621703857669,2.1183400916102904,2.1183389007465983,1.1908636921020843e-06,8.627749832123886e-05
0.1025621703872865,2.118340011819501,2.118338900777965,1.111041535661883e-06,8.609391312046539e-05
0.1025621676899787,2.1183398986498134,2.118338845101352,1.0535484613605206e-06,8.602513224222104e-05
0.1025621703856176,2.118340117724216,2.1183389007435167,1.2169806993256316e-06,8.627749265554245e-05
0.1025621703857668,2.118340032309531,2.118338900746596,1.1315629349084588e-06,8.627749832106004e-05
0.1025621678811744,2.1183400275509725,2.1183388490479276,1.178503044929613e-06,8.69985475179113e-05
0.1025621703867217,2.1183400441842024,2.1183389007663065,1.143417895921317e-06,8.608002233765382e-05
0.102562169779472,2.118340025822114,2.1183388882317318,1.1375903823385158e-06,8.604588354353229e-05
0.1025621703866447,2.118340037226292,2.1183389007647175,1.1364615746245477e-06,8.608002233765382e-05
0.1025621703873289,2.1183400165188124,2.1183389007788405,1.1157399719685657e-06,8.608002429236154e-05
0.1025621703857668,2.118340044532437,2.118338900746596,1.143785841151157e-06,8.627749832106004e-05
0.1025621703857669,2.1183400377158783,2.1183389007465983,1.136969280057798e-06,8.627749832123886e-05
0.1025621703838747,2.118339845415693,2.11833890070754,9.447081530389312e-07,8.609382200316195e-05
0.1025621703857668,2.1183401609389714,2.118338900746596,1.2601923753408073e-06,8.627749832106004e-05
0.1025621703734333,2.1183400800470533,2.1183389004920135,1.179555039865221e-06,8.604933343977453e-05
0.1025621703857668,2.118340030476023,2.118338900746596,1.1297294268963753e-06,8.627749832106004e-05
0.1025621703872863,2.1183399888547116,2.1183389007779607,1.088076750921374e-06,8.609391311632535e-05
0.1025621703838747,2.1183400457647665,2.11833890070754,1.1450572263704828e-06,8.604933343977453e-05
0.1025621703746251,2.1183400871119047,2.118338900516614,1.1865952904699384e-06,8.627749265554245e-05
0.1025621703873877,2.1183400330206363,2.118338900780054,1.1322405821800885e-06,8.606423113300073e-05
0.1025621702354512,2.118339978272649,2.118338897643849,1.0806287997766617e-06,8.69985475179113e-05
0.1025621703872865,2.118339892407375,2.118338900777965,9.916294096967704e-07,8.609391312046539e-05
0.1025621703873289,2.118340000398218,2.1183389007788405,1.0996193773316065e-06,8.608002429236154e-05
0.1025621703872863,2.1183399306152033,2.1183389007779607,1.0298372425943114e-06,8.609391311632535e-05
0.1025621698045938,2.1183399207442157,2.118338888750285,1.0319939307557036e-06,8.603261724920812e-05
0.1025621703857669,2.1183400705199666,2.1183389007465983,1.1697733683924127e-06,8.627749832123886e-05
0.1025621703872865,2.11834002694197,2.118338900777965,1.1261640047166566e-06,8.609391312046539e-05
0.1025621698045938,2.1183400394560725,2.118338888750285,1.1507057875448368e-06,8.603261724920812e-05
0.1025621703872863,2.1183399392775604,2.1183389007779607,1.0384995996481905e-06,8.609391311632535e-05
0.1025621703872863,2.1183400093295837,2.1183389007779607,1.1085516229414338e-06,8.609391311632535e-05
0.1025621703873289,2.118340054636233,2.1183389007788405,1.1538573927438733e-06,8.608002429236154e-05
0.1025621703792153,2.118339851116453,2.1183389006113633,9.505050897473666e-07,8.699843412596072e-05
0.1025621703872863,2.118340051613418,2.1183389007779607,1.1508354571532209e-06,8.609391311632535e-05
0.1025621678811744,2.118340076356876,2.1183388490479276,1.2273089482484068e-06,8.627282904228075e-05
0.1025621702613427,2.1183399041156625,2.11833889817829,1.0059373725113119e-06,8.607838610917358e-05
0.1025621702613427,2.1183400689811376,2.11833889817829,1.1708028475609922e-06,8.627282904228075e-05
0.1025621703872863,2.1183398423197044,2.1183389007779607,9.415417436819951e-07,8.609391311632535e-05
0.1025621703872863,2.1183400638259613,2.1183389007779607,1.1630480005742072e-06,8.609391311632535e-05
0.1025621703874336,2.118340016737566,2.1183389007810014,1.1159565644902614e-06,8.604935429511404e-05
0.1025621703857668,2.1183400226390083,2.118338900746596,1.1218924123035379e-06,8.627749832106004e-05
0.1025621703873877,2.118339925650919,2.118338900780054,1.0248708650628657e-06,8.606423113212973e-05
0.1025621703778927,2.118340036709939,2.1183389005840625,1.1361258764885918e-06,8.713642199417603e-05
0.1025621698045938,2.1183399754464403,2.118338888750285,1.0866961552835619e-06,8.607838610917358e-05
0.1025621703838747,2.118339974788474,2.11833890070754,1.074080933971544e-06,8.627749265554245e-05
0.1025621702354512,2.1183398085552763,2.118338897643849,9.109114271765861e-07,8.607838610917358e-05
0.1025621698045938,2.1183400898711717,2.118338888750285,1.2011208867512835e-06,8.69985475179113e-05
0.1025621703873289,2.1183400825278533,2.1183389007788405,1.1817490128684938e-06,8.608002429230955e-05
0.1025621703872865,2.1183400942578787,2.118338900777965,1.1934799135637775e-06,8.609391312046539e-05
0.1025621702613427,2.1183400658578995,2.11833889817829,1.1676796094484132e-06,8.69985475179113e-05
0.1025621703857668,2.1183400997478103,2.118338900746596,1.1990012143137108e-06,8.627749832106004e-05
0.1025621703857668,2.1183400642947308,2.118338900746596,1.1635481347305188e-06,8.627749832106004e-05
0.1025621703872863,2.1183399906157723,2.1183389007779607,1.0898378115520302e-06,8.609391311632535e-05
0.1025621703874336,2.1183399469145914,2.1183389007810014,1.0461335899769608e-06,8.604935429511404e-05
0.1025621703873877,2.1183400195773276,2.118338900780054,1.118797273491623e-06,8.606423113300073e-05
0.1025621703857668,2.118339922272599,2.118338900746596,1.0215260028978435e-06,8.627749832106004e-05
0.1025621703856176,2.1183400244480173,2.1183389007435167,1.1237045005607627e-06,8.608002233765382e-05
0.1025621703874336,2.118340057758102,2.1183389007810014,1.1569771007913232e-06,8.604935429592303e-05
0.1025621703872863,2.118340038432965,2.1183389007779607,1.1376550044239764e-06,8.609391311632535e-05
0.102562169779472,2.118339981989194,2.1183388882317318,1.0937574623781643e-06,8.604588354353229e-05
0.1025621703873289,2.118339994268618,2.1183389007788405,1.0934897773928753e-06,8.608002429230955e-05
0.1025621702613427,2.118339919003304,2.11833889817829,1.0208250138532549e-06,8.627282904228075e-05
0.1025621703856176,2.1183399923690662,2.1183389007435167,1.0916255495097005e-06,8.609382200316195e-05
0.1025621703872863,2.1183399568571515,2.1183389007779607,1.0560791907643363e-06,8.609391311632535e-05
0.1025621703866447,2.1183399508668654,2.1183389007647175,1.0501021479036865e-06,8.606420822837829e-05
0.1025621702354512,2.1183400584178576,2.118338897643849,1.1607740084684792e-06,8.627282904228075e-05
0.1025621702613427,2.1183400423900918,2.11833889817829,1.1442118017512826e-06,8.607838610917358e-05
0.1025621703872865,2.1183400120111986,2.118338900777965,1.111233233430653e-06,8.609391312046539e-05
0.1025621703872865,2.1183401205114363,2.118338900777965,1.2197334711139263e-06,8.609391312046539e-05
0.1025621703872863,2.1183399820687105,2.1183389007779607,1.0812907498269908e-06,8.609391311632535e-05
0.1025621703873289,2.1183400038966105,2.1183389007788405,1.1031177700182582e-06,8.608002429236154e-05
0.1025621703838747,2.1183400628125386,2.11833890070754,1.1621049984533727e-06,8.608002233765382e-05
0.1025621703866447,2.1183399530775495,2.1183389007647175,1.0523128319839259e-06,8.608002233765382e-05
0.1025621698045938,2.1183399046468785,2.118338888750285,1.0158965935147535e-06,8.603261724920812e-05
0.1025621703792153,2.1183399326085324,2.1183389006113633,1.0319971690542218e-06,8.608002233765382e-05
0.1025621703856176,2.1183398939999574,2.1183389007435167,9.932564406511801e-07,8.609382200316195e-05
0.1025621703838747,2.118340089751239,2.11833890070754,1.1890436990569242e-06,8.627749265554245e-05
0.1025621703872865,2.1183398401398033,2.118338900777965,9.393618380926227e-07,8.609391312046539e-05
0.1025621702354512,2.1183401154141044,2.118338897643849,1.2177702553017866e-06,8.69985475179113e-05
0.1025621703874336,2.118340068343098,2.1183389007810014,1.1675620967821487e-06,8.604935429511404e-05
0.1025621698045938,2.1183400419459137,2.118338888750285,1.1531956287669232e-06,8.607838610917358e-05
0.1025621703792153,2.118340011936126,2.1183389006113633,1.1113247628813383e-06,8.699843412596072e-05
0.1025621703873289,2.1183399699185244,2.1183389007788405,1.06913968389577e-06,8.608002429236154e-05
0.1025621703873877,2.1183399295008383,2.118338900780054,1.0287207841130908e-06,8.606423113300073e-05
0.1025621703873289,2.1183400065777374,2.1183389007788405,1.1057988968943278e-06,8.608002429236154e-05
0.1025621703838747,2.1183399356904395,2.11833890070754,1.0349828993838628e-06,8.609382200316195e-05
0.1025621703873289,2.118339834219154,2.1183389007788405,9.334403134886315e-07,8.608002429230955e-05
0.1025621703872865,2.1183399844238484,2.118338900777965,1.0836458832486073e-06,8.609391312046539e-05
0.1025621703874336,2.11834005446416,2.1183389007810014,1.1536831587832808e-06,8.604935429511404e-05
0.1025621703873289,2.118340042302323,2.1183389007788405,1.1415234824063702e-06,8.608002429236154e-05
0.102562170379388,2.1183399096305395,2.118338900614928,1.009015611508346e-06,8.699843396548961e-05
0.1025621703872863,2.1183400019285044,2.1183389007779607,1.1011505436364644e-06,8.609391311632535e-05
0.1025621703873289,2.1183400260519982,2.1183389007788405,1.1252731577648944e-06,8.608002429230955e-05
0.1025621703838747,2.1183400276792805,2.11833890070754,1.1269717403727952e-06,8.609382200316195e-05
0.1025621703792153,2.118340004366966,2.1183389006113633,1.1037556024717787e-06,8.608002233765382e-05
0.1025621703872865,2.1183398622883494,2.118338900777965,9.61510384200892e-07,8.609391312046539e-05
0.1025621676899787,2.1183398611287507,2.118338845101352,1.0160273986592472e-06,8.602513224222104e-05
0.102562169779472,2.1183398649625858,2.1183388882317318,9.76730853974317e-07,8.603261724920812e-05
0.1025621703857668,2.1183401120038856,2.118338900746596,1.2112572895794926e-06,8.627749832106004e-05
0.1025621703856176,2.1183399949155697,2.1183389007435167,1.09417205296225e-06,8.609382200316195e-05
0.1025621703409047,2.118340033081469,2.118338899820573,1.1332608957914658e-06,8.69985475179113e-05
0.1025621703857668,2.1183400305653146,2.118338900746596,1.1298187185815323e-06,8.627749832106004e-05
0.102562170379388,2.1183400336167364,2.118338900614928,1.1330018083732796e-06,8.699843396548961e-05
0.1025621703857668,2.1183400338015805,2.118338900746596,1.1330549845034454e-06,8.627749832106004e-05
0.1025621703856176,2.1183400700332835,2.1183389007435167,1.1692897667892055e-06,8.627749265554245e-05
0.1025621703838747,2.118339986785975,2.11833890070754,1.086078434742177e-06,8.609382200316195e-05
0.1025621702613427,2.1183402714501742,2.11833889817829,1.373271884208549e-06,8.627282904228075e-05
0.1025621703838747,2.1183400441785305,2.11833890070754,1.1434709903390683e-06,8.627749265554245e-05
0.1025621698045938,2.1183400782809643,2.118338888750285,1.18953067929084e-06,8.607838610917358e-05
0.1025621703838747,2.118340046319986,2.11833890070754,1.1456124457964734e-06,8.606420822837829e-05
0.1025621703872865,2.1183400917717377,2.118338900777965,1.1909937724929875e-06,8.609391312046539e-05
0.1025621703866447,2.1183400524661207,2.1183389007647175,1.1517014031348083e-06,8.608002233765382e-05
0.1025621703720816,2.1183400548204423,2.118338900464112,1.1543563300797643e-06,8.60393211707241e-05
0.1025621703873289,2.118340039362695,2.1183389007788405,1.1385838547539606e-06,8.608002429230955e-05
0.1025621703873877,2.1183399520525388,2.118338900780054,1.0512724846201138e-06,8.606423113212973e-05
0.1025621702354512,2.118340153032041,2.118338897643849,1.255388192067386e-06,8.607838610917358e-05
0.1025621703872865,2.1183400105249683,2.118338900777965,1.1097470031806722e-06,8.609391312046539e-05
0.1025621703873877,2.1183399530164544,2.118338900780054,1.0522364002341078e-06,8.606423113300073e-05
0.1025621703857669,2.1183400518109936,2.1183389007465983,1.1510643953549504e-06,8.627749832123886e-05
0.1025621703873877,2.118339956732764,2.118338900780054,1.055952709716479e-06,8.606423113212973e-05
0.1025621703857669,2.118340087961474,2.1183389007465983,1.1872148757419154e-06,8.627749832123886e-05
0.1025621703838747,2.118339784698518,2.11833890070754,8.83990977751381e-07,8.609382200316195e-05
0.1025621703856176,2.118340078914207,2.1183389007435167,1.178170690341318e-06,8.627749265554245e-05
0.1025621703872865,2.1183400857250674,2.118338900777965,1.184947102217393e-06,8.609391312046539e-05
0.1025621703857668,2.1183399640627063,2.118338900746596,1.0633161102724387e-06,8.627749832106004e-05
0.1025621703873877,2.1183399759175447,2.118338900780054,1.0751374905915156e-06,8.606423113212973e-05
0.1025621703856176,2.118339786598959,2.1183389007435167,8.858554423341047e-07,8.608002233765382e-05
0.1025621703872863,2.1183399511451153,2.1183389007779607,1.0503671545869508e-06,8.609391311632535e-05
0.1025621703857668,2.1183400399696395,2.118338900746596,1.139223043455928e-06,8.627749832106004e-05
0.1025621703873289,2.1183399922820354,2.1183389007788405,1.091503194938781e-06,8.608002429236154e-05
0.1025621703873877,2.118340028939599,2.118338900780054,1.1281595448942028e-06,8.606423113212973e-05
0.1025621698045938,2.118340076812756,2.118338888750285,1.1880624710691734e-06,8.69985475179113e-05
0.1025621703838747,2.1183399873076554,2.11833890070754,1.086600115218772e-06,8.627749265554245e-05
0.1025621703857668,2.1183399656416206,2.118338900746596,1.0648950246050504e-06,8.627749832106004e-05
0.1025621703838747,2.1183398380123135,2.11833890070754,9.373047733518547e-07,8.627749265554245e-05
0.102562170379388,2.118339998258655,2.118338900614928,1.097643727021591e-06,8.699843396526956e-05
0.1025621702354512,2.1183401261174484,2.118338897643849,1.2284735992906803e-06,8.627282904228075e-05
0.1025621703872863,2.1183400115258992,2.1183389007779607,1.1107479385152885e-06,8.609391311632535e-05
0.102562169779472,2.1183399868347443,2.1183388882317318,1.0986030125614832e-06,8.603261724920812e-05
0.1025621703856176,2.11833994935957,2.1183389007435167,1.0486160531009148e-06,8.608002233765382e-05
0.102562169779472,2.1183399208299547,2.1183388882317318,1.032598222927561e-06,8.604588354353229e-05
0.1025621678811744,2.118340044618924,2.1183388490479276,1.1955709964261985e-06,8.627282904228075e-05
0.1025621703792153,2.1183402187022806,2.1183389006113633,1.3180909173016175e-06,8.699843412596072e-05
0.1025621698045938,2.1183400578580383,2.118338888750285,1.1691077532738348e-06,8.607838610917358e-05
0.1025621702354512,2.1183400692487355,2.118338897643849,1.171604886440747e-06,8.607838610917358e-05
0.1025621698045938,2.1183399480400515,2.118338888750285,1.0592897665695489e-06,8.604588354353229e-05
0.1025621703872865,2.1183400271727644,2.118338900777965,1.1263947992112833e-06,8.609391312046539e-05
0.1025621703872865,2.118339982297046,2.118338900777965,1.0815190809587705e-06,8.609391312046539e-05
0.1025621703873289,2.1183400751561767,2.1183389007788405,1.1743773362660193e-06,8.608002429236154e-05
0.1025621703746251,2.118339985722948,2.118338900516614,1.085206333684141e-06,8.71373469923849e-05
0.1025621703856176,2.1183399005597545,2.1183389007435167,9.998162378010989e-07,8.627749265554245e-05
0.1025621703873877,2.1183400138167126,2.118338900780054,1.113036658395572e-06,8.606423113212973e-05
0.1025621703857668,2.1183400401259305,2.118338900746596,1.1393793344360859e-06,8.627749832106004e-05
0.1025621703872863,2.118339794890965,2.1183389007779607,8.941130040795997e-07,8.609391311632535e-05
0.102562170379388,2.118339939907912,2.118338900614928,1.0392929841174237e-06,8.699843396526956e-05
0.1025621703856176,2.1183400396752563,2.1183389007435167,1.1389317395860132e-06,8.627749265554245e-05
0.1025621703857668,2.1183400174793254,2.118338900746596,1.1167327294003826e-06,8.627749832106004e-05
0.1025621703409047,2.1183399399585485,2.118338899820573,1.040137975305555e-06,8.607838610917358e-05
0.1025621703872865,2.1183400187122103,2.118338900777965,1.1179342451761443e-06,8.609391312046539e-05
0.1025621703872863,2.11834005154349,2.1183389007779607,1.150765529089881e-06,8.609391311632535e-05
0.1025621703746251,2.118340019342096,2.118338900516614,1.1188254815941434e-06,8.608002233765382e-05
0.1025621703857668,2.1183399226487505,2.118338900746596,1.0219021544521922e-06,8.627749832106004e-05
0.1025621703857668,2.1183400031620585,2.118338900746596,1.1024154624728055e-06,8.627749832106004e-05
0.1025621703838747,2.11834005354973,2.11833890070754,1.152842189711123e-06,8.608002233765382e-05
0.1025621703838747,2.118340121631371,2.11833890070754,1.2209238309246473e-06,8.627749265554245e-05
0.1025621703872865,2.1183399226937083,2.118338900777965,1.0219157431379244e-06,8.609391312046539e-05
0.1025621703792153,2.1183399621458805,2.1183389006113633,1.061534517177165e-06,8.609382200316195e-05
0.1025621703872863,2.1183399975805064,2.1183389007779607,1.096802545674791e-06,8.609391311632535e-05
0.1025621703857669,2.118340094055552,2.1183389007465983,1.1933089538729291e-06,8.627749832123886e-05
0.1025621703867217,2.1183400886498283,2.1183389007663065,1.1878835217693506e-06,8.608002233765382e-05
0.1025621703856176,2.118339986252148,2.1183389007435167,1.085508631426535e-06,8.627749265554245e-05
0.1025621703856176,2.118339982011089,2.1183389007435167,1.0812675723670395e-06,8.608002233765382e-05
0.1025621703873877,2.118340000155681,2.118338900780054,1.0993756269783717e-06,8.606423113212973e-05
0.1025621703872865,2.1183400068574896,2.118338900777965,1.1060795244155486e-06,8.609391312046539e-05
0.1025621703838747,2.1183399340369853,2.11833890070754,1.033329445121467e-06,8.608002233765382e-05
0.1025621703856176,2.1183399878326,2.1183389007435167,1.0870890831959912e-06,8.609382200316195e-05
0.1025621703857668,2.1183400230154557,2.118338900746596,1.1222688596213004e-06,8.627749832106004e-05
0.1025621703873289,2.1183398019675477,2.1183389007788405,9.011887072141178e-07,8.608002429230955e-05
0.1025621703873877,2.118340039992965,2.118338900780054,1.139212910672427e-06,8.606423113300073e-05
0.1025621703872865,2.1183400709820677,2.118338900777965,1.170204102507455e-06,8.609391312046539e-05
0.1025621703873289,2.118340104210872,2.1183389007788405,1.2034320313603075e-06,8.608002429230955e-05
0.1025621703856176,2.1183400336083853,2.1183389007435167,1.132864868580441e-06,8.606420822837829e-05
0.1025621703792153,2.1183400573916615,2.1183389006113633,1.156780298217086e-06,8.699843412596072e-05
0.1025621676899787,2.118339907099218,2.118338845101352,1.0619978660919571e-06,8.602513224222104e-05
0.1025621703873289,2.1183399970972325,2.1183389007788405,1.0963183920686959e-06,8.608002429230955e-05
0.102562169779472,2.1183400162137773,2.1183388882317318,1.1279820455456502e-06,8.69985475179113e-05
0.1025621703792153,2.1183399880105838,2.1183389006113633,1.0873992204452065e-06,8.627749265554245e-05
0.1025621703838747,2.1183400437082334,2.11833890070754,1.143000693204499e-06,8.627749265554245e-05
0.1025621703872865,2.118340048878274,2.118338900777965,1.148100309045219e-06,8.609391312046539e-05
0.102562169779472,2.118340125486076,2.1183388882317318,1.2372543443106565e-06,8.627282904228075e-05
0.1025621703857669,2.1183400176198752,2.1183389007465983,1.116873276973962e-06,8.627749832123886e-05
0.1025621703857669,2.1183400420968015,2.1183389007465983,1.1413502032375789e-06,8.627749832123886e-05
0.1025621703838747,2.118340063973169,2.11833890070754,1.1632656287119403e-06,8.609382200316195e-05
0.1025621703873877,2.11834002480125,2.118338900780054,1.1240211956753399e-06,8.606423113300073e-05
0.1025621703873289,2.118339932640966,2.1183389007788405,1.0318621255223093e-06,8.608002429236154e-05
0.1025621703873289,2.1183398788864145,2.1183389007788405,9.781075740455947e-07,8.608002429230955e-05
0.1025621703872863,2.1183399048095906,2.1183389007779607,1.0040316298365326e-06,8.609391311632535e-05
0.1025621676899787,2.118340019381494,2.118338845101352,1.174280142013373e-06,8.602513224222104e-05
0.1025621703857668,2.1183399622835704,2.118338900746596,1.0615369743227632e-06,8.627749832106004e-05
0.1025621703778927,2.118340124254105,2.1183389005840625,1.223670042627134e-06,8.713642199417603e-05
0.1025621702613427,2.1183400203365874,2.11833889817829,1.1221582973952593e-06,8.627282904228075e-05
0.1025621703857669,2.118340096120203,2.1183389007465983,1.1953736045455798e-06,8.627749832123886e-05
0.102562169779472,2.1183400248612685,2.1183388882317318,1.1366295367132295e-06,8.604588354353229e-05
0.1025621703792153,2.1183399467579496,2.1183389006113633,1.046146586247687e-06,8.606420822837829e-05
0.1025621703873289,2.1183400554433818,2.1183389007788405,1.1546645413140766e-06,8.608002429230955e-05
0.1025621698045938,2.1183400462190503,2.118338888750285,1.1574687652782245e-06,8.607838610917358e-05
0.1025621703866447,2.1183400638003564,2.1183389007647175,1.1630356389069618e-06,8.606420822837829e-05
0.1025621702354512,2.1183399893216235,2.118338897643849,1.0916777744007788e-06,8.69985475179113e-05
0.1025621702613427,2.1183400836793154,2.11833889817829,1.18550102534698e-06,8.607838610917358e-05
0.1025621703838747,2.118339949365032,2.11833890070754,1.0486574919532643e-06,8.627749265554245e-05
0.1025621698045938,2.1183400709013664,2.118338888750285,1.1821510814691294e-06,8.607838610917358e-05
0.1025621703867217,2.118340035285739,2.1183389007663065,1.1345194326217722e-06,8.608002233765382e-05
0.1025621703873289,2.1183398802458706,2.1183389007788405,9.794670301488395e-07,8.608002429230955e-05
0.1025621703872865,2.118340003776188,2.118338900777965,1.1029982229793234e-06,8.609391312046539e-05
0.1025621703857668,2.1183400639781707,2.118338900746596,1.1632315746190613e-06,8.627749832106004e-05
0.1025621703857669,2.11834001233332,2.1183389007465983,1.1115867217803554e-06,8.627749832123886e-05
0.1025621703792153,2.118339919207436,2.1183389006113633,1.0185960728215093e-06,8.608002233765382e-05
0.1025621703872863,2.118339924995859,2.1183389007779607,1.0242178984931627e-06,8.609391311632535e-05
0.1025621703873289,2.1183399810243793,2.1183389007788405,1.0802455387981524e-06,8.608002429236154e-05
0.1025621703872865,2.1183400246394917,2.118338900777965,1.1238615265085627e-06,8.609391312046539e-05
0.1025621703873877,2.1183398730214362,2.118338900780054,9.722413820689724e-07,8.606423113300073e-05
0.1025621698045938,2.1183400245589277,2.118338888750285,1.135808642693803e-06,8.607838610917358e-05
0.102562170379388,2.118340005283521,2.118338900614928,1.1046685930438116e-06,8.699843396526956e-05
0.1025621703857669,2.1183399206810876,2.1183389007465983,1.019934489310259e-06,8.627749832123886e-05
0.102562170379388,2.1183401376817352,2.118338900614928,1.2370668072136937e-06,8.699843396548961e-05
0.1025621703792153,2.118340074163402,2.1183389006113633,1.1735520386579879e-06,8.627749265554245e-05
0.1025621703857669,2.118339933050378,2.1183389007465983,1.0323037797910217e-06,8.627749832123886e-05
0.1025621703872865,2.118339988995626,2.118338900777965,1.0882176608717486e-06,8.609391312046539e-05
0.1025621703873289,2.118339814774001,2.1183389007788405,9.139951604453245e-07,8.608002429236154e-05
0.1025621703856176,2.1183401836405267,2.1183389007435167,1.2828970099576509e-06,8.604933343977453e-05
0.1025621698045938,2.1183400325919264,2.118338888750285,1.1438416414044639e-06,8.603261724920812e-05
0.102562169779472,2.118339981989194,2.1183388882317318,1.0937574623781643e-06,8.604588354353229e-05
0.1025621703873877,2.118339994633924,2.118338900780054,1.0938538697047306e-06,8.606423113212973e-05
0.1025621703872863,2.1183398694881355,2.1183389007779607,9.687101747424265e-07,8.609391311632535e-05
0.1025621703838747,2.1183399829303458,2.11833890070754,1.0822228055928917e-06,8.627749265554245e-05
0.1025621703792153,2.118339890744358,2.1183389006113633,9.90132994704851e-07,8.699843412596072e-05
0.1025621703866447,2.118339946266362,2.1183389007647175,1.045501644370006e-06,8.606420822837829e-05
0.1025621703857668,2.118340016566204,2.118338900746596,1.1158196078220328e-06,8.627749832106004e-05
0.1025621703873289,2.1183400943051462,2.1183389007788405,1.1935263057871737e-06,8.608002429230955e-05
0.1025621703873877,2.118339980465022,2.118338900780054,1.079684967653094e-06,8.606423113300073e-05
0.1025621678811744,2.118340066653786,2.1183388490479276,1.2176058583612814e-06,8.69985475179113e-05
0.1025621703872865,2.11834002466883,2.118338900777965,1.1238908648181223e-06,8.609391312046539e-05
0.1025621702354512,2.118340115225848,2.118338897643849,1.2175819987803038e-06,8.627282904228075e-05
0.1025621703872865,2.1183400123025784,2.118338900777965,1.1115246132398227e-06,8.609391312046539e-05
0.1025621703873877,2.118340013201045,2.118338900780054,1.1124209908786042e-06,8.606423113212973e-05
0.102562169779472,2.1183400391425486,2.1183388882317318,1.1509108168716864e-06,8.607838610917358e-05
0.1025621703856176,2.118340017226145,2.1183389007435167,1.1164826281273577e-06,8.606420822837829e-05
0.1025621702613427,2.118339962430362,2.11833889817829,1.0642520718029402e-06,8.607838610917358e-05
0.1025621703873289,2.118340025439723,2.1183389007788405,1.1246608826454008e-06,8.608002429230955e-05
0.1025621703874336,2.1183398941976095,2.1183389007810014,9.934166080860507e-07,8.604935429592303e-05
0.1025621702354512,2.118339913309793,2.118338897643849,1.0156659437932092e-06,8.607838610917358e-05
0.102562170379388,2.118339907577467,2.118338900614928,1.0069625391295745e-06,8.699843396526956e-05
0.1025621702354512,2.1183399252464836,2.118338897643849,1.027602634540159e-06,8.627282904228075e-05
0.1025621703856176,2.118340050246895,2.1183389007435167,1.1495033782615849e-06,8.609382200316195e-05
0.1025621703872865,2.118340039099746,2.118338900777965,1.1383217808358381e-06,8.609391312046539e-05
0.1025621678811744,2.1183401036157288,2.1183388490479276,1.2545678012010342e-06,8.603261724920812e-05
0.102562170379388,2.118340021070766,2.118338900614928,1.1204558378885565e-06,8.699843396526956e-05
0.1025621703874336,2.1183400006688418,2.1183389007810014,1.0998878403611911e-06,8.604935429511404e-05
0.1025621703873289,2.118340098692281,2.1183389007788405,1.1979134404427327e-06,8.608002429236154e-05
0.1025621698045938,2.1183399885263134,2.118338888750285,1.0997760284681135e-06,8.603261724920812e-05
0.1025621703838747,2.1183399710441693,2.11833890070754,1.070336629105384e-06,8.609382200316195e-05
0.1025621703873289,2.1183399869277726,2.1183389007788405,1.0861489321278839e-06,8.608002429236154e-05
0.1025621703792153,2.1183400083169825,2.1183389006113633,1.107705619229904e-06,8.627749265554245e-05
0.1025621703746251,2.118340062914985,2.118338900516614,1.162398370890827e-06,8.71373469923849e-05
0.1025621703873289,2.118339945708737,2.1183389007788405,1.044929896387714e-06,8.608002429236154e-05
0.1025621703873289,2.118340015101836,2.1183389007788405,1.1143229956545042e-06,8.608002429236154e-05
0.102562169779472,2.118339935523399,2.1183388882317318,1.047291667166661e-06,8.603261724920812e-05
0.1025621703873877,2.1183399363479993,2.118338900780054,1.0355679451734545e-06,8.606423113300073e-05
0.1025621703873289,2.1183399072556797,2.1183389007788405,1.0064768392048506e-06,8.608002429230955e-05
0.1025621703409047,2.118339944355554,2.118338899820573,1.0445349807319815e-06,8.607838610917358e-05
0.1025621703792153,2.11834003050214,2.1183389006113633,1.1298907764967225e-06,8.627749265554245e-05
0.1025621703857668,2.1183399698188694,2.118338900746596,1.0690722733741609e-06,8.627749832106004e-05
0.102562170379388,2.118339961135458,2.118338900614928,1.0605205300606713e-06,8.699843396526956e-05
0.1025621703866447,2.118340041761455,2.1183389007647175,1.140996737536426e-06,8.606420822837829e-05
0.1025621703856176,2.1183400226019433,2.1183389007435167,1.1218584266003973e-06,8.608002233765382e-05
0.1025621703873289,2.1183400631819804,2.1183389007788405,1.1624031399648516e-06,8.608002429236154e-05
0.1025621703866447,2.118339910917054,2.1183389007647175,1.0101523364447473e-06,8.606420822837829e-05
0.1025621703792153,2.118339950877932,2.1183389006113633,1.050266568825009e-06,8.699843412596072e-05
0.1025621703873877,2.1183399677938746,2.118338900780054,1.0670138204105228e-06,8.606423113300073e-05
0.1025621703872865,2.118340032250115,2.118338900777965,1.1314721497512892e-06,8.609391312046539e-05
0.102562169779472,2.118339977156448,2.1183388882317318,1.0889247161749438e-06,8.604588354353229e-05
0.1025621703866447,2.1183399454661025,2.1183389007647175,1.0447013849557152e-06,8.606420822837829e-05
0.1025621703866447,2.118339957265682,2.1183389007647175,1.0565009644913914e-06,8.608002233765382e-05
0.1025621703857669,2.118339988457487,2.1183389007465983,1.0877108889140175e-06,8.627749832123886e-05
0.1025621703838747,2.118340000269642,2.11833890070754,1.0995621018139445e-06,8.609382200316195e-05
0.1025621703873289,2.1183398791171233,2.1183389007788405,9.783382828310039e-07,8.608002429230955e-05
0.102562169779472,2.1183399642383725,2.1183388882317318,1.0760066406767521e-06,8.603261724920812e-05
0.1025621698045938,2.118340071142182,2.118338888750285,1.1823918968367764e-06,8.607838610917358e-05
0.1025621703857668,2.1183400049738905,2.118338900746596,1.1042272944905562e-06,8.627749832106004e-05
0.1025621703872865,2.118339978692984,2.118338900777965,1.0779150190209918e-06,8.609391312046539e-05
0.102562170379388,2.1183401126190926,2.118338900614928,1.2120041645857782e-06,8.699843396548961e-05
0.102562169779472,2.1183398922784287,2.1183388882317318,1.0040466968952444e-06,8.604588354353229e-05
0.1025621703873877,2.1183400201438736,2.118338900780054,1.1193638194129107e-06,8.606423113212973e-05
0.1025621703857669,2.118340089089396,2.1183389007465983,1.1883427979419992e-06,8.627749832123886e-05
0.1025621703873289,2.1183399336968574,2.1183389007788405,1.0329180168966445e-06,8.608002429236154e-05
0.1025621703838747,2.1183400251936715,2.11833890070754,1.1244861313208787e-06,8.609382200316195e-05
0.1025621702613427,2.1183401789341443,2.11833889817829,1.2807558542604625e-06,8.627282904228075e-05
0.1025621698045938,2.1183400775556285,2.118338888750285,1.1888053434994106e-06,8.603261724920812e-05
0.102562170379388,2.118340028628936,2.118338900614928,1.1280140079783507e-06,8.699843396548961e-05
0.1025621703409047,2.118339861680383,2.118338899820573,9.618598095784137e-07,8.607838610917358e-05
0.1025621703872863,2.1183399849748126,2.1183389007779607,1.0841968518526812e-06,8.609391311632535e-05
0.1025621703857668,2.1183401030044196,2.118338900746596,1.202257823518238e-06,8.627749832106004e-05
0.1025621703792153,2.1183399982913698,2.1183389006113633,1.0976800064455006e-06,8.627749265554245e-05
0.1025621703873289,2.1183399382299193,2.1183389007788405,1.0374510788224711e-06,8.608002429236154e-05
0.1025621703873289,2.1183399786268136,2.1183389007788405,1.077847973096624e-06,8.608002429236154e-05
0.1025621703872865,2.1183400210364005,2.118338900777965,1.1202584353497969e-06,8.609391312046539e-05
0.1025621703872863,2.1183401175661287,2.1183389007779607,1.2167881680014148e-06,8.609391311632535e-05
0.1025621698045938,2.118340076419114,2.118338888750285,1.1876688290612947e-06,8.604588354353229e-05
0.102562170379388,2.118340048960379,2.118338900614928,1.1483454511740376e-06,8.699843396526956e-05
0.1025621702613427,2.118340086875059,2.11833889817829,1.1886967690166728e-06,8.627282904228075e-05
0.1025621703872865,2.1183399170598975,2.118338900777965,1.0162819323866756e-06,8.609391312046539e-05
0.102562170379388,2.1183401307538237,2.118338900614928,1.230138895635946e-06,8.699843396526956e-05
0.1025621703873289,2.1183400641855497,2.1183389007788405,1.1634067091925715e-06,8.608002429236154e-05
0.1025621703857668,2.118340164987872,2.118338900746596,1.2642412761110222e-06,8.627749832106004e-05
0.1025621703838747,2.1183399611492515,2.11833890070754,1.0604417113313502e-06,8.608002233765382e-05
0.1025621703857668,2.11834002300126,2.118338900746596,1.1222546638656183e-06,8.627749832106004e-05
0.102562170379388,2.1183399919903354,2.118338900614928,1.0913754073804682e-06,8.699843396526956e-05
0.1025621703872865,2.1183400236751933,2.118338900777965,1.1228972280896699e-06,8.609391312046539e-05
0.1025621703746251,2.118340066357345,2.118338900516614,1.1658407306214258e-06,8.609382200316195e-05
0.1025621703872865,2.118339934125844,2.118338900777965,1.0333478788204786e-06,8.609391312046539e-05
0.1025621702613427,2.118340035235272,2.11833889817829,1.1370569819035836e-06,8.627282904228075e-05
0.1025621703872865,2.1183399556723916,2.118338900777965,1.0548944264776594e-06,8.609391312046539e-05
0.1025621703872865,2.118340065016629,2.118338900777965,1.1642386636978586e-06,8.609391312046539e-05
0.1025621702354512,2.1183400296816437,2.118338897643849,1.1320377946155702e-06,8.607838610917358e-05
0.1025621703857669,2.118340126160743,2.1183389007465983,1.2254141448231337e-06,8.627749832123886e-05
0.1025621703746251,2.1183400267019628,2.118338900516614,1.1261853485322604e-06,8.606420822837829e-05
0.1025621703856176,2.1183399006427885,2.1183389007435167,9.998992718251998e-07,8.609382200316195e-05
0.1025621703746251,2.118340054027506,2.118338900516614,1.1535108916937986e-06,8.699843412596072e-05
0.1025621698045938,2.118339743230344,2.118338888750285,8.544800591536728e-07,8.603261724920812e-05
0.1025621703873289,2.1183400775549632,2.1183389007788405,1.1767761227687856e-06,8.608002429236154e-05
0.1025621703873289,2.1183397934911903,2.1183389007788405,8.927123498203571e-07,8.608002429230955e-05
0.1025621698045938,2.118339946123618,2.118338888750285,1.0573733328911317e-06,8.604588354353229e-05
0.1025621698045938,2.1183398414113204,2.118338888750285,9.526610353915999e-07,8.604588354353229e-05
0.1025621703857668,2.1183400448350946,2.118338900746596,1.1440884986058109e-06,8.627749832106004e-05
0.102562169779472,2.118339963783693,2.1183388882317318,1.0755519612715148e-06,8.604588354353229e-05
0.1025621703857669,2.118340046540889,2.1183389007465983,1.1457942905579444e-06,8.627749832123886e-05
0.1025621703778929,2.118340035071188,2.118338900584067,1.1344871211349528e-06,8.713642199769674e-05
0.1025621703873877,2.118339978393452,2.118338900780054,1.0776133976264646e-06,8.606423113300073e-05
0.1025621703872863,2.118340007562669,2.1183389007779607,1.1067847083268134e-06,8.609391311632535e-05
0.1025621703792153,2.1183400011704534,2.1183389006113633,1.1005590900836637e-06,8.627749265554245e-05
0.1025621678811744,2.1183399863903465,2.1183388490479276,1.1373424189109471e-06,8.604588354353229e-05
0.1025621703792153,2.118340106176866,2.1183389006113633,1.2055655025378087e-06,8.699843412596072e-05
0.1025621703857668,2.118340022158683,2.118338900746596,1.1214120867464317e-06,8.627749832106004e-05
0.1025621703792153,2.1183399430634156,2.1183389006113633,1.0424520522356318e-06,8.609382200316195e-05
0.1025621703874336,2.1183399274911867,2.1183389007810014,1.0267101853145277e-06,8.604935429592303e-05
0.1025621703857668,2.1183401448759964,2.118338900746596,1.2441294003906478e-06,8.627749832106004e-05
0.1025621703872863,2.1183400311827474,2.1183389007779607,1.130404786664485e-06,8.609391311632535e-05
0.1025621703873877,2.1183400102372865,2.118338900780054,1.1094572323067098e-06,8.606423113300073e-05
0.1025621698045938,2.118339918546374,2.118338888750285,1.0297960888472346e-06,8.603261724920812e-05
0.1025621703873877,2.1183399024131373,2.118338900780054,1.0016330831419396e-06,8.606423113212973e-05
0.1025621702613427,2.11834003549971,2.11833889817829,1.1373214201526594e-06,8.627282904228075e-05
0.1025621703872863,2.1183399976076913,2.1183389007779607,1.096829730595772e-06,8.609391311632535e-05
0.1025621703857668,2.118340056728459,2.118338900746596,1.1559818631212693e-06,8.627749832106004e-05
0.1025621703857669,2.1183399386294863,2.1183389007465983,1.0378828880774904e-06,8.627749832123886e-05
0.102562170379388,2.1183400724673165,2.118338900614928,1.1718523884596266e-06,8.699843396548961e-05
0.1025621703873289,2.1183399308251003,2.1183389007788405,1.0300462598422655e-06,8.608002429236154e-05
0.1025621703856176,2.1183400806366603,2.1183389007435167,1.1798931436324267e-06,8.627749265554245e-05
0.102562170379388,2.118339983009086,2.118338900614928,1.0823941578586016e-06,8.699843396548961e-05
0.1025621703792153,2.1183400215090065,2.1183389006113633,1.1208976431476003e-06,8.608002233765382e-05
0.102562169779472,2.1183401881295527,2.1183388882317318,1.2998978209388667e-06,8.69985475179113e-05
0.1025621703873877,2.118339974553117,2.118338900780054,1.0737730629095665e-06,8.606423113300073e-05
0.102562170379388,2.118339879252748,2.118338900614928,9.786378201148693e-07,8.699843396526956e-05
0.1025621703873289,2.1183399447089046,2.1183389007788405,1.043930064170695e-06,8.608002429236154e-05
0.1025621703873289,2.118340022223132,2.1183389007788405,1.1214442916518408e-06,8.608002429230955e-05
0.1025621703838747,2.1183400438512634,2.11833890070754,1.1431437232367614e-06,8.627749265554245e-05
0.1025621703874336,2.1183399274100885,2.1183389007810014,1.0266290870752925e-06,8.604935429511404e-05
0.1025621703872865,2.118340042862136,2.118338900777965,1.1420841707909801e-06,8.609391312046539e-05
0.1025621703872863,2.1183399620032826,2.1183389007779607,1.0612253218411638e-06,8.609391311632535e-05
0.1025621703872863,2.1183399745871965,2.1183389007779607,1.0738092357520657e-06,8.609391311632535e-05
0.1025621703838747,2.118340088501409,2.11833890070754,1.1877938690396661e-06,8.609382200316195e-05
0.1025621703873289,2.1183400307710314,2.1183389007788405,1.12999219092913e-06,8.608002429236154e-05
0.1025621703873289,2.118340037857237,2.1183389007788405,1.1370783963293718e-06,8.608002429236154e-05
0.1025621703746251,2.1183400027131385,2.118338900516614,1.1021965242719034e-06,8.699843412596072e-05
0.1025621703873289,2.118339977154739,2.1183389007788405,1.0763758986342964e-06,8.608002429230955e-05
0.1025621703872865,2.118339994051003,2.118338900777965,1.0932730378776512e-06,8.609391312046539e-05
0.1025621703872865,2.118339974227749,2.118338900777965,1.073449783728364e-06,8.609391312046539e-05
0.1025621703872865,2.1183400172598494,2.118338900777965,1.1164818842779312e-06,8.609391312046539e-05
0.1025621703856176,2.1183400010793405,2.1183389007435167,1.1003358237893224e-06,8.608002233765382e-05
0.1025621703856176,2.1183400195772,2.1183389007435167,1.1188336834777601e-06,8.627749265554245e-05
0.1025621702354512,2.118339978272649,2.118338897643849,1.0806287997766617e-06,8.69985475179113e-05
0.1025621703874336,2.1183399606752964,2.1183389007810014,1.059894294996866e-06,8.604935429511404e-05
0.1025621703856176,2.118340045681188,2.1183389007435167,1.1449376713379422e-06,8.609382200316195e-05
0.102562169779472,2.118340051621163,2.1183388882317318,1.1633894310136839e-06,8.69985475179113e-05
0.1025621703857668,2.1183400734565203,2.118338900746596,1.1727099242797578e-06,8.627749832106004e-05
0.1025621703872863,2.1183399813111174,2.1183389007779607,1.0805331567276255e-06,8.609391311632535e-05
0.1025621698045938,2.118340132592662,2.118338888750285,1.2438423770966267e-06,8.603261724920812e-05
0.1025621703872865,2.1183399946442427,2.118338900777965,1.0938662775572539e-06,8.609391312046539e-05
0.1025621703838747,2.1183399356904395,2.11833890070754,1.0349828993838628e-06,8.609382200316195e-05
0.1025621703873289,2.118340108535512,2.1183389007788405,1.2077566715618104e-06,8.608002429230955e-05
0.1025621703857669,2.1183399051812395,2.1183389007465983,1.0044346412385607e-06,8.627749832123886e-05
0.1025621703873289,2.1183399885198493,2.1183389007788405,1.0877410088205863e-06,8.608002429230955e-05
0.1025621703873877,2.1183399941619716,2.118338900780054,1.0933819174496762e-06,8.606423113212973e-05
0.102562170379388,2.1183400194885573,2.118338900614928,1.1188736293021861e-06,8.699843396526956e-05
0.1025621703874336,2.1183399471564472,2.1183389007810014,1.0463754458456265e-06,8.604935429592303e-05
0.1025621703873289,2.118339985063984,2.1183389007788405,1.0842851434489376e-06,8.608002429236154e-05
0.1025621703874336,2.1183399274911867,2.1183389007810014,1.0267101853145277e-06,8.604935429592303e-05
0.1025621703873289,2.1183399492321326,2.1183389007788405,1.0484532921850587e-06,8.608002429230955e-05
0.1025621703746251,2.1183400418808134,2.118338900516614,1.1413641991531165e-06,8.699843412596072e-05
0.1025621703838747,2.1183399888493626,2.11833890070754,1.088141822425115e-06,8.606420822837829e-05
0.1025621703856176,2.118339987935754,2.1183389007435167,1.0871922371258336e-06,8.609382200316195e-05
0.1025621703873289,2.118340109398903,2.1183389007788405,1.2086200626981736e-06,8.608002429236154e-05
0.102562169779472,2.118340013878475,2.1183388882317318,1.1256467433717887e-06,8.762155233193334e-05
0.1025621703873289,2.118340013300377,2.1183389007788405,1.1125215366725172e-06,8.608002429236154e-05
0.1025621703873289,2.118340006818315,2.1183389007788405,1.1060394746742475e-06,8.608002429230955e-05
0.1025621698045938,2.118340118916892,2.118338888750285,1.2301666068026407e-06,8.607838610917358e-05
0.1025621703873289,2.1183399824383478,2.1183389007788405,1.0816595072959956e-06,8.608002429230955e-05
0.1025621703856176,2.1183400798637027,2.1183389007435167,1.179120185934579e-06,8.608002233765382e-05
0.1025621703857668,2.118340089708923,2.118338900746596,1.1889623268146465e-06,8.627749832106004e-05
0.1025621703872863,2.1183398438169205,2.1183389007779607,9.430389598108491e-07,8.609391311632535e-05
0.1025621703873289,2.118339945708737,2.1183389007788405,1.044929896387714e-06,8.608002429236154e-05
0.1025621703873877,2.118339987845993,2.118338900780054,1.0870659390427306e-06,8.606423113212973e-05
0.1025621703874336,2.1183400528557454,2.1183389007810014,1.152074744048548e-06,8.604935429592303e-05
0.1025621703867217,2.118339970977386,2.1183389007663065,1.0702110793125996e-06,8.606420822837829e-05
0.1025621702354512,2.118340018334492,2.118338897643849,1.1206906429528374e-06,8.607838610917358e-05
0.1025621703872865,2.1183398789009904,2.118338900777965,9.78123025241473e-07,8.609391312046539e-05
0.1025621702613427,2.11834004607284,2.11833889817829,1.1478945500797977e-06,8.627282904228075e-05
0.1025621703872865,2.1183399078119254,2.118338900777965,1.0070339602208378e-06,8.609391312046539e-05
0.1025621702613427,2.118340056403776,2.11833889817829,1.1582254861863817e-06,8.627282904228075e-05
0.1025621703857669,2.118340089113823,2.1183389007465983,1.1883672246248977e-06,8.627749832123886e-05
0.1025621703838747,2.118339938420229,2.11833890070754,1.0377126886673693e-06,8.608002233765382e-05
0.1025621703873289,2.1183400591719126,2.1183389007788405,1.1583930721315028e-06,8.608002429236154e-05
0.1025621703873289,2.118339948644423,2.1183389007788405,1.0478655827483863e-06,8.608002429230955e-05
0.102562169779472,2.1183401757969627,2.1183388882317318,1.2875652308785845e-06,8.627282904228075e-05
0.1025621703872863,2.118340044828393,2.1183389007779607,1.144050432166921e-06,8.609391311632535e-05
0.1025621703838747,2.118339989581033,2.11833890070754,1.0888734927050336e-06,8.609382200316195e-05
0.1025621678811744,2.1183400474388296,2.1183388490479276,1.1983909020685246e-06,8.607838610917358e-05
0.102562170379388,2.118340049863005,2.118338900614928,1.1492480771480018e-06,8.699843396526956e-05
0.1025621703873289,2.118340052301821,2.1183389007788405,1.1515229805247884e-06,8.608002429230955e-05
0.1025621703792153,2.1183400650775672,2.1183389006113633,1.1644662039067555e-06,8.699843412596072e-05
0.1025621678811744,2.1183400657217923,2.1183388490479276,1.2166738647678699e-06,8.603261724920812e-05
0.1025621703857668,2.118339974101968,2.118338900746596,1.0733553721387068e-06,8.627749832106004e-05
0.1025621678811744,2.118340128276061,2.1183388490479276,1.2792281336437838e-06,8.603261724920812e-05
0.1025621703872863,2.1183400344521517,2.1183389007779607,1.1336741909673265e-06,8.609391311632535e-05
0.1025621703873289,2.11833997725816,2.1183389007788405,1.076479319461754e-06,8.608002429236154e-05
0.1025621678811744,2.1183399825602116,2.1183388490479276,1.133512284035021e-06,8.603261724920812e-05
0.1025621703857669,2.118339998607831,2.1183389007465983,1.0978612325907022e-06,8.627749832123886e-05
0.1025621703857669,2.118339990296471,2.1183389007465983,1.0895498725460584e-06,8.627749832123886e-05
0.1025621703857668,2.118339995778883,2.118338900746596,1.0950322870684204e-06,8.627749832106004e-05
0.1025621703872863,2.118339832412954,2.1183389007779607,9.316349931509649e-07,8.609391311632535e-05
0.1025621703872865,2.1183399976076913,2.118338900777965,1.0968297261548798e-06,8.609391312046539e-05
0.1025621698045938,2.118340005515055,2.118338888750285,1.116764769992784e-06,8.604588354353229e-05
0.1025621698045938,2.118340015747668,2.118338888750285,1.1269973829719504e-06,8.607838610917358e-05
0.1025621703746251,2.118340013651544,2.118338900516614,1.113134929564552e-06,8.699843412596072e-05
0.1025621678811744,2.118340112019278,2.1183388490479276,1.2629713506129292e-06,8.603261724920812e-05
0.1025621703409047,2.1183399205936113,2.118338899820573,1.0207730380962232e-06,8.607838610917358e-05
0.1025621703873289,2.1183397934911903,2.1183389007788405,8.927123498203571e-07,8.608002429236154e-05
0.102562170379388,2.118340076794934,2.118338900614928,1.1761800058351923e-06,8.699843396526956e-05
0.1025621703873289,2.118340005993286,2.1183389007788405,1.105214445740188e-06,8.608002429230955e-05
0.1025621703838747,2.118339851292716,2.11833890070754,9.505851759072925e-07,8.627749265554245e-05
0.1025621678811744,2.118340042403475,2.1183388490479276,1.1933555472687374e-06,8.603261724920812e-05
0.1025621703873289,2.118340022223132,2.1183389007788405,1.1214442916518408e-06,8.608002429236154e-05
0.1025621703873289,2.1183399464563117,2.1183389007788405,1.0456774712785943e-06,8.608002429230955e-05
0.1025621703746251,2.1183401771540598,2.118338900516614,1.2766374455353002e-06,8.71373469923849e-05
0.1025621703838747,2.1183400841873556,2.11833890070754,1.1834798154808368e-06,8.609382200316195e-05
0.1025621676899787,2.1183400309553773,2.118338845101352,1.1858540251985517e-06,8.602513224222104e-05
0.1025621703778929,2.1183400383377955,2.118338900584067,1.1377537285639505e-06,8.713642199769674e-05
0.1025621698045938,2.1183399266741323,2.118338888750285,1.0379238473134933e-06,8.604588354353229e-05
0.1025621703857669,2.1183399860009366,2.1183389007465983,1.0852543383954583e-06,8.627749832123886e-05
0.1025621703857668,2.1183399589427814,2.118338900746596,1.0581961853439736e-06,8.627749832106004e-05
0.1025621703873877,2.1183399773152596,2.118338900780054,1.0765352054242783e-06,8.606423113212973e-05
0.102562170379388,2.1183397663544423,2.118338900614928,8.657395142996904e-07,8.699843396548961e-05
0.1025621703873877,2.1183399836954213,2.118338900780054,1.082915367156545e-06,8.606423113212973e-05
0.1025621703746251,2.1183400737791,2.118338900516614,1.1732624858318275e-06,8.608002233765382e-05
0.1025621702354512,2.118339953047716,2.118338897643849,1.0554038669674526e-06,8.607838610917358e-05
0.1025621703872863,2.118340003776188,2.1183389007779607,1.1029982274202155e-06,8.609391311632535e-05
0.1025621703734333,2.1183400219075503,2.1183389004920135,1.121415536875503e-06,8.608002233765382e-05
0.1025621703873289,2.1183399354715315,2.1183389007788405,1.0346926910820287e-06,8.608002429230955e-05
0.1025621703872865,2.118339960700529,2.118338900777965,1.0599225639396082e-06,8.609391312046539e-05
0.1025621703746251,2.1183401495556544,2.118338900516614,1.2490390401964646e-06,8.627749265554245e-05
0.1025621703872865,2.118339923385508,2.118338900777965,1.0226075426444936e-06,8.609391312046539e-05
0.102562170379388,2.118339994350393,2.118338900614928,1.0937354648632436e-06,8.699843396526956e-05
0.1025621703857668,2.1183399863910424,2.118338900746596,1.085644446341405e-06,8.627749832106004e-05
0.1025621703873289,2.1183400714208327,2.1183389007788405,1.1706419922319355e-06,8.608002429230955e-05
0.1025621703872865,2.118340126622356,2.118338900777965,1.2258443908841343e-06,8.609391312046539e-05
0.1025621703872863,2.118340040338888,2.1183389007779607,1.1395609273989749e-06,8.609391311632535e-05
0.1025621703838747,2.1183399652243518,2.11833890070754,1.0645168115885895e-06,8.608002233765382e-05
0.1025621698045938,2.1183400894585622,2.118338888750285,1.2007082772491628e-06,8.604588354353229e-05
0.1025621703873289,2.118339999058844,2.1183389007788405,1.0982800033865203e-06,8.608002429236154e-05
0.1025621703856176,2.1183399463090202,2.1183389007435167,1.045565503510204e-06,8.606420822837829e-05
0.1025621703838747,2.1183400465023126,2.11833890070754,1.145794772394737e-06,8.609382200316195e-05
0.1025621702354512,2.1183398799649678,2.118338897643849,9.823211186699154e-07,8.607838610917358e-05
0.1025621703873289,2.1183399878869222,2.1183389007788405,1.0871080817764778e-06,8.608002429236154e-05
0.102562170373472,2.1183400631771065,2.118338900492813,1.162684293731786e-06,8.762204835061145e-05
0.1025621703838747,2.1183399746114473,2.11833890070754,1.0739039071339107e-06,8.627749265554245e-05
0.1025621703872865,2.1183398524266197,2.118338900777965,9.516486545457781e-07,8.609391312046539e-05
0.1025621698045938,2.1183399977499837,2.118338888750285,1.1089996987401207e-06,8.607838610917358e-05
0.1025621703792153,2.118339988990768,2.1183389006113633,1.0883794048233142e-06,8.609382200316195e-05
0.1025621702354512,2.11834008636945,2.118338897643849,1.188725601064533e-06,8.69985475179113e-05
0.1025621703873289,2.118340053508111,2.1183389007788405,1.1527292707036452e-06,8.608002429236154e-05
0.1025621703872865,2.11833996485329,2.118338900777965,1.0640753247415091e-06,8.609391312046539e-05
0.1025621702613427,2.1183401106746325,2.11833889817829,1.212496342439806e-06,8.607838610917358e-05
0.1025621703857668,2.1183400761311812,2.118338900746596,1.175384585216932e-06,8.627749832106004e-05
0.1025621703746251,2.1183400656152553,2.118338900516614,1.1650986411204656e-06,8.606420822837829e-05
0.102562169779472,2.118340001546105,2.1183388882317318,1.1133143731356654e-06,8.604588354353229e-05
0.1025621703838747,2.1183399702715593,2.11833890070754,1.0695640191293876e-06,8.609382200316195e-05
0.1025621702354512,2.1183397785588576,2.118338897643849,8.809150084942985e-07,8.69985475179113e-05
0.1025621698045938,2.1183398755013103,2.118338888750285,9.86751025333632e-07,8.603261724920812e-05
0.1025621703872865,2.118339996831674,2.118338900777965,1.0960537086823763e-06,8.609391312046539e-05
0.102562169779472,2.1183399721777816,2.1183388882317318,1.0839460498068831e-06,8.607838610917358e-05
0.1025621703856176,2.118339914255644,2.1183389007435167,1.013512127112648e-06,8.608002233765382e-05
0.1025621703873877,2.1183400021616294,2.118338900780054,1.1013815752747291e-06,8.606423113212973e-05
0.1025621703838747,2.1183400903385974,2.11833890070754,1.1896310572190316e-06,8.609382200316195e-05
0.1025621703838747,2.1183400456522805,2.11833890070754,1.1449447403499846e-06,8.609382200316195e-05
0.1025621703873289,2.118340421484355,2.1183389007788405,1.5207055144017545e-06,8.608002429236154e-05
0.1025621702613427,2.1183399851394134,2.11833889817829,1.086961123331065e-06,8.627282904228075e-05
0.102562169779472,2.1183399456421905,2.1183388882317318,1.0574104587490751e-06,8.604588354353229e-05
0.1025621703838747,2.1183400421033163,2.11833890070754,1.1413957761163829e-06,8.627749265554245e-05
0.1025621703792153,2.118339888223304,2.1183389006113633,9.876119406726502e-07,8.627749265554245e-05
0.1025621703746251,2.1183400224617928,2.118338900516614,1.121945178539363e-06,8.627749265554245e-05
0.1025621703838747,2.118339985854318,2.11833890070754,1.0851467777683865e-06,8.627749265554245e-05
0.1025621702354512,2.1183400722989956,2.118338897643849,1.1746551464852928e-06,8.69985475179113e-05
0.1025621703857669,2.118340094055552,2.1183389007465983,1.1933089538729291e-06,8.627749832123886e-05
0.102562170379388,2.1183400888842563,2.118338900614928,1.1882693282672108e-06,8.699843396548961e-05
0.1025621703873289,2.118340059564192,2.1183389007788405,1.1587853516736857e-06,8.608002429230955e-05
0.1025621698045938,2.1183399644080922,2.118338888750285,1.0756578072701473e-06,8.607838610917358e-05
0.102562169779472,2.1183400358717765,2.1183388882317318,1.1476400447740787e-06,8.604588354353229e-05
0.1025621703792153,2.1183399420459574,2.1183389006113633,1.0414345941178738e-06,8.627749265554245e-05
0.1025621703856176,2.1183401221153395,2.1183389007435167,1.2213718227904735e-06,8.627749265554245e-05
0.1025621703857668,2.118340065717812,2.118338900746596,1.164971215938948e-06,8.627749832106004e-05
0.1025621703792153,2.1183400180894147,2.1183389006113633,1.1174780514267013e-06,8.627749265554245e-05
0.1025621703872865,2.118339878056549,2.118338900777965,9.772785838357834e-07,8.609391312046539e-05
0.1025621703838747,2.11833996478632,2.11833890070754,1.0640787797555618e-06,8.609382200316195e-05
0.1025621703857669,2.1183400250243865,2.1183389007465983,1.1242777882003452e-06,8.627749832123886e-05
0.1025621703838747,2.118339983756316,2.11833890070754,1.083048775996076e-06,8.627749265554245e-05
0.1025621703872863,2.1183398653740966,2.1183389007779607,9.645961358550892e-07,8.609391311632535e-05
0.1025621703872865,2.1183399148836934,2.118338900777965,1.0141057282808674e-06,8.609391312046539e-05
0.1025621703857668,2.118339920160056,2.118338900746596,1.0194134598684457e-06,8.627749832106004e-05
0.102562169779472,2.118339992576046,2.1183388882317318,1.1043443142177978e-06,8.603261724920812e-05
0.1025621702354512,2.11833986873604,2.118338897643849,9.710921911043613e-07,8.627282904228075e-05
0.1025621703838747,2.1183400192837163,2.11833890070754,1.1185761761289825e-06,8.608002233765382e-05
0.1025621703734333,2.1183400263058263,2.1183389004920135,1.1258138128411588e-06,8.71373469923849e-05
0.1025621703873289,2.1183398568175744,2.1183389007788405,9.560387339568877e-07,8.608002429230955e-05
0.1025621703746251,2.1183400955812615,2.118338900516614,1.195064647241395e-06,8.71373469923849e-05
0.1025621703792153,2.1183399627548947,2.1183389006113633,1.0621435313495908e-06,8.608002233765382e-05
0.1025621703838747,2.1183399389258866,2.11833890070754,1.038218346405273e-06,8.608002233765382e-05
0.1025621703792153,2.1183399045389275,2.1183389006113633,1.0039275641915424e-06,8.627749265554245e-05
0.1025621703857669,2.1183400780998687,2.1183389007465983,1.1773532704317802e-06,8.627749832123886e-05
0.1025621703778927,2.118340078183245,2.1183389005840625,1.1775991826112886e-06,8.713642199417603e-05
0.1025621703872865,2.118340027006166,2.118338900777965,1.1262282009205649e-06,8.609391312046539e-05
0.1025621703857669,2.11834005593824,2.1183389007465983,1.1551916418994779e-06,8.627749832123886e-05
0.1025621703746251,2.118340037796334,2.118338900516614,1.1372797197317652e-06,8.609382200316195e-05
0.1025621703838747,2.1183399126842706,2.11833890070754,1.011976730413977e-06,8.627749265554245e-05
0.1025621703873289,2.118339855131451,2.1183389007788405,9.543526107158584e-07,8.608002429230955e-05
0.1025621703873289,2.1183401245584976,2.1183389007788405,1.2237796571668014e-06,8.608002429230955e-05
0.1025621703857668,2.118339985077455,2.118338900746596,1.084330858880378e-06,8.627749832106004e-05
0.1025621703857668,2.1183400894439783,2.118338900746596,1.1886973823038716e-06,8.627749832106004e-05
0.1025621703872863,2.118339987278181,2.1183389007779607,1.0865002204596408e-06,8.609391311632535e-05
0.102562170379388,2.1183400492590625,2.118338900614928,1.1486441344743525e-06,8.699843396548961e-05
0.1025621703873289,2.1183398992909908,2.1183389007788405,9.98512150296449e-07,8.608002429236154e-05
0.1025621703873289,2.1183400325208974,2.1183389007788405,1.1317420569589842e-06,8.608002429236154e-05
0.102562169779472,2.118339998486145,2.1183388882317318,1.110254413294598e-06,8.604588354353229e-05
0.1025621703873289,2.1183399649548753,2.1183389007788405,1.0641760348484297e-06,8.608002429236154e-05
0.102562169779472,2.1183400549620095,2.1183388882317318,1.1667302777240707e-06,8.762155233193334e-05
0.1025621698045938,2.1183400850638034,2.118338888750285,1.196313518470049e-06,8.627282904228075e-05
0.1025621703409047,2.1183399933666585,2.118338899820573,1.093546085240149e-06,8.627282904228075e-05
0.1025621703873289,2.118339964351424,2.1183389007788405,1.0635725833374465e-06,8.608002429236154e-05
0.1025621703873289,2.118340061265309,2.1183389007788405,1.160486468698707e-06,8.608002429230955e-05
0.1025621703857668,2.118340071177937,2.118338900746596,1.1704313411797784e-06,8.627749832106004e-05
0.1025621703838747,2.118339845415693,2.11833890070754,9.447081530389312e-07,8.609382200316195e-05
0.1025621703873877,2.1183399659259825,2.118338900780054,1.0651459283472775e-06,8.606423113212973e-05
0.1025621703873289,2.1183400125360445,2.1183389007788405,1.1117572040753032e-06,8.608002429230955e-05
0.1025621703792153,2.1183399848545337,2.1183389006113633,1.0842431703572686e-06,8.699843412596072e-05
0.1025621703778929,2.118340143349124,2.118338900584067,1.2427650570856486e-06,8.713642199769674e-05
0.1025621703857668,2.118339963752378,2.118338900746596,1.063005782064863e-06,8.627749832106004e-05
0.102562170373472,2.118340109578126,2.118338900492813,1.2090853132029622e-06,8.762204835066642e-05
0.1025621703872863,2.1183400664906613,2.1183389007779607,1.1657127005904044e-06,8.609391311632535e-05
0.102562169779472,2.1183400310173495,2.1183388882317318,1.142785617691544e-06,8.627282904228075e-05
0.1025621703746251,2.1183400466559226,2.118338900516614,1.1461393083500582e-06,8.604933343977453e-05
0.1025621703872865,2.1183400917717377,2.118338900777965,1.1909937724929875e-06,8.609391312046539e-05
0.1025621698045938,2.118340072148576,2.118338888750285,1.1833982909159602e-06,8.603261724920812e-05
0.102562170379388,2.1183400424744323,2.118338900614928,1.1418595042833601e-06,8.699843396548961e-05
0.1025621703856176,2.1183400459593558,2.1183389007435167,1.1452158390490297e-06,8.627749265554245e-05
0.1025621678811744,2.118340035125032,2.1183388490479276,1.1860771045313356e-06,8.607838610917358e-05
0.1025621703872863,2.1183400519597253,2.1183389007779607,1.1511817645804001e-06,8.609391311632535e-05
0.1025621703856176,2.118339986725807,2.1183389007435167,1.085982290316423e-06,8.627749265554245e-05
0.1025621703792153,2.1183400077788335,2.1183389006113633,1.1071674701490508e-06,8.627749265554245e-05
0.1025621702354512,2.118340013213674,2.118338897643849,1.1155698249609713e-06,8.607838610917358e-05
0.1025621703838747,2.1183399734180206,2.11833890070754,1.0727104804431065e-06,8.609382200316195e-05
0.102562170379388,2.118339973284523,2.118338900614928,1.0726695949259124e-06,8.699843396526956e-05
0.1025621703872865,2.11833998909073,2.118338900777965,1.088312764796484e-06,8.609391312046539e-05
0.1025621678811744,2.1183401006161273,2.1183388490479276,1.2515681997449235e-06,8.607838610917358e-05
0.1025621703856176,2.1183399894572497,2.1183389007435167,1.0887137329440577e-06,8.609382200316195e-05
0.1025621703872865,2.1183399250690744,2.118338900777965,1.0242911092639417e-06,8.609391312046539e-05
0.1025621703857669,2.1183400592621546,2.1183389007465983,1.1585155563764715e-06,8.627749832123886e-05
0.1025621703872865,2.11833979187819,2.118338900777965,8.911002247202759e-07,8.609391312046539e-05
0.1025621703857668,2.1183400338015805,2.118338900746596,1.1330549845034454e-06,8.627749832106004e-05
0.1025621703857669,2.118339867417548,2.1183389007465983,9.666709499533965e-07,8.627749832123886e-05
0.1025621703873289,2.1183399684500586,2.1183389007788405,1.0676712181023618e-06,8.608002429236154e-05
0.1025621703857669,2.1183398871246357,2.1183389007465983,9.863780374708142e-07,8.627749832123886e-05
0.1025621703873877,2.1183400070926037,2.118338900780054,1.1063125495702764e-06,8.606423113212973e-05
0.1025621698045938,2.118339976864655,2.118338888750285,1.0881143701624296e-06,8.604588354353229e-05
0.1025621703873289,2.118339834655553,2.1183389007788405,9.338767124056346e-07,8.608002429230955e-05
0.1025621703873289,2.1183399667621594,2.1183389007788405,1.0659833189485823e-06,8.608002429230955e-05
0.1025621698045938,2.1183400555234617,2.118338888750285,1.1667731767417422e-06,8.607838610917358e-05
0.1025621703872863,2.118340007732145,2.1183389007779607,1.1069541843156117e-06,8.609391311632535e-05
0.1025621703838747,2.118340051497078,2.11833890070754,1.1507895378848332e-06,8.609382200316195e-05
0.1025621703856176,2.1183400086500064,2.1183389007435167,1.1079064896613033e-06,8.609382200316195e-05
0.102562169779472,2.118340136072272,2.1183388882317318,1.247840540230527e-06,8.627282904228075e-05
0.1025621703873289,2.1183400107224197,2.1183389007788405,1.1099435792694123e-06,8.608002429230955e-05
0.1025621678811744,2.118339979500151,2.1183388490479276,1.1304522233857028e-06,8.604588354353229e-05
0.1025621703792153,2.1183400213177426,2.1183389006113633,1.1207063792539884e-06,8.699843412596072e-05
0.1025621703734333,2.1183400158476373,2.1183389004920135,1.1153556238596707e-06,8.606420822837829e-05
0.1025621703856176,2.1183399892319605,2.1183389007435167,1.0884884438233655e-06,8.608002233765382e-05
0.1025621703872863,2.1183400180022,2.1183389007779607,1.1172242393442389e-06,8.609391311632535e-05
0.1025621703857669,2.1183401081487716,2.1183389007465983,1.2074021733532447e-06,8.627749832123886e-05
0.1025621703867217,2.1183400219883155,2.1183389007663065,1.1212220090150993e-06,8.608002233765382e-05
0.1025621703874336,2.1183399275884987,2.1183389007810014,1.0268074972508145e-06,8.604935429511404e-05
0.1025621703857669,2.118340094444745,2.1183389007465983,1.1936981465510144e-06,8.627749832123886e-05
0.1025621703857668,2.1183400825982277,2.118338900746596,1.1818516316708383e-06,8.627749832106004e-05
0.1025621703873289,2.118340032467222,2.1183389007788405,1.1316883816725465e-06,8.608002429230955e-05
0.1025621703856176,2.118340076812675,2.1183389007435167,1.1760691585038785e-06,8.608002233765382e-05
0.1025621703872863,2.118340046175045,2.1183389007779607,1.1453970842900674e-06,8.609391311632535e-05
0.1025621698045938,2.118339822064169,2.118338888750285,9.333138839551225e-07,8.603261724920812e-05
0.1025621703838747,2.1183400185682535,2.11833890070754,1.1178607133288665e-06,8.608002233765382e-05
0.1025621703873877,2.118339994517036,2.118338900780054,1.0937369818719844e-06,8.606423113212973e-05
0.1025621703734333,2.1183400235977343,2.1183389004920135,1.123105720868267e-06,8.627749265554245e-05
0.1025621703792153,2.1183400077125505,2.1183389006113633,1.1071011871699454e-06,8.608002233765382e-05
0.1025621702354512,2.118339899879443,2.118338897643849,1.0022355940719763e-06,8.627282904228075e-05
0.1025621703872865,2.1183399447294264,2.118338900777965,1.043951461277004e-06,8.609391312046539e-05
0.102562170379388,2.118340155620561,2.118338900614928,1.2550056331939174e-06,8.699843396526956e-05
0.1025621703857668,2.118340022887661,2.118338900746596,1.1221410649575603e-06,8.627749832106004e-05
0.1025621703872863,2.118340020470005,2.1183389007779607,1.1196920444156433e-06,8.609391311632535e-05
0.1025621698045938,2.118340034157749,2.118338888750285,1.1454074639871692e-06,8.607838610917358e-05
0.1025621703866447,2.1183400030853625,2.1183389007647175,1.1023206449856104e-06,8.606420822837829e-05
0.1025621703873289,2.1183400483906873,2.1183389007788405,1.14761184688561e-06,8.608002429236154e-05
0.1025621703866447,2.1183400208212717,2.1183389007647175,1.1200565541713559e-06,8.606420822837829e-05
0.1025621703872863,2.1183399598715043,2.1183389007779607,1.0590935435317306e-06,8.609391311632535e-05
0.1025621703872865,2.1183400015076526,2.118338900777965,1.1007296873977168e-06,8.609391312046539e-05
0.1025621703792153,2.118339931875816,2.1183389006113633,1.0312644525001247e-06,8.699843412596072e-05
0.1025621702613427,2.118340071758801,2.11833889817829,1.1735805109935882e-06,8.627282904228075e-05
0.1025621703873289,2.1183398926342414,2.1183389007788405,9.918554009225033e-07,8.608002429230955e-05
0.102562170379388,2.1183400256177762,2.118338900614928,1.1250028482123753e-06,8.699843396526956e-05
0.1025621703872863,2.1183400423484993,2.1183389007779607,1.1415705385431352e-06,8.609391311632535e-05
0.102562169779472,2.1183400552706213,2.1183388882317318,1.1670388895268502e-06,8.627282904228075e-05
0.1025621703872865,2.1183400751478074,2.118338900777965,1.174369842260603e-06,8.609391312046539e-05
0.1025621703856176,2.1183400589760653,2.1183389007435167,1.158232548537086e-06,8.609382200316195e-05
0.1025621703857669,2.118339920195182,2.1183389007465983,1.0194485837722311e-06,8.627749832123886e-05
0.1025621702613427,2.1183400615002035,2.11833889817829,1.163321913466575e-06,8.607838610917358e-05
0.1025621698045938,2.1183399026047725,2.118338888750285,1.01385448747493e-06,8.603261724920812e-05
0.1025621703838747,2.1183399966183103,2.11833890070754,1.095910770132491e-06,8.627749265554245e-05
0.1025621703873877,2.118339912772305,2.118338900780054,1.0119922508877721e-06,8.606423113300073e-05
0.1025621703873289,2.1183399930784548,2.1183389007788405,1.0922996143136743e-06,8.608002429236154e-05
0.1025621698045938,2.1183398469474213,2.118338888750285,9.581971363026298e-07,8.604588354353229e-05
0.1025621703874336,2.1183400144422864,2.1183389007810014,1.1136612849682592e-06,8.604935429511404e-05
0.1025621703874336,2.1183398330828163,2.1183389007810014,9.32301814859926e-07,8.604935429592303e-05
0.1025621703873289,2.1183400193254185,2.1183389007788405,1.1185465780272352e-06,8.608002429236154e-05
0.1025621703873289,2.1183400525975187,2.1183389007788405,1.1518186782133455e-06,8.608002429230955e-05
0.1025621703857669,2.118339969886164,2.1183389007465983,1.0691395657680403e-06,8.627749832123886e-05
0.1025621703746251,2.1183400287049254,2.118338900516614,1.12818831121686e-06,8.699843412596072e-05
0.1025621702354512,2.1183398401987734,2.118338897643849,9.425549243324838e-07,8.627282904228075e-05
0.1025621703746251,2.118340011718261,2.118338900516614,1.111201646697424e-06,8.699843412596072e-05
0.1025621703838747,2.1183399928951374,2.11833890070754,1.0921875972513817e-06,8.609382200316195e-05
0.1025621703746251,2.118340046390744,2.118338900516614,1.1458741298042696e-06,8.71373469923849e-05
0.1025621703746251,2.1183400586365493,2.118338900516614,1.1581199350629845e-06,8.627749265554245e-05
0.1025621703857668,2.11834000340589,2.118338900746596,1.1026592940943658e-06,8.627749832106004e-05
0.1025621703857669,2.1183400874728373,2.1183389007465983,1.1867262390552469e-06,8.627749832123886e-05
0.1025621703856176,2.118340122537128,2.1183389007435167,1.2217936111724725e-06,8.627749265554245e-05
0.1025621703746251,2.118340120520993,2.118338900516614,1.220004378854611e-06,8.627749265554245e-05
0.1025621702613427,2.11834014871568,2.11833889817829,1.2505373900850714e-06,8.627282904228075e-05
0.1025621703746251,2.118340096005079,2.118338900516614,1.1954884646669939e-06,8.71373469923849e-05
0.1025621703873877,2.11834001401119,2.118338900780054,1.1132311357187064e-06,8.606423113300073e-05
0.1025621703872865,2.118339923038364,2.118338900777965,1.0222603989973322e-06,8.609391312046539e-05
0.102562170379388,2.1183399228556885,2.118338900614928,1.0222407604842942e-06,8.699843396526956e-05
0.1025621703873289,2.118340012008622,2.1183389007788405,1.1112297815252248e-06,8.608002429236154e-05
0.1025621702354512,2.118339964487402,2.118338897643849,1.0668435530547526e-06,8.607838610917358e-05
0.1025621703873289,2.1183398568175744,2.1183389007788405,9.560387339568877e-07,8.608002429236154e-05
0.1025621703792153,2.118339924862779,2.1183389006113633,1.024251415682187e-06,8.609382200316195e-05
0.1025621703857668,2.11834005526669,2.118338900746596,1.1545200937490563e-06,8.627749832106004e-05
0.1025621703872863,2.1183398641062263,2.1183389007779607,9.633282656018594e-07,8.609391311632535e-05
0.1025621703872863,2.118339985257164,2.1183389007779607,1.0844792033282147e-06,8.609391311632535e-05
0.1025621703792153,2.1183399517202384,2.1183389006113633,1.0511088750497777e-06,8.606420822837829e-05
0.1025621703873289,2.1183399917543,2.1183389007788405,1.0909754597498988e-06,8.608002429230955e-05
0.1025621702354512,2.1183399217287007,2.118338897643849,1.0240848515863377e-06,8.627282904228075e-05
0.102562169779472,2.118340011042612,2.1183388882317318,1.122810880271885e-06,8.607838610917358e-05
0.1025621703857669,2.1183399842533017,2.1183389007465983,1.0835067034697943e-06,8.627749832123886e-05
0.102562169779472,2.118340037114768,2.1183388882317318,1.1488830362615943e-06,8.604588354353229e-05
0.1025621698045938,2.1183399813269213,2.118338888750285,1.0925766362746003e-06,8.607838610917358e-05
0.102562169779472,2.11833995803063,2.1183388882317318,1.0697988983565665e-06,8.604588354353229e-05
0.1025621703857668,2.118339896085721,2.118338900746596,9.953391248984644e-07,8.627749832106004e-05
0.1025621703857669,2.118340060628547,2.1183389007465983,1.159881948709085e-06,8.627749832123886e-05
0.1025621703872863,2.118339996025109,2.1183389007779607,1.0952471480862869e-06,8.609391311632535e-05
0.1025621678811744,2.1183400860495896,2.1183388490479276,1.237001661991144e-06,8.607838610917358e-05
0.102562170379388,2.1183400683147386,2.118338900614928,1.16769981062248e-06,8.699843396548961e-05
0.1025621703746251,2.118340027051304,2.118338900516614,1.1265346899769213e-06,8.627749265554245e-05
0.1025621703409047,2.11834016997191,2.118338899820573,1.2701513369961503e-06,8.607838610917358e-05
0.102562170379388,2.1183399806251795,2.118338900614928,1.0800102514529897e-06,8.699843396548961e-05
0.1025621703873289,2.118340023534092,2.1183389007788405,1.1227552514370132e-06,8.608002429230955e-05
0.1025621703857668,2.118339984126408,2.118338900746596,1.083379812083507e-06,8.627749832106004e-05
0.1025621702613427,2.1183401206824457,2.11833889817829,1.2225041556845895e-06,8.627282904228075e-05
0.1025621703873289,2.1183400194999544,2.1183389007788405,1.1187211139684905e-06,8.608002429230955e-05
0.1025621703873289,2.118340022047861,2.1183389007788405,1.1212690207429432e-06,8.608002429230955e-05
0.1025621703857669,2.118339990648182,2.1183389007465983,1.089901583650743e-06,8.627749832123886e-05
0.1025621703872865,2.1183400604691807,2.118338900777965,1.1596912155020789e-06,8.609391312046539e-05
0.1025621703873877,2.1183399771155167,2.118338900780054,1.0763354625353827e-06,8.606423113212973e-05
0.1025621702354512,2.1183399970094197,2.118338897643849,1.0993655705782146e-06,8.607838610917358e-05
0.1025621678811744,2.1183400467539237,2.1183388490479276,1.19770599615876e-06,8.604588354353229e-05
0.1025621703872865,2.118339975473572,2.118338900777965,1.0746956067286817e-06,8.609391312046539e-05
0.1025621703867217,2.1183401170706464,2.1183389007663065,1.2163043399127105e-06,8.608002233765382e-05
0.1025621703873289,2.118339989209932,2.1183389007788405,1.0884310914782702e-06,8.608002429230955e-05
0.1025621703873289,2.1183399677538675,2.1183389007788405,1.0669750269975964e-06,8.608002429236154e-05
0.1025621703778927,2.1183400850528997,2.1183389005840625,1.1844688372342205e-06,8.713642199417603e-05
0.1025621703734333,2.1183400597336157,2.1183389004920135,1.1592416022665475e-06,8.699843412596072e-05
0.102562169779472,2.1183401502654733,2.1183388882317318,1.262033741511459e-06,8.627282904228075e-05
0.1025621702354512,2.1183400061673496,2.118338897643849,1.1085235005481309e-06,8.69985475179113e-05
0.1025621703857668,2.1183399862140573,2.118338900746596,1.0854674612481574e-06,8.627749832106004e-05
0.1025621703873877,2.118340018064094,2.118338900780054,1.117284039953148e-06,8.606423113212973e-05
0.1025621703856176,2.1183397996357045,2.1183389007435167,8.988921877950418e-07,8.608002233765382e-05
0.1025621703873877,2.118340052099875,2.118338900780054,1.1513198208135123e-06,8.606423113300073e-05
0.1025621703778929,2.118340094285343,2.118338900584067,1.1937012760476762e-06,8.713642199769674e-05
0.1025621703856176,2.1183400141880764,2.1183389007435167,1.1134445596638898e-06,8.609382200316195e-05
0.1025621703856176,2.1183399892303116,2.1183389007435167,1.0884867949201293e-06,8.608002233765382e-05
0.102562169779472,2.118339931188456,2.1183388882317318,1.0429567240954896e-06,8.604588354353229e-05
0.1025621703792153,2.118339962596314,2.1183389006113633,1.061984950645467e-06,8.609382200316195e-05
0.1025621676899787,2.1183399817138353,2.118338845101352,1.136612483243482e-06,8.602513224222104e-05
0.102562170379388,2.1183399390121465,2.118338900614928,1.0383972184335732e-06,8.699843396548961e-05
0.1025621703734333,2.118340011307553,2.1183389004920135,1.1108155395511687e-06,8.71373469923849e-05
0.102562170379388,2.1183399601971926,2.118338900614928,1.059582264595349e-06,8.699843396548961e-05
0.1025621702613427,2.118340007101505,2.11833889817829,1.108923215031865e-06,8.607838610917358e-05
0.1025621698045938,2.1183401415398957,2.118338888750285,1.2527896107172865e-06,8.69985475179113e-05
0.1025621703792153,2.1183401245457945,2.1183389006113633,1.2239344311382183e-06,8.699843412596072e-05
0.1025621698045938,2.1183400319163277,2.118338888750285,1.1431660427163592e-06,8.607838610917358e-05
0.1025621702354512,2.1183399297440637,2.118338897643849,1.032100214626297e-06,8.607838610917358e-05
0.1025621702613427,2.1183399967124483,2.11833889817829,1.0985341583058528e-06,8.627282904228075e-05
0.1025621703872863,2.1183400368755514,2.1183389007779607,1.1360975906704596e-06,8.609391311632535e-05
0.102562169779472,2.1183399260313767,2.1183388882317318,1.0377996448873716e-06,8.604588354353229e-05
0.1025621703866447,2.118339950537107,2.1183389007647175,1.0497723894609123e-06,8.606420822837829e-05
0.1025621703872863,2.1183399092013713,2.1183389007779607,1.0084234105534051e-06,8.609391311632535e-05
0.1025621703838747,2.1183401338093337,2.11833890070754,1.2331017935629518e-06,8.627749265554245e-05
0.1025621703857668,2.118340106332626,2.118338900746596,1.2055860301174448e-06,8.627749832106004e-05
0.1025621703856176,2.118339961590129,2.1183389007435167,1.0608466123329663e-06,8.627749265554245e-05
0.102562169779472,2.1183398749964084,2.1183388882317318,9.867646766359428e-07,8.604588354353229e-05
0.1025621703838747,2.1183399374592367,2.11833890070754,1.0367516964926438e-06,8.606420822837829e-05
0.1025621702354512,2.118340047429157,2.118338897643849,1.149785307852369e-06,8.607838610917358e-05
0.1025621703872863,2.1183400529602783,2.1183389007779607,1.1521823175542067e-06,8.609391311632535e-05
0.1025621703778927,2.1183400342066507,2.1183389005840625,1.133622588245231e-06,8.713642199417603e-05
0.102562170379388,2.11833994998908,2.118338900614928,1.04937415201789e-06,8.699843396526956e-05
0.1025621698045938,2.1183398992438907,2.118338888750285,1.0104936056798408e-06,8.604588354353229e-05
0.1025621703873877,2.118340074217997,2.118338900780054,1.173437942814104e-06,8.606423113212973e-05
0.1025621702354512,2.118340037957246,2.118338897643849,1.1403133970411261e-06,8.69985475179113e-05
0.1025621703866447,2.118340018274453,2.1183389007647175,1.1175097354154673e-06,8.608002233765382e-05
0.1025621703866447,2.1183399101073217,2.1183389007647175,1.0093426041635212e-06,8.608002233765382e-05
0.1025621703838747,2.118340058053683,2.11833890070754,1.1573461429215115e-06,8.609382200316195e-05
0.1025621703856176,2.1183398629456742,2.1183389007435167,9.622021575061979e-07,8.608002233765382e-05
0.1025621703873877,2.1183398715321493,2.118338900780054,9.707520951529602e-07,8.606423113212973e-05
0.102562169779472,2.1183399928532616,2.1183388882317318,1.1046215298016193e-06,8.604588354353229e-05
0.1025621703734333,2.118339993990542,2.1183389004920135,1.0934985286148446e-06,8.606420822837829e-05
0.102562169779472,2.1183400428938777,2.1183388882317318,1.1546621458968787e-06,8.604588354353229e-05
0.1025621703409047,2.1183401192240012,2.118338899820573,1.2194034280099686e-06,8.607838610917358e-05
0.102562170379388,2.118339985294862,2.118338900614928,1.084679933871513e-06,8.699843396548961e-05
0.1025621703746251,2.1183400530193324,2.118338900516614,1.152502718149151e-06,8.699843412596072e-05
0.1025621703866447,2.118339993712366,2.1183389007647175,1.0929476483845235e-06,8.606420822837829e-05
0.1025621703872865,2.118339751006605,2.118338900777965,8.502286399370007e-07,8.609391312046539e-05
0.1025621703856176,2.1183400107520356,2.1183389007435167,1.110008518878658e-06,8.608002233765382e-05
0.1025621703873877,2.1183399862904206,2.118338900780054,1.0855103664830779e-06,8.606423113300073e-05
0.1025621702354512,2.1183400187625363,2.118338897643849,1.1211186872195356e-06,8.627282904228075e-05
0.1025621698045938,2.1183400370065018,2.118338888750285,1.1482562167763888e-06,8.627282904228075e-05
0.1025621703873289,2.1183399066053386,2.1183389007788405,1.0058264980905562e-06,8.608002429230955e-05
0.1025621703873289,2.118340024653871,2.1183389007788405,1.1238750303732559e-06,8.608002429236154e-05
0.1025621698045938,2.118339971064488,2.118338888750285,1.0823142031490818e-06,8.627282904228075e-05
0.1025621703838747,2.1183400423911682,2.11833890070754,1.1416836280808695e-06,8.609382200316195e-05
0.1025621698045938,2.1183400294540102,2.118338888750285,1.140703725255321e-06,8.603261724920812e-05
0.1025621703866447,2.1183400405117525,2.1183389007647175,1.1397470349727712e-06,8.608002233765382e-05
0.1025621703857668,2.1183399092391104,2.118338900746596,1.0084925143871715e-06,8.627749832106004e-05
0.1025621698045938,2.11834011884446,2.118338888750285,1.2300941749643357e-06,8.607838610917358e-05
0.1025621703409047,2.1183400388784803,2.118338899820573,1.1390579071068885e-06,8.627282904228075e-05
0.1025621703872863,2.1183400468741813,2.1183389007779607,1.1460962205944725e-06,8.609391311632535e-05
0.102562170379388,2.118340052974617,2.118338900614928,1.152359689005067e-06,8.699843396548961e-05
0.1025621703873289,2.1183399828325236,2.1183389007788405,1.0820536830991045e-06,8.608002429236154e-05
0.1025621703866447,2.1183399661181945,2.1183389007647175,1.0653534769922146e-06,8.608002233765382e-05
0.1025621703856176,2.118340119274647,2.1183389007435167,1.2185311302204127e-06,8.627749265554245e-05
0.1025621703873289,2.1183400373268926,2.1183389007788405,1.1365480521163818e-06,8.608002429236154e-05
0.1025621703873289,2.118340044412334,2.1183389007788405,1.1436334936831827e-06,8.608002429230955e-05
0.1025621703856176,2.11834006529726,2.1183389007435167,1.1645537432158903e-06,8.608002233765382e-05
0.1025621703873289,2.1183400409497706,2.1183389007788405,1.1401709301139817e-06,8.608002429230955e-05
0.1025621703874336,2.118339965328483,2.1183389007810014,1.0645474817216893e-06,8.604935429592303e-05
0.1025621698045938,2.118340030677218,2.118338888750285,1.141926933012627e-06,8.627282904228075e-05
0.1025621703778929,2.1183400843014817,2.118338900584067,1.183717414754426e-06,8.713642199769674e-05
0.1025621703872863,2.118339957067389,2.1183389007779607,1.056289428369439e-06,8.609391311632535e-05
0.1025621703873877,2.118340009155316,2.118338900780054,1.108375261793526e-06,8.606423113212973e-05
0.1025621703856176,2.118340055786412,2.1183389007435167,1.155042895106817e-06,8.609382200316195e-05
0.1025621703872865,2.1183398846393784,2.118338900777965,9.838614132284818e-07,8.609391312046539e-05
0.1025621703856176,2.1183399535681695,2.1183389007435167,1.0528246527918839e-06,8.609382200316195e-05
0.1025621703857668,2.1183400518109936,2.118338900746596,1.1510643975753965e-06,8.627749832106004e-05
0.1025621703873289,2.118339952223051,2.1183389007788405,1.0514442103648491e-06,8.608002429230955e-05
0.1025621703873289,2.11833999932464,2.1183389007788405,1.0985457996603998e-06,8.608002429236154e-05
0.1025621703856176,2.118340032550991,2.1183389007435167,1.1318074744082196e-06,8.608002233765382e-05
0.102562169779472,2.118339936466036,2.1183388882317318,1.048234304246165e-06,8.604588354353229e-05
0.1025621703792153,2.118340048577643,2.1183389006113633,1.1479662798130619e-06,8.627749265554245e-05
0.1025621703872863,2.118339999386386,2.1183389007779607,1.0986084251207728e-06,8.609391311632535e-05
0.102562170379388,2.1183400548293245,2.118338900614928,1.154214396503761e-06,8.699843396526956e-05
0.1025621703857669,2.1183399712880737,2.1183389007465983,1.0705414754674791e-06,8.627749832123886e-05
0.1025621703857669,2.118340097846043,2.1183389007465983,1.197099444905092e-06,8.627749832123886e-05
0.1025621703872865,2.118340006771139,2.118338900777965,1.1059931739332285e-06,8.609391312046539e-05
0.1025621702613427,2.1183400027883703,2.11833889817829,1.104610080293611e-06,8.607838610917358e-05
0.102562169779472,2.118340034344121,2.1183388882317318,1.146112389438514e-06,8.604588354353229e-05
0.1025621703873289,2.1183400064305777,2.1183389007788405,1.105651737276503e-06,8.608002429230955e-05
0.1025621703856176,2.118340196924973,2.1183389007435167,1.2961814563894336e-06,8.627749265554245e-05
0.102562170379388,2.1183400497922,2.118338900614928,1.1491772720084725e-06,8.699843396548961e-05
0.1025621698045938,2.1183399545681008,2.118338888750285,1.0658178157818554e-06,8.604588354353229e-05
0.1025621703838747,2.1183399890531986,2.11833890070754,1.0883456584842577e-06,8.609382200316195e-05
0.1025621702613427,2.1183400495559166,2.11833889817829,1.1513776265736908e-06,8.627282904228075e-05
0.1025621703872865,2.1183400563893486,2.118338900777965,1.1556113834743087e-06,8.609391312046539e-05
0.1025621698045938,2.1183399091381263,2.118338888750285,1.0203878413328482e-06,8.604588354353229e-05
0.1025621698045938,2.1183400892506947,2.118338888750285,1.200500409748173e-06,8.603261724920812e-05
0.102562169779472,2.118340088766324,2.1183388882317318,1.2005345921828336e-06,8.627282904228075e-05
0.1025621702613427,2.118339894561988,2.11833889817829,9.963836977711082e-07,8.627282904228075e-05
0.1025621698045938,2.1183400407811592,2.118338888750285,1.1520308742518637e-06,8.69985475179113e-05
0.1025621703873289,2.1183398029264664,2.1183389007788405,9.021476259363226e-07,8.608002429236154e-05
0.1025621703857668,2.1183398698775204,2.118338900746596,9.691309243997637e-07,8.627749832106004e-05
0.1025621702354512,2.1183400327950492,2.118338897643849,1.1351512001489539e-06,8.69985475179113e-05
0.1025621703792153,2.118339924099366,2.1183389006113633,1.0234880027937265e-06,8.627749265554245e-05
0.1025621703873877,2.1183399315941354,2.118338900780054,1.030814081204312e-06,8.606423113300073e-05
0.1025621702354512,2.118339978637961,2.118338897643849,1.0809941120015765e-06,8.607838610917358e-05
0.1025621703838747,2.118339901195087,2.11833890070754,1.0004875470315255e-06,8.606420822837829e-05
0.1025621703857669,2.118339926070383,2.1183389007465983,1.0253237845425645e-06,8.627749832123886e-05
0.1025621703857668,2.1183400180681087,2.118338900746596,1.1173215126447644e-06,8.627749832106004e-05
0.1025621703873289,2.118339903208963,2.1183389007788405,1.0024301224653698e-06,8.608002429236154e-05
0.1025621703866447,2.118339932470344,2.1183389007647175,1.031705626264312e-06,8.608002233765382e-05
0.1025621698045938,2.118340118916892,2.118338888750285,1.2301666068026407e-06,8.607838610917358e-05
0.1025621703867217,2.11833991020208,2.1183389007663065,1.0094357736356585e-06,8.608002233765382e-05
0.1025621698045938,2.118339995650458,2.118338888750285,1.106900172853642e-06,8.607838610917358e-05
0.102562169779472,2.1183400844686116,2.1183388882317318,1.1962368797746592e-06,8.69985475179113e-05
0.1025621703872865,2.1183400133304424,2.118338900777965,1.1125524772559459e-06,8.609391312046539e-05
0.102562170379388,2.118340039172818,2.118338900614928,1.1385578901901283e-06,8.699843396526956e-05
0.1025621703873289,2.118340083977328,2.1183389007788405,1.183198487630932e-06,8.608002429236154e-05
0.1025621703873289,2.118340083977328,2.1183389007788405,1.183198487630932e-06,8.608002429236154e-05
0.1025621703857669,2.118339909281862,2.1183389007465983,1.0085352637467793e-06,8.627749832123886e-05
0.1025621703856176,2.118340070399856,2.1183389007435167,1.1696563393392978e-06,8.609382200316195e-05
0.1025621702354512,2.118339908535184,2.118338897643849,1.010891335084807e-06,8.607838610917358e-05
0.1025621703746251,2.118340080441221,2.118338900516614,1.1799246069088554e-06,8.627749265554245e-05
0.1025621703872865,2.1183399385001382,2.118338900777965,1.037722173080624e-06,8.609391312046539e-05
0.1025621703838747,2.1183399710487625,2.11833890070754,1.0703412223200814e-06,8.608002233765382e-05
0.1025621703873289,2.118340009245378,2.1183389007788405,1.1084665376692726e-06,8.608002429230955e-05
0.1025621703873877,2.118339954138783,2.118338900780054,1.0533587286865043e-06,8.606423113300073e-05
0.1025621703874336,2.118339968802527,2.1183389007810014,1.0680215254410541e-06,8.604935429511404e-05
0.1025621703873289,2.1183400991741634,2.1183389007788405,1.1983953229766087e-06,8.608002429230955e-05
0.1025621703857668,2.1183400663602674,2.118338900746596,1.1656136713611431e-06,8.627749832106004e-05
0.102562169779472,2.118340022497047,2.1183388882317318,1.1342653150059334e-06,8.604588354353229e-05
0.1025621703778927,2.1183400958612366,2.1183389005840625,1.1952771741263746e-06,8.713642199417603e-05
0.1025621678811744,2.11834012318607,2.1183388490479276,1.2741381425485088e-06,8.762155233193334e-05
0.1025621703856176,2.1183400233356027,2.1183389007435167,1.1225920859558869e-06,8.627749265554245e-05
0.102562170379388,2.118340016720933,2.118338900614928,1.116106004950268e-06,8.699843396548961e-05
0.102562170379388,2.1183400534053356,2.118338900614928,1.1527904075769868e-06,8.699843396548961e-05
0.1025621698045938,2.1183400600928963,2.118338888750285,1.1713426113502123e-06,8.603261724920812e-05
0.1025621703873289,2.118339957267936,2.1183389007788405,1.0564890953190798e-06,8.608002429230955e-05
0.102562169779472,2.1183400437122644,2.1183388882317318,1.1554805325886264e-06,8.627282904228075e-05
0.1025621703857669,2.1183398774862363,2.1183389007465983,9.767396380588877e-07,8.627749832123886e-05
0.1025621698045938,2.118340031652103,2.118338888750285,1.1429018180741934e-06,8.604588354353229e-05
0.1025621703872863,2.118340034281622,2.1183389007779607,1.1335036611548333e-06,8.609391311632535e-05
0.1025621703778929,2.1183398591691045,2.118338900584067,9.585850375692928e-07,8.713642199769674e-05
0.1025621703856176,2.1183399355657606,2.1183389007435167,1.0348222438949506e-06,8.627749265554245e-05
0.1025621703792153,2.1183399812411756,2.1183389006113633,1.0806298123000602e-06,8.609382200316195e-05
0.1025621703838747,2.118339919192167,2.11833890070754,1.0184846268579406e-06,8.609382200316195e-05
0.1025621703873877,2.1183399907995875,2.118338900780054,1.09001953330079e-06,8.606423113212973e-05
0.1025621703857668,2.1183399370493423,2.118338900746596,1.0363027462823027e-06,8.627749832106004e-05
0.1025621703866447,2.1183400409271136,2.1183389007647175,1.140162396051636e-06,8.608002233765382e-05
0.1025621703857669,2.118340109168119,2.1183389007465983,1.2084215206265014e-06,8.627749832123886e-05
0.1025621703856176,2.1183399998955705,2.1183389007435167,1.0991520538183863e-06,8.609382200316195e-05
0.1025621703792153,2.1183399847908286,2.1183389006113633,1.0841794653160264e-06,8.699843412596072e-05
0.1025621698045938,2.1183400370065018,2.118338888750285,1.1482562167763888e-06,8.627282904228075e-05
0.1025621703778929,2.11834004963209,2.118338900584067,1.1490480229525701e-06,8.713642199769674e-05
0.1025621702354512,2.1183401144149965,2.118338897643849,1.2167711473942688e-06,8.627282904228075e-05
0.1025621703873877,2.1183400120208704,2.118338900780054,1.1112408162539111e-06,8.606423113212973e-05
0.1025621703778927,2.118340111391827,2.1183389005840625,1.210807764717714e-06,8.713642199417603e-05
0.1025621703872865,2.118340071432826,2.118338900777965,1.1706548610490586e-06,8.609391312046539e-05
0.1025621703857668,2.1183400103264,2.118338900746596,1.1095798040372529e-06,8.627749832106004e-05
0.1025621703872863,2.1183399187366914,2.1183389007779607,1.0179587306424764e-06,8.609391311632535e-05
0.1025621698045938,2.118339877713849,2.118338888750285,9.889635639304117e-07,8.603261724920812e-05
0.1025621703872865,2.118340069424473,2.118338900777965,1.1686465080096298e-06,8.609391312046539e-05
0.1025621703856176,2.118340042558956,2.1183389007435167,1.1418154390874236e-06,8.627749265554245e-05
0.1025621698045938,2.1183400501248695,2.118338888750285,1.1613745845018286e-06,8.69985475179113e-05
0.1025621703838747,2.118340088657131,2.11833890070754,1.1879495906974569e-06,8.604933343977453e-05
0.1025621703873289,2.1183399145819846,2.1183389007788405,1.0138031441009332e-06,8.608002429236154e-05
0.1025621703857669,2.118339998594205,2.1183389007465983,1.0978476066014764e-06,8.627749832123886e-05
0.1025621698045938,2.118340031820577,2.118338888750285,1.1430702921977343e-06,8.604588354353229e-05
0.1025621698045938,2.1183401057794207,2.118338888750285,1.2170291356916607e-06,8.607838610917358e-05
0.1025621703872863,2.1183399656418893,2.1183389007779607,1.0648639285903982e-06,8.609391311632535e-05
0.1025621703857668,2.118339972011495,2.118338900746596,1.071264899010771e-06,8.627749832106004e-05
0.1025621703872863,2.118340108375289,2.1183389007779607,1.2075973283565133e-06,8.609391311632535e-05
0.1025621703857669,2.1183400713801044,2.1183389007465983,1.1706335061312245e-06,8.627749832123886e-05
0.1025621703409047,2.118339990305062,2.118338899820573,1.0904844889303433e-06,8.69985475179113e-05
0.1025621703856176,2.1183399570656856,2.1183389007435167,1.0563221688464353e-06,8.606420822837829e-05
0.1025621703778929,2.1183401156891217,2.118338900584067,1.2151050547970499e-06,8.713642199769674e-05
0.1025621703857669,2.118340110757465,2.1183389007465983,1.2100108666146525e-06,8.627749832123886e-05
0.1025621703857669,2.118340004383719,2.1183389007465983,1.1036371208028584e-06,8.627749832123886e-05
0.1025621703857669,2.118339995778883,2.1183389007465983,1.0950322848479743e-06,8.627749832123886e-05
0.1025621678811744,2.118340050246763,2.1183388490479276,1.2011988355098424e-06,8.607838610917358e-05
0.1025621703866447,2.1183399548178823,2.1183389007647175,1.0540531647507123e-06,8.608002233765382e-05
0.102562170379388,2.118340041817637,2.118338900614928,1.1412027087764898e-06,8.699843396526956e-05
0.1025621703873289,2.118340009753339,2.1183389007788405,1.1089744984538186e-06,8.608002429236154e-05
0.102562169779472,2.1183400060368056,2.1183388882317318,1.1178050738358536e-06,8.627282904228075e-05
0.1025621703873289,2.118339934064725,2.1183389007788405,1.0332858844108728e-06,8.608002429236154e-05
0.1025621703873877,2.1183399964752536,2.118338900780054,1.0956951994600672e-06,8.606423113300073e-05
0.102562170379388,2.118339975255933,2.118338900614928,1.0746410050721522e-06,8.699843396526956e-05
0.1025621703873289,2.118339791512311,2.1183389007788405,8.907334705376968e-07,8.608002429236154e-05
0.1025621698045938,2.1183400292236763,2.118338888750285,1.1404733912812048e-06,8.607838610917358e-05
0.1025621698045938,2.118340092848416,2.118338888750285,1.2040981309802135e-06,8.607838610917358e-05
0.1025621702354512,2.1183400157403187,2.118338897643849,1.1180964696322349e-06,8.607838610917358e-05
0.1025621703873289,2.1183399959298534,2.1183389007788405,1.0951510129864062e-06,8.608002429230955e-05
0.1025621703792153,2.1183399206743228,2.1183389006113633,1.0200629594336874e-06,8.627749265554245e-05
0.1025621703872865,2.11834007455586,2.118338900777965,1.173777894880601e-06,8.609391312046539e-05
0.1025621703746251,2.11834005115106,2.118338900516614,1.150634445945542e-06,8.609382200316195e-05
0.1025621703873289,2.1183400508336794,2.1183389007788405,1.1500548389165033e-06,8.608002429236154e-05
0.1025621703838747,2.1183400799445575,2.11833890070754,1.1792370173679956e-06,8.609382200316195e-05
0.1025621703857668,2.118340220497562,2.118338900746596,1.3197509658446904e-06,8.627749832106004e-05
0.1025621703872863,2.1183401578468217,2.1183389007779607,1.2570688610047398e-06,8.609391311632535e-05
0.1025621698045938,2.118340062994228,2.118338888750285,1.1742439429696105e-06,8.603261724920812e-05
0.1025621703866447,2.11834005844273,2.1183389007647175,1.1576780125643893e-06,8.606420822837829e-05
0.1025621698045938,2.118339985822148,2.118338888750285,1.0970718631320153e-06,8.607838610917358e-05
0.1025621703778929,2.1183401001042483,2.118338900584067,1.1995201814052336e-06,8.713642199769674e-05
0.1025621703857669,2.1183399470492845,2.1183389007465983,1.0463026862694846e-06,8.627749832123886e-05
0.1025621703857669,2.1183401362524985,2.1183389007465983,1.2355059002544522e-06,8.627749832123886e-05
0.1025621678811744,2.1183401031479887,2.1183388490479276,1.2541000611321351e-06,8.603261724920812e-05
0.1025621703856176,2.1183399374348375,2.1183389007435167,1.0366913207882078e-06,8.627749265554245e-05
0.1025621703873289,2.118339991587656,2.1183389007788405,1.0908088157179918e-06,8.608002429230955e-05
0.1025621703872865,2.118339940992348,2.118338900777965,1.0402143826304666e-06,8.609391312046539e-05
0.1025621703857669,2.118340073058405,2.1183389007465983,1.1723118067408222e-06,8.627749832123886e-05
0.1025621698045938,2.1183399088560213,2.118338888750285,1.0201057363268262e-06,8.604588354353229e-05
0.1025621703873877,2.1183400010003854,2.118338900780054,1.1002203312848735e-06,8.606423113300073e-05
0.1025621703873289,2.118340012426331,2.1183389007788405,1.1116474905037421e-06,8.608002429236154e-05
0.1025621702354512,2.118339840152611,2.118338897643849,9.425087617032091e-07,8.607838610917358e-05
0.1025621703792153,2.118339923197023,2.1183389006113633,1.022585659704589e-06,8.608002233765382e-05
0.1025621703872863,2.1183398622019243,2.1183389007779607,9.614239635524768e-07,8.609391311632535e-05
0.1025621703856176,2.1183400304642057,2.1183389007435167,1.1297206889970823e-06,8.609382200316195e-05
0.1025621703866447,2.118340030315039,2.1183389007647175,1.1295503212771507e-06,8.608002233765382e-05
0.1025621703873877,2.118340098550615,2.118338900780054,1.1977705609567124e-06,8.606423113212973e-05
0.1025621703872865,2.1183399187366914,2.118338900777965,1.0179587262015843e-06,8.609391312046539e-05
0.1025621703866447,2.118340024182551,2.1183389007647175,1.1234178334262879e-06,8.606420822837829e-05
0.1025621703872863,2.1183400884421495,2.1183389007779607,1.187664188773141e-06,8.609391311632535e-05
0.1025621698045938,2.118339983460226,2.118338888750285,1.0947099409186478e-06,8.604588354353229e-05
0.1025621703778927,2.1183401113968348,2.1183389005840625,1.2108127722676443e-06,8.713642199417603e-05
0.1025621703872865,2.1183400257618614,2.118338900777965,1.1249838962612557e-06,8.609391312046539e-05
0.1025621703872865,2.118340002965903,2.118338900777965,1.102187937807031e-06,8.609391312046539e-05
0.102562170379388,2.1183397737974703,2.118338900614928,8.731825422714223e-07,8.699843396548961e-05
0.1025621703872865,2.1183399573753072,2.118338900777965,1.0565973420639807e-06,8.609391312046539e-05
0.1025621703778927,2.1183401268121425,2.1183389005840625,1.2262280799646419e-06,8.713642199417603e-05
0.1025621703873289,2.118339928069642,2.1183389007788405,1.0272908017583404e-06,8.608002429236154e-05
0.1025621703792153,2.118339987590839,2.1183389006113633,1.0869794757617512e-06,8.699843412596072e-05
0.1025621703872865,2.118340002010749,2.118338900777965,1.101232783629058e-06,8.609391312046539e-05
0.1025621703409047,2.118340031181761,2.118338899820573,1.1313611878449592e-06,8.69985475179113e-05
0.1025621703857669,2.1183399137350127,2.1183389007465983,1.0129884144838286e-06,8.627749832123886e-05
0.1025621703872863,2.1183399624875863,2.1183389007779607,1.0617096255494118e-06,8.609391311632535e-05
0.1025621703873289,2.118340109398903,2.1183389007788405,1.2086200626981736e-06,8.608002429230955e-05
0.102562169779472,2.1183399759541826,2.1183388882317318,1.087722450776596e-06,8.604588354353229e-05
0.1025621702354512,2.1183400414724245,2.118338897643849,1.1438285754117317e-06,8.627282904228075e-05
0.1025621703857668,2.118340086850785,2.118338900746596,1.1861041890881552e-06,8.627749832106004e-05
0.1025621698045938,2.1183399927636093,2.118338888750285,1.1040133243156447e-06,8.607838610917358e-05
0.1025621703873289,2.118339977261383,2.1183389007788405,1.076482542661239e-06,8.608002429230955e-05
0.1025621678811744,2.1183400670952115,2.1183388490479276,1.2180472839240508e-06,8.627282904228075e-05
0.1025621703873877,2.118339956732764,2.118338900780054,1.055952709716479e-06,8.606423113300073e-05
0.1025621703872863,2.118339992050221,2.1183389007779607,1.091272260111964e-06,8.609391311632535e-05
0.1025621703873289,2.11833994763477,2.1183389007788405,1.0468559294984914e-06,8.608002429236154e-05
0.1025621703873289,2.118340067087804,2.1183389007788405,1.1663089636293478e-06,8.608002429230955e-05
0.1025621703857668,2.1183399475253255,2.118338900746596,1.0467787294743403e-06,8.627749832106004e-05
0.1025621698045938,2.1183401518740537,2.118338888750285,1.2631237686910879e-06,8.627282904228075e-05
0.1025621703409047,2.1183400309201112,2.118338899820573,1.1310995380320321e-06,8.627282904228075e-05
0.1025621698045938,2.1183401057794207,2.118338888750285,1.2170291356916607e-06,8.607838610917358e-05
0.1025621703792153,2.1183401145468705,2.1183389006113633,1.2139355072271485e-06,8.699843412596072e-05
0.102562170379388,2.1183399313993196,2.118338900614928,1.0307843916201875e-06,8.699843396548961e-05
0.1025621703873877,2.118339932693542,2.118338900780054,1.0319134879921421e-06,8.606423113300073e-05
0.1025621703856176,2.1183400224380464,2.1183389007435167,1.1216945297043424e-06,8.609382200316195e-05
0.1025621703838747,2.1183397465589056,2.11833890070754,8.458513653941679e-07,8.609382200316195e-05
0.102562170379388,2.1183399622480064,2.118338900614928,1.0616330783363992e-06,8.699843396526956e-05
0.102562170379388,2.118339846157881,2.118338900614928,9.455429528237858e-07,8.699843396548961e-05
0.1025621698045938,2.1183401239513255,2.118338888750285,1.2352010405614067e-06,8.607838610917358e-05
0.1025621678811744,2.1183400870405307,2.1183388490479276,1.2379926030980926e-06,8.69985475179113e-05
0.1025621702354512,2.1183398882426347,2.118338897643849,9.90598785666208e-07,8.627282904228075e-05
0.1025621702354512,2.1183400294991346,2.118338897643849,1.1318552854966413e-06,8.627282904228075e-05
0.1025621703734333,2.118339938052261,2.1183389004920135,1.0375602474965717e-06,8.606420822837829e-05
0.1025621703873289,2.118339877447879,2.1183389007788405,9.766690385326626e-07,8.608002429230955e-05
0.1025621703746251,2.1183399925619613,2.118338900516614,1.0920453470397717e-06,8.609382200316195e-05
0.1025621703857668,2.1183400122226423,2.118338900746596,1.1114760463115658e-06,8.627749832106004e-05
0.1025621703873289,2.118339934937848,2.1183389007788405,1.0341590073181806e-06,8.608002429236154e-05
0.1025621698045938,2.118339886029588,2.118338888750285,9.97279303138754e-07,8.603261724920812e-05
0.1025621703872863,2.1183399392705624,2.1183389007779607,1.0384926016904217e-06,8.609391311632535e-05
0.1025621703857669,2.118340015675706,2.1183389007465983,1.1149291077039436e-06,8.627749832123886e-05
0.1025621703838747,2.118340012096697,2.11833890070754,1.111389156704945e-06,8.627749265554245e-05
0.1025621703872863,2.1183399594200476,2.1183389007779607,1.058642086881889e-06,8.609391311632535e-05
0.1025621703838747,2.1183400528637826,2.11833890070754,1.1521562424121612e-06,8.609382200316195e-05
0.1025621703873289,2.118340005269587,2.1183389007788405,1.1044907464174969e-06,8.608002429236154e-05
0.1025621703857669,2.118339818840353,2.1183389007465983,9.180937547981216e-07,8.627749832123886e-05
0.1025621703792153,2.1183399622730583,2.1183389006113633,1.0616616950009927e-06,8.699843412596072e-05
0.1025621703872863,2.1183400657314992,2.1183389007779607,1.1649535385238607e-06,8.609391311632535e-05
0.1025621703838747,2.1183400001035912,2.11833890070754,1.0993960510852219e-06,8.609382200316195e-05
0.1025621703873289,2.1183399744677005,2.1183389007788405,1.0736888600426653e-06,8.608002429236154e-05
0.1025621703872863,2.118340053137898,2.1183389007779607,1.1523599372509352e-06,8.609391311632535e-05
0.1025621703792153,2.1183400496639324,2.1183389006113633,1.1490525690938114e-06,8.627749265554245e-05
0.1025621703873877,2.1183399705241044,2.118338900780054,1.0697440502305255e-06,8.606423113212973e-05
0.1025621703873877,2.118339987278537,2.118338900780054,1.0864984827385626e-06,8.606423113300073e-05
0.1025621703857668,2.118340095133191,2.118338900746596,1.194386594960406e-06,8.627749832106004e-05
0.1025621703872863,2.1183399375850254,2.1183389007779607,1.0368070646471494e-06,8.609391311632535e-05
0.1025621703873289,2.118340087716205,2.1183389007788405,1.1869373643946801e-06,8.608002429230955e-05
0.1025621703746251,2.1183400648932693,2.118338900516614,1.164376655093946e-06,8.609382200316195e-05
0.1025621703792153,2.118340034003476,2.1183389006113633,1.133392112606657e-06,8.699843412596072e-05
0.1025621703856176,2.1183401679659477,2.1183389007435167,1.2672224309895341e-06,8.627749265554245e-05
0.1025621703873289,2.1183400384289808,2.1183389007788405,1.1376501403148609e-06,8.608002429236154e-05
0.1025621703873289,2.1183398185355617,2.1183389007788405,9.177567212859117e-07,8.608002429236154e-05
0.1025621703873289,2.1183397951816927,2.1183389007788405,8.944028522250846e-07,8.608002429236154e-05
0.1025621703873289,2.1183400244861037,2.1183389007788405,1.1237072632397371e-06,8.608002429236154e-05
0.1025621703746251,2.1183400432163704,2.118338900516614,1.142699756151444e-06,8.609382200316195e-05
0.1025621698045938,2.1183399933971967,2.118338888750285,1.1046469117204083e-06,8.604588354353229e-05
0.102562170379388,2.1183400280819935,2.118338900614928,1.1274670654870533e-06,8.699843396526956e-05
0.1025621703857669,2.1183400531206065,2.1183389007465983,1.1523740082175493e-06,8.627749832123886e-05
0.1025621703874336,2.1183399393278486,2.1183389007810014,1.0385468471874049e-06,8.604935429511404e-05
0.1025621703838747,2.1183400171793783,2.11833890070754,1.116471838091826e-06,8.609382200316195e-05
0.1025621703857669,2.118339972011495,2.1183389007465983,1.0712648967903249e-06,8.627749832123886e-05
0.1025621698045938,2.1183399656339486,2.118338888750285,1.0768836635755008e-06,8.603261724920812e-05
0.1025621703792153,2.118340044023982,2.1183389006113633,1.1434126188092364e-06,8.699843412596072e-05
0.1025621702613427,2.1183399880099003,2.11833889817829,1.0898316102903038e-06,8.607838610917358e-05
0.1025621703838747,2.1183400905909,2.11833890070754,1.1898833598422698e-06,8.627749265554245e-05
0.1025621703857669,2.1183400191746284,2.1183389007465983,1.1184280301890226e-06,8.627749832123886e-05
0.1025621703792153,2.1183399785963912,2.1183389006113633,1.0779850279085679e-06,8.699843412596072e-05
0.1025621698045938,2.118340059630444,2.118338888750285,1.170880159051535e-06,8.607838610917358e-05
0.1025621703746251,2.1183400571224125,2.118338900516614,1.1566057982470568e-06,8.609382200316195e-05
0.1025621703792153,2.118339996866839,2.1183389006113633,1.0962554757298903e-06,8.609382200316195e-05
0.1025621703857669,2.1183400702557154,2.1183389007465983,1.1695091171048944e-06,8.627749832123886e-05
0.1025621703857669,2.118340155694552,2.1183389007465983,1.2549479535550745e-06,8.627749832123886e-05
0.1025621703792153,2.1183400334120197,2.1183389006113633,1.1328006563893211e-06,8.627749265554245e-05
0.1025621703857669,2.1183399105798824,2.1183389007465983,1.0098332841046442e-06,8.627749832123886e-05
0.102562170379388,2.118340078941168,2.118338900614928,1.1783262401365846e-06,8.699843396548961e-05
0.102562169779472,2.118340056580841,2.1183388882317318,1.1683491090153098e-06,8.604588354353229e-05
0.1025621703873877,2.118339968652423,2.118338900780054,1.0678723687540526e-06,8.606423113300073e-05
0.1025621698045938,2.118340053985781,2.118338888750285,1.165235496092265e-06,8.603261724920812e-05
0.102562170379388,2.1183399912225505,2.118338900614928,1.0906076224337369e-06,8.699843396526956e-05
0.1025621676899787,2.1183399842261186,2.118338845101352,1.1391247665137882e-06,8.602513224222104e-05
0.1025621703872865,2.1183399392705624,2.118338900777965,1.0384925972495296e-06,8.609391312046539e-05
0.1025621703873289,2.118339981738521,2.1183389007788405,1.0809596804328692e-06,8.608002429230955e-05
0.1025621703792153,2.1183398593880924,2.1183389006113633,9.587767291208138e-07,8.699843412596072e-05
0.1025621703838747,2.11833994936174,2.11833890070754,1.0486541999199517e-06,8.606420822837829e-05
0.1025621703872865,2.1183399057600316,2.118338900777965,1.0049820664548292e-06,8.609391312046539e-05
0.1025621703856176,2.11834008211032,2.1183389007435167,1.1813668034932334e-06,8.608002233765382e-05
0.1025621678811744,2.1183400575169595,2.1183388490479276,1.2084690319547065e-06,8.603261724920812e-05
0.1025621703792153,2.1183398956596475,2.1183389006113633,9.950482842135955e-07,8.608002233765382e-05
0.102562169779472,2.1183399943728967,2.1183388882317318,1.1061411648860542e-06,8.603261724920812e-05
0.1025621703872863,2.118340004787643,2.1183389007779607,1.1040096823400347e-06,8.609391311632535e-05
0.1025621703857668,2.1183400766540017,2.118338900746596,1.1759074056705288e-06,8.627749832106004e-05
0.102562170379388,2.1183400966728763,2.118338900614928,1.1960579482384048e-06,8.699843396526956e-05
0.102562170373472,2.1183400631771065,2.118338900492813,1.162684293731786e-06,8.762204835066642e-05
0.1025621703746251,2.118339990724501,2.118338900516614,1.0902078866337206e-06,8.699843412596072e-05
0.1025621703866447,2.1183399721617664,2.1183389007647175,1.071397048857392e-06,8.606420822837829e-05
0.1025621703872863,2.11833997872782,2.1183389007779607,1.0779498591517722e-06,8.609391311632535e-05
0.1025621703873877,2.118339990493427,2.118338900780054,1.0897133728704489e-06,8.606423113300073e-05
0.1025621703873289,2.1183399838391703,2.1183389007788405,1.0830603298650487e-06,8.608002429230955e-05
0.1025621703792153,2.1183400224368296,2.1183389006113633,1.1218254662992422e-06,8.699843412596072e-05
0.1025621702354512,2.118339930274142,2.118338897643849,1.0326302928298503e-06,8.607838610917358e-05
0.1025621702354512,2.1183400111671284,2.118338897643849,1.113523279361317e-06,8.69985475179113e-05
0.1025621703872863,2.118340018200905,2.1183389007779607,1.117422944396651e-06,8.609391311632535e-05
0.1025621703838747,2.1183400020307115,2.11833890070754,1.101323171326385e-06,8.609382200316195e-05
0.1025621703866447,2.1183400092920808,2.1183389007647175,1.1085273632360781e-06,8.606420822837829e-05
0.102562169779472,2.1183401029106452,2.1183388882317318,1.214678913452616e-06,8.604588354353229e-05
0.1025621703792153,2.118339997745505,2.1183389006113633,1.0971341417587155e-06,8.609382200316195e-05
0.1025621703873877,2.1183399483405236,2.118338900780054,1.047560469480402e-06,8.606423113212973e-05
0.1025621703872865,2.1183400014928373,2.118338900777965,1.100714872137587e-06,8.609391312046539e-05
0.1025621678811744,2.118340076356876,2.1183388490479276,1.2273089482484068e-06,8.627282904228075e-05
0.1025621703792153,2.1183400122185834,2.1183389006113633,1.1116072200501037e-06,8.609382200316195e-05
0.1025621703873289,2.1183401312914807,2.1183389007788405,1.2305126402267774e-06,8.608002429230955e-05
0.1025621703872865,2.118339995084099,2.118338900777965,1.0943061337087556e-06,8.609391312046539e-05
0.102562169779472,2.1183400362710176,2.1183388882317318,1.1480392858587152e-06,8.627282904228075e-05
0.1025621703873289,2.118339987614484,2.1183389007788405,1.0868356437043758e-06,8.608002429230955e-05
0.1025621703872863,2.1183398292393805,2.1183389007779607,9.284614197468954e-07,8.609391311632535e-05
0.1025621698045938,2.118340114140682,2.118338888750285,1.225390397152637e-06,8.603261724920812e-05
0.1025621703857668,2.118339944234075,2.118338900746596,1.0434874790909987e-06,8.627749832106004e-05
0.1025621703873289,2.1183398738256938,2.1183389007788405,9.7304685331423e-07,8.608002429230955e-05
0.1025621703872865,2.118339932371674,2.118338900777965,1.0315937086780025e-06,8.609391312046539e-05
0.1025621703857668,2.118340113319599,2.118338900746596,1.2125730028955672e-06,8.627749832106004e-05
0.1025621703873289,2.1183400229606164,2.1183389007788405,1.1221817759476949e-06,8.608002429236154e-05
0.102562169779472,2.118339943133997,2.1183388882317318,1.0549022650963025e-06,8.604588354353229e-05
0.1025621703792153,2.118339991296289,2.1183389006113633,1.0906849254865847e-06,8.699843412596072e-05
0.1025621703872865,2.118340044550294,2.118338900777965,1.1437723288487689e-06,8.609391312046539e-05
0.1025621703792153,2.11833999799928,2.1183389006113633,1.0973879165376843e-06,8.606420822837829e-05
0.1025621703792153,2.118340001573774,2.1183389006113633,1.100962410571782e-06,8.609382200316195e-05
0.1025621703856176,2.118340076388929,2.1183389007435167,1.1756454121325532e-06,8.608002233765382e-05
0.1025621703873877,2.1183400229652203,2.118338900780054,1.1221851661247229e-06,8.606423113212973e-05
0.1025621703856176,2.118340023599761,2.1183389007435167,1.1228562444287604e-06,8.609382200316195e-05
0.1025621703857668,2.1183400301370603,2.118338900746596,1.1293904642606378e-06,8.627749832106004e-05
0.1025621698045938,2.1183399094582662,2.118338888750285,1.0207079812474262e-06,8.603261724920812e-05
0.102562169779472,2.1183400817294693,2.1183388882317318,1.193497737528304e-06,8.607838610917358e-05
0.102562170379388,2.118340050027938,2.118338900614928,1.1494130101041833e-06,8.699843396548961e-05
0.1025621703873289,2.118340039244574,2.1183389007788405,1.1384657336854787e-06,8.608002429230955e-05
0.102562169779472,2.1183399295978758,2.1183388882317318,1.0413661439834243e-06,8.604588354353229e-05
0.1025621702354512,2.118339870513125,2.118338897643849,9.728692758059765e-07,8.607838610917358e-05
0.1025621703857668,2.1183400338244813,2.118338900746596,1.133077885295819e-06,8.627749832106004e-05
0.102562170379388,2.1183400377947383,2.118338900614928,1.13717981031769e-06,8.699843396548961e-05
0.1025621703857669,2.1183400771158323,2.1183389007465983,1.1763692340238663e-06,8.627749832123886e-05
0.1025621703873289,2.118339901821184,2.1183389007788405,1.0010423436845883e-06,8.608002429230955e-05
0.1025621702354512,2.118339971055236,2.118338897643849,1.073411386887102e-06,8.69985475179113e-05
0.1025621703838747,2.1183400755580486,2.11833890070754,1.1748505084341332e-06,8.627749265554245e-05
0.1025621703873289,2.1183400912967514,2.1183389007788405,1.1905179109206188e-06,8.608002429230955e-05
0.1025621703872863,2.1183400102479055,2.1183389007779607,1.109469944804431e-06,8.609391311632535e-05
0.1025621703838747,2.118340027702595,2.11833890070754,1.1269950550563124e-06,8.627749265554245e-05
0.1025621703746251,2.1183400335528924,2.118338900516614,1.133036278133659e-06,8.609382200316195e-05
0.102562170379388,2.118340042969375,2.118338900614928,1.1423544470368086e-06,8.699843396548961e-05
0.1025621703873289,2.1183400013189067,2.1183389007788405,1.1005400661900921e-06,8.608002429236154e-05
0.1025621678811744,2.118340029484174,2.1183388490479276,1.1804362465284157e-06,8.603261724920812e-05
0.1025621702354512,2.1183401035419442,2.118338897643849,1.2058980951579201e-06,8.627282904228075e-05
0.1025621703778929,2.118340040573208,2.118338900584067,1.139989140863662e-06,8.713642199769674e-05
0.1025621703838747,2.118339909278522,2.11833890070754,1.0085709818419275e-06,8.627749265554245e-05
0.1025621703857669,2.118340187707586,2.1183389007465983,1.2869609875565402e-06,8.627749832123886e-05
0.1025621703792153,2.118339961265839,2.1183389006113633,1.060654475804057e-06,8.627749265554245e-05
0.1025621703873289,2.1183400331825273,2.1183389007788405,1.132403686820993e-06,8.608002429230955e-05
0.1025621703872863,2.118339863109492,2.1183389007779607,9.623315313511682e-07,8.609391311632535e-05
0.1025621703873289,2.118340071123023,2.1183389007788405,1.1703441824550964e-06,8.608002429230955e-05
0.1025621703838747,2.11833994458876,2.11833890070754,1.043881219686682e-06,8.609382200316195e-05
0.1025621703867217,2.118340028742735,2.1183389007663065,1.127976428705324e-06,8.604933343977453e-05
0.1025621678811744,2.118340103755139,2.1183388490479276,1.2547072114621471e-06,8.627282904228075e-05
0.1025621703872863,2.1183400396325505,2.1183389007779607,1.1388545897439428e-06,8.609391311632535e-05
0.1025621703873289,2.1183398170593413,2.1183389007788405,9.16280500806721e-07,8.608002429236154e-05
0.1025621703866447,2.118340040151913,2.1183389007647175,1.1393871952591894e-06,8.608002233765382e-05
0.1025621703873289,2.1183400604589924,2.1183389007788405,1.1596801519075939e-06,8.608002429236154e-05
0.1025621703857668,2.1183400741185334,2.118338900746596,1.1733719373907547e-06,8.627749832106004e-05
0.1025621703872863,2.1183400481966865,2.1183389007779607,1.1474187258109225e-06,8.609391311632535e-05
0.1025621703873877,2.11834002014674,2.118338900780054,1.1193666860087603e-06,8.606423113300073e-05
0.1025621698045938,2.1183398745637687,2.118338888750285,9.858134837337218e-07,8.604588354353229e-05
0.102562170379388,2.1183399082455585,2.118338900614928,1.0076306304895866e-06,8.699843396526956e-05
0.1025621703857669,2.1183399704821424,2.1183389007465983,1.0697355441458e-06,8.627749832123886e-05
0.1025621703838747,2.1183398618347318,2.11833890070754,9.611271916121211e-07,8.609382200316195e-05
0.1025621703746251,2.118340054695729,2.118338900516614,1.154179114948306e-06,8.609382200316195e-05
0.1025621703856176,2.1183400019398357,2.1183389007435167,1.101196319019948e-06,8.627749265554245e-05
0.1025621703746251,2.1183400789494327,2.118338900516614,1.1784328184383241e-06,8.71373469923849e-05
0.1025621703857669,2.118340154767018,2.1183389007465983,1.2540204199495975e-06,8.627749832123886e-05
0.1025621703866447,2.1183400485837605,2.1183389007647175,1.1478190429237145e-06,8.608002233765382e-05
0.1025621698045938,2.1183400367713907,2.118338888750285,1.1480211057346423e-06,8.69985475179113e-05
0.1025621676899787,2.1183400504548557,2.118338845101352,1.2053535036748997e-06,8.602513224222104e-05
0.102562169779472,2.1183402330965446,2.1183388882317318,1.34486481284668e-06,8.627282904228075e-05
0.102562170379388,2.1183400072641656,2.118338900614928,1.106649237581081e-06,8.699843396526956e-05
0.1025621703872863,2.118340032431853,2.1183389007779607,1.131653892372242e-06,8.609391311632535e-05
0.1025621698045938,2.1183400136249544,2.118338888750285,1.1248746694114686e-06,8.604588354353229e-05
0.1025621703856176,2.1183400385413216,2.1183389007435167,1.1377978048621173e-06,8.608002233765382e-05
0.1025621703872865,2.1183400839128055,2.118338900777965,1.1831348403212871e-06,8.609391312046539e-05
0.1025621703874336,2.1183400844977163,2.1183389007810014,1.1837167148698313e-06,8.604935429592303e-05
0.1025621703874336,2.1183399951207957,2.1183389007810014,1.0943397943385946e-06,8.604935429592303e-05
0.1025621703872863,2.118340117315695,2.1183389007779607,1.2165377341055716e-06,8.609391311632535e-05
0.1025621703857669,2.118340022887661,2.1183389007465983,1.1221410627371142e-06,8.627749832123886e-05
0.1025621703872863,2.1183400325278514,2.1183389007779607,1.131749890692646e-06,8.609391311632535e-05
0.1025621702354512,2.1183399300347223,2.118338897643849,1.0323908732345899e-06,8.607838610917358e-05
0.1025621703873289,2.1183398540626706,2.1183389007788405,9.532838300962965e-07,8.608002429236154e-05
0.1025621703857668,2.1183399363748077,2.118338900746596,1.0356282116319449e-06,8.627749832106004e-05
0.1025621703872863,2.118339967071413,2.1183389007779607,1.0662934522009948e-06,8.609391311632535e-05
0.1025621703866447,2.118340072390063,2.1183389007647175,1.1716253456306447e-06,8.608002233765382e-05
0.1025621703856176,2.1183398915159173,2.1183389007435167,9.90772400566442e-07,8.609382200316195e-05
0.1025621703872863,2.1183400430019375,2.1183389007779607,1.142223976735579e-06,8.609391311632535e-05
0.1025621703873289,2.118340037190151,2.1183389007788405,1.1364113103873308e-06,8.608002429230955e-05
0.1025621703873289,2.118339969497452,2.1183389007788405,1.0687186113855773e-06,8.608002429230955e-05
0.1025621703856176,2.11834002917941,2.1183389007435167,1.1284358931717975e-06,8.627749265554245e-05
0.1025621703873877,2.1183400186643624,2.118338900780054,1.117884308232675e-06,8.606423113300073e-05
0.1025621703872865,2.118339966132653,2.118338900777965,1.0653546880234899e-06,8.609391312046539e-05
0.1025621703857668,2.118340035356601,2.118338900746596,1.1346100050602104e-06,8.627749832106004e-05
0.1025621703873289,2.1183401181427812,2.1183389007788405,1.2173639407642156e-06,8.608002429236154e-05
0.1025621703857669,2.1183400918458686,2.1183389007465983,1.1910992703256795e-06,8.627749832123886e-05
0.1025621703873877,2.118339999812197,2.118338900780054,1.0990321426262994e-06,8.606423113300073e-05
0.1025621703838747,2.118339974746513,2.11833890070754,1.0740389728702837e-06,8.609382200316195e-05
0.1025621703838747,2.1183399447260225,2.11833890070754,1.0440184823323762e-06,8.609382200316195e-05
0.1025621703873289,2.1183400411896267,2.1183389007788405,1.1404107862489354e-06,8.608002429230955e-05
0.102562170379388,2.118340000919326,2.118338900614928,1.1003043978163873e-06,8.699843396548961e-05
0.1025621703872863,2.118339983737551,2.1183389007779607,1.0829595904482403e-06,8.609391311632535e-05
0.1025621703874336,2.1183400536729065,2.1183389007810014,1.1528919050540765e-06,8.604935429511404e-05
0.1025621703792153,2.1183399146578226,2.1183389006113633,1.0140464592467424e-06,8.606420822837829e-05
0.1025621703838747,2.118339995434618,2.11833890070754,1.0947270778771667e-06,8.627749265554245e-05
0.1025621703856176,2.118339989531887,2.1183389007435167,1.0887883701293788e-06,8.608002233765382e-05
0.1025621703856176,2.1183401189440056,2.1183389007435167,1.2182004889282894e-06,8.608002233765382e-05
0.1025621703873877,2.1183400334644578,2.118338900780054,1.132684403604145e-06,8.606423113300073e-05
0.102562169779472,2.1183399958986855,2.1183388882317318,1.10766695371467e-06,8.603261724920812e-05
0.1025621703866447,2.1183399587270313,2.1183389007647175,1.0579623137552119e-06,8.606420822837829e-05
0.1025621703873877,2.1183400408626833,2.118338900780054,1.140082629191852e-06,8.606423113212973e-05
0.1025621703838747,2.1183400782018853,2.11833890070754,1.1774943451392517e-06,8.609382200316195e-05
0.1025621703873289,2.1183400570815305,2.1183389007788405,1.156302690041855e-06,8.608002429236154e-05
0.1025621703873877,2.118340017856686,2.118338900780054,1.1170766316404013e-06,8.606423113300073e-05
0.1025621698045938,2.1183401021838213,2.118338888750285,1.213433536317865e-06,8.604588354353229e-05
0.1025621703856176,2.1183399676401344,2.1183389007435167,1.0668966177185268e-06,8.609382200316195e-05
0.1025621703866447,2.1183399902879088,2.1183389007647175,1.0895231912222414e-06,8.608002233765382e-05
0.1025621702354512,2.118340061370667,2.118338897643849,1.1637268180209048e-06,8.627282904228075e-05
0.1025621703856176,2.1183400175335576,2.1183389007435167,1.1167900408892706e-06,8.609382200316195e-05
0.1025621703872865,2.1183398305967835,2.118338900777965,9.29818818384831e-07,8.609391312046539e-05
0.1025621703792153,2.1183399794111804,2.1183389006113633,1.0787998170336266e-06,8.699843412596072e-05
0.102562170379388,2.1183399289489033,2.118338900614928,1.028333975305884e-06,8.699843396526956e-05
0.1025621703409047,2.1183400093341644,2.118338899820573,1.1095135912242426e-06,8.607838610917358e-05
0.1025621703857669,2.118340090267519,2.1183389007465983,1.1895209208745428e-06,8.627749832123886e-05
0.1025621703857669,2.1183400367740535,2.1183389007465983,1.1360274552174587e-06,8.627749832123886e-05
0.1025621703873289,2.1183399133591694,2.1183389007788405,1.0125803289184887e-06,8.608002429236154e-05
0.1025621703873289,2.1183398799598465,2.1183389007788405,9.791810060555406e-07,8.608002429236154e-05
0.1025621678811744,2.118340103755139,2.1183388490479276,1.2547072114621471e-06,8.627282904228075e-05
0.1025621703746251,2.118340033481209,2.118338900516614,1.1329645945856726e-06,8.699843412596072e-05
0.1025621703792153,2.118340044545312,2.1183389006113633,1.1439339488994449e-06,8.627749265554245e-05
0.1025621698045938,2.1183398689125488,2.118338888750285,9.801622637972685e-07,8.604588354353229e-05
0.1025621703873877,2.118339944754269,2.118338900780054,1.0439742146317599e-06,8.606423113300073e-05
0.1025621703857668,2.1183401940319238,2.118338900746596,1.293285327719218e-06,8.627749832106004e-05
0.1025621678811744,2.1183401027837245,2.1183388490479276,1.2537357969577556e-06,8.627282904228075e-05
0.1025621703856176,2.118340096368041,2.1183389007435167,1.1956245242750185e-06,8.627749265554245e-05
0.1025621703838747,2.118340054369455,2.11833890070754,1.1536619148877492e-06,8.627749265554245e-05
0.1025621703838747,2.118340027805626,2.11833890070754,1.1270980859734436e-06,8.609382200316195e-05
0.1025621698045938,2.1183400704061883,2.118338888750285,1.1816559033483998e-06,8.627282904228075e-05
0.1025621703873877,2.118340010668995,2.118338900780054,1.1098889407534784e-06,8.606423113300073e-05
0.102562170379388,2.1183400393495706,2.118338900614928,1.13873464258063e-06,8.699843396548961e-05
0.1025621703838747,2.1183400114860578,2.11833890070754,1.1107785176101004e-06,8.609382200316195e-05
0.1025621703409047,2.1183401713610004,2.118338899820573,1.2715404271723685e-06,8.762155233193334e-05
0.1025621698045938,2.1183400143490183,2.118338888750285,1.125598733331401e-06,8.603261724920812e-05
0.1025621703873289,2.118339979807598,2.1183389007788405,1.0790287574558022e-06,8.608002429236154e-05
0.1025621703857668,2.118339989263895,2.118338900746596,1.0885172989638647e-06,8.627749832106004e-05
0.102562170379388,2.118340074331856,2.118338900614928,1.1737169280934268e-06,8.699843396526956e-05
0.1025621703873289,2.118339955251319,2.1183389007788405,1.054472478667634e-06,8.608002429236154e-05
0.1025621703872863,2.1183400186936208,2.1183389007779607,1.117915660042712e-06,8.609391311632535e-05
0.1025621702354512,2.1183401145800294,2.118338897643849,1.2169361802705225e-06,8.762155233193334e-05
0.102562169779472,2.118340037114768,2.1183388882317318,1.1488830362615943e-06,8.604588354353229e-05
0.1025621698045938,2.11833995330617,2.118338888750285,1.0645558852218073e-06,8.604588354353229e-05
0.1025621703746251,2.118340038304266,2.118338900516614,1.1377876516505125e-06,8.699843412596072e-05
0.1025621703857669,2.1183400980593707,2.1183389007465983,1.197312772482917e-06,8.627749832123886e-05
0.1025621703873289,2.118340028244707,2.1183389007788405,1.1274658664461867e-06,8.608002429230955e-05
0.1025621703734333,2.118340002796647,2.1183389004920135,1.1023046333491493e-06,8.699843412596072e-05
0.1025621698045938,2.1183401070950025,2.118338888750285,1.2183447175573292e-06,8.607838610917358e-05
0.1025621702354512,2.1183399160744263,2.118338897643849,1.018430577204299e-06,8.627282904228075e-05
0.1025621703792153,2.1183400349749286,2.1183389006113633,1.1343635653027206e-06,8.627749265554245e-05
0.1025621703873289,2.118339990395573,2.1183389007788405,1.0896167323970474e-06,8.608002429230955e-05
0.1025621703856176,2.1183400849795184,2.1183389007435167,1.1842360017055853e-06,8.608002233765382e-05
0.1025621703792153,2.1183399714684055,2.1183389006113633,1.0708570421513741e-06,8.606420822837829e-05
0.1025621703746251,2.118340093675432,2.118338900516614,1.1931588179692199e-06,8.604933343977453e-05
0.1025621703874336,2.1183398712885495,2.1183389007810014,9.705075481036829e-07,8.604935429592303e-05
0.1025621703792153,2.11834003779184,2.1183389006113633,1.137180476895594e-06,8.699843412596072e-05
0.1025621703792153,2.1183399971793233,2.1183389006113633,1.0965679599905798e-06,8.606420822837829e-05
0.1025621702354512,2.1183398671045306,2.118338897643849,9.694606815102702e-07,8.627282904228075e-05
0.1025621703838747,2.1183399051767253,2.11833890070754,1.0044691851618381e-06,8.627749265554245e-05
0.1025621703872865,2.118340117315695,2.118338900777965,1.2165377296646795e-06,8.609391312046539e-05
0.1025621703857669,2.118339962437604,2.1183389007465983,1.0616910057770212e-06,8.627749832123886e-05
0.1025621698045938,2.1183401351147784,2.118338888750285,1.2463644933902174e-06,8.627282904228075e-05
0.102562169779472,2.118339996955269,2.1183388882317318,1.1087235374240834e-06,8.604588354353229e-05
0.1025621698045938,2.1183400667253554,2.118338888750285,1.1779750703766467e-06,8.69985475179113e-05
0.1025621703873289,2.1183399429943126,2.1183389007788405,1.0422154721467791e-06,8.608002429236154e-05
0.1025621703778927,2.118340060558313,2.1183389005840625,1.1599742504309063e-06,8.713642199417603e-05
0.1025621698045938,2.1183399042225517,2.118338888750285,1.015472266718831e-06,8.604588354353229e-05
0.1025621703856176,2.11834011379425,2.1183389007435167,1.213050733195331e-06,8.627749265554245e-05
0.1025621703838747,2.1183400685669564,2.11833890070754,1.1678594162845002e-06,8.609382200316195e-05
0.1025621703873289,2.118339890836329,2.1183389007788405,9.900574884369462e-07,8.608002429236154e-05
0.1025621703792153,2.1183400343588032,2.1183389006113633,1.1337474399297776e-06,8.627749265554245e-05
0.1025621703734333,2.118340067484599,2.1183389004920135,1.1669925856772068e-06,8.71373469923849e-05
0.102562170379388,2.1183400283248814,2.118338900614928,1.1277099534190427e-06,8.699843396526956e-05
0.102562170379388,2.1183399905029896,2.118338900614928,1.0898880615783924e-06,8.699843396526956e-05
0.1025621703838747,2.1183399295994843,2.11833890070754,1.0288919440881727e-06,8.609382200316195e-05
0.1025621703872865,2.1183400376376786,2.118338900777965,1.1368597134797653e-06,8.609391312046539e-05
0.1025621703873877,2.1183400499566782,2.118338900780054,1.1491766240823154e-06,8.606423113300073e-05
0.1025621678811744,2.1183400381472475,2.1183388490479276,1.1890993198981903e-06,8.607838610917358e-05
0.1025621703874336,2.118339979686761,2.1183389007810014,1.0789057593996176e-06,8.604935429511404e-05
0.1025621676899787,2.118340148976706,2.118338845101352,1.3038753539085235e-06,8.602513224222104e-05
0.1025621703873289,2.1183400492059214,2.1183389007788405,1.148427080988057e-06,8.608002429230955e-05
0.1025621703873877,2.1183398934393973,2.118338900780054,9.926593431686115e-07,8.606423113300073e-05
0.1025621703874336,2.1183398222243723,2.1183389007810014,9.214433709381353e-07,8.604935429511404e-05
0.1025621703872865,2.1183399681027426,2.118338900777965,1.0673247774484196e-06,8.609391312046539e-05
0.1025621703856176,2.118339983661461,2.1183389007435167,1.0829179442062298e-06,8.609382200316195e-05
0.1025621703792153,2.118339936780082,2.1183389006113633,1.0361687188265023e-06,8.699843412596072e-05
0.1025621703873877,2.1183399907568248,2.118338900780054,1.089976770618506e-06,8.606423113212973e-05
0.1025621703872863,2.1183400237822347,2.1183389007779607,1.1230042740173474e-06,8.609391311632535e-05
0.1025621703873289,2.118339932388579,2.1183389007788405,1.0316097385221212e-06,8.608002429230955e-05
0.1025621702613427,2.118340101904632,2.11833889817829,1.2037263421582622e-06,8.627282904228075e-05
0.1025621703857668,2.118340095133191,2.118338900746596,1.194386594960406e-06,8.627749832106004e-05
0.1025621703872865,2.1183397543978595,2.118338900777965,8.536198943254192e-07,8.609391312046539e-05
0.1025621703857669,2.118339874438767,2.1183389007465983,9.736921686709366e-07,8.627749832123886e-05
0.102562170379388,2.118339997051516,2.118338900614928,1.0964365881882543e-06,8.699843396548961e-05
0.1025621703746251,2.1183400931960965,2.118338900516614,1.1926794822869624e-06,8.608002233765382e-05
0.1025621703873289,2.1183399373809833,2.1183389007788405,1.0366021427898886e-06,8.608002429236154e-05
0.102562170379388,2.1183401040149064,2.118338900614928,1.2033999783334082e-06,8.699843396526956e-05
0.1025621703857668,2.118340008293298,2.118338900746596,1.1075467019061591e-06,8.627749832106004e-05
0.1025621703856176,2.1183400827054344,2.1183389007435167,1.1819619176733909e-06,8.609382200316195e-05
0.1025621678811744,2.1183401091066774,2.1183388490479276,1.2600587497857418e-06,8.603261724920812e-05
0.1025621703873877,2.118339948330378,2.118338900780054,1.0475503238183137e-06,8.606423113212973e-05
0.1025621678811744,2.1183400542789426,2.1183388490479276,1.2052310149890388e-06,8.607838610917358e-05
0.1025621698045938,2.118340033704899,2.118338888750285,1.1449546142294764e-06,8.604588354353229e-05
0.1025621703873877,2.118340005146645,2.118338900780054,1.1043665910648315e-06,8.606423113212973e-05
0.1025621703872865,2.118339898532241,2.118338900777965,9.977542756445246e-07,8.609391312046539e-05
0.1025621703838747,2.1183399963668395,2.11833890070754,1.095659299288343e-06,8.627749265554245e-05
0.1025621698045938,2.1183400812217528,2.118338888750285,1.1924714677924442e-06,8.607838610917358e-05
0.1025621703857669,2.1183399722745966,2.1183389007465983,1.071527998330879e-06,8.627749832123886e-05
0.1025621703866447,2.1183399404893244,2.1183389007647175,1.0397246068549748e-06,8.608002233765382e-05
0.1025621702354512,2.1183400496516267,2.118338897643849,1.1520077776161486e-06,8.69985475179113e-05
0.1025621703873877,2.118340029085199,2.118338900780054,1.1283051448707226e-06,8.606423113300073e-05
0.1025621703838747,2.118339915179378,2.11833890070754,1.0144718376459139e-06,8.627749265554245e-05
0.1025621703857668,2.118340044532437,2.118338900746596,1.143785841151157e-06,8.627749832106004e-05
0.1025621703872863,2.1183401425082202,2.1183389007779607,1.241730259504692e-06,8.609391311632535e-05
0.1025621703857669,2.118340160404449,2.1183389007465983,1.259657850916085e-06,8.627749832123886e-05
0.1025621703873289,2.11833976120578,2.1183389007788405,8.604269394751896e-07,8.608002429236154e-05
0.102562169779472,2.118340084965669,2.1183388882317318,1.196733937280925e-06,8.604588354353229e-05
0.1025621703873289,2.1183400496388742,2.1183389007788405,1.1488600337727917e-06,8.608002429236154e-05
0.1025621703873289,2.1183399357948205,2.1183389007788405,1.0350159800331937e-06,8.608002429236154e-05
0.1025621703856176,2.1183399243356,2.1183389007435167,1.0235920830936607e-06,8.627749265554245e-05
0.1025621703857668,2.118340164018328,2.118338900746596,1.2632717321103826e-06,8.627749832106004e-05
0.1025621703873289,2.1183399878869222,2.1183389007788405,1.0871080817764778e-06,8.608002429236154e-05
0.102562170379388,2.118340035942165,2.118338900614928,1.1353272371117384e-06,8.699843396526956e-05
0.1025621702354512,2.1183399939604026,2.118338897643849,1.096316553539367e-06,8.69985475179113e-05
0.1025621703857668,2.1183400881290604,2.118338900746596,1.1873824643515718e-06,8.627749832106004e-05
0.1025621703856176,2.1183400086500064,2.1183389007435167,1.1079064896613033e-06,8.609382200316195e-05
0.102562170379388,2.118340096314312,2.118338900614928,1.1956993839490337e-06,8.699843396526956e-05
0.102562170379388,2.1183399105434577,2.118338900614928,1.0099285296938376e-06,8.699843396548961e-05
0.102562170379388,2.118340011554431,2.118338900614928,1.1109395030572955e-06,8.699843396548961e-05
0.1025621703872865,2.1183400073174403,2.118338900777965,1.1065394751597069e-06,8.609391312046539e-05
0.1025621703873877,2.1183399776622642,2.118338900780054,1.076882210071517e-06,8.606423113212973e-05
0.1025621703872865,2.1183399061044135,2.118338900777965,1.0053264483111946e-06,8.609391312046539e-05
0.1025621702354512,2.118340043770411,2.118338897643849,1.146126562101557e-06,8.627282904228075e-05
0.1025621703857668,2.118339932294063,2.118338900746596,1.0315474670008484e-06,8.627749832106004e-05
0.102562169779472,2.118339963398094,2.1183388882317318,1.0751663621633156e-06,8.604588354353229e-05
0.1025621702354512,2.1183399013332833,2.118338897643849,1.0036894342313474e-06,8.607838610917358e-05
0.1025621703856176,2.1183401640918227,2.1183389007435167,1.2633483059687478e-06,8.627749265554245e-05
0.1025621703872865,2.1183400235656014,2.118338900777965,1.1227876361985523e-06,8.609391312046539e-05
0.1025621703872865,2.1183400127591137,2.118338900777965,1.111981148493868e-06,8.609391312046539e-05
0.1025621702613427,2.1183401672747766,2.11833889817829,1.269096486566923e-06,8.627282904228075e-05
0.1025621703838747,2.1183399999312775,2.11833890070754,1.0992237373663727e-06,8.609382200316195e-05
0.1025621703857668,2.118339885196324,2.118338900746596,9.844497279587472e-07,8.627749832106004e-05
0.1025621698045938,2.118340038264651,2.118338888750285,1.149514365916815e-06,8.69985475179113e-05
0.1025621703856176,2.1183401303581557,2.1183389007435167,1.2296146389978446e-06,8.627749265554245e-05
0.1025621703778927,2.118340151376768,2.1183389005840625,1.2507927054095092e-06,8.713642199417603e-05
0.1025621703873289,2.118339939793093,2.1183389007788405,1.0390142524130397e-06,8.608002429230955e-05
0.1025621703838747,2.1183400244121326,2.11833890070754,1.123704592487229e-06,8.609382200316195e-05
0.1025621703873289,2.1183401381603857,2.1183389007788405,1.237381545227123e-06,8.608002429236154e-05
0.1025621703873877,2.1183400073358203,2.118338900780054,1.106555766128281e-06,8.606423113212973e-05
0.1025621698045938,2.1183399136538976,2.118338888750285,1.0249036126452893e-06,8.603261724920812e-05
0.102562169779472,2.1183399038930433,2.1183388882317318,1.0156613114986612e-06,8.604588354353229e-05
0.1025621703873877,2.11834002014674,2.118338900780054,1.1193666860087603e-06,8.606423113300073e-05
0.1025621703857668,2.118340088000417,2.118338900746596,1.1872538210333516e-06,8.627749832106004e-05
0.1025621703873289,2.118340075972066,2.1183389007788405,1.1751932254000508e-06,8.608002429236154e-05
0.1025621703838747,2.118340017444307,2.11833890070754,1.1167367670594786e-06,8.627749265554245e-05
0.1025621703873289,2.118340013300377,2.1183389007788405,1.1125215366725172e-06,8.608002429236154e-05
0.1025621703873877,2.1183400010461857,2.118338900780054,1.100266131537353e-06,8.606423113212973e-05
0.1025621703746251,2.1183400506118732,2.118338900516614,1.1500952590282054e-06,8.699843412596072e-05
0.1025621703873289,2.118339939685356,2.1183389007788405,1.0389065154825516e-06,8.608002429236154e-05
0.1025621703778929,2.118340055604189,2.118338900584067,1.155020122212136e-06,8.713642199769674e-05
0.1025621703857668,2.118340059944374,2.118338900746596,1.1591977777669626e-06,8.627749832106004e-05
0.1025621703746251,2.1183401029032147,2.118338900516614,1.2023866005073103e-06,8.71373469923849e-05
0.1025621703857668,2.1183400298840906,2.118338900746596,1.1291374946154065e-06,8.627749832106004e-05
0.1025621703872865,2.11833993245645,2.118338900777965,1.0316784848640737e-06,8.609391312046539e-05
0.1025621703873289,2.1183398738256938,2.1183389007788405,9.7304685331423e-07,8.608002429236154e-05
0.1025621703872863,2.1183399895860986,2.1183389007779607,1.0888081378723768e-06,8.609391311632535e-05
0.1025621703857668,2.1183400815378826,2.118338900746596,1.1807912865258174e-06,8.627749832106004e-05
0.1025621698045938,2.1183400553962497,2.118338888750285,1.1666459647230454e-06,8.607838610917358e-05
0.1025621702354512,2.1183399947579438,2.118338897643849,1.0971140946836044e-06,8.627282904228075e-05
0.1025621703873289,2.1183398902200787,2.1183389007788405,9.894412382749351e-07,8.608002429236154e-05
0.1025621703857669,2.118340077103321,2.1183389007465983,1.1763567226985572e-06,8.627749832123886e-05
0.1025621703873289,2.1183399066053386,2.1183389007788405,1.0058264980905562e-06,8.608002429236154e-05
0.1025621703872865,2.118339956662903,2.118338900777965,1.055884937706253e-06,8.609391312046539e-05
0.1025621703857668,2.1183400820997433,2.118338900746596,1.1813531473059413e-06,8.627749832106004e-05
0.1025621678811744,2.1183399890303742,2.1183388490479276,1.1399824466629127e-06,8.604588354353229e-05
0.1025621703746251,2.118340007173894,2.118338900516614,1.1066572795925822e-06,8.609382200316195e-05
0.1025621703873289,2.1183399830977767,2.1183389007788405,1.0823189362518804e-06,8.608002429230955e-05
0.1025621703872865,2.1183399831121563,2.118338900777965,1.082334191160328e-06,8.609391312046539e-05
0.1025621678811744,2.1183399825602116,2.1183388490479276,1.133512284035021e-06,8.603261724920812e-05
0.1025621703872865,2.1183397678927096,2.118338900777965,8.671147444516691e-07,8.609391312046539e-05
0.1025621703872865,2.118340031630793,2.118338900777965,1.1308528278242136e-06,8.609391312046539e-05
0.1025621703856176,2.1183397989535777,2.1183389007435167,8.982100609955523e-07,8.609382200316195e-05
0.1025621703873289,2.1183400412772984,2.1183389007788405,1.1404984578966548e-06,8.608002429230955e-05
0.1025621678811744,2.1183400830121584,2.1183388490479276,1.2339642307956922e-06,8.627282904228075e-05
0.1025621703872863,2.118339962484159,2.1183389007779607,1.0617061980688902e-06,8.609391311632535e-05
0.1025621703873877,2.1183399914266023,2.118338900780054,1.0906465481852479e-06,8.606423113212973e-05
0.1025621703873289,2.1183399710549904,2.1183389007788405,1.0702761499281621e-06,8.608002429230955e-05
0.1025621703873877,2.1183399297116026,2.118338900780054,1.0289315484079964e-06,8.606423113212973e-05
0.1025621703857668,2.118340102261888,2.118338900746596,1.201515292148514e-06,8.627749832106004e-05
0.102562170379388,2.1183400358605704,2.118338900614928,1.1352456423807666e-06,8.699843396526956e-05
0.1025621703778927,2.1183401145668452,2.1183389005840625,1.213982782743983e-06,8.713642199417603e-05
0.1025621703873877,2.1183399675706127,2.118338900780054,1.0667905585570736e-06,8.606423113300073e-05
0.1025621703856176,2.1183400500236065,2.1183389007435167,1.149280089762783e-06,8.608002233765382e-05
0.1025621703856176,2.1183400420651965,2.1183389007435167,1.1413216798317194e-06,8.606420822837829e-05
0.1025621703872865,2.118339981698375,2.118338900777965,1.0809204096240421e-06,8.609391312046539e-05
0.1025621703872863,2.1183400771606755,2.1183389007779607,1.1763827147959205e-06,8.609391311632535e-05
0.1025621703792153,2.1183399906801283,2.1183389006113633,1.090068765030594e-06,8.627749265554245e-05
0.102562169779472,2.118339946678394,2.1183388882317318,1.0584466623164701e-06,8.604588354353229e-05
0.1025621703792153,2.1183399439495463,2.1183389006113633,1.0433381829599853e-06,8.609382200316195e-05
0.1025621703873877,2.11833995588908,2.118338900780054,1.0551090259269813e-06,8.606423113300073e-05
0.1025621703857668,2.118339993273337,2.118338900746596,1.0925267410755168e-06,8.627749832106004e-05
0.1025621702354512,2.118339932826537,2.118338897643849,1.035182688013947e-06,8.607838610917358e-05
0.1025621703872865,2.1183400075787775,2.118338900777965,1.1068008123338302e-06,8.609391312046539e-05
0.1025621703746251,2.1183400409777295,2.118338900516614,1.140461115323177e-06,8.699843412596072e-05
0.1025621703873877,2.118339912772305,2.118338900780054,1.0119922508877721e-06,8.606423113300073e-05
0.1025621703873289,2.11834006501262,2.1183389007788405,1.1642337796047286e-06,8.608002429236154e-05
0.1025621703867217,2.118340322706157,2.1183389007663065,1.4219398503101388e-06,8.608002233765382e-05
0.1025621703866447,2.118339945599285,2.1183389007647175,1.0448345673097492e-06,8.606420822837829e-05
0.1025621703873877,2.118339942006092,2.118338900780054,1.0412260378345195e-06,8.606423113300073e-05
0.1025621703872863,2.1183398524266197,2.1183389007779607,9.516486589866702e-07,8.609391311632535e-05
0.1025621703792153,2.1183400454100294,2.1183389006113633,1.1447986660861886e-06,8.699843412596072e-05
0.1025621703857668,2.1183399975516886,2.118338900746596,1.0968050925264095e-06,8.627749832106004e-05
0.1025621703872863,2.1183398787794374,2.1183389007779607,9.780014766924694e-07,8.609391311632535e-05
0.1025621703838747,2.118339993046668,2.11833890070754,1.0923391280392991e-06,8.609382200316195e-05
0.1025621703857668,2.1183399560730347,2.118338900746596,1.0553264386814476e-06,8.627749832106004e-05
0.1025621703873289,2.1183401161771283,2.1183389007788405,1.2153982877904923e-06,8.608002429236154e-05
0.1025621703734333,2.1183400507099326,2.1183389004920135,1.1502179191325013e-06,8.609382200316195e-05
0.1025621702354512,2.1183399013332833,2.118338897643849,1.0036894342313474e-06,8.607838610917358e-05
0.102562169779472,2.118340065964423,2.1183388882317318,1.1777326913708919e-06,8.627282904228075e-05
0.1025621703857669,2.1183399483804837,2.1183389007465983,1.047633885420396e-06,8.627749832123886e-05
0.1025621698045938,2.118339971081471,2.118338888750285,1.0823311860086449e-06,8.604588354353229e-05
0.1025621702354512,2.1183399252464836,2.118338897643849,1.027602634540159e-06,8.627282904228075e-05
0.1025621678811744,2.118340124121358,2.1183388490479276,1.275073430395679e-06,8.627282904228075e-05
0.1025621703873289,2.118340012826963,2.1183389007788405,1.1120481224757839e-06,8.608002429230955e-05
0.1025621703873289,2.1183400131438015,2.1183389007788405,1.1123649610311759e-06,8.608002429236154e-05
0.1025621703857668,2.1183399120261273,2.118338900746596,1.0112795312267053e-06,8.627749832106004e-05
0.1025621703856176,2.1183400230518012,2.1183389007435167,1.1223082845290833e-06,8.627749265554245e-05
0.1025621703874336,2.1183400073075545,2.1183389007810014,1.1065265530518786e-06,8.604935429511404e-05
0.1025621703872865,2.118340024261943,2.118338900777965,1.1234839778495598e-06,8.609391312046539e-05
0.1025621702354512,2.1183400392057394,2.118338897643849,1.1415618903498626e-06,8.69985475179113e-05
0.1025621703872863,2.118340025065997,2.1183389007779607,1.124288036447041e-06,8.609391311632535e-05
0.1025621703857669,2.118339988506709,2.1183389007465983,1.0877601108738588e-06,8.627749832123886e-05
0.1025621703872863,2.1183400570282744,2.1183389007779607,1.156250313716356e-06,8.609391311632535e-05
0.1025621698045938,2.118340030736237,2.118338888750285,1.1419859520245268e-06,8.607838610917358e-05
0.1025621703873289,2.1183400554433818,2.1183389007788405,1.1546645413140766e-06,8.608002429236154e-05
0.1025621703838747,2.118340012646322,2.11833890070754,1.111938781939159e-06,8.609382200316195e-05
0.1025621703866447,2.11833992651195,2.1183389007647175,1.0257472324859407e-06,8.608002233765382e-05
0.1025621703856176,2.118340093145917,2.1183389007435167,1.192402400373993e-06,8.609382200316195e-05
0.1025621703872863,2.118340009538367,2.1183389007779607,1.1087604061543743e-06,8.609391311632535e-05
0.102562170379388,2.118340073557826,2.118338900614928,1.1729428979201373e-06,8.699843396548961e-05
0.1025621702354512,2.118340009019173,2.118338897643849,1.1113753237701474e-06,8.627282904228075e-05
0.1025621703873289,2.1183399403265035,2.1183389007788405,1.0395476630620237e-06,8.608002429236154e-05
0.1025621703873289,2.1183400943051462,2.1183389007788405,1.1935263057871737e-06,8.608002429236154e-05
0.1025621703872863,2.118339834847046,2.1183389007779607,9.340690851900035e-07,8.609391311632535e-05
0.1025621703792153,2.118339917709965,2.1183389006113633,1.0170986017854489e-06,8.608002233765382e-05
0.1025621703866447,2.1183400110026036,2.1183389007647175,1.1102378860705642e-06,8.608002233765382e-05
0.1025621703857669,2.1183400338012692,2.1183389007465983,1.1330546709764633e-06,8.627749832123886e-05
0.1025621703856176,2.118339982468865,2.1183389007435167,1.0817253484063372e-06,8.627749265554245e-05
0.1025621703857668,2.1183399702614882,2.118338900746596,1.0695148922046371e-06,8.627749832106004e-05
0.1025621703873289,2.1183401020790957,2.1183389007788405,1.2013002552713203e-06,8.608002429236154e-05
0.1025621703792153,2.1183399797767506,2.1183389006113633,1.0791653872743723e-06,8.627749265554245e-05
0.1025621703856176,2.1183400383003197,2.1183389007435167,1.1375568029770022e-06,8.627749265554245e-05
0.1025621703792153,2.118340063318106,2.1183389006113633,1.1627067428854332e-06,8.699843412596072e-05
0.1025621703792153,2.118340040952211,2.1183389006113633,1.1403408475274546e-06,8.699843412596072e-05
0.1025621703873289,2.1183400013189067,2.1183389007788405,1.1005400661900921e-06,8.608002429236154e-05
0.102562170379388,2.11834002463966,2.118338900614928,1.124024731957718e-06,8.699843396548961e-05
0.1025621703874336,2.1183399774983864,2.1183389007810014,1.0767173850290135e-06,8.604935429511404e-05
0.1025621698045938,2.1183400767354033,2.118338888750285,1.187985118278334e-06,8.607838610917358e-05
0.1025621703746251,2.1183401433234574,2.118338900516614,1.2428068432157602e-06,8.71373469923849e-05
0.1025621702354512,2.1183399273440218,2.118338897643849,1.0297001726833344e-06,8.607838610917358e-05
0.1025621703872865,2.118340037356052,2.118338900777965,1.1365780867578223e-06,8.609391312046539e-05
0.1025621703873289,2.1183399370073808,2.1183389007788405,1.0362285403076044e-06,8.608002429236154e-05
0.1025621703872863,2.118340080661213,2.1183389007779607,1.1798832524334557e-06,8.609391311632535e-05
0.1025621703838747,2.118339885616236,2.11833890070754,9.84908695933484e-07,8.609382200316195e-05
0.1025621703838747,2.118340017444307,2.11833890070754,1.1167367670594786e-06,8.627749265554245e-05
0.1025621703857669,2.118339995786639,2.1183389007465983,1.0950400408660244e-06,8.627749832123886e-05
0.1025621703872863,2.1183400257410683,2.1183389007779607,1.1249631075571642e-06,8.609391311632535e-05
0.1025621703873289,2.1183400153536978,2.1183389007788405,1.114574857297157e-06,8.608002429236154e-05
0.1025621703857668,2.118339988211906,2.118338900746596,1.0874653098014164e-06,8.627749832106004e-05
0.1025621703866447,2.118340049706368,2.1183389007647175,1.1489416502641348e-06,8.606420822837829e-05
0.1025621702613427,2.11834009798746,2.11833889817829,1.1998091697940083e-06,8.627282904228075e-05
0.1025621703792153,2.1183396803337913,2.1183389006113633,7.797224279570969e-07,8.699843412596072e-05
0.1025621703873289,2.1183399579011017,2.1183389007788405,1.0571222612831832e-06,8.608002429236154e-05
0.1025621703792153,2.118340044421437,2.1183389006113633,1.1438100737670709e-06,8.627749265554245e-05
0.1025621703872863,2.1183399773694784,2.1183389007779607,1.076591517712444e-06,8.609391311632535e-05
0.1025621703872865,2.1183399080011567,2.118338900777965,1.0072231915181362e-06,8.609391312046539e-05
0.1025621703856176,2.118339928190307,2.1183389007435167,1.0274467903137463e-06,8.606420822837829e-05
0.1025621703872863,2.11833998909073,2.1183389007779607,1.0883127692373762e-06,8.609391311632535e-05
0.1025621702613427,2.11833998681333,2.11833889817829,1.088635039891983e-06,8.607838610917358e-05
0.1025621703873877,2.118339973660193,2.118338900780054,1.07288013895257e-06,8.606423113212973e-05
0.1025621703872865,2.118340034960242,2.118338900777965,1.1341822769850296e-06,8.609391312046539e-05
0.1025621698045938,2.1183398372325866,2.118338888750285,9.484823015881716e-07,8.604588354353229e-05
0.1025621703792153,2.118340021145525,2.1183389006113633,1.1205341619024978e-06,8.609382200316195e-05
0.1025621703867217,2.118340088650663,2.1183389007663065,1.1878843566570652e-06,8.608002233765382e-05
0.1025621703874336,2.118339974008063,2.1183389007810014,1.0732270614433048e-06,8.604935429592303e-05
0.1025621703873289,2.1183400641855497,2.1183389007788405,1.1634067091925715e-06,8.608002429230955e-05
0.1025621703838747,2.1183399612807583,2.11833890070754,1.0605732181367955e-06,8.609382200316195e-05
0.1025621703872865,2.118339789846147,2.118338900777965,8.890681817419477e-07,8.609391312046539e-05
0.1025621698045938,2.1183400323865396,2.118338888750285,1.1436362545858003e-06,8.627282904228075e-05
0.1025621703856176,2.1183400919442583,2.1183389007435167,1.1912007416015058e-06,8.609382200316195e-05
0.1025621698045938,2.1183400217032307,2.118338888750285,1.132952945681609e-06,8.607838610917358e-05
0.1025621703838747,2.1183400417504927,2.11833890070754,1.1410429525682275e-06,8.608002233765382e-05
0.1025621703838747,2.1183399343463916,2.11833890070754,1.033638851399843e-06,8.609382200316195e-05
0.1025621703778927,2.1183401535509514,2.1183389005840625,1.2529668889094125e-06,8.713642199417603e-05
0.1025621678811744,2.1183400998015727,2.1183388490479276,1.2507536450989676e-06,8.627282904228075e-05
0.1025621703838747,2.1183398486303253,2.11833890070754,9.479227851549865e-07,8.609382200316195e-05
0.102562169779472,2.1183399190562855,2.1183388882317318,1.0308245537160587e-06,8.604588354353229e-05
0.1025621703856176,2.1183400599102287,2.1183389007435167,1.1591667119503768e-06,8.627749265554245e-05
0.1025621703866447,2.1183399565511842,2.1183389007647175,1.0557864666971284e-06,8.606420822837829e-05
0.1025621703873877,2.1183399962122906,2.118338900780054,1.0954322364753466e-06,8.606423113300073e-05
0.1025621703857669,2.118340093636339,2.1183389007465983,1.192889740764258e-06,8.627749832123886e-05
0.1025621703792153,2.118340038277237,2.1183389006113633,1.1376658735073875e-06,8.699843412596072e-05
0.1025621703838747,2.1183399409709036,2.11833890070754,1.040263363449867e-06,8.609382200316195e-05
0.1025621703746251,2.118340036361402,2.118338900516614,1.135844787558682e-06,8.699843412596072e-05
0.1025621703872863,2.118340028232446,2.1183389007779607,1.1274544853279167e-06,8.609391311632535e-05
0.1025621703838747,2.1183400373252397,2.11833890070754,1.136617699515341e-06,8.609382200316195e-05
0.1025621703838747,2.1183398915387497,2.11833890070754,9.908312095241456e-07,8.627749265554245e-05
0.1025621703838747,2.118340066823585,2.11833890070754,1.16611604505934e-06,8.609382200316195e-05
0.1025621703872865,2.1183400263516687,2.118338900777965,1.1255737035753555e-06,8.609391312046539e-05
0.1025621703857668,2.1183400387670037,2.118338900746596,1.1380204076871792e-06,8.627749832106004e-05
0.1025621703873289,2.118340000585056,2.1183389007788405,1.099806215432153e-06,8.608002429236154e-05
0.1025621703792153,2.1183399815994415,2.1183389006113633,1.0809880781614822e-06,8.606420822837829e-05
0.1025621703856176,2.118340239077165,2.1183389007435167,1.3383336483485664e-06,8.627749265554245e-05
0.1025621703872865,2.1183398787885164,2.118338900777965,9.780105512113835e-07,8.609391312046539e-05
0.1025621698045938,2.118340031230334,2.118338888750285,1.1424800492321197e-06,8.604588354353229e-05
0.1025621703746251,2.1183400196048607,2.118338900516614,1.1190882465150764e-06,8.609382200316195e-05
0.1025621703778929,2.1183400311603062,2.118338900584067,1.1305762392943564e-06,8.713642199769674e-05
0.1025621703873289,2.1183400632377745,2.1183389007788405,1.1624589340009095e-06,8.608002429230955e-05
0.1025621703778929,2.1183401118660536,2.118338900584067,1.21128198671272e-06,8.713642199769674e-05
0.1025621703866447,2.1183400314741685,2.1183389007647175,1.1307094509582782e-06,8.608002233765382e-05
0.1025621703872865,2.1183400376382675,2.118338900777965,1.1368603023420576e-06,8.609391312046539e-05
0.1025621703873289,2.11834007085191,2.1183389007788405,1.1700730695451966e-06,8.608002429236154e-05
0.1025621703792153,2.1183398530795143,2.1183389006113633,9.524681510164612e-07,8.604933343977453e-05
0.1025621703874336,2.1183398744952595,2.1183389007810014,9.737142581123237e-07,8.604935429511404e-05
0.1025621703857669,2.118340075748728,2.1183389007465983,1.1750021298162494e-06,8.627749832123886e-05
0.1025621703857668,2.1183400946271767,2.118338900746596,1.1938805806188668e-06,8.627749832106004e-05
0.1025621698045938,2.118340132196145,2.118338888750285,1.2434458600552034e-06,8.627282904228075e-05
0.1025621703872863,2.1183399061681776,2.1183389007779607,1.0053902168571938e-06,8.609391311632535e-05
0.1025621703778927,2.118340115215254,2.1183389005840625,1.2146311916261254e-06,8.713642199417603e-05
0.1025621703778927,2.1183401061330867,2.1183389005840625,1.205549024163588e-06,8.713642199417603e-05
0.1025621702354512,2.118340012728848,2.118338897643849,1.1150849990038125e-06,8.607838610917358e-05
0.1025621703872863,2.1183398860111806,2.1183389007779607,9.852332198967417e-07,8.609391311632535e-05
0.1025621698045938,2.118339995650458,2.118338888750285,1.106900172853642e-06,8.607838610917358e-05
0.1025621703838747,2.118340015842931,2.11833890070754,1.1151353906946326e-06,8.627749265554245e-05
0.1025621703872863,2.1183399699001013,2.1183389007779607,1.0691221405956242e-06,8.609391311632535e-05
0.1025621678811744,2.1183400942457005,2.1183388490479276,1.2451977728922259e-06,8.607838610917358e-05
0.1025621703792153,2.1183400750121306,2.1183389006113633,1.1744007673009094e-06,8.699843412596072e-05
0.1025621703872863,2.118340040975205,2.1183389007779607,1.1401972441760222e-06,8.609391311632535e-05
0.102562169779472,2.1183398492499657,2.1183388882317318,9.610182338803952e-07,8.603261724920812e-05
0.1025621703838747,2.1183398847086368,2.11833890070754,9.840010966044588e-07,8.606420822837829e-05
0.1025621698045938,2.1183400188650308,2.118338888750285,1.130114745784283e-06,8.604588354353229e-05
0.1025621702613427,2.118339813278073,2.11833889817829,9.150997830609242e-07,8.607838610917358e-05
0.1025621703857669,2.1183400585973757,2.1183389007465983,1.1578507774778757e-06,8.627749832123886e-05
0.1025621703857669,2.1183400625836346,2.1183389007465983,1.1618370363564168e-06,8.627749832123886e-05
0.1025621703872865,2.1183400917717377,2.118338900777965,1.1909937724929875e-06,8.609391312046539e-05
0.1025621703872865,2.1183397870715637,2.118338900777965,8.862935985121112e-07,8.609391312046539e-05
0.102562170379388,2.1183399528893085,2.118338900614928,1.052274380519691e-06,8.699843396548961e-05
0.1025621702354512,2.1183400395048966,2.118338897643849,1.1418610474933644e-06,8.607838610917358e-05
0.102562170379388,2.1183400717705467,2.118338900614928,1.1711556187066208e-06,8.699843396526956e-05
0.1025621703873289,2.118340027711362,2.1183389007788405,1.1269325215224058e-06,8.608002429236154e-05
0.1025621703873877,2.118340016525184,2.118338900780054,1.115745130064738e-06,8.606423113212973e-05
0.1025621703873289,2.118340023534092,2.1183389007788405,1.1227552514370132e-06,8.608002429236154e-05
0.1025621703778929,2.118340073196222,2.118338900584067,1.1726121549315849e-06,8.713642199769674e-05
0.102562169779472,2.1183399525394413,2.1183388882317318,1.0643077095195963e-06,8.603261724920812e-05
0.1025621703873877,2.1183400516383903,2.118338900780054,1.1508583361852232e-06,8.606423113300073e-05
0.1025621703838747,2.118339949365032,2.11833890070754,1.0486574919532643e-06,8.627749265554245e-05
0.1025621703857669,2.1183399685480304,2.1183389007465983,1.0678014321641172e-06,8.627749832123886e-05
0.1025621703872863,2.1183400163268145,2.1183389007779607,1.1155488537362146e-06,8.609391311632535e-05
0.1025621702354512,2.118339974072951,2.118338897643849,1.076429101853904e-06,8.627282904228075e-05
0.1025621703873289,2.11833992238747,2.1183389007788405,1.021608629692139e-06,8.608002429230955e-05
0.1025621703872863,2.1183400886615495,2.1183389007779607,1.1878835888268213e-06,8.609391311632535e-05
0.1025621703872865,2.1183399991594936,2.118338900777965,1.098381528397141e-06,8.609391312046539e-05
0.1025621703873289,2.1183400549189706,2.1183389007788405,1.1541401301329302e-06,8.608002429236154e-05
0.1025621703873289,2.118339928098666,2.1183389007788405,1.0273198256527394e-06,8.608002429236154e-05
0.1025621698045938,2.1183400827519816,2.118338888750285,1.19400169662498e-06,8.627282904228075e-05
0.1025621703838747,2.1183399324404237,2.11833890070754,1.0317328835718342e-06,8.609382200316195e-05
0.1025621703873289,2.1183399109508727,2.1183389007788405,1.0101720322452934e-06,8.608002429236154e-05
0.1025621703838747,2.118339995456089,2.11833890070754,1.0947485487022846e-06,8.608002233765382e-05
0.1025621703872863,2.1183401015339856,2.1183389007779607,1.2007560248328275e-06,8.609391311632535e-05
0.1025621698045938,2.1183399190989665,2.118338888750285,1.030348681485549e-06,8.604588354353229e-05
0.102562169779472,2.118340057902475,2.1183388882317318,1.1696707433728193e-06,8.607838610917358e-05
0.1025621703856176,2.118340001558376,2.1183389007435167,1.100814859267274e-06,8.606420822837829e-05
0.1025621703872863,2.118340028232446,2.1183389007779607,1.1274544853279167e-06,8.609391311632535e-05
0.1025621703873877,2.118340109313907,2.118338900780054,1.208533852992133e-06,8.606423113212973e-05
0.1025621703878111,2.1183400544919775,2.118338900788794,1.1537031836539313e-06,8.603977998389385e-05
0.1025621702354512,2.1183400459781594,2.118338897643849,1.1483343103080301e-06,8.607838610917358e-05
0.1025621703872865,2.1183399248526373,2.118338900777965,1.0240746721734695e-06,8.609391312046539e-05
0.1025621703857668,2.11834005593824,2.118338900746596,1.155191644119924e-06,8.627749832106004e-05
0.1025621703792153,2.1183400257847307,2.1183389006113633,1.1251733673667275e-06,8.609382200316195e-05
0.102562170379388,2.1183400325764046,2.118338900614928,1.1319614765525898e-06,8.699843396526956e-05
0.1025621698045938,2.118340060111281,2.118338888750285,1.171360996199411e-06,8.69985475179113e-05
0.1025621703872865,2.1183400171317692,2.118338900777965,1.116353804064829e-06,8.609391312046539e-05
0.1025621703872863,2.1183400000341233,2.1183389007779607,1.0992561625400299e-06,8.609391311632535e-05
0.1025621703838747,2.1183399749466125,2.11833890070754,1.0742390723628148e-06,8.609382200316195e-05
0.102562169779472,2.118340099831451,2.1183388882317318,1.2115997192196915e-06,8.607838610917358e-05
0.102562170379388,2.11834005156116,2.118338900614928,1.1509462320979935e-06,8.699843396526956e-05
0.1025621703792153,2.1183398965939513,2.1183389006113633,9.959825879590767e-07,8.699843412596072e-05
0.102562169779472,2.1183400919183617,2.1183388882317318,1.2036866299247606e-06,8.627282904228075e-05
0.1025621698045938,2.1183400382089372,2.118338888750285,1.149458652260904e-06,8.69985475179113e-05
0.1025621703872863,2.1183400604691807,2.1183389007779607,1.159691219942971e-06,8.609391311632535e-05
0.1025621703857669,2.118340144509054,2.1183389007465983,1.2437624556937976e-06,8.627749832123886e-05
0.1025621703838747,2.118339978754252,2.11833890070754,1.078046711899816e-06,8.609382200316195e-05
0.1025621703792153,2.1183400750121306,2.1183389006113633,1.1744007673009094e-06,8.699843412596072e-05
0.1025621703873289,2.1183398025106057,2.1183389007788405,9.017317652570966e-07,8.608002429230955e-05
0.1025621703838747,2.1183400208495287,2.11833890070754,1.120141988497636e-06,8.609382200316195e-05
0.1025621703873877,2.118339995049037,2.118338900780054,1.0942689829818164e-06,8.606423113212973e-05
0.1025621702354512,2.1183400046051326,2.118338897643849,1.1069612835257203e-06,8.607838610917358e-05
0.1025621703873877,2.1183399844055306,2.118338900780054,1.0836254764612363e-06,8.606423113212973e-05
0.102562169779472,2.1183400155532546,2.1183388882317318,1.1273215227980415e-06,8.604588354353229e-05
0.1025621703838747,2.1183399622033066,2.11833890070754,1.0614957663968028e-06,8.609382200316195e-05
0.102562170379388,2.118340050500906,2.118338900614928,1.1498859779912607e-06,8.699843396548961e-05
0.102562170379388,2.1183400577321816,2.118338900614928,1.157117253569595e-06,8.699843396548961e-05
0.1025621703838747,2.118339985949365,2.11833890070754,1.0852418248497031e-06,8.609382200316195e-05
0.1025621703838747,2.1183399004688086,2.11833890070754,9.997612684387036e-07,8.609382200316195e-05
0.1025621703856176,2.1183399897700026,2.1183389007435167,1.089026485878719e-06,8.608002233765382e-05
0.1025621703866447,2.118340038507033,2.1183389007647175,1.1377423154712574e-06,8.608002233765382e-05
0.1025621703856176,2.1183398982357966,2.1183389007435167,9.97492279886103e-07,8.608002233765382e-05
0.1025621703873289,2.118339959992207,2.1183389007788405,1.0592133663500647e-06,8.608002429236154e-05
0.1025621703872865,2.1183399953802926,2.118338900777965,1.0946023274449601e-06,8.609391312046539e-05
0.1025621703838747,2.1183398696241458,2.11833890070754,9.689166056148224e-07,8.609382200316195e-05
0.1025621702354512,2.118340103525682,2.118338897643849,1.2058818330551446e-06,8.627282904228075e-05
0.1025621703838747,2.1183400510032833,2.11833890070754,1.1502957431019922e-06,8.608002233765382e-05
0.102562169779472,2.118340001470132,2.1183388882317318,1.113238400130001e-06,8.604588354353229e-05
0.1025621703792153,2.118340032303747,2.1183389006113633,1.1316923838045057e-06,8.699843412596072e-05
0.1025621703838747,2.1183400259957965,2.11833890070754,1.1252882563539401e-06,8.608002233765382e-05
0.1025621702613427,2.11834009133291,2.11833889817829,1.1931546199939191e-06,8.627282904228075e-05
0.1025621678811744,2.1183401083783835,2.1183388490479276,1.2593304559160856e-06,8.627282904228075e-05
0.102562170379388,2.1183400028706836,2.118338900614928,1.1022557555584456e-06,8.699843396548961e-05
0.1025621703873877,2.118339893277761,2.118338900780054,9.924977066866347e-07,8.606423113212973e-05
0.1025621703873289,2.1183400489791935,2.1183389007788405,1.148200353018325e-06,8.608002429230955e-05
0.1025621703874336,2.118339922114359,2.1183389007810014,1.0213333574426997e-06,8.604935429592303e-05
0.1025621703857668,2.118340042155114,2.118338900746596,1.141408517923992e-06,8.627749832106004e-05
0.1025621703778927,2.1183400629746845,2.1183389005840625,1.1623906219782043e-06,8.713642199417603e-05
0.1025621703838747,2.118339963044404,2.11833890070754,1.0623368638107422e-06,8.609382200316195e-05
0.1025621703746251,2.1183400719450325,2.118338900516614,1.1714284182673396e-06,8.627749265554245e-05
0.1025621678811744,2.118339981086291,2.1183388490479276,1.132038363493848e-06,8.607838610917358e-05
0.1025621703838747,2.1183399735440536,2.11833890070754,1.0728365134049511e-06,8.609382200316195e-05
0.102562169779472,2.118340187506796,2.1183388882317318,1.2992750644258422e-06,8.762155233193334e-05
0.1025621698045938,2.118339995731954,2.118338888750285,1.1069816689968093e-06,8.607838610917358e-05
0.102562170379388,2.1183398941064078,2.118338900614928,9.934914797504746e-07,8.699843396548961e-05
0.1025621702354512,2.1183399825201796,2.118338897643849,1.0848763305482123e-06,8.607838610917358e-05
0.1025621703867217,2.1183400914827706,2.1183389007663065,1.1907164640945211e-06,8.604933343977453e-05
0.1025621703792153,2.118339897042938,2.1183389006113633,9.96431574584733e-07,8.604933343977453e-05
0.1025621703857669,2.1183400338015805,2.1183389007465983,1.1330549822829994e-06,8.627749832123886e-05
0.1025621703873289,2.1183400113718673,2.1183389007788405,1.1105930268762165e-06,8.608002429236154e-05
0.1025621678811744,2.118340026178101,2.1183388490479276,1.1771301733354278e-06,8.604588354353229e-05
0.102562169779472,2.1183400541357496,2.1183388882317318,1.1659040177747215e-06,8.627282904228075e-05
0.1025621703857669,2.1183400743405585,2.1183389007465983,1.1735939602353085e-06,8.627749832123886e-05
0.1025621702613427,2.1183402264464712,2.11833889817829,1.3282681812221142e-06,8.762155233193334e-05
0.1025621703792153,2.1183398905584325,2.1183389006113633,9.899470692076306e-07,8.699843412596072e-05
0.1025621703856176,2.11833994333468,2.1183389007435167,1.0425911631806173e-06,8.627749265554245e-05
0.1025621703873289,2.118339906970625,2.1183389007788405,1.0061917845582968e-06,8.608002429236154e-05
0.1025621703872865,2.118340003776188,2.118338900777965,1.1029982229793234e-06,8.609391312046539e-05
0.102562170379388,2.1183400347910886,2.118338900614928,1.1341761605443423e-06,8.699843396526956e-05
0.1025621703873289,2.1183399938090663,2.1183389007788405,1.0930302258849167e-06,8.608002429236154e-05
0.1025621703873877,2.1183400684683416,2.118338900780054,1.1676882873956629e-06,8.606423113212973e-05
0.1025621703866447,2.1183400645249026,2.1183389007647175,1.1637601851077761e-06,8.608002233765382e-05
0.1025621698045938,2.118340062277701,2.118338888750285,1.1735274161317477e-06,8.607838610917358e-05
0.102562169779472,2.1183400428297046,2.1183388882317318,1.1545979727856093e-06,8.604588354353229e-05
0.1025621703857669,2.118340086219144,2.1183389007465983,1.1854725459059523e-06,8.627749832123886e-05
0.1025621703778927,2.118340048738074,2.1183389005840625,1.1481540114210986e-06,8.713642199417603e-05
0.1025621703792153,2.118340065962593,2.1183389006113633,1.1653512297371549e-06,8.699843412596072e-05
0.102562169779472,2.1183400049413503,2.1183388882317318,1.1167096185538128e-06,8.607838610917358e-05
0.1025621703856176,2.1183399127244917,2.1183389007435167,1.0119809750186448e-06,8.627749265554245e-05
0.1025621703873289,2.1183399744920837,2.1183389007788405,1.0737132432048213e-06,8.608002429230955e-05
0.1025621703857669,2.1183399034975747,2.1183389007465983,1.0027509764753972e-06,8.627749832123886e-05
0.1025621703872863,2.1183400706792357,2.1183389007779607,1.1699012749666338e-06,8.609391311632535e-05
0.1025621703873289,2.1183400811992916,2.1183389007788405,1.1804204511633998e-06,8.608002429236154e-05
0.1025621703838747,2.1183401231558725,2.11833890070754,1.2224483323386437e-06,8.627749265554245e-05
0.1025621702354512,2.1183397715251724,2.118338897643849,8.738813233044596e-07,8.607838610917358e-05
0.102562169779472,2.1183400283039022,2.1183388882317318,1.1400721704468708e-06,8.604588354353229e-05
0.1025621703872863,2.1183400257618614,2.1183389007779607,1.1249839007021478e-06,8.609391311632535e-05
0.1025621703857668,2.1183399913298064,2.118338900746596,1.0905832104057822e-06,8.627749832106004e-05
0.1025621703857668,2.1183400748183923,2.118338900746596,1.1740717962283043e-06,8.627749832106004e-05
0.1025621703866447,2.1183399265010605,2.1183389007647175,1.025736342974426e-06,8.606420822837829e-05
0.1025621703873289,2.1183400011438787,2.1183389007788405,1.1003650381979924e-06,8.608002429230955e-05
0.1025621702613427,2.118340114267702,2.11833889817829,1.2160894118373733e-06,8.627282904228075e-05
0.1025621703873289,2.1183398802458706,2.1183389007788405,9.794670301488395e-07,8.608002429230955e-05
0.102562169779472,2.11834002266991,2.1183388882317318,1.1344381780631352e-06,8.604588354353229e-05
0.1025621703792153,2.1183399430112204,2.1183389006113633,1.0423998570985304e-06,8.608002233765382e-05
0.1025621703857669,2.118340109617281,2.1183389007465983,1.2088706826673956e-06,8.627749832123886e-05
0.1025621703873289,2.118339759909077,2.1183389007788405,8.591302367300102e-07,8.608002429230955e-05
0.1025621703857668,2.1183400874728373,2.118338900746596,1.186726241275693e-06,8.627749832106004e-05
0.1025621703746251,2.1183400321685113,2.118338900516614,1.131651897079422e-06,8.609382200316195e-05
0.1025621702354512,2.1183400577102076,2.118338897643849,1.160066358529832e-06,8.69985475179113e-05
0.1025621703857669,2.118339984126408,2.1183389007465983,1.083379809863061e-06,8.627749832123886e-05
0.102562169779472,2.1183400772273275,2.1183388882317318,1.1889955957578024e-06,8.604588354353229e-05
0.1025621703872865,2.118340095231002,2.118338900777965,1.1944530369234485e-06,8.609391312046539e-05
0.1025621703866447,2.1183400328426667,2.1183389007647175,1.1320779491619248e-06,8.608002233765382e-05
0.1025621703866447,2.1183400257376044,2.1183389007647175,1.1249728868456543e-06,8.606420822837829e-05
0.1025621703873877,2.118340041741015,2.118338900780054,1.1409609608215021e-06,8.606423113212973e-05
0.1025621703873289,2.1183400276367372,2.1183389007788405,1.1268578967715825e-06,8.608002429236154e-05
0.1025621703792153,2.1183400102790695,2.1183389006113633,1.1096677061672722e-06,8.609382200316195e-05
0.1025621703792153,2.1183399025712335,2.1183389006113633,1.0019598701838106e-06,8.609382200316195e-05
0.1025621703872865,2.1183400511086017,2.118338900777965,1.1503306365234778e-06,8.609391312046539e-05
0.1025621703873289,2.1183400047994945,2.1183389007788405,1.1040206540080533e-06,8.608002429236154e-05
0.1025621698045938,2.118339954578994,2.118338888750285,1.0658287088460838e-06,8.604588354353229e-05
0.1025621703792153,2.118340024348416,2.1183389006113633,1.1237370527439339e-06,8.699843412596072e-05
0.1025621703872865,2.1183399759393944,2.118338900777965,1.0751614292203726e-06,8.609391312046539e-05
0.1025621703872863,2.118340050958369,2.1183389007779607,1.1501804082492129e-06,8.609391311632535e-05
0.1025621703872863,2.118340021492526,2.1183389007779607,1.1207145651503936e-06,8.609391311632535e-05
0.1025621703872865,2.1183400450110503,2.118338900777965,1.1442330851707538e-06,8.609391312046539e-05
0.1025621703856176,2.1183400237627583,2.1183389007435167,1.1230192416000762e-06,8.609382200316195e-05
0.1025621703874336,2.1183400341018426,2.1183389007810014,1.1333208411734574e-06,8.604935429511404e-05
0.1025621703778929,2.1183400271518056,2.118338900584067,1.1265677386518291e-06,8.713642199769674e-05
0.1025621703873289,2.118339999306282,2.1183389007788405,1.0985274414565538e-06,8.608002429230955e-05
0.1025621703872863,2.118339994051003,2.1183389007779607,1.0932730423185433e-06,8.609391311632535e-05
0.1025621703873877,2.1183399605159776,2.118338900780054,1.05973592345876e-06,8.606423113212973e-05
0.1025621702354512,2.1183398967048923,2.118338897643849,9.99061043227556e-07,8.607838610917358e-05
0.1025621703873289,2.1183399808485848,2.1183389007788405,1.0800697443080765e-06,8.608002429230955e-05
0.1025621703792153,2.1183399622730583,2.1183389006113633,1.0616616950009927e-06,8.699843412596072e-05
0.1025621703873289,2.1183399130193994,2.1183389007788405,1.0122405589285677e-06,8.608002429230955e-05
0.1025621703856176,2.1183399741929003,2.1183389007435167,1.073449383603986e-06,8.627749265554245e-05
0.1025621703857669,2.1183400577417197,2.1183389007465983,1.1569951214873697e-06,8.627749832123886e-05
0.1025621702354512,2.1183397840828833,2.118338897643849,8.864390341756234e-07,8.607838610917358e-05
0.1025621703872863,2.1183400848621865,2.1183389007779607,1.184084225780424e-06,8.609391311632535e-05
0.1025621702613427,2.118340067216611,2.11833889817829,1.1690383208140531e-06,8.627282904228075e-05
0.1025621703872865,2.118339830237855,2.118338900777965,9.294598899423079e-07,8.609391312046539e-05
0.1025621703873877,2.118339991149252,2.118338900780054,1.0903691980423957e-06,8.606423113212973e-05
0.1025621703873877,2.1183400510346098,2.118338900780054,1.1502545556041355e-06,8.606423113300073e-05
0.102562169779472,2.1183399201643742,2.1183388882317318,1.0319326424479414e-06,8.603261724920812e-05
0.1025621703872865,2.1183399894598476,2.118338900777965,1.088681882421838e-06,8.609391312046539e-05
0.102562169779472,2.1183401049119865,2.1183388882317318,1.2166802547675104e-06,8.607838610917358e-05
0.1025621703872865,2.1183399002802186,2.118338900777965,9.995022534070586e-07,8.609391312046539e-05
0.1025621703872863,2.1183400318939882,2.1183389007779607,1.131116027508483e-06,8.609391311632535e-05
0.102562169779472,2.1183400509423125,2.1183388882317318,1.1627105807043847e-06,8.604588354353229e-05
0.1025621703873877,2.1183400126761365,2.118338900780054,1.1118960823175428e-06,8.606423113300073e-05
0.102562169779472,2.118339899099765,2.1183388882317318,1.010868033279877e-06,8.603261724920812e-05
0.1025621703873289,2.118340014197903,2.1183389007788405,1.1134190627259954e-06,8.608002429236154e-05
0.1025621703873877,2.118339991273999,2.118338900780054,1.0904939449218887e-06,8.606423113300073e-05
0.1025621703838747,2.118340033691449,2.11833890070754,1.1329839089135874e-06,8.609382200316195e-05
0.1025621703857669,2.118340089332642,2.1183389007465983,1.1885860438098916e-06,8.627749832123886e-05
0.1025621698045938,2.1183400084526665,2.118338888750285,1.119702381480181e-06,8.603261724920812e-05
0.1025621703856176,2.118340007600896,2.1183389007435167,1.1068573790851133e-06,8.609382200316195e-05
0.102562170379388,2.1183399987393505,2.118338900614928,1.098124422505009e-06,8.699843396526956e-05
0.1025621703856176,2.1183400238341026,2.1183389007435167,1.1230905858639062e-06,8.609382200316195e-05
0.1025621702354512,2.1183399501591573,2.118338897643849,1.052515308241908e-06,8.607838610917358e-05
0.1025621703857669,2.118339990296471,2.1183389007465983,1.0895498725460584e-06,8.627749832123886e-05
0.1025621703872865,2.118340035953182,2.118338900777965,1.1351752169375118e-06,8.609391312046539e-05
0.1025621703866447,2.118339967210711,2.1183389007647175,1.0664459932918646e-06,8.606420822837829e-05
0.1025621703857669,2.118340423549766,2.1183389007465983,1.5228031675640352e-06,8.627749832123886e-05
0.1025621703872865,2.1183399994054914,2.118338900777965,1.098627526285867e-06,8.609391312046539e-05
0.102562170379388,2.1183400810829345,2.118338900614928,1.1804680064564366e-06,8.699843396548961e-05
0.1025621703872865,2.1183400513829307,2.118338900777965,1.1506049655274353e-06,8.609391312046539e-05
0.102562170379388,2.118339976731965,2.118338900614928,1.0761170368134287e-06,8.699843396548961e-05
0.1025621702613427,2.1183399292252663,2.11833889817829,1.0310469762409014e-06,8.627282904228075e-05
0.1025621703873877,2.1183399400086285,2.118338900780054,1.0392285743066054e-06,8.606423113212973e-05
0.1025621703873289,2.1183400183885395,2.1183389007788405,1.117609699008426e-06,8.608002429230955e-05
0.1025621703873289,2.118339985063984,2.1183389007788405,1.0842851434489376e-06,8.608002429230955e-05
0.1025621703792153,2.1183401127096553,2.1183389006113633,1.2120982919583412e-06,8.699843412596072e-05
0.1025621703734333,2.118339951270369,2.1183389004920135,1.0507783554380978e-06,8.699843412596072e-05
0.1025621703873289,2.1183400625475683,2.1183389007788405,1.1617687278864253e-06,8.608002429230955e-05
0.1025621703856176,2.1183399478806706,2.1183389007435167,1.0471371538756102e-06,8.609382200316195e-05
0.1025621703872865,2.118340031630793,2.118338900777965,1.1308528278242136e-06,8.609391312046539e-05
0.1025621703856176,2.118339876355691,2.1183389007435167,9.756121741588686e-07,8.609382200316195e-05
0.1025621703857668,2.1183400724673986,2.118338900746596,1.171720802606302e-06,8.627749832106004e-05
0.1025621703792153,2.118339790600632,2.1183389006113633,8.899892685043653e-07,8.699843412596072e-05
0.1025621703857669,2.118340050911099,2.1183389007465983,1.1501645005296268e-06,8.627749832123886e-05
0.1025621703838747,2.1183399314812617,2.11833890070754,1.0307737214887425e-06,8.608002233765382e-05
0.1025621703746251,2.1183400720611805,2.118338900516614,1.1715445662474622e-06,8.608002233765382e-05
0.1025621703409047,2.118339987697259,2.118338899820573,1.087876685623712e-06,8.607838610917358e-05
0.1025621703746251,2.1183400328210564,2.118338900516614,1.132304442208465e-06,8.627749265554245e-05
0.102562170379388,2.1183396821387825,2.118338900614928,7.815238545205716e-07,8.699843396526956e-05
0.1025621703872865,2.118340013780735,2.118338900777965,1.1130027699479683e-06,8.609391312046539e-05
0.1025621702354512,2.1183397869143317,2.118338897643849,8.89270482584692e-07,8.607838610917358e-05
0.1025621703792153,2.118339957081925,2.1183389006113633,1.0564705616999959e-06,8.609382200316195e-05
0.1025621703873289,2.1183400307710314,2.1183389007788405,1.12999219092913e-06,8.608002429236154e-05
0.1025621703856176,2.118340097218381,2.1183389007435167,1.1964748640735934e-06,8.627749265554245e-05
0.102562169779472,2.1183400992876287,2.1183388882317318,1.2110558968991825e-06,8.607838610917358e-05
0.1025621703857668,2.1183398512983156,2.118338900746596,9.5055171955849e-07,8.627749832106004e-05
0.1025621703872863,2.1183400606345306,2.1183389007779607,1.1598565698989205e-06,8.609391311632535e-05
0.1025621703734333,2.1183399779129144,2.1183389004920135,1.0774209009412061e-06,8.699843412596072e-05
0.1025621703838747,2.118340031588042,2.11833890070754,1.1308805016874146e-06,8.609382200316195e-05
0.1025621678811744,2.118340109404615,2.1183388490479276,1.2603566874602734e-06,8.603261724920812e-05
0.1025621703746251,2.118340118161886,2.118338900516614,1.2176452717227448e-06,8.627749265554245e-05
0.1025621703856176,2.1183399473832347,2.1183389007435167,1.0466397180053377e-06,8.627749265554245e-05
0.1025621703872865,2.1183399668534575,2.118338900777965,1.066075492328622e-06,8.609391312046539e-05
0.1025621676899787,2.1183401014530174,2.118338845101352,1.256351665368527e-06,8.602513224222104e-05
0.1025621703856176,2.1183400596815085,2.1183389007435167,1.1589379917964493e-06,8.627749265554245e-05
0.1025621703872863,2.118340065910214,2.1183389007779607,1.1651322533445807e-06,8.609391311632535e-05
0.1025621703873289,2.1183398004417073,2.1183389007788405,8.996628668711537e-07,8.608002429236154e-05
0.1025621702354512,2.1183400043151055,2.118338897643849,1.1066712564122838e-06,8.69985475179113e-05
0.1025621703857668,2.1183400729819475,2.118338900746596,1.172235351454276e-06,8.627749832106004e-05
0.1025621676899787,2.118339975206875,2.118338845101352,1.1301055229395729e-06,8.602513224222104e-05
0.1025621703873877,2.1183400161320605,2.118338900780054,1.1153520063089672e-06,8.606423113300073e-05
0.1025621703857669,2.118340054320637,2.1183389007465983,1.1535740389589932e-06,8.627749832123886e-05
0.1025621703857668,2.1183399487907906,2.118338900746596,1.0480441945404095e-06,8.627749832106004e-05
0.1025621703873289,2.1183399937682363,2.1183389007788405,1.0929893958788739e-06,8.608002429236154e-05
0.1025621703873289,2.1183400567476416,2.1183389007788405,1.15596880112534e-06,8.608002429236154e-05
0.1025621703734333,2.1183399584869274,2.1183389004920135,1.0579949139000178e-06,8.609382200316195e-05
0.1025621703873289,2.1183400233993317,2.1183389007788405,1.1226204912340165e-06,8.608002429230955e-05
0.1025621703792153,2.1183400375617216,2.1183389006113633,1.1369503583047447e-06,8.699843412596072e-05
0.1025621703857669,2.118340082124549,2.1183389007465983,1.1813779505764899e-06,8.627749832123886e-05
0.1025621703873289,2.118339971387317,2.1183389007788405,1.0706084765388368e-06,8.608002429236154e-05
0.1025621703873289,2.1183400067312346,2.1183389007788405,1.1059523941092664e-06,8.608002429230955e-05
0.1025621703746251,2.1183400398112666,2.118338900516614,1.1392946523969272e-06,8.609382200316195e-05
0.1025621698045938,2.1183399189319356,2.118338888750285,1.0301816506519401e-06,8.603261724920812e-05
0.1025621703746251,2.1183400438101816,2.118338900516614,1.1432935673738598e-06,8.71373469923849e-05
0.1025621703872863,2.1183398524266197,2.1183389007779607,9.516486589866702e-07,8.609391311632535e-05
0.1025621698045938,2.1183400898711717,2.118338888750285,1.2011208867512835e-06,8.69985475179113e-05
0.102562169779472,2.11834006106729,2.1183388882317318,1.1728355580054028e-06,8.604588354353229e-05
0.1025621703873289,2.1183398102041404,2.1183389007788405,9.094252999553021e-07,8.608002429236154e-05
0.1025621703838747,2.118339995701698,2.11833890070754,1.0949941580129519e-06,8.609382200316195e-05
0.1025621703872865,2.118339923635285,2.118338900777965,1.0228573197323954e-06,8.609391312046539e-05
0.102562170379388,2.118340093310752,2.118338900614928,1.1926958238817065e-06,8.699843396526956e-05
0.1025621698045938,2.1183400690491783,2.118338888750285,1.1802988932885228e-06,8.607838610917358e-05
0.1025621703872863,2.1183401165682105,2.1183389007779607,1.2157902498088902e-06,8.609391311632535e-05
0.1025621703873877,2.1183400227168723,2.118338900780054,1.1219368181158984e-06,8.606423113300073e-05
0.1025621703838747,2.1183399314812617,2.11833890070754,1.0307737214887425e-06,8.608002233765382e-05
0.1025621703872865,2.1183400705849547,2.118338900777965,1.169806989498312e-06,8.609391312046539e-05
0.1025621702354512,2.1183398049972317,2.118338897643849,9.073533826509106e-07,8.69985475179113e-05
0.1025621698045938,2.118340031820577,2.118338888750285,1.1430702921977343e-06,8.604588354353229e-05
0.1025621703872863,2.118339992240685,2.1183389007779607,1.091462724200909e-06,8.609391311632535e-05
0.1025621703746251,2.118339998470775,2.118338900516614,1.0979541609223986e-06,8.699843412596072e-05
0.1025621698045938,2.118340142456887,2.118338888750285,1.2537066020890109e-06,8.603261724920812e-05
0.1025621703778929,2.1183400424836765,2.118338900584067,1.1418996095358125e-06,8.713642199769674e-05
0.1025621703866447,2.1183400486458024,2.1183389007647175,1.1478810848508658e-06,8.608002233765382e-05
0.1025621703856176,2.1183399532020815,2.1183389007435167,1.0524585647431195e-06,8.608002233765382e-05
0.102562169779472,2.1183399226766984,2.1183388882317318,1.0344449665744548e-06,8.603261724920812e-05
0.102562169779472,2.118339945902554,2.1183388882317318,1.0576708220355613e-06,8.603261724920812e-05
0.1025621703872863,2.118340041415602,2.1183389007779607,1.1406376412281816e-06,8.609391311632535e-05
0.1025621703873289,2.118340030626141,2.1183389007788405,1.1298473006071674e-06,8.608002429236154e-05
0.1025621703866447,2.1183400177454,2.1183389007647175,1.1169806826138995e-06,8.606420822837829e-05
0.102562169779472,2.118340160691334,2.1183388882317318,1.2724596021307377e-06,8.607838610917358e-05
0.1025621703872865,2.1183400742485095,2.118338900777965,1.1734705442911775e-06,8.609391312046539e-05
0.1025621703746251,2.1183400387065707,2.118338900516614,1.1381899565066078e-06,8.604933343977453e-05
0.1025621703872863,2.118340062512704,2.1183389007779607,1.161734743071463e-06,8.609391311632535e-05
0.1025621698045938,2.118340030677218,2.118338888750285,1.141926933012627e-06,8.627282904228075e-05
0.1025621703838747,2.1183400006836393,2.11833890070754,1.099976099094846e-06,8.609382200316195e-05
0.1025621703857668,2.118340019543432,2.118338900746596,1.1187968360637512e-06,8.627749832106004e-05
0.102562169779472,2.118339950031268,2.1183388882317318,1.0617995362949273e-06,8.604588354353229e-05
0.1025621703873289,2.11834001752412,2.1183389007788405,1.116745279361453e-06,8.608002429236154e-05
0.1025621703867217,2.118339819197126,2.1183389007663065,9.184308193965762e-07,8.604933343977453e-05
0.1025621703873289,2.118339987303618,2.1183389007788405,1.086524777704767e-06,8.608002429236154e-05
0.1025621703872863,2.1183400248072557,2.1183389007779607,1.1240292949743491e-06,8.609391311632535e-05
0.1025621703792153,2.1183398799440085,2.1183389006113633,9.793326452012252e-07,8.608002233765382e-05
0.1025621703873289,2.118339991587656,2.1183389007788405,1.0908088157179918e-06,8.608002429230955e-05
0.1025621703792153,2.118339969136263,2.1183389006113633,1.0685248996722407e-06,8.606420822837829e-05
0.1025621698045938,2.118340118382829,2.118338888750285,1.2296325442306966e-06,8.607838610917358e-05
0.1025621703866447,2.1183400258687195,2.1183389007647175,1.1251040019644165e-06,8.608002233765382e-05
0.1025621703838747,2.1183400294990893,2.11833890070754,1.1287915491209333e-06,8.609382200316195e-05
0.1025621703857669,2.11834002884582,2.1183389007465983,1.1280992215922936e-06,8.627749832123886e-05
0.1025621703409047,2.118340051940889,2.118338899820573,1.1521203155950843e-06,8.607838610917358e-05
0.102562169779472,2.1183399104499174,2.1183388882317318,1.0222181856534007e-06,8.604588354353229e-05
0.102562169779472,2.1183399998025374,2.1183388882317318,1.1115708056230744e-06,8.607838610917358e-05
0.102562170379388,2.11833990438402,2.118338900614928,1.0037690918451858e-06,8.699843396526956e-05
0.1025621698045938,2.1183398998537335,2.118338888750285,1.0111034485227322e-06,8.604588354353229e-05
0.1025621703792153,2.1183399626743156,2.1183389006113633,1.062062952250642e-06,8.699843412596072e-05
0.1025621703792153,2.118339988996297,2.1183389006113633,1.0883849337339768e-06,8.699843412596072e-05
0.1025621702613427,2.118340122409288,2.11833889817829,1.224230997909359e-06,8.627282904228075e-05
0.1025621703838747,2.118339875697876,2.11833890070754,9.7499033602233e-07,8.608002233765382e-05
0.1025621703409047,2.118340347229389,2.118338899820573,1.4474088159133203e-06,8.762155233193334e-05
0.1025621703872863,2.1183400625787163,2.1183389007779607,1.1618007556002397e-06,8.609391311632535e-05
0.1025621703873289,2.118339969497452,2.1183389007788405,1.0687186113855773e-06,8.608002429230955e-05
0.1025621703872865,2.118339877821535,2.118338900777965,9.770435700495739e-07,8.609391312046539e-05
0.1025621703872865,2.1183399556456006,2.118338900777965,1.0548676354638076e-06,8.609391312046539e-05
0.1025621703866447,2.118339954288357,2.1183389007647175,1.0535236394382252e-06,8.606420822837829e-05
0.1025621703873289,2.1183400253309395,2.1183389007788405,1.124552098996645e-06,8.608002429230955e-05
0.1025621703873289,2.1183400038966105,2.1183389007788405,1.1031177700182582e-06,8.608002429236154e-05
0.1025621703872863,2.118340088156693,2.1183389007779607,1.1873787322258522e-06,8.609391311632535e-05
0.1025621703873877,2.1183399691158558,2.118338900780054,1.0683358016017053e-06,8.606423113212973e-05
0.102562170379388,2.1183399571617754,2.118338900614928,1.056546847344464e-06,8.699843396526956e-05
0.1025621703872865,2.118339962484159,2.118338900777965,1.0617061936279981e-06,8.609391312046539e-05
0.1025621703746251,2.1183400384785354,2.118338900516614,1.137961921138242e-06,8.699843412596072e-05
0.1025621698045938,2.118340008215225,2.118338888750285,1.1194649398582612e-06,8.603261724920812e-05
0.1025621702613427,2.118339925945281,2.11833889817829,1.027766991068546e-06,8.607838610917358e-05
0.1025621703873289,2.118340114957339,2.1183389007788405,1.2141784986319237e-06,8.608002429236154e-05
0.102562170379388,2.118340016481713,2.118338900614928,1.115866785195152e-06,8.699843396548961e-05
0.1025621703873877,2.1183399888358365,2.118338900780054,1.0880557823611525e-06,8.606423113212973e-05
0.1025621703866447,2.1183400165805857,2.1183389007647175,1.1158158681467967e-06,8.608002233765382e-05
0.1025621703856176,2.118339956480793,2.1183389007435167,1.055737276267621e-06,8.609382200316195e-05
0.1025621702354512,2.118340035077487,2.118338897643849,1.1374336379432748e-06,8.627282904228075e-05
0.1025621698045938,2.118340035782571,2.118338888750285,1.1470322860418491e-06,8.607838610917358e-05
0.1025621702613427,2.118340150386748,2.11833889817829,1.2522084578137083e-06,8.627282904228075e-05
0.1025621703856176,2.118340039188747,2.1183389007435167,1.1384452300866599e-06,8.627749265554245e-05
0.1025621703873289,2.118340000662103,2.1183389007788405,1.099883262689616e-06,8.608002429236154e-05
0.102562170379388,2.118340052556765,2.118338900614928,1.151941837029824e-06,8.699843396526956e-05
0.1025621698045938,2.1183400838852293,2.118338888750285,1.1951349443428683e-06,8.604588354353229e-05
0.1025621703857669,2.1183400123185216,2.1183389007465983,1.1115719233956156e-06,8.627749832123886e-05
0.1025621703873289,2.118339857452939,2.1183389007788405,9.56674098606669e-07,8.608002429230955e-05
0.102562169779472,2.118340177656314,2.1183388882317318,1.289424582218146e-06,8.762155233193334e-05
0.1025621703838747,2.118339885813441,2.11833890070754,9.851059008525453e-07,8.609382200316195e-05
0.102562169779472,2.1183401017177297,2.1183388882317318,1.2134859979084922e-06,8.627282904228075e-05
0.1025621703857668,2.11834019142489,2.118338900746596,1.2906782940191874e-06,8.627749832106004e-05
0.102562170379388,2.118340057060022,2.118338900614928,1.1564450939083315e-06,8.699843396526956e-05
0.1025621703872865,2.118340079165351,2.118338900777965,1.1783873858917104e-06,8.609391312046539e-05
0.1025621703409047,2.1183399973694015,2.118338899820573,1.0975488282660706e-06,8.627282904228075e-05
0.1025621703778929,2.1183401145668452,2.118338900584067,1.213982778303091e-06,8.713642199769674e-05
0.1025621703873289,2.1183400578793803,2.1183389007788405,1.1571005398280931e-06,8.608002429236154e-05
0.1025621702613427,2.1183401541237994,2.11833889817829,1.2559455093708038e-06,8.607838610917358e-05
0.1025621703866447,2.1183399460393515,2.1183389007647175,1.0452746339595365e-06,8.606420822837829e-05
0.102562170379388,2.1183400648744826,2.118338900614928,1.1642595545424683e-06,8.699843396548961e-05
0.1025621698045938,2.118340032122807,2.118338888750285,1.143372521994479e-06,8.69985475179113e-05
0.1025621703792153,2.118340028674069,2.1183389006113633,1.1280627054688352e-06,8.699843412596072e-05
0.1025621703856176,2.118340065805394,2.1183389007435167,1.1650618771952281e-06,8.627749265554245e-05
0.1025621702613427,2.1183400231099534,2.11833889817829,1.1249316633765716e-06,8.627282904228075e-05
0.1025621703838747,2.118339850316283,2.11833890070754,9.496087427507405e-07,8.627749265554245e-05
0.1025621703866447,2.118339981981846,2.1183389007647175,1.0812171282736927e-06,8.608002233765382e-05
0.1025621702354512,2.1183400988125527,2.118338897643849,1.2011687036128649e-06,8.69985475179113e-05
0.1025621698045938,2.1183401164526257,2.118338888750285,1.2277023406781495e-06,8.603261724920812e-05
0.1025621678811744,2.118340109404615,2.1183388490479276,1.2603566874602734e-06,8.603261724920812e-05
0.1025621703857668,2.118340081485221,2.118338900746596,1.1807386250950458e-06,8.627749832106004e-05
0.1025621703792153,2.11833985592859,2.1183389006113633,9.553172266585364e-07,8.606420822837829e-05
0.1025621703838747,2.1183400225871636,2.11833890070754,1.1218796234224726e-06,8.609382200316195e-05
0.1025621703792153,2.118340046864052,2.1183389006113633,1.146252688766225e-06,8.606420822837829e-05
0.1025621703873289,2.1183399382299193,2.1183389007788405,1.0374510788224711e-06,8.608002429230955e-05
0.1025621703838747,2.1183400043402023,2.11833890070754,1.1036326621471915e-06,8.606420822837829e-05
0.1025621703856176,2.1183399838346393,2.1183389007435167,1.0830911225667705e-06,8.608002233765382e-05
0.1025621703874336,2.1183397884481843,2.1183389007810014,8.876671828694782e-07,8.604935429511404e-05
0.1025621703792153,2.1183400551489036,2.1183389006113633,1.1545375402377545e-06,8.627749265554245e-05
0.102562169779472,2.1183399272515193,2.1183388882317318,1.0390197875409513e-06,8.604588354353229e-05
0.1025621702354512,2.118340002392165,2.118338897643849,1.1047483159387639e-06,8.607838610917358e-05
0.102562169779472,2.1183400613315615,2.1183388882317318,1.1730998297210249e-06,8.627282904228075e-05
0.1025621703857668,2.118340047179648,2.118338900746596,1.146433052046092e-06,8.627749832106004e-05
0.1025621703792153,2.1183398728890364,2.1183389006113633,9.722776730392013e-07,8.608002233765382e-05
0.1025621703838747,2.118340025467296,2.11833890070754,1.1247597559993494e-06,8.609382200316195e-05
0.1025621702354512,2.1183399147700253,2.118338897643849,1.0171261761726669e-06,8.607838610917358e-05
0.1025621703873289,2.1183400532845433,2.1183389007788405,1.1525057028727304e-06,8.608002429236154e-05
0.1025621703872863,2.118339880636602,2.1183389007779607,9.798586413367616e-07,8.609391311632535e-05
0.102562169779472,2.1183400465580324,2.1183388882317318,1.1583263006542666e-06,8.604588354353229e-05
0.1025621703873289,2.1183398893959917,2.1183389007788405,9.886171512540898e-07,8.608002429230955e-05
0.1025621703873289,2.1183399586598206,2.1183389007788405,1.0578809801486955e-06,8.608002429236154e-05
0.1025621703857668,2.1183400238545165,2.118338900746596,1.1231079204421235e-06,8.627749832106004e-05
0.1025621703856176,2.1183401178804546,2.1183389007435167,1.2171369379032626e-06,8.627749265554245e-05
0.102562170379388,2.1183400224906124,2.118338900614928,1.1218756843511812e-06,8.699843396548961e-05
0.1025621703872863,2.1183400724090253,2.1183389007779607,1.1716310646114891e-06,8.609391311632535e-05
0.1025621703857669,2.118339970882581,2.1183389007465983,1.0701359829390356e-06,8.627749832123886e-05
0.1025621703409047,2.1183401184490496,2.118338899820573,1.2186284763515687e-06,8.607838610917358e-05
0.1025621703792153,2.118339895128255,2.1183389006113633,9.94516891505981e-07,8.609382200316195e-05
0.1025621703873877,2.118339996396854,2.118338900780054,1.0956167999509603e-06,8.606423113212973e-05
0.1025621703746251,2.1183400719761902,2.118338900516614,1.1714595760103919e-06,8.71373469923849e-05
0.1025621703746251,2.1183400776076597,2.118338900516614,1.1770910455233263e-06,8.608002233765382e-05
0.1025621703872863,2.118339929613653,2.1183389007779607,1.0288356921961395e-06,8.609391311632535e-05
0.102562169779472,2.1183399096523385,2.1183388882317318,1.0214206067615805e-06,8.604588354353229e-05
0.1025621703778929,2.1183401147384666,2.118338900584067,1.214154399686862e-06,8.713642199769674e-05
0.1025621703856176,2.118340031450465,2.1183389007435167,1.1307069480714915e-06,8.627749265554245e-05
0.1025621678811744,2.118340056361974,2.1183388490479276,1.2073140465140852e-06,8.603261724920812e-05
0.1025621703873877,2.118339987845993,2.118338900780054,1.0870659390427306e-06,8.606423113212973e-05
0.1025621703872865,2.1183400065612243,2.118338900777965,1.1057832591809813e-06,8.609391312046539e-05
0.1025621702354512,2.118340020164659,2.118338897643849,1.1225208100817952e-06,8.69985475179113e-05
0.1025621698045938,2.1183400488508752,2.118338888750285,1.160100590258395e-06,8.603261724920812e-05
0.1025621698045938,2.118340029061238,2.118338888750285,1.1403109532182043e-06,8.604588354353229e-05
0.1025621703792153,2.1183401616730824,2.1183389006113633,1.2610617190489393e-06,8.699843412596072e-05
0.1025621703857668,2.1183401028279043,2.118338900746596,1.2020813082713744e-06,8.627749832106004e-05
0.1025621703746251,2.1183400414764444,2.118338900516614,1.1409598301703738e-06,8.71373469923849e-05
0.1025621703857669,2.118340093459078,2.1183389007465983,1.1927124798916111e-06,8.627749832123886e-05
0.1025621703874336,2.118339964037171,2.1183389007810014,1.0632561697754284e-06,8.604935429511404e-05
0.1025621703857668,2.118340040229338,2.118338900746596,1.139482741940867e-06,8.627749832106004e-05
0.1025621676899787,2.1183398571838645,2.118338845101352,1.0120825124637634e-06,8.602513224222104e-05
0.1025621678811744,2.118340039451257,2.1183388490479276,1.1904033292431393e-06,8.604588354353229e-05
0.1025621703857669,2.118340128655658,2.1183389007465983,1.2279090597644426e-06,8.627749832123886e-05
0.1025621703872863,2.118339916183164,2.1183389007779607,1.0154052034749839e-06,8.609391311632535e-05
0.1025621703856176,2.1183399047546962,2.1183389007435167,1.004011179528419e-06,8.627749265554245e-05
0.102562170379388,2.1183400744179983,2.118338900614928,1.1738030702979074e-06,8.699843396548961e-05
0.1025621703873289,2.118340115582716,2.1183389007788405,1.2148038757153756e-06,8.608002429230955e-05
0.1025621703873289,2.118340097431078,2.1183389007788405,1.1966522377448996e-06,8.608002429236154e-05
0.1025621678811744,2.118339947898536,2.1183388490479276,1.0988506082831861e-06,8.603261724920812e-05
0.1025621703873289,2.1183400610194894,2.1183389007788405,1.1602406488897543e-06,8.608002429230955e-05
0.1025621703866447,2.1183400674122628,2.1183389007647175,1.1666475452365432e-06,8.608002233765382e-05
0.1025621702354512,2.118339936837075,2.118338897643849,1.039193226137769e-06,8.627282904228075e-05
0.1025621703873877,2.1183399821328397,2.118338900780054,1.0813527855368932e-06,8.606423113212973e-05
0.1025621703873289,2.118340045812478,2.1183389007788405,1.1450336376839232e-06,8.608002429236154e-05
0.102562170379388,2.1183399666108764,2.118338900614928,1.0659959484016213e-06,8.699843396526956e-05
0.1025621703857668,2.118340014115787,2.118338900746596,1.11336919106364e-06,8.627749832106004e-05
0.1025621703873289,2.1183399388199806,2.1183389007788405,1.038041140155599e-06,8.608002429230955e-05
0.1025621703872865,2.1183398905540733,2.118338900777965,9.897761081845147e-07,8.609391312046539e-05
0.1025621703792153,2.1183400306214764,2.1183389006113633,1.1300101130373719e-06,8.699843412596072e-05
0.1025621703838747,2.1183399931597657,2.11833890070754,1.0924522255706393e-06,8.609382200316195e-05
0.1025621702354512,2.1183399039078123,2.118338897643849,1.0062639632657522e-06,8.607838610917358e-05
0.1025621678811744,2.1183399715760163,2.1183388490479276,1.1225280887039446e-06,8.607838610917358e-05
0.1025621678811744,2.118340011680561,2.1183388490479276,1.1626326332780934e-06,8.69985475179113e-05
0.1025621703857668,2.1183400867076108,2.118338900746596,1.1859610147268995e-06,8.627749832106004e-05
0.1025621703872863,2.118340016412299,2.1183389007779607,1.1156343382445755e-06,8.609391311632535e-05
0.1025621703873877,2.1183399604497986,2.118338900780054,1.0596697443965297e-06,8.606423113212973e-05
0.1025621698045938,2.1183400738938856,2.118338888750285,1.1851436005905214e-06,8.607838610917358e-05
0.1025621703866447,2.118339990767057,2.1183389007647175,1.0900023394988523e-06,8.608002233765382e-05
0.1025621703867217,2.1183400705370996,2.1183389007663065,1.1697707931190848e-06,8.608002233765382e-05
0.1025621703856176,2.118340024109845,2.1183389007435167,1.1233663284038187e-06,8.609382200316195e-05
0.1025621702354512,2.1183402200900816,2.118338897643849,1.3224462325212016e-06,8.627282904228075e-05
0.1025621702354512,2.1183400121978826,2.118338897643849,1.114554033510018e-06,8.627282904228075e-05
0.1025621698045938,2.118340058326627,2.118338888750285,1.1695763419972138e-06,8.603261724920812e-05
0.1025621703857669,2.118340081090652,2.1183389007465983,1.1803440536084508e-06,8.627749832123886e-05
0.1025621703872865,2.1183400141610487,2.118338900777965,1.1133830835063918e-06,8.609391312046539e-05
0.102562169779472,2.1183399756532277,2.1183388882317318,1.0874214959599726e-06,8.604588354353229e-05
0.1025621703872865,2.1183400266773758,2.118338900777965,1.1258994105922682e-06,8.609391312046539e-05
0.1025621703792153,2.118340075623856,2.1183389006113633,1.1750124926379613e-06,8.627749265554245e-05
0.1025621698045938,2.1183399525596918,2.118338888750285,1.0638094067871862e-06,8.603261724920812e-05
0.1025621703838747,2.1183399622033066,2.11833890070754,1.0614957663968028e-06,8.609382200316195e-05
0.1025621678811744,2.1183401145713843,2.1183388490479276,1.2655234566949503e-06,8.762155233193334e-05
0.1025621703746251,2.118340089364394,2.118338900516614,1.1888477797761254e-06,8.627749265554245e-05
0.1025621703838747,2.1183399663938833,2.11833890070754,1.0656863431712793e-06,8.608002233765382e-05
0.1025621703857669,2.1183400998202186,2.1183389007465983,1.1990736203948416e-06,8.627749832123886e-05
0.1025621703856176,2.118340151880453,2.1183389007435167,1.2511369362755431e-06,8.627749265554245e-05
0.102562170379388,2.118340020410558,2.118338900614928,1.1197956300001977e-06,8.699843396526956e-05
0.1025621702354512,2.1183399992371936,2.118338897643849,1.1015933445435167e-06,8.607838610917358e-05
0.1025621703734333,2.1183400854619503,2.1183389004920135,1.1849699368404742e-06,8.627749265554245e-05
0.1025621703857668,2.1183399633288427,2.118338900746596,1.0625822466359125e-06,8.627749832106004e-05
0.1025621702354512,2.1183400624956885,2.118338897643849,1.1648518394302698e-06,8.607838610917358e-05
0.1025621703873877,2.118340046293663,2.118338900780054,1.14551360885784e-06,8.606423113212973e-05
0.102562169779472,2.1183399900250266,2.1183388882317318,1.1017932948220732e-06,8.604588354353229e-05
0.1025621703873289,2.1183400107224197,2.1183389007788405,1.1099435792694123e-06,8.608002429230955e-05
0.1025621703838747,2.118339744949096,2.11833890070754,8.44241555775227e-07,8.609382200316195e-05
0.1025621703872863,2.1183399121519217,2.1183389007779607,1.0113739610240202e-06,8.609391311632535e-05
0.1025621702613427,2.11834000919012,2.11833889817829,1.111011830090547e-06,8.627282904228075e-05
0.1025621702613427,2.118340074029035,2.11833889817829,1.1758507447723332e-06,8.607838610917358e-05
0.1025621703872863,2.1183400158978998,2.1183389007779607,1.1151199390546651e-06,8.609391311632535e-05
0.1025621703857669,2.118340101845473,2.1183389007465983,1.2010988745814188e-06,8.627749832123886e-05
0.1025621703872863,2.1183399531440066,2.1183389007779607,1.0523660458616746e-06,8.609391311632535e-05
0.1025621703746251,2.118340088553732,2.118338900516614,1.1880371175720938e-06,8.606420822837829e-05
0.1025621698045938,2.118340193391264,2.118338888750285,1.3046409788053381e-06,8.762155233193334e-05
0.1025621698045938,2.118339970928781,2.118338888750285,1.0821784961478897e-06,8.604588354353229e-05
0.1025621703778929,2.118340088733005,2.118338900584067,1.1881489379028665e-06,8.713642199769674e-05
0.1025621703872865,2.1183400029756334,2.118338900777965,1.102197668245708e-06,8.609391312046539e-05
0.1025621703838747,2.1183399809541856,2.11833890070754,1.0802466454684634e-06,8.609382200316195e-05
0.1025621703873877,2.118340017622461,2.118338900780054,1.1168424070007177e-06,8.606423113300073e-05
0.102562169779472,2.118339942265332,2.1183388882317318,1.0540336004005724e-06,8.604588354353229e-05
0.1025621678811744,2.118340080803572,2.1183388490479276,1.2317556445928801e-06,8.69985475179113e-05
0.1025621703874336,2.118339869337914,2.1183389007810014,9.685569124506799e-07,8.604935429511404e-05
0.1025621703873289,2.1183400380408752,2.1183389007788405,1.1372620347671614e-06,8.608002429236154e-05
0.1025621703857669,2.118340069642552,2.1183389007465983,1.168895953806981e-06,8.627749832123886e-05
0.1025621703872865,2.1183400519597253,2.118338900777965,1.151181760139508e-06,8.609391312046539e-05
0.1025621703838747,2.1183400698069765,2.11833890070754,1.1690994363711127e-06,8.606420822837829e-05
0.102562170379388,2.1183400167928497,2.118338900614928,1.1161779216450896e-06,8.699843396548961e-05
0.1025621703856176,2.118340058890878,2.1183389007435167,1.1581473611244064e-06,8.627749265554245e-05
0.1025621703838747,2.1183399340937954,2.11833890070754,1.033386255233637e-06,8.609382200316195e-05
0.1025621703746251,2.1183400284832836,2.118338900516614,1.1279666694008483e-06,8.71373469923849e-05
0.102562170379388,2.1183400764344045,2.118338900614928,1.1758194764510677e-06,8.699843396526956e-05
0.102562170379388,2.1183399313993196,2.118338900614928,1.0307843916201875e-06,8.699843396526956e-05
0.1025621703874336,2.1183399234266647,2.1183389007810014,1.0226456632622671e-06,8.604935429592303e-05
0.1025621703857668,2.118340039209224,2.118338900746596,1.1384626281696342e-06,8.627749832106004e-05
0.102562170379388,2.1183399726634136,2.118338900614928,1.0720484855397672e-06,8.699843396548961e-05
0.1025621703792153,2.118340051482001,2.1183389006113633,1.1508706379004252e-06,8.699843412596072e-05
0.1025621703873289,2.118340011361579,2.1183389007788405,1.110582738661492e-06,8.608002429230955e-05
0.102562170379388,2.118340024085125,2.118338900614928,1.1234701968731997e-06,8.699843396526956e-05
0.1025621703857668,2.118339963752378,2.118338900746596,1.063005782064863e-06,8.627749832106004e-05
0.1025621703873289,2.1183399952659117,2.1183389007788405,1.0944870711959709e-06,8.608002429230955e-05
0.1025621698045938,2.1183400903392764,2.118338888750285,1.2015889914174238e-06,8.69985475179113e-05
0.1025621703857669,2.118340122257968,2.1183389007465983,1.2215113698310631e-06,8.627749832123886e-05
0.102562170379388,2.1183399333993687,2.118338900614928,1.0327844406354814e-06,8.699843396548961e-05
0.1025621703792153,2.118339978222129,2.1183389006113633,1.0776107655097178e-06,8.606420822837829e-05
0.1025621703838747,2.1183399401117318,2.11833890070754,1.0394041916050867e-06,8.606420822837829e-05
0.1025621703856176,2.118340166159915,2.1183389007435167,1.2654163983327749e-06,8.627749265554245e-05
0.1025621703778929,2.118340212223289,2.118338900584067,1.3116392221235174e-06,8.713642199769674e-05
0.1025621678811744,2.118339975945486,2.1183388490479276,1.1268975583789143e-06,8.627282904228075e-05
0.1025621703857668,2.118340089699745,2.118338900746596,1.1889531488229466e-06,8.627749832106004e-05
0.1025621703873289,2.1183398459465153,2.1183389007788405,9.451676747929127e-07,8.608002429236154e-05
0.1025621702613427,2.1183400595125916,2.11833889817829,1.1613343016136923e-06,8.627282904228075e-05
0.1025621703792153,2.1183400381283355,2.1183389006113633,1.1375169721716816e-06,8.627749265554245e-05
0.1025621703778927,2.1183401721823074,2.1183389005840625,1.2715982449229557e-06,8.713642199417603e-05
0.1025621698045938,2.1183400802258063,2.118338888750285,1.1914755213560113e-06,8.604588354353229e-05
0.1025621703872863,2.118340047281834,2.1183389007779607,1.1465038731728328e-06,8.609391311632535e-05
0.1025621703873289,2.1183400808085375,2.1183389007788405,1.1800296970676527e-06,8.608002429230955e-05
0.1025621703872865,2.1183399150354045,2.118338900777965,1.014257439369004e-06,8.609391312046539e-05
0.1025621703838747,2.1183401404208735,2.11833890070754,1.239713333323067e-06,8.609382200316195e-05
0.1025621703873289,2.118339926051888,2.1183389007788405,1.025273047350339e-06,8.608002429230955e-05
0.1025621703872863,2.118340082558988,2.1183389007779607,1.1817810272596319e-06,8.609391311632535e-05
0.102562169779472,2.118340147946942,2.1183388882317318,1.2597152103666076e-06,8.627282904228075e-05
0.1025621703872865,2.118340080605282,2.118338900777965,1.1798273167329398e-06,8.609391312046539e-05
0.1025621703856176,2.118340019596139,2.1183389007435167,1.1188526221062034e-06,8.609382200316195e-05
0.1025621703866447,2.1183399294477296,2.1183389007647175,1.028683012105347e-06,8.608002233765382e-05
0.1025621703792153,2.118339915573914,2.1183389006113633,1.0149625508937277e-06,8.699843412596072e-05
0.1025621703866447,2.118339911887376,2.1183389007647175,1.0111226584896826e-06,8.608002233765382e-05
0.1025621703873877,2.118339996337078,2.118338900780054,1.0955570237669576e-06,8.606423113212973e-05
0.1025621703873289,2.118340109398903,2.1183389007788405,1.2086200626981736e-06,8.608002429230955e-05
0.1025621703792153,2.1183401131567616,2.1183389006113633,1.212545398310283e-06,8.699843412596072e-05
0.1025621703746251,2.1183399818737176,2.118338900516614,1.0813571034162806e-06,8.699843412596072e-05
0.1025621702613427,2.1183399967124483,2.11833889817829,1.0985341583058528e-06,8.627282904228075e-05
0.1025621703857668,2.118340017460962,2.118338900746596,1.116714365867466e-06,8.627749832106004e-05
0.1025621698045938,2.1183400811374624,2.118338888750285,1.1923871774399686e-06,8.603261724920812e-05
0.1025621703866447,2.1183399454661025,2.1183389007647175,1.0447013849557152e-06,8.606420822837829e-05
0.1025621703792153,2.1183399975860766,2.1183389006113633,1.09697471328829e-06,8.609382200316195e-05
0.1025621703734333,2.1183401170833807,2.1183389004920135,1.2165913672035344e-06,8.71373469923849e-05
0.1025621698045938,2.1183400229456226,2.118338888750285,1.1341953376486913e-06,8.607838610917358e-05
0.1025621703874336,2.118339930076374,2.1183389007810014,1.029295372489969e-06,8.604935429592303e-05
0.1025621703872865,2.1183399708843917,2.118338900777965,1.070106426581674e-06,8.609391312046539e-05
0.1025621698045938,2.1183400458437194,2.118338888750285,1.1570934344007355e-06,8.604588354353229e-05
0.1025621703873289,2.11834008753725,2.1183389007788405,1.1867584093216976e-06,8.608002429236154e-05
0.1025621703873289,2.118340032456394,2.1183389007788405,1.1316775534453427e-06,8.608002429236154e-05
0.1025621703872865,2.118339974569965,2.118338900777965,1.073791999761653e-06,8.609391312046539e-05
0.1025621703778927,2.11834002627916,2.1183389005840625,1.125695097581314e-06,8.713642199417603e-05
0.102562169779472,2.118340062031009,2.1183388882317318,1.173799277331966e-06,8.69985475179113e-05
0.1025621703873877,2.1183400132746377,2.118338900780054,1.1124945835661038e-06,8.606423113212973e-05
0.1025621703873877,2.118340014184464,2.118338900780054,1.1134044100025164e-06,8.606423113212973e-05
0.102562170379388,2.118340071780129,2.118338900614928,1.1711652008195017e-06,8.699843396526956e-05
0.1025621703866447,2.1183399597800143,2.1183389007647175,1.0590152967893118e-06,8.608002233765382e-05
0.1025621703734333,2.118340054704115,2.1183389004920135,1.1542121014507245e-06,8.606420822837829e-05
0.1025621678811744,2.1183400682654114,2.1183388490479276,1.2192174838610015e-06,8.603261724920812e-05
0.1025621703838747,2.1183400575921185,2.11833890070754,1.1568845783571646e-06,8.609382200316195e-05
0.1025621702354512,2.118339840544827,2.118338897643849,9.42900977740635e-07,8.607838610917358e-05
0.1025621703873289,2.1183400075981735,2.1183389007788405,1.106819333074327e-06,8.608002429230955e-05
0.1025621703873877,2.1183400391456106,2.118338900780054,1.1383655564856099e-06,8.606423113212973e-05
0.1025621703838747,2.118339853633639,2.11833890070754,9.529260989182831e-07,8.608002233765382e-05
0.1025621703874336,2.118340023933392,2.1183389007810014,1.1231523906474195e-06,8.604935429592303e-05
0.1025621703856176,2.118340083105987,2.1183389007435167,1.182362470153464e-06,8.609382200316195e-05
0.1025621703856176,2.118340063404683,2.1183389007435167,1.1626611664539155e-06,8.627749265554245e-05
0.1025621703857669,2.1183399454197405,2.1183389007465983,1.0446731422142363e-06,8.627749832123886e-05
0.1025621703872863,2.118340017364527,2.1183389007779607,1.1165865663187446e-06,8.609391311632535e-05
0.1025621702354512,2.118340006062568,2.118338897643849,1.1084187190313344e-06,8.607838610917358e-05
0.102562170379388,2.118339923697478,2.118338900614928,1.0230825497892226e-06,8.699843396526956e-05
0.1025621703838747,2.118339962470689,2.11833890070754,1.0617631489573398e-06,8.627749265554245e-05
0.1025621703857668,2.118340044374769,2.118338900746596,1.1436281730503595e-06,8.627749832106004e-05
0.1025621703746251,2.1183400613031007,2.118338900516614,1.1607864864870976e-06,8.71373469923849e-05
0.1025621703872863,2.11834002423265,2.1183389007779607,1.1234546892779917e-06,8.609391311632535e-05
0.102562169779472,2.1183400390557217,2.1183388882317318,1.1508239898816441e-06,8.604588354353229e-05
0.1025621703792153,2.1183399901993365,2.1183389006113633,1.0895879731798175e-06,8.699843412596072e-05
0.1025621703873289,2.1183398112709932,2.1183389007788405,9.104921527836041e-07,8.608002429230955e-05
0.1025621703792153,2.1183399733113184,2.1183389006113633,1.0726999550847438e-06,8.699843412596072e-05
0.1025621703873877,2.1183400142294295,2.118338900780054,1.1134493753672814e-06,8.606423113212973e-05
0.1025621703873877,2.118339909987561,2.118338900780054,1.0092075068968143e-06,8.606423113212973e-05
0.1025621703792153,2.118339883782467,2.1183389006113633,9.831711036412116e-07,8.608002233765382e-05
0.1025621703872863,2.11834004062185,2.1183389007779607,1.1398438894971719e-06,8.609391311632535e-05
0.1025621703872865,2.1183398975442107,2.118338900777965,9.967662455423465e-07,8.609391312046539e-05
0.1025621703873289,2.1183400165188124,2.1183389007788405,1.1157399719685657e-06,8.608002429230955e-05
0.1025621678811744,2.1183400210714334,2.1183388490479276,1.1720235058021444e-06,8.604588354353229e-05
0.1025621703792153,2.1183399872359003,2.1183389006113633,1.0866245370166894e-06,8.627749265554245e-05
0.102562169779472,2.1183400319874086,2.1183388882317318,1.1437556768356671e-06,8.604588354353229e-05
0.1025621703873289,2.1183400076784924,2.1183389007788405,1.106899651936999e-06,8.608002429230955e-05
0.1025621698045938,2.1183401215643385,2.118338888750285,1.232814053508946e-06,8.603261724920812e-05
0.102562169779472,2.1183399772911455,2.1183388882317318,1.0890594137613618e-06,8.604588354353229e-05
0.1025621703873289,2.118339877447879,2.1183389007788405,9.766690385326626e-07,8.608002429230955e-05
0.1025621703857668,2.118340082748687,2.118338900746596,1.1820020908714923e-06,8.627749832106004e-05
0.1025621703734333,2.1183400539360884,2.1183389004920135,1.153444074919463e-06,8.608002233765382e-05
0.1025621703857669,2.1183400674311406,2.1183389007465983,1.1666845423086158e-06,8.627749832123886e-05
0.1025621703872863,2.118339999656196,2.1183389007779607,1.098878235072931e-06,8.609391311632535e-05
0.102562170379388,2.1183401376817352,2.118338900614928,1.2370668072136937e-06,8.699843396526956e-05
0.1025621703857668,2.1183401362524985,2.118338900746596,1.2355059024748982e-06,8.627749832106004e-05
0.1025621703873877,2.118340011718637,2.118338900780054,1.1109385829044527e-06,8.606423113212973e-05
0.1025621703857668,2.1183399786216377,2.118338900746596,1.077875041666232e-06,8.627749832106004e-05
0.1025621703873877,2.11833993144837,2.118338900780054,1.0306683160266061e-06,8.606423113212973e-05
0.1025621703857669,2.118339916580988,2.1183389007465983,1.0158343899391298e-06,8.627749832123886e-05
0.1025621703872865,2.1183398755287564,2.118338900777965,9.747507911939124e-07,8.609391312046539e-05
0.1025621702354512,2.118339964487402,2.118338897643849,1.0668435530547526e-06,8.607838610917358e-05
0.1025621703873289,2.118340003502896,2.1183389007788405,1.1027240556238382e-06,8.608002429230955e-05
0.1025621702354512,2.118339948718065,2.118338897643849,1.051074216107395e-06,8.607838610917358e-05
0.1025621703872863,2.118339883081298,2.1183389007779607,9.82303337337953e-07,8.609391311632535e-05
0.1025621702613427,2.118339980318028,2.11833889817829,1.0821397378180109e-06,8.627282904228075e-05
0.1025621678811744,2.118339953755356,2.1183388490479276,1.104707428645213e-06,8.604588354353229e-05
0.1025621703838747,2.1183398614499587,2.11833890070754,9.607424185098523e-07,8.609382200316195e-05
0.1025621703746251,2.1183400950482882,2.118338900516614,1.1945316740202827e-06,8.699843412596072e-05
0.102562170379388,2.1183399689016524,2.118338900614928,1.0682867244149463e-06,8.699843396526956e-05
0.1025621703838747,2.118339851292716,2.11833890070754,9.505851759072925e-07,8.627749265554245e-05
0.1025621703856176,2.1183401062130782,2.1183389007435167,1.2054695615049127e-06,8.608002233765382e-05
0.1025621703866447,2.118340141953578,2.1183389007647175,1.2411888605790011e-06,8.608002233765382e-05
0.1025621703873877,2.1183399875153945,2.118338900780054,1.0867353403831714e-06,8.606423113300073e-05
0.1025621703838747,2.118339897196089,2.11833890070754,9.964885490099107e-07,8.608002233765382e-05
0.102562170379388,2.118340026392964,2.118338900614928,1.1257780361262348e-06,8.699843396548961e-05
0.102562170379388,2.1183398868142147,2.118338900614928,9.861992866788682e-07,8.699843396526956e-05
0.1025621698045938,2.1183399803905516,2.118338888750285,1.091640266626115e-06,8.69985475179113e-05
0.1025621703838747,2.1183400687361518,2.11833890070754,1.1680286116089178e-06,8.627749265554245e-05
0.1025621703838747,2.118340031588042,2.11833890070754,1.1308805016874146e-06,8.609382200316195e-05
0.1025621703872863,2.1183401139514393,2.1183389007779607,1.2131734785647552e-06,8.609391311632535e-05
0.1025621703873289,2.118340069229835,2.1183389007788405,1.1684509946263688e-06,8.608002429236154e-05
0.1025621703838747,2.118340026335531,2.11833890070754,1.1256279908167244e-06,8.606420822837829e-05
0.1025621703778927,2.1183400602625624,2.1183389005840625,1.1596784998957332e-06,8.713642199417603e-05
0.1025621703872863,2.1183400805479753,2.1183389007779607,1.1797700145699253e-06,8.609391311632535e-05
0.102562169779472,2.118339832884167,2.1183388882317318,9.446524353862173e-07,8.603261724920812e-05
0.1025621703856176,2.1183400811546647,2.1183389007435167,1.1804111479385426e-06,8.627749265554245e-05
0.1025621703746251,2.1183400156728958,2.118338900516614,1.1151562815392424e-06,8.608002233765382e-05
0.1025621703866447,2.1183399229919733,2.1183389007647175,1.0222272557314227e-06,8.608002233765382e-05
0.1025621698045938,2.11833998813577,2.118338888750285,1.099385484870652e-06,8.604588354353229e-05
0.1025621703866447,2.118339932392854,2.1183389007647175,1.031628136249907e-06,8.608002233765382e-05
0.1025621703873289,2.1183400307710314,2.1183389007788405,1.12999219092913e-06,8.608002429236154e-05
0.1025621703873877,2.1183400616687993,2.118338900780054,1.160888745133093e-06,8.606423113212973e-05
0.1025621698045938,2.1183400142841817,2.118338888750285,1.1255338967508521e-06,8.607838610917358e-05
0.1025621703734333,2.11834018173102,2.1183389004920135,1.2812390064453894e-06,8.627749265554245e-05
0.1025621702354512,2.1183399948505115,2.118338897643849,1.0972066624148624e-06,8.607838610917358e-05
0.1025621702613427,2.1183402172498678,2.11833889817829,1.3190715777433581e-06,8.607838610917358e-05
0.102562170379388,2.118340184342138,2.118338900614928,1.2837272098664698e-06,8.699843396548961e-05
0.1025621703857669,2.1183400391550427,2.1183389007465983,1.1384084444010512e-06,8.627749832123886e-05
0.1025621702613427,2.118339950337832,2.11833889817829,1.0521595421586483e-06,8.607838610917358e-05
0.1025621703856176,2.1183400171523807,2.1183389007435167,1.1164088640214231e-06,8.608002233765382e-05
0.1025621703873289,2.118339930152173,2.1183389007788405,1.0293733323507581e-06,8.608002429230955e-05
0.1025621678811744,2.118339968836996,2.1183388490479276,1.1197890685821221e-06,8.603261724920812e-05
0.1025621702354512,2.1183400115322097,2.118338897643849,1.1138883606598426e-06,8.627282904228075e-05
0.1025621678811744,2.118340064401622,2.1183388490479276,1.2153536945724852e-06,8.604588354353229e-05
0.102562170379388,2.118340084468657,2.118338900614928,1.183853728825568e-06,8.699843396526956e-05
0.102562169779472,2.118340121927296,2.1183388882317318,1.2336955643732495e-06,8.69985475179113e-05
0.102562169779472,2.1183400948697546,2.1183388882317318,1.2066380228326068e-06,8.607838610917358e-05
0.1025621703873877,2.1183399400409195,2.118338900780054,1.0392608653653213e-06,8.606423113300073e-05
0.1025621703838747,2.1183400921057163,2.11833890070754,1.1913981761146886e-06,8.627749265554245e-05
0.1025621703792153,2.118339818528316,2.1183389006113633,9.179169526696285e-07,8.608002233765382e-05
0.1025621698045938,2.118339894498659,2.118338888750285,1.0057483739167594e-06,8.604588354353229e-05
0.1025621703856176,2.118339956820303,2.1183389007435167,1.0560767864653542e-06,8.627749265554245e-05
0.102562170379388,2.1183399920505503,2.118338900614928,1.0914356223246102e-06,8.699843396526956e-05
0.1025621703873289,2.1183400073742353,2.1183389007788405,1.1065953948730112e-06,8.608002429236154e-05
0.1025621702354512,2.1183400593803507,2.118338897643849,1.161736501664734e-06,8.607838610917358e-05
0.1025621703857669,2.118340126952036,2.1183389007465983,1.2262054376321885e-06,8.627749832123886e-05
0.1025621703873289,2.1183399621755092,2.1183389007788405,1.0613966687778031e-06,8.608002429230955e-05
0.1025621703838747,2.1183399434792323,2.11833890070754,1.0427716921057595e-06,8.609382200316195e-05
0.1025621702354512,2.1183400290732766,2.118338897643849,1.1314294274811232e-06,8.627282904228075e-05
0.1025621703792153,2.1183400226274487,2.1183389006113633,1.1220160853753214e-06,8.627749265554245e-05
0.1025621702354512,2.1183400884097474,2.118338897643849,1.1907658983290048e-06,8.627282904228075e-05
0.1025621703872863,2.118340027516092,2.1183389007779607,1.1267381312407565e-06,8.609391311632535e-05
0.1025621678811744,2.1183400216845407,2.1183388490479276,1.1726366131448174e-06,8.604588354353229e-05
0.1025621703792153,2.118339997745505,2.1183389006113633,1.0971341417587155e-06,8.609382200316195e-05
0.1025621678811744,2.1183401200784737,2.1183388490479276,1.2710305461460791e-06,8.762155233193334e-05
0.1025621678811744,2.1183400450971237,2.1183388490479276,1.1960491961282571e-06,8.603261724920812e-05
0.1025621703873877,2.1183400227168723,2.118338900780054,1.1219368181158984e-06,8.606423113212973e-05
0.1025621703873289,2.118339840948016,2.1183389007788405,9.401691754007402e-07,8.608002429230955e-05
0.1025621698045938,2.1183399533396083,2.118338888750285,1.0645893233629522e-06,8.604588354353229e-05
0.1025621678811744,2.1183401062123846,2.1183388490479276,1.2571644569803198e-06,8.762155233193334e-05
0.1025621703856176,2.1183398510676836,2.1183389007435167,9.503241669150952e-07,8.609382200316195e-05
0.1025621703838747,2.1183400228733875,2.11833890070754,1.122165847355916e-06,8.627749265554245e-05
0.1025621703838747,2.118340073420843,2.11833890070754,1.1727133029104664e-06,8.627749265554245e-05
0.1025621703873289,2.1183399657981408,2.1183389007788405,1.0650193003058916e-06,8.608002429230955e-05
0.1025621703872865,2.1183399451658076,2.118338900777965,1.0443878424304387e-06,8.609391312046539e-05
0.1025621678811744,2.1183401145603398,2.1183388490479276,1.2655124121963013e-06,8.607838610917358e-05
0.1025621703866447,2.1183399963766836,2.1183389007647175,1.095611966039911e-06,8.604933343977453e-05
0.1025621703874336,2.1183401222807685,2.1183389007810014,1.2214997671122774e-06,8.604935429511404e-05
0.1025621698045938,2.118339991198517,2.118338888750285,1.1024482318156004e-06,8.604588354353229e-05
0.1025621703873289,2.118339901518355,2.1183389007788405,1.0007395143674103e-06,8.608002429236154e-05
0.1025621698045938,2.118339995731954,2.118338888750285,1.1069816689968093e-06,8.607838610917358e-05
0.1025621703838747,2.1183400387937263,2.11833890070754,1.1380861861809421e-06,8.608002233765382e-05
0.1025621703873289,2.1183400304537545,2.1183389007788405,1.1296749140576878e-06,8.608002429236154e-05
0.1025621703792153,2.118339905557357,2.1183389006113633,1.0049459935324023e-06,8.627749265554245e-05
0.1025621703872863,2.11833997873078,2.1183389007779607,1.077952819450445e-06,8.609391311632535e-05
0.1025621703746251,2.118340044012852,2.118338900516614,1.1434962376988267e-06,8.608002233765382e-05
0.1025621703873289,2.1183399103347997,2.1183389007788405,1.009555959274877e-06,8.608002429236154e-05
0.1025621678811744,2.118340039975012,2.1183388490479276,1.1909270845045228e-06,8.603261724920812e-05
0.1025621703873289,2.1183400625837776,2.1183389007788405,1.1618049371442396e-06,8.608002429236154e-05
0.1025621703873877,2.118340082415947,2.118338900780054,1.181635892688604e-06,8.606423113300073e-05
0.1025621703838747,2.118339936802419,2.11833890070754,1.036094878781313e-06,8.606420822837829e-05
0.102562170379388,2.1183401143128524,2.118338900614928,1.21369792438486e-06,8.699843396526956e-05
0.1025621678811744,2.1183400142232958,2.1183388490479276,1.1651753681896082e-06,8.607838610917358e-05
0.102562170379388,2.118339989469837,2.118338900614928,1.088854908903869e-06,8.699843396526956e-05
0.102562170379388,2.118339950054753,2.118338900614928,1.0494398248184211e-06,8.699843396548961e-05
0.1025621702613427,2.118340173487131,2.11833889817829,1.275308841197642e-06,8.627282904228075e-05
0.1025621703857669,2.1183400716915233,2.1183389007465983,1.1709449250218995e-06,8.627749832123886e-05
0.1025621678811744,2.1183399724374126,2.1183388490479276,1.123389484991577e-06,8.603261724920812e-05
0.1025621703838747,2.1183400864297783,2.11833890070754,1.185722238172815e-06,8.604933343977453e-05
0.1025621703838747,2.1183399780117704,2.11833890070754,1.0773042302680835e-06,8.608002233765382e-05
0.1025621703873289,2.118340031154934,2.1183389007788405,1.1303760936165475e-06,8.608002429230955e-05
0.1025621703857669,2.1183400520796893,2.1183389007465983,1.151333091087281e-06,8.627749832123886e-05
0.1025621703872863,2.1183397679844767,2.1183389007779607,8.672065159309739e-07,8.609391311632535e-05
0.1025621703873289,2.11834001752412,2.1183389007788405,1.116745279361453e-06,8.608002429236154e-05
0.1025621703874336,2.1183399237791707,2.1183389007810014,1.0229981692866374e-06,8.604935429511404e-05
0.1025621703872865,2.118340012587366,2.118338900777965,1.1118094009887614e-06,8.609391312046539e-05
0.1025621703873877,2.1183400154770484,2.118338900780054,1.1146969942643636e-06,8.606423113212973e-05
0.1025621703872865,2.1183400050187315,2.118338900777965,1.1042407663808262e-06,8.609391312046539e-05
0.1025621703873877,2.1183400333195546,2.118338900780054,1.1325395004035954e-06,8.606423113300073e-05
0.1025621702354512,2.1183400372690855,2.118338897643849,1.1396252364015425e-06,8.627282904228075e-05
0.1025621703409047,2.1183401698896787,2.118338899820573,1.2700691054412516e-06,8.69985475179113e-05
0.1025621703873289,2.1183399817077264,2.1183389007788405,1.0809288859547905e-06,8.608002429236154e-05
0.1025621703872863,2.118340024195345,2.1183389007779607,1.1234173844520967e-06,8.609391311632535e-05
0.1025621703857668,2.1183400301370603,2.118338900746596,1.1293904642606378e-06,8.627749832106004e-05
0.1025621703857669,2.118340028486563,2.1183389007465983,1.1277399649678443e-06,8.627749832123886e-05
0.1025621703857669,2.1183400874728373,2.1183389007465983,1.1867262390552469e-06,8.627749832123886e-05
0.1025621703872865,2.118339903419435,2.118338900777965,1.002641469849408e-06,8.609391312046539e-05
0.1025621703872863,2.118340010408859,2.1183389007779607,1.109630898277203e-06,8.609391311632535e-05
0.1025621703856176,2.118340091654,2.1183389007435167,1.190910483117591e-06,8.627749265554245e-05
0.1025621703872863,2.1183400737481968,2.1183389007779607,1.1729702360518957e-06,8.609391311632535e-05
0.1025621703857669,2.1183399731992023,2.1183389007465983,1.0724526040561955e-06,8.627749832123886e-05
0.1025621703874336,2.1183398698907574,2.1183389007810014,9.691097559993977e-07,8.604935429592303e-05
0.102562170379388,2.118339966652719,2.118338900614928,1.0660377909310625e-06,8.699843396548961e-05
0.1025621703872865,2.1183399392705624,2.118338900777965,1.0384925972495296e-06,8.609391312046539e-05
0.1025621703874336,2.118339952642573,2.1183389007810014,1.0518615716215152e-06,8.604935429592303e-05
0.1025621703856176,2.1183400260252814,2.1183389007435167,1.1252817646578706e-06,8.627749265554245e-05
0.1025621703873289,2.1183400720163346,2.1183389007788405,1.1712374941019732e-06,8.608002429230955e-05
0.1025621702354512,2.1183400372339127,2.118338897643849,1.139590063647944e-06,8.607838610917358e-05
0.1025621703857669,2.1183400582737866,2.1183389007465983,1.1575271883224048e-06,8.627749832123886e-05
0.1025621703867217,2.118340032865009,2.1183389007663065,1.1320987023388795e-06,8.608002233765382e-05
0.1025621698045938,2.1183400616537935,2.118338888750285,1.1729035085394912e-06,8.604588354353229e-05
0.1025621698045938,2.1183400605374074,2.118338888750285,1.1717871224448118e-06,8.604588354353229e-05
0.1025621703872863,2.118339923635285,2.1183389007779607,1.0228573241732875e-06,8.609391311632535e-05
0.1025621703857669,2.1183400483432937,2.1183389007465983,1.1475966954499484e-06,8.627749832123886e-05
0.1025621702613427,2.118339975125503,2.11833889817829,1.0769472131855196e-06,8.607838610917358e-05
0.1025621703838747,2.118339949427368,2.11833890070754,1.0487198278674725e-06,8.606420822837829e-05
0.1025621702354512,2.118339935185709,2.118338897643849,1.0375418599828379e-06,8.69985475179113e-05
0.1025621703746251,2.118340092595678,2.118338900516614,1.1920790639052825e-06,8.609382200316195e-05
0.1025621703866447,2.118339965050169,2.1183389007647175,1.0642854513243094e-06,8.606420822837829e-05
0.1025621703856176,2.1183401107706437,2.1183389007435167,1.2100271269410712e-06,8.608002233765382e-05
0.1025621703873289,2.118340030099117,2.1183389007788405,1.1293202764051102e-06,8.608002429230955e-05
0.1025621703857668,2.1183400417668192,2.118338900746596,1.141020223194289e-06,8.627749832106004e-05
0.102562170379388,2.118339952809193,2.118338900614928,1.0521942650498772e-06,8.699843396548961e-05
0.102562170379388,2.118340057742997,2.118338900614928,1.1571280689182117e-06,8.699843396548961e-05
0.102562170379388,2.1183400424744323,2.118338900614928,1.1418595042833601e-06,8.699843396548961e-05
0.1025621703874336,2.1183399285535778,2.1183389007810014,1.0277725763785384e-06,8.604935429511404e-05
0.102562170379388,2.1183400317664294,2.118338900614928,1.1311515013545659e-06,8.699843396526956e-05
0.1025621702354512,2.1183398631446777,2.118338897643849,9.65500828620236e-07,8.607838610917358e-05
0.1025621703838747,2.1183399124245748,2.11833890070754,1.0117170345935733e-06,8.609382200316195e-05
0.1025621703873289,2.1183399945454764,2.1183389007788405,1.0937666359289722e-06,8.608002429236154e-05
0.1025621703873877,2.1183399693455467,2.118338900780054,1.0685654925346455e-06,8.606423113300073e-05
0.1025621703867217,2.118339871229029,2.1183389007663065,9.70462722627019e-07,8.606420822837829e-05
0.1025621703873289,2.118340044827982,2.1183389007788405,1.144049141643677e-06,8.608002429230955e-05
0.1025621698045938,2.1183400285794542,2.118338888750285,1.139829169272133e-06,8.604588354353229e-05
0.1025621703872865,2.118339818902481,2.118338900777965,9.181245159695095e-07,8.609391312046539e-05
0.102562170379388,2.1183399901792948,2.118338900614928,1.0895643667296895e-06,8.699843396526956e-05
0.1025621703873877,2.118340038924047,2.118338900780054,1.1381439928292991e-06,8.606423113300073e-05
0.1025621703873877,2.118339987278537,2.118338900780054,1.0864984827385626e-06,8.606423113212973e-05
0.1025621703873289,2.118339969747799,2.1183389007788405,1.0689689586840245e-06,8.608002429236154e-05
0.1025621703873289,2.1183399828336,2.1183389007788405,1.0820547595713492e-06,8.608002429236154e-05
0.1025621703857669,2.1183400384991766,2.1183389007465983,1.137752578372897e-06,8.627749832123886e-05
0.1025621703873289,2.118339798868741,2.1183389007788405,8.980899006694187e-07,8.608002429236154e-05
0.1025621703857668,2.118340114183126,2.118338900746596,1.2134365299232286e-06,8.627749832106004e-05
0.1025621703873289,2.118339874171483,2.1183389007788405,9.733926424893014e-07,8.608002429236154e-05
0.1025621703872865,2.1183399930069875,2.118338900777965,1.0922290223369657e-06,8.609391312046539e-05
0.1025621703873289,2.1183400901446543,2.1183389007788405,1.1893658138362184e-06,8.608002429230955e-05
0.102562170379388,2.118339959025528,2.118338900614928,1.0584106000521842e-06,8.699843396526956e-05
0.1025621703856176,2.1183400395657315,2.1183389007435167,1.1388222147523663e-06,8.627749265554245e-05
0.1025621703778927,2.11834006298613,2.1183389005840625,1.1624020674894098e-06,8.713642199417603e-05
0.1025621703792153,2.1183399435972445,2.1183389006113633,1.0429858812166515e-06,8.699843412596072e-05
0.1025621702354512,2.118340079864299,2.118338897643849,1.1822204499800648e-06,8.627282904228075e-05
0.1025621703857669,2.118340021976671,2.1183389007465983,1.1212300727869717e-06,8.627749832123886e-05
0.1025621703838747,2.1183400850569987,2.11833890070754,1.1843494585050962e-06,8.609382200316195e-05
0.102562170379388,2.118340001245239,2.118338900614928,1.1006303108906934e-06,8.699843396526956e-05
0.1025621702354512,2.118339936206291,2.118338897643849,1.038562441824098e-06,8.627282904228075e-05
0.1025621703873289,2.118339807328587,2.1183389007788405,9.06549746382268e-07,8.608002429230955e-05
0.1025621703873877,2.1183399853741647,2.118338900780054,1.084594110523085e-06,8.606423113300073e-05
0.1025621703873289,2.118340203784026,2.1183389007788405,1.3030051855267288e-06,8.608002429230955e-05
0.1025621698045938,2.118339978007404,2.118338888750285,1.0892571191689626e-06,8.604588354353229e-05
0.102562169779472,2.1183399226766984,2.1183388882317318,1.0344449665744548e-06,8.603261724920812e-05
0.1025621703873289,2.118339750877364,2.1183389007788405,8.500985235748715e-07,8.608002429230955e-05
0.1025621703838747,2.1183399820987323,2.11833890070754,1.0813911921481179e-06,8.609382200316195e-05
0.1025621703866447,2.1183400501412213,2.1183389007647175,1.1493765037506876e-06,8.606420822837829e-05
0.1025621702354512,2.1183399252464836,2.118338897643849,1.027602634540159e-06,8.627282904228075e-05
0.1025621703873289,2.1183400390359473,2.1183389007788405,1.13825710679194e-06,8.608002429236154e-05
0.1025621698045938,2.118340031067653,2.118338888750285,1.1423173678082321e-06,8.627282904228075e-05
0.1025621678811744,2.11834004047915,2.1183388490479276,1.1914312225691503e-06,8.607838610917358e-05
0.1025621703873289,2.1183400276728537,2.1183389007788405,1.126894013214752e-06,8.608002429236154e-05
0.1025621702354512,2.1183400599637467,2.118338897643849,1.1623198976629112e-06,8.627282904228075e-05
0.1025621703874336,2.1183400084141137,2.1183389007810014,1.1076331123405225e-06,8.604935429511404e-05
0.1025621703866447,2.118339961497383,2.1183389007647175,1.0607326652589677e-06,8.606420822837829e-05
0.1025621703874336,2.1183399712228197,2.1183389007810014,1.070441818296075e-06,8.604935429592303e-05
0.1025621703873289,2.1183398881290287,2.1183389007788405,9.873501882751157e-07,8.608002429230955e-05
0.1025621703872863,2.1183400387000777,2.1183389007779607,1.1379221169782738e-06,8.609391311632535e-05
0.1025621703873289,2.1183400426581676,2.1183389007788405,1.1418793270934202e-06,8.608002429230955e-05
0.1025621703873877,2.118340005006867,2.118338900780054,1.1042268126537635e-06,8.606423113300073e-05
0.1025621703872865,2.1183399351707477,2.118338900777965,1.0343927825395838e-06,8.609391312046539e-05
0.1025621703857668,2.118340019216385,2.118338900746596,1.1184697887856032e-06,8.627749832106004e-05
0.1025621703838747,2.118339943851005,2.11833890070754,1.0431434649404991e-06,8.609382200316195e-05
0.1025621703873289,2.1183400969690793,2.1183389007788405,1.1961902388613055e-06,8.608002429230955e-05
0.1025621703857669,2.1183399884302796,2.1183389007465983,1.0876836813444868e-06,8.627749832123886e-05
0.1025621698045938,2.1183400140860726,2.118338888750285,1.1253357876661596e-06,8.604588354353229e-05
0.1025621703874336,2.1183399993014786,2.1183389007810014,1.098520477249565e-06,8.604935429511404e-05
0.1025621703838747,2.118339997325304,2.11833890070754,1.096617763707286e-06,8.606420822837829e-05
0.1025621702613427,2.1183399138006043,2.11833889817829,1.0156223142487875e-06,8.607838610917358e-05
0.1025621703857669,2.1183400589487604,2.1183389007465983,1.1582021621769911e-06,8.627749832123886e-05
0.1025621703872865,2.1183399177665523,2.118338900777965,1.0169885871214035e-06,8.609391312046539e-05
0.102562169779472,2.1183399099814837,2.1183388882317318,1.0217497519171559e-06,8.603261724920812e-05
0.1025621703873877,2.1183400143593496,2.118338900780054,1.1135792954419799e-06,8.606423113300073e-05
0.102562170379388,2.1183399212822653,2.118338900614928,1.0206673373147623e-06,8.699843396526956e-05
0.1025621698045938,2.118340093939599,2.118338888750285,1.2051893141240555e-06,8.607838610917358e-05
0.1025621703872865,2.1183400586352747,2.118338900777965,1.1578573095860634e-06,8.609391312046539e-05
0.1025621703778929,2.118340074051496,2.118338900584067,1.1734674290053704e-06,8.713642199769674e-05
0.102562170379388,2.1183400860046384,2.118338900614928,1.1853897103897282e-06,8.699843396548961e-05
0.1025621703866447,2.118339988307504,2.1183389007647175,1.0875427864931453e-06,8.606420822837829e-05
0.1025621703856176,2.118339897427966,2.1183389007435167,9.966844491948734e-07,8.606420822837829e-05
0.1025621703873289,2.118339933553772,2.1183389007788405,1.0327749313532308e-06,8.608002429236154e-05
0.1025621703866447,2.1183399999606918,2.1183389007647175,1.0991959742412405e-06,8.608002233765382e-05
0.1025621703792153,2.118339919207436,2.1183389006113633,1.0185960728215093e-06,8.608002233765382e-05
0.1025621702613427,2.1183397497483036,2.11833889817829,8.515700136157989e-07,8.627282904228075e-05
0.1025621703867217,2.1183400708582556,2.1183389007663065,1.170091949109775e-06,8.608002233765382e-05
0.1025621703872863,2.118339909291952,2.1183389007779607,1.0085139914295382e-06,8.609391311632535e-05
0.1025621703872865,2.118340021064419,2.118338900777965,1.1202864538262247e-06,8.609391312046539e-05
0.1025621703857669,2.118339988248386,2.1183389007465983,1.0875017877332027e-06,8.627749832123886e-05
0.1025621703873877,2.118340019711369,2.118338900780054,1.1189313147141888e-06,8.606423113212973e-05
0.1025621703872865,2.1183399977242847,2.118338900777965,1.09694631955648e-06,8.609391312046539e-05
0.1025621703873877,2.118340050300347,2.118338900780054,1.1495202927314097e-06,8.606423113212973e-05
0.1025621703872865,2.118340085121509,2.118338900777965,1.1843435436809102e-06,8.609391312046539e-05
0.1025621703778927,2.1183400907817314,2.1183389005840625,1.1901976688655225e-06,8.713642199417603e-05
0.1025621703856176,2.118340120063585,2.1183389007435167,1.2193200684684768e-06,8.627749265554245e-05
0.1025621678811744,2.1183400398252976,2.1183388490479276,1.1907773700414737e-06,8.604588354353229e-05
0.1025621703872863,2.118339943239144,2.1183389007779607,1.0424611831538755e-06,8.609391311632535e-05
0.1025621703872865,2.1183400245359763,2.118338900777965,1.1237580110901035e-06,8.609391312046539e-05
0.1025621703792153,2.118339918706441,2.1183389006113633,1.0180950775762199e-06,8.608002233765382e-05
0.1025621703792153,2.1183401131567616,2.1183389006113633,1.212545398310283e-06,8.699843412596072e-05
0.1025621703872863,2.118339964791642,2.1183389007779607,1.064013681162379e-06,8.609391311632535e-05
0.1025621698045938,2.1183399370493805,2.118338888750285,1.0482990955296145e-06,8.604588354353229e-05
0.1025621703857669,2.1183401078117097,2.1183389007465983,1.2070651114193254e-06,8.627749832123886e-05
0.1025621703792153,2.118339977808782,2.1183389006113633,1.0771974188195088e-06,8.627749265554245e-05
0.1025621702613427,2.1183400615002035,2.11833889817829,1.163321913466575e-06,8.607838610917358e-05
0.1025621703872863,2.118340045309553,2.1183389007779607,1.1445315921676524e-06,8.609391311632535e-05
0.1025621703857668,2.118339980561463,2.118338900746596,1.0798148668555996e-06,8.627749832106004e-05
0.1025621703409047,2.1183401808382665,2.118338899820573,1.281017693255393e-06,8.762155233193334e-05
0.1025621703872865,2.1183399966641705,2.118338900777965,1.0958862053378482e-06,8.609391312046539e-05
0.1025621703872863,2.118339929613653,2.1183389007779607,1.0288356921961395e-06,8.609391311632535e-05
0.1025621703872865,2.118340015385027,2.118338900777965,1.114607061758477e-06,8.609391312046539e-05
0.1025621703778929,2.118340134777107,2.118338900584067,1.2341930402115509e-06,8.713642199769674e-05
0.1025621702354512,2.1183399914057373,2.118338897643849,1.0937618881712297e-06,8.627282904228075e-05
0.1025621703873877,2.1183399304430552,2.118338900780054,1.0296630010842023e-06,8.606423113212973e-05
0.1025621703857668,2.118340073145606,2.118338900746596,1.1723990098744252e-06,8.627749832106004e-05
0.1025621703873289,2.1183399103347997,2.1183389007788405,1.009555959274877e-06,8.608002429230955e-05
0.1025621703872865,2.118340056655448,2.118338900777965,1.1558774826170293e-06,8.609391312046539e-05
0.1025621702613427,2.118340094667146,2.11833889817829,1.1964888559923281e-06,8.627282904228075e-05
0.102562170379388,2.1183398881874065,2.118338900614928,9.875724784613737e-07,8.699843396548961e-05
0.1025621703792153,2.118339937573076,2.1183389006113633,1.0369617124972308e-06,8.699843412596072e-05
0.1025621703873877,2.1183400171977707,2.118338900780054,1.1164177164957323e-06,8.606423113300073e-05
0.1025621703872863,2.1183398027492206,2.1183389007779607,9.019712599034335e-07,8.609391311632535e-05
0.102562169779472,2.118340023864099,2.1183388882317318,1.1356323672551127e-06,8.607838610917358e-05
0.1025621703872863,2.1183398641062263,2.1183389007779607,9.633282656018594e-07,8.609391311632535e-05
0.102562170379388,2.118339988967001,2.118338900614928,1.0883520729088048e-06,8.699843396526956e-05
0.1025621703872865,2.118339997823646,2.118338900777965,1.0970456809644702e-06,8.609391312046539e-05
0.1025621698045938,2.118339908032565,2.118338888750285,1.0192822799126589e-06,8.603261724920812e-05
0.1025621703867217,2.118339941394524,2.1183389007663065,1.0406282173747172e-06,8.604933343977453e-05
0.1025621698045938,2.118339932159224,2.118338888750285,1.0434089388056123e-06,8.603261724920812e-05
0.1025621703873289,2.118339938987539,2.1183389007788405,1.038208698567189e-06,8.608002429236154e-05
0.1025621703873289,2.1183400109701553,2.1183389007788405,1.1101913148792164e-06,8.608002429236154e-05
0.1025621703874336,2.1183399860796057,2.1183389007810014,1.0852986043197177e-06,8.604935429511404e-05
0.1025621703792153,2.118339966508681,2.1183389006113633,1.0658973175203812e-06,8.699843412596072e-05
0.1025621703866447,2.118340002791686,2.1183389007647175,1.1020269683470474e-06,8.608002233765382e-05
0.1025621702354512,2.1183399217287007,2.118338897643849,1.0240848515863377e-06,8.627282904228075e-05
0.1025621703838747,2.11833992621349,2.11833890070754,1.025505949936445e-06,8.609382200316195e-05
0.1025621702354512,2.1183399394140143,2.118338897643849,1.0417701652443156e-06,8.607838610917358e-05
0.1025621703857668,2.118340080199755,2.118338900746596,1.1794531591391433e-06,8.627749832106004e-05
0.102562169779472,2.1183400731396698,2.1183388882317318,1.1849079379899763e-06,8.762155233193334e-05
0.1025621703872863,2.1183400048073717,2.1183389007779607,1.1040294110031823e-06,8.609391311632535e-05
0.1025621702354512,2.1183400366555007,2.118338897643849,1.139011651662969e-06,8.69985475179113e-05
0.1025621703838747,2.1183399690295435,2.11833890070754,1.068322003305866e-06,8.609382200316195e-05
0.102562170379388,2.1183399186050598,2.118338900614928,1.0179901317464157e-06,8.699843396548961e-05
0.1025621703873289,2.118340020917276,2.1183389007788405,1.120138435339868e-06,8.608002429230955e-05
0.1025621703857669,2.118340097923476,2.1183389007465983,1.197176877631989e-06,8.627749832123886e-05
0.102562169779472,2.1183400404188037,2.1183388882317318,1.1521870719732874e-06,8.69985475179113e-05
0.1025621703873877,2.1183400103656966,2.118338900780054,1.1095856424780948e-06,8.606423113300073e-05
0.1025621703873877,2.118339971307294,2.118338900780054,1.0705272397437682e-06,8.606423113300073e-05
0.102562169779472,2.118339876906472,2.1183388882317318,9.88674740298734e-07,8.603261724920812e-05
0.1025621703746251,2.118339656094714,2.118338900516614,7.55578099642662e-07,8.71373469923849e-05
0.1025621703873289,2.1183400377120494,2.1183389007788405,1.1369332089117279e-06,8.608002429236154e-05
0.1025621698045938,2.1183399129255753,2.118338888750285,1.0241752903539236e-06,8.603261724920812e-05
0.1025621702354512,2.1183397938482047,2.118338897643849,8.962043556159927e-07,8.607838610917358e-05
0.1025621703792153,2.118339837934786,2.1183389006113633,9.373234228782223e-07,8.609382200316195e-05
0.1025621702354512,2.118339964220561,2.118338897643849,1.0665767118389624e-06,8.69985475179113e-05
0.1025621703873289,2.118340011029955,2.1183389007788405,1.1102511145999472e-06,8.608002429236154e-05
0.1025621698045938,2.1183400071882748,2.118338888750285,1.118437989777732e-06,8.607838610917358e-05
0.102562170379388,2.118340037905934,2.118338900614928,1.1372910058149444e-06,8.699843396548961e-05
0.1025621703838747,2.1183400092581186,2.11833890070754,1.1085505784436123e-06,8.608002233765382e-05
0.1025621703873289,2.1183400578793803,2.1183389007788405,1.1571005398280931e-06,8.608002429230955e-05
0.1025621703873289,2.11833999932464,2.1183389007788405,1.0985457996603998e-06,8.608002429230955e-05
0.1025621703872865,2.1183400557522973,2.118338900777965,1.1549743321737083e-06,8.609391312046539e-05
0.1025621703857668,2.118340049712321,2.118338900746596,1.14896572478429e-06,8.627749832106004e-05
0.102562170379388,2.118339949362929,2.118338900614928,1.0487480008869454e-06,8.699843396548961e-05
0.1025621703792153,2.118340844685689,2.1183389006113633,1.944074325521683e-06,8.699843412596072e-05
0.102562170379388,2.1183399953533373,2.118338900614928,1.0947384092574453e-06,8.699843396526956e-05
0.102562170379388,2.1183400764344045,2.118338900614928,1.1758194764510677e-06,8.699843396526956e-05
0.1025621703873289,2.1183399645365695,2.1183389007788405,1.0637577290140143e-06,8.608002429230955e-05
0.102562170379388,2.1183399389731328,2.118338900614928,1.0383582047523987e-06,8.699843396526956e-05
0.1025621703873289,2.1183399817077264,2.1183389007788405,1.0809288859547905e-06,8.608002429236154e-05
0.1025621703872863,2.1183399594200476,2.1183389007779607,1.058642086881889e-06,8.609391311632535e-05
0.1025621703873877,2.1183399846395665,2.118338900780054,1.0838595123630057e-06,8.606423113212973e-05
0.1025621702354512,2.118339981928994,2.118338897643849,1.0842851447812052e-06,8.627282904228075e-05
0.1025621703872865,2.1183399334923525,2.118338900777965,1.0327143873389844e-06,8.609391312046539e-05
0.102562169779472,2.1183400184165593,2.1183388882317318,1.1301848275024895e-06,8.627282904228075e-05
0.102562169779472,2.118340037114768,2.1183388882317318,1.1488830362615943e-06,8.604588354353229e-05
0.1025621703778927,2.1183400337832006,2.1183389005840625,1.1331991380814088e-06,8.713642199417603e-05
0.1025621703857669,2.1183400014438947,2.1183389007465983,1.1006972964189288e-06,8.627749832123886e-05
0.1025621703838747,2.1183400717537766,2.11833890070754,1.1710462364256102e-06,8.609382200316195e-05
0.1025621703857668,2.1183400692105665,2.118338900746596,1.1684639704689914e-06,8.627749832106004e-05
0.1025621703866447,2.118339955160981,2.1183389007647175,1.0543962636333504e-06,8.608002233765382e-05
0.1025621703838747,2.1183398951881314,2.11833890070754,9.944805912098786e-07,8.609382200316195e-05
0.1025621703838747,2.1183400244121326,2.11833890070754,1.123704592487229e-06,8.609382200316195e-05
0.1025621703856176,2.1183400963995482,2.1183389007435167,1.195656031516279e-06,8.627749265554245e-05
0.1025621702354512,2.118339971055236,2.118338897643849,1.073411386887102e-06,8.69985475179113e-05
0.1025621703873289,2.118340001780918,2.1183389007788405,1.1010020775081841e-06,8.608002429230955e-05
0.1025621703778927,2.118340056950832,2.1183389005840625,1.156366769450301e-06,8.713642199417603e-05
0.102562170379388,2.1183399951848014,2.118338900614928,1.0945698734055043e-06,8.699843396548961e-05
0.1025621678811744,2.1183400717025713,2.1183388490479276,1.2226546437510422e-06,8.603261724920812e-05
0.102562169779472,2.1183400481809778,2.1183388882317318,1.1599492459879457e-06,8.607838610917358e-05
0.1025621702354512,2.1183400257979486,2.118338897643849,1.1281540994723116e-06,8.627282904228075e-05
0.1025621703856176,2.118340040726796,2.1183389007435167,1.1399832793301812e-06,8.606420822837829e-05
0.1025621702613427,2.1183400907242804,2.11833889817829,1.1925459904027491e-06,8.627282904228075e-05
0.1025621703872865,2.1183400571411055,2.118338900777965,1.1563631403532781e-06,8.609391312046539e-05
0.1025621702354512,2.118340050991101,2.118338897643849,1.1533472519253962e-06,8.627282904228075e-05
0.1025621703873289,2.1183398463542584,2.1183389007788405,9.455754179654718e-07,8.608002429230955e-05
0.1025621703873289,2.1183399127704488,2.1183389007788405,1.0119916082906855e-06,8.608002429230955e-05
0.1025621702354512,2.1183399679594843,2.118338897643849,1.0703156352320775e-06,8.607838610917358e-05
0.1025621703872865,2.1183399692612754,2.118338900777965,1.068483310273649e-06,8.609391312046539e-05
0.102562169779472,2.1183401107737208,2.1183388882317318,1.2225419889766442e-06,8.627282904228075e-05
0.1025621703872863,2.118340010408859,2.1183389007779607,1.109630898277203e-06,8.609391311632535e-05
0.1025621703872863,2.1183401679305915,2.1183389007779607,1.2671526308238867e-06,8.609391311632535e-05
0.1025621703872863,2.1183398488815475,2.1183389007779607,9.481035867509036e-07,8.609391311632535e-05
0.102562170379388,2.1183399463930175,2.118338900614928,1.0457780894590485e-06,8.699843396548961e-05
0.1025621703778929,2.118340046979912,2.118338900584067,1.146395844919823e-06,8.713642199769674e-05
0.1025621703856176,2.1183398768792663,2.1183389007435167,9.76135749564122e-07,8.609382200316195e-05
0.1025621703874336,2.118339897217773,2.1183389007810014,9.964367717607558e-07,8.604935429592303e-05
0.1025621703874336,2.118339868520478,2.1183389007810014,9.677394765539304e-07,8.604935429592303e-05
0.1025621703873289,2.1183398788864145,2.1183389007788405,9.781075740455947e-07,8.608002429230955e-05
0.1025621703857669,2.1183401256685315,2.1183389007465983,1.2249219332183259e-06,8.627749832123886e-05
0.1025621703838747,2.118339958766719,2.11833890070754,1.0580591789377536e-06,8.608002233765382e-05
0.1025621698045938,2.118339983460226,2.118338888750285,1.0947099409186478e-06,8.604588354353229e-05
0.1025621703872865,2.1183399939721785,2.118338900777965,1.0931942133751704e-06,8.609391312046539e-05
0.1025621703792153,2.1183399622390797,2.1183389006113633,1.0616277164032795e-06,8.608002233765382e-05
0.1025621703866447,2.1183399846873523,2.1183389007647175,1.0839226347592046e-06,8.606420822837829e-05
0.1025621703873289,2.1183399649548753,2.1183389007788405,1.0641760348484297e-06,8.608002429236154e-05
0.102562170379388,2.1183400518120186,2.118338900614928,1.1511970905431212e-06,8.699843396548961e-05
0.1025621703873289,2.118339952223051,2.1183389007788405,1.0514442103648491e-06,8.608002429230955e-05
0.1025621698045938,2.118340015747668,2.118338888750285,1.1269973829719504e-06,8.607838610917358e-05
0.1025621703857668,2.1183400779410695,2.118338900746596,1.1771944734562112e-06,8.627749832106004e-05
0.1025621703872863,2.1183400173106937,2.1183389007779607,1.1165327329365482e-06,8.609391311632535e-05
0.1025621703857668,2.1183400077530137,2.118338900746596,1.107006417644385e-06,8.627749832106004e-05
0.1025621702613427,2.1183401206824457,2.11833889817829,1.2225041556845895e-06,8.627282904228075e-05
0.102562170379388,2.1183400720761583,2.118338900614928,1.1714612302426985e-06,8.699843396526956e-05
0.1025621703873289,2.118340037190151,2.1183389007788405,1.1364113103873308e-06,8.608002429236154e-05
0.1025621703857669,2.1183400102474583,2.1183389007465983,1.1095008600747747e-06,8.627749832123886e-05
0.1025621703857669,2.118340009975999,2.1183389007465983,1.1092294007752912e-06,8.627749832123886e-05
0.1025621703838747,2.1183400184080066,2.11833890070754,1.1177004664020274e-06,8.608002233765382e-05
0.1025621703872863,2.1183398817741677,2.1183389007779607,9.809962069340372e-07,8.609391311632535e-05
0.1025621702613427,2.118340021587634,2.11833889817829,1.1234093437728632e-06,8.627282904228075e-05
0.102562169779472,2.118340066631062,2.1183388882317318,1.1783993301150986e-06,8.603261724920812e-05
0.1025621702613427,2.1183402124127566,2.11833889817829,1.314234466587294e-06,8.627282904228075e-05
0.1025621703873289,2.118340062182965,2.1183389007788405,1.1614041244278894e-06,8.608002429236154e-05
0.1025621703872863,2.118340093815583,2.1183389007779607,1.193037622471138e-06,8.609391311632535e-05
0.1025621703792153,2.1183400341185825,2.1183389006113633,1.1335072191975826e-06,8.699843412596072e-05
0.1025621703838747,2.1183400923774136,2.11833890070754,1.1916698734459885e-06,8.609382200316195e-05
0.1025621703856176,2.1183400573180515,2.1183389007435167,1.1565745348107725e-06,8.606420822837829e-05
0.1025621698045938,2.1183401198580296,2.118338888750285,1.2311077446369723e-06,8.607838610917358e-05
0.1025621698045938,2.1183399125706712,2.118338888750285,1.0238203862478201e-06,8.603261724920812e-05
0.1025621703873289,2.1183399860820846,2.1183389007788405,1.0853032441637822e-06,8.608002429230955e-05
0.102562169779472,2.1183400043779117,2.1183388882317318,1.1161461799247263e-06,8.604588354353229e-05
0.1025621703873289,2.1183400106473513,2.1183389007788405,1.1098685108734685e-06,8.608002429236154e-05
0.1025621703873877,2.1183399952796735,2.118338900780054,1.0944996193806844e-06,8.606423113300073e-05
0.1025621703792153,2.1183400134065686,2.1183389006113633,1.1127952053158197e-06,8.699843412596072e-05
0.1025621678811744,2.1183400611756396,2.1183388490479276,1.2121277119803153e-06,8.603261724920812e-05
0.1025621703873289,2.1183399435417414,2.1183389007788405,1.0427629009157613e-06,8.608002429230955e-05
0.1025621703874336,2.118340092187939,2.1183389007810014,1.1914069375507097e-06,8.604935429511404e-05
0.1025621703792153,2.118339952594476,2.1183389006113633,1.0519831126210022e-06,8.699843412596072e-05
0.1025621703838747,2.11834008425734,2.11833890070754,1.1835497999435063e-06,8.609382200316195e-05
0.1025621702613427,2.118340178285846,2.11833889817829,1.2801075559565334e-06,8.627282904228075e-05
0.1025621698045938,2.11834007698583,2.118338888750285,1.1882355450687498e-06,8.627282904228075e-05
0.102562170379388,2.118339873488657,2.118338900614928,9.728737291325729e-07,8.699843396548961e-05
0.1025621703873289,2.1183400312664418,2.1183389007788405,1.1304876013085163e-06,8.608002429236154e-05
0.1025621703872863,2.1183399710496507,2.1183389007779607,1.0702716899402276e-06,8.609391311632535e-05
0.1025621703838747,2.118340054909667,2.11833890070754,1.154202126762982e-06,8.609382200316195e-05
0.1025621702354512,2.1183400791848706,2.118338897643849,1.1815410214666144e-06,8.69985475179113e-05
0.1025621703792153,2.118340160391485,2.1183389006113633,1.2597801215541438e-06,8.699843412596072e-05
0.1025621703872863,2.118340032141618,2.1183389007779607,1.1313636574250552e-06,8.609391311632535e-05
0.1025621703873877,2.1183399923807613,2.118338900780054,1.0916007071593015e-06,8.606423113300073e-05
0.1025621703872863,2.118340016171415,2.1183389007779607,1.1153934544871902e-06,8.609391311632535e-05
0.1025621703856176,2.118340096541852,2.1183389007435167,1.1957983354626833e-06,8.627749265554245e-05
0.1025621703866447,2.1183399967806444,2.1183389007647175,1.0960159269046699e-06,8.606420822837829e-05
0.1025621698045938,2.1183399489136328,2.118338888750285,1.0601633477769212e-06,8.603261724920812e-05
0.1025621698045938,2.1183401762381773,2.118338888750285,1.2874878922986e-06,8.607838610917358e-05
0.1025621703873877,2.1183400637557614,2.118338900780054,1.1629757072917357e-06,8.606423113212973e-05
0.1025621703856176,2.118339987299097,2.1183389007435167,1.0865555801764515e-06,8.606420822837829e-05
0.1025621703857668,2.118340054490206,2.118338900746596,1.1537436099828824e-06,8.627749832106004e-05
0.1025621703857669,2.1183399975516886,2.1183389007465983,1.0968050903059634e-06,8.627749832123886e-05
0.1025621703746251,2.1183400407391426,2.118338900516614,1.140222528395185e-06,8.627749265554245e-05
0.1025621703838747,2.118340018376236,2.11833890070754,1.1176686958158655e-06,8.609382200316195e-05
0.1025621703857668,2.118340034002221,2.118338900746596,1.1332556248966341e-06,8.627749832106004e-05
0.1025621703866447,2.1183400063853886,2.1183389007647175,1.1056206710158278e-06,8.608002233765382e-05
0.1025621703873289,2.1183399040391695,2.1183389007788405,1.0032603290355269e-06,8.608002429230955e-05
0.1025621698045938,2.1183400534782626,2.118338888750285,1.1647279776205721e-06,8.627282904228075e-05
0.1025621702354512,2.1183400833183907,2.118338897643849,1.1856745416594094e-06,8.627282904228075e-05
0.1025621703857669,2.118339939476569,2.1183389007465983,1.0387299709258002e-06,8.627749832123886e-05
0.102562169779472,2.118339976382314,2.1183388882317318,1.0881505820847792e-06,8.604588354353229e-05
0.1025621703872865,2.118339868583373,2.118338900777965,9.678054078143816e-07,8.609391312046539e-05
0.1025621703838747,2.1183399472050533,2.11833890070754,1.0464975130908272e-06,8.609382200316195e-05
0.1025621703746251,2.1183400495009663,2.118338900516614,1.148984352106197e-06,8.699843412596072e-05
0.1025621703857669,2.1183400242593957,2.1183389007465983,1.1235127974629222e-06,8.627749832123886e-05
0.102562170379388,2.1183399927939077,2.118338900614928,1.0921789797002646e-06,8.699843396526956e-05
0.1025621703873877,2.1183399767641324,2.118338900780054,1.0759840782803565e-06,8.606423113300073e-05
0.102562170379388,2.1183400514294033,2.118338900614928,1.150814475270323e-06,8.699843396526956e-05
0.102562170379388,2.118340008979956,2.118338900614928,1.108365027757685e-06,8.699843396548961e-05
0.1025621703873289,2.118339975991833,2.1183389007788405,1.0752129924185283e-06,8.608002429236154e-05
0.1025621703873877,2.1183399011990085,2.118338900780054,1.0004189543444397e-06,8.606423113300073e-05
0.102562169779472,2.118340075139241,2.1183388882317318,1.1869075091652803e-06,8.69985475179113e-05
0.1025621702354512,2.118340047429157,2.118338897643849,1.149785307852369e-06,8.607838610917358e-05
0.102562169779472,2.1183400200804305,2.1183388882317318,1.1318486987654808e-06,8.603261724920812e-05
0.1025621703874336,2.1183399469145914,2.1183389007810014,1.0461335899769608e-06,8.604935429592303e-05
0.1025621703873877,2.118340003999506,2.118338900780054,1.10321945179237e-06,8.606423113300073e-05
0.1025621703746251,2.1183400800512246,2.118338900516614,1.1795346104293003e-06,8.627749265554245e-05
0.102562169779472,2.1183400794707192,2.1183388882317318,1.1912389874524365e-06,8.604588354353229e-05
0.1025621703856176,2.118340092229077,2.1183389007435167,1.1914855604366892e-06,8.604933343977453e-05
0.1025621698045938,2.118340022894395,2.118338888750285,1.1341441101819782e-06,8.604588354353229e-05
0.1025621698045938,2.118339886029588,2.118338888750285,9.97279303138754e-07,8.603261724920812e-05
0.1025621703872865,2.1183397935411707,2.118338900777965,8.927632055844015e-07,8.609391312046539e-05
0.1025621703872863,2.118340025437383,2.1183389007779607,1.1246594224800788e-06,8.609391311632535e-05
0.1025621702354512,2.1183400816499063,2.118338897643849,1.1840060571977062e-06,8.627282904228075e-05
0.1025621702354512,2.1183399679594843,2.118338897643849,1.0703156352320775e-06,8.607838610917358e-05
0.1025621703857669,2.118339933240679,2.1183389007465983,1.0324940808992267e-06,8.627749832123886e-05
0.1025621703857668,2.1183401256685315,2.118338900746596,1.224921935438772e-06,8.627749832106004e-05
0.1025621703872865,2.118340022604514,2.118338900777965,1.1218265489887358e-06,8.609391312046539e-05
0.1025621703873289,2.1183399174979844,2.1183389007788405,1.0167191439869327e-06,8.608002429230955e-05
0.1025621703857668,2.118340033367382,2.118338900746596,1.1326207860484772e-06,8.627749832106004e-05
0.1025621703838747,2.118339863156978,2.11833890070754,9.624494379245618e-07,8.608002233765382e-05
0.1025621703872865,2.1183400124875873,2.118338900777965,1.1117096221369138e-06,8.609391312046539e-05
0.1025621703856176,2.118339946869153,2.1183389007435167,1.0461256363392124e-06,8.627749265554245e-05
0.1025621703838747,2.118339878053695,2.11833890070754,9.773461546735973e-07,8.609382200316195e-05
0.1025621702354512,2.1183400831476327,2.118338897643849,1.1855037835850624e-06,8.762155233193334e-05
0.1025621698045938,2.118340070398611,2.118338888750285,1.181648325854212e-06,8.604588354353229e-05
0.1025621703874336,2.118339955182426,2.1183389007810014,1.054401424394058e-06,8.604935429511404e-05
0.1025621703857668,2.1183400298840906,2.118338900746596,1.1291374946154065e-06,8.627749832106004e-05
0.1025621703746251,2.118340054118061,2.118338900516614,1.1536014468127576e-06,8.609382200316195e-05
0.1025621703792153,2.1183399802085523,2.1183389006113633,1.079597188979875e-06,8.627749265554245e-05
0.1025621702354512,2.118340002992237,2.118338897643849,1.10534838793086e-06,8.607838610917358e-05
0.1025621703874336,2.118339809796402,2.1183389007810014,9.090154007296292e-07,8.604935429511404e-05
0.1025621703857669,2.1183399693797753,2.1183389007465983,1.0686331770592972e-06,8.627749832123886e-05
0.1025621703872863,2.1183399587753176,2.1183389007779607,1.0579973568347611e-06,8.609391311632535e-05
0.1025621698045938,2.118339954617441,2.118338888750285,1.0658671558694266e-06,8.603261724920812e-05
0.1025621698045938,2.1183399691432885,2.118338888750285,1.0803930035052645e-06,8.603261724920812e-05
0.1025621703857669,2.1183399920692696,2.1183389007465983,1.0913226713427093e-06,8.627749832123886e-05
0.102562170379388,2.118339973284523,2.118338900614928,1.0726695949259124e-06,8.699843396548961e-05
0.1025621703838747,2.1183399399650167,2.11833890070754,1.0392574765205609e-06,8.627749265554245e-05
0.1025621703856176,2.118339985090245,2.1183389007435167,1.084346728408292e-06,8.608002233765382e-05
0.1025621703857668,2.1183400387369065,2.118338900746596,1.13799031042916e-06,8.627749832106004e-05
0.1025621703866447,2.1183399912458745,2.1183389007647175,1.0904811569290018e-06,8.606420822837829e-05
0.1025621702354512,2.11834012354979,2.118338897643849,1.2259059407604411e-06,8.762155233193334e-05
0.1025621703838747,2.118339803554686,2.11833890070754,9.02847145933805e-07,8.627749265554245e-05
0.1025621703409047,2.118339892095094,2.118338899820573,9.922745207724404e-07,8.607838610917358e-05
0.102562170379388,2.118339995119634,2.118338900614928,1.094504705978494e-06,8.699843396548961e-05
0.102562169779472,2.118340090317849,2.1183388882317318,1.2020861173134278e-06,8.607838610917358e-05
0.102562169779472,2.118339993406199,2.1183388882317318,1.1051744670531605e-06,8.604588354353229e-05
0.1025621703872865,2.1183399953082716,2.118338900777965,1.0945303063891743e-06,8.609391312046539e-05
0.1025621703873289,2.118340074979309,2.1183389007788405,1.174200468412323e-06,8.608002429230955e-05
0.1025621703873289,2.1183399222239636,2.1183389007788405,1.0214451231504995e-06,8.608002429230955e-05
0.1025621703857668,2.1183400497003486,2.118338900746596,1.1489537525832816e-06,8.627749832106004e-05
0.1025621703872863,2.118339962199668,2.1183389007779607,1.061421707415633e-06,8.609391311632535e-05
0.1025621703873289,2.11833993611701,2.1183389007788405,1.0353381694194752e-06,8.608002429230955e-05
0.1025621703409047,2.118339987744691,2.118338899820573,1.0879241179040378e-06,8.607838610917358e-05
0.1025621703873289,2.118339968299587,2.1183389007788405,1.0675207464672098e-06,8.608002429236154e-05
0.1025621703857668,2.1183401658372927,2.118338900746596,1.2650906966449327e-06,8.627749832106004e-05
0.1025621703873289,2.1183399439694846,2.1183389007788405,1.0431906440899752e-06,8.608002429230955e-05
0.1025621703792153,2.1183399977872037,2.1183389006113633,1.0971758404032528e-06,8.609382200316195e-05
0.1025621703872865,2.1183399834394656,2.118338900777965,1.0826615004511098e-06,8.609391312046539e-05
0.1025621703872865,2.1183400029756334,2.118338900777965,1.102197668245708e-06,8.609391312046539e-05
0.1025621703857668,2.1183399612230946,2.118338900746596,1.0604764986155146e-06,8.627749832106004e-05
0.102562169779472,2.1183400589560906,2.1183388882317318,1.170724358789954e-06,8.627282904228075e-05
0.1025621703838747,2.118339803554686,2.11833890070754,9.02847145933805e-07,8.627749265554245e-05
0.1025621703872865,2.118339896739305,2.118338900777965,9.95961339622653e-07,8.609391312046539e-05
0.1025621698045938,2.1183399978521935,2.118338888750285,1.109101908536303e-06,8.604588354353229e-05
0.1025621703873289,2.1183398019675477,2.1183389007788405,9.011887072141178e-07,8.608002429230955e-05
0.1025621703856176,2.1183399975042008,2.1183389007435167,1.0967606840495137e-06,8.627749265554245e-05
0.1025621703857669,2.1183401193564793,2.1183389007465983,1.2186098810040846e-06,8.627749832123886e-05
0.1025621703874336,2.118339979234715,2.1183389007810014,1.0784537134433947e-06,8.604935429592303e-05
0.1025621703857669,2.118340004651622,2.1183389007465983,1.1039050238359494e-06,8.627749832123886e-05
0.1025621703873289,2.118339926771794,2.1183389007788405,1.0259929537070889e-06,8.608002429236154e-05
0.1025621703872863,2.1183397534962354,2.1183389007779607,8.527182746576045e-07,8.609391311632535e-05
0.1025621703792153,2.1183399543446155,2.1183389006113633,1.0537332522098097e-06,8.627749265554245e-05
0.1025621703856176,2.1183400546462945,2.1183389007435167,1.1539027777729416e-06,8.609382200316195e-05
0.1025621703872863,2.11834007922625,2.1183389007779607,1.1784482891741277e-06,8.609391311632535e-05
0.1025621698045938,2.118340148468338,2.118338888750285,1.2597180529816399e-06,8.627282904228075e-05
0.1025621703746251,2.1183400027178423,2.118338900516614,1.1022012280648141e-06,8.609382200316195e-05
0.102562170379388,2.1183399653451755,2.118338900614928,1.0647302475241816e-06,8.699843396548961e-05
0.1025621703856176,2.1183399920445356,2.1183389007435167,1.0913010188851047e-06,8.627749265554245e-05
0.1025621698045938,2.118340086230732,2.118338888750285,1.1974804468017908e-06,8.607838610917358e-05
0.1025621703873289,2.1183400751561767,2.1183389007788405,1.1743773362660193e-06,8.608002429230955e-05
0.1025621703873289,2.1183399516948525,2.1183389007788405,1.0509160119909211e-06,8.608002429236154e-05
0.1025621703873289,2.1183399712838775,2.1183389007788405,1.0705050370596325e-06,8.608002429236154e-05
0.1025621703838747,2.118339932635482,2.11833890070754,1.031927941763655e-06,8.608002233765382e-05
0.1025621702354512,2.1183399827098546,2.118338897643849,1.0850660054906314e-06,8.69985475179113e-05
0.1025621703838747,2.1183399458794026,2.11833890070754,1.0451718623905037e-06,8.609382200316195e-05
0.1025621703838747,2.1183398392998445,2.11833890070754,9.38592304322583e-07,8.627749265554245e-05
0.1025621703792153,2.1183400188373556,2.1183389006113633,1.1182259922470905e-06,8.627749265554245e-05
0.1025621703838747,2.1183398685785173,2.11833890070754,9.678709771421268e-07,8.609382200316195e-05
0.1025621703838747,2.118340003801069,2.11833890070754,1.1030935289646493e-06,8.609382200316195e-05
0.1025621703792153,2.1183400699302606,2.1183389006113633,1.1693188972650148e-06,8.699843412596072e-05
0.1025621703856176,2.1183400345193757,2.1183389007435167,1.1337758589746727e-06,8.627749265554245e-05
0.1025621703857668,2.1183399976072095,2.118338900746596,1.0968606134476033e-06,8.627749832106004e-05
0.1025621703866447,2.1183400727959714,2.1183389007647175,1.1720312538265887e-06,8.608002233765382e-05
0.1025621703792153,2.118340008762527,2.1183389006113633,1.1081511637200947e-06,8.606420822837829e-05
0.1025621703872865,2.11834004744855,2.118338900777965,1.1466705847062997e-06,8.609391312046539e-05
0.1025621703872865,2.118339954514208,2.118338900777965,1.0537362427065489e-06,8.609391312046539e-05
0.1025621703872863,2.118339985708287,2.1183389007779607,1.0849303264670596e-06,8.609391311632535e-05
0.1025621703792153,2.118340004366966,2.1183389006113633,1.1037556024717787e-06,8.608002233765382e-05
0.1025621698045938,2.11833996914562,2.118338888750285,1.0803953349736162e-06,8.604588354353229e-05
0.1025621703874336,2.1183400609660756,2.1183389007810014,1.160185074233766e-06,8.604935429592303e-05
0.1025621703857668,2.1183400623074675,2.118338900746596,1.1615608714876657e-06,8.627749832106004e-05
0.1025621703734333,2.118340060262109,2.1183389004920135,1.1597700955157109e-06,8.699843412596072e-05
0.1025621703838747,2.118339999413855,2.11833890070754,1.0987063148171217e-06,8.609382200316195e-05
0.1025621703874336,2.118339781344598,2.1183389007810014,8.805635967057412e-07,8.604935429511404e-05
0.1025621703873289,2.1183400182786425,2.1183389007788405,1.1174998020280213e-06,8.608002429236154e-05
0.102562169779472,2.1183400578336284,2.1183388882317318,1.1696018966667054e-06,8.604588354353229e-05
0.1025621702354512,2.1183401064945153,2.118338897643849,1.20885066623444e-06,8.627282904228075e-05
0.1025621703874336,2.1183399275884987,2.1183389007810014,1.0268074972508145e-06,8.604935429511404e-05
0.1025621703792153,2.118339971162628,2.1183389006113633,1.0705512645259319e-06,8.608002233765382e-05
0.1025621703857668,2.1183399696955454,2.118338900746596,1.0689489493564963e-06,8.627749832106004e-05
0.1025621698045938,2.118340044046216,2.118338888750285,1.1552959309213406e-06,8.627282904228075e-05
0.1025621703873289,2.118339894253371,2.1183389007788405,9.934745306416914e-07,8.608002429236154e-05
0.1025621703857668,2.118339868923411,2.118338900746596,9.681768151637016e-07,8.627749832106004e-05
0.1025621703867217,2.1183397621627273,2.1183389007663065,8.613964208592506e-07,8.608002233765382e-05
0.1025621703778929,2.118340059840157,2.118338900584067,1.1592560902329296e-06,8.713642199769674e-05
0.1025621702354512,2.118339843876087,2.118338897643849,9.462322378972488e-07,8.69985475179113e-05
0.1025621703873877,2.118340027765029,2.118338900780054,1.126984974675338e-06,8.606423113212973e-05
0.1025621703873289,2.1183400542966915,2.1183389007788405,1.1535178510158062e-06,8.608002429236154e-05
0.1025621698045938,2.1183400908998222,2.118338888750285,1.2021495372493973e-06,8.604588354353229e-05
0.102562170379388,2.1183400283248814,2.118338900614928,1.1277099534190427e-06,8.699843396548961e-05
0.1025621698045938,2.1183400457457298,2.118338888750285,1.1569954447843145e-06,8.627282904228075e-05
0.1025621703792153,2.1183399197884234,2.1183389006113633,1.0191770600798122e-06,8.627749265554245e-05
0.102562170379388,2.1183399972954646,2.118338900614928,1.0966805366052768e-06,8.699843396548961e-05
0.1025621703873289,2.118340017130331,2.1183389007788405,1.1163514903600458e-06,8.608002429230955e-05
0.1025621703857669,2.1183399699256666,2.1183389007465983,1.0691790683914348e-06,8.627749832123886e-05
0.1025621703778929,2.1183400567279618,2.118338900584067,1.1561438948426428e-06,8.713642199769674e-05
0.1025621703792153,2.11833991771362,2.1183389006113633,1.017102256639646e-06,8.608002233765382e-05
0.1025621703873289,2.118340000420275,2.1183389007788405,1.0996414343544814e-06,8.608002429230955e-05
0.1025621703872863,2.1183399893343955,2.1183389007779607,1.088556434769572e-06,8.609391311632535e-05
0.102562169779472,2.1183400445681877,2.1183388882317318,1.1563364559208367e-06,8.607838610917358e-05
0.102562170379388,2.1183400333855453,2.118338900614928,1.1327706173069885e-06,8.699843396526956e-05
0.102562170379388,2.118339915605329,2.118338900614928,1.014990401060345e-06,8.699843396548961e-05
0.1025621676899787,2.118340027857433,2.118338845101352,1.1827560810750981e-06,8.602513224222104e-05
0.1025621703838747,2.118339902080991,2.11833890070754,1.0013734508262928e-06,8.609382200316195e-05
0.1025621703838747,2.118340039134074,2.11833890070754,1.1384265339309252e-06,8.609382200316195e-05
0.1025621703872865,2.1183400566151915,2.118338900777965,1.1558372263742456e-06,8.609391312046539e-05
0.1025621703866447,2.118339893683933,2.1183389007647175,9.929192152924315e-07,8.608002233765382e-05
0.1025621703872863,2.1183399005835595,2.1183389007779607,9.998055987558985e-07,8.609391311632535e-05
0.1025621703856176,2.1183400308035614,2.1183389007435167,1.1300600446517706e-06,8.608002233765382e-05
0.1025621703873289,2.118339989238206,2.1183389007788405,1.088459365750083e-06,8.608002429236154e-05
0.1025621703866447,2.11833998208616,2.1183389007647175,1.0813214426086404e-06,8.606420822837829e-05
0.1025621703792153,2.1183399251881534,2.1183389006113633,1.0245767900762814e-06,8.609382200316195e-05
0.1025621703838747,2.118340011886463,2.11833890070754,1.111178922652556e-06,8.609382200316195e-05
0.1025621703872865,2.1183399829115803,2.118338900777965,1.0821336151600747e-06,8.609391312046539e-05
0.1025621703856176,2.1183397649840185,2.1183389007435167,8.642405018299826e-07,8.609382200316195e-05
0.102562169779472,2.1183399964152367,2.1183388882317318,1.1081835049608912e-06,8.604588354353229e-05
0.1025621703873289,2.118339902975223,2.1183389007788405,1.0021963823270141e-06,8.608002429236154e-05
0.1025621703857669,2.1183400663190235,2.1183389007465983,1.1655724252435107e-06,8.627749832123886e-05
0.1025621698045938,2.118340049994203,2.118338888750285,1.1612439179131684e-06,8.69985475179113e-05
0.1025621703838747,2.118339929291823,2.11833890070754,1.0285842826363023e-06,8.609382200316195e-05
0.1025621702354512,2.1183398918483367,2.118338897643849,9.942044876254386e-07,8.607838610917358e-05
0.1025621703856176,2.1183401170230436,2.1183389007435167,1.2162795268721993e-06,8.609382200316195e-05
0.1025621702613427,2.1183400453540537,2.11833889817829,1.1471757637160351e-06,8.627282904228075e-05
0.1025621703857668,2.118339995778883,2.118338900746596,1.0950322870684204e-06,8.627749832106004e-05
0.1025621698045938,2.1183398591265146,2.118338888750285,9.703762295920626e-07,8.603261724920812e-05
0.1025621703873289,2.1183400669078685,2.1183389007788405,1.16612902800739e-06,8.608002429230955e-05
0.1025621702354512,2.1183398636757174,2.118338897643849,9.660318682769287e-07,8.627282904228075e-05
0.1025621703792153,2.1183400129371117,2.1183389006113633,1.1123257483980353e-06,8.609382200316195e-05
0.1025621703872863,2.1183400513829307,2.1183389007779607,1.1506049699683274e-06,8.609391311632535e-05
0.1025621703838747,2.1183400117074154,2.11833890070754,1.1109998752090178e-06,8.609382200316195e-05
0.102562169779472,2.118340076950692,2.1183388882317318,1.188718960154489e-06,8.604588354353229e-05
0.1025621703873289,2.11834001752412,2.1183389007788405,1.116745279361453e-06,8.608002429230955e-05
0.1025621703873289,2.1183398107317664,2.1183389007788405,9.099529258982386e-07,8.608002429230955e-05
0.1025621703873289,2.1183400783912134,2.1183389007788405,1.1776123729489996e-06,8.608002429230955e-05
0.102562170379388,2.118340042179772,2.118338900614928,1.1415648439871973e-06,8.699843396548961e-05
0.1025621703872893,2.118340030095548,2.118338900778023,1.1293175252724552e-06,8.608002233765382e-05
0.1025621698045938,2.1183399525596918,2.118338888750285,1.0638094067871862e-06,8.603261724920812e-05
0.1025621703872863,2.1183399198294093,2.1183389007779607,1.0190514485586277e-06,8.609391311632535e-05
0.1025621703867217,2.118340115003257,2.1183389007663065,1.2142369505419026e-06,8.608002233765382e-05
0.1025621703873289,2.118339938987539,2.1183389007788405,1.038208698567189e-06,8.608002429230955e-05
0.1025621703872865,2.1183399392775604,2.118338900777965,1.0384995952072984e-06,8.609391312046539e-05
0.1025621702613427,2.118340012593004,2.11833889817829,1.1144147138431038e-06,8.607838610917358e-05
0.102562170379388,2.1183400271415236,2.118338900614928,1.1265265955628934e-06,8.699843396526956e-05
0.102562170379388,2.118340044186338,2.118338900614928,1.1435714100116456e-06,8.699843396526956e-05
0.1025621702354512,2.118339991215529,2.118338897643849,1.0935716798776696e-06,8.627282904228075e-05
0.1025621703857669,2.1183399858886727,2.1183389007465983,1.085142074419565e-06,8.627749832123886e-05
0.102562170379388,2.1183400341882646,2.118338900614928,1.1335733365314127e-06,8.699843396526956e-05
0.1025621703872863,2.1183399392705624,2.1183389007779607,1.0384926016904217e-06,8.609391311632535e-05
0.1025621698045938,2.118339957057016,2.118338888750285,1.0683067310779393e-06,8.604588354353229e-05
0.1025621703857669,2.1183400145717117,2.1183389007465983,1.1138251134745758e-06,8.627749832123886e-05
0.1025621703873289,2.1183399701566175,2.1183389007788405,1.0693777769965607e-06,8.608002429236154e-05
0.1025621703872865,2.1183398644830587,2.118338900777965,9.637050935040747e-07,8.609391312046539e-05
0.1025621703857668,2.1183398039453127,2.118338900746596,9.031987167062994e-07,8.627749832106004e-05
0.1025621703857669,2.118340044126256,2.1183389007465983,1.143379657619903e-06,8.627749832123886e-05
0.102562169779472,2.1183399456421905,2.1183388882317318,1.0574104587490751e-06,8.604588354353229e-05
0.1025621703857668,2.118340012032932,2.118338900746596,1.11128633584201e-06,8.627749832106004e-05
0.1025621703873877,2.1183400237704055,2.118338900780054,1.1229903513765294e-06,8.606423113300073e-05
0.1025621703866447,2.1183401558859143,2.1183389007647175,1.2551211967526399e-06,8.608002233765382e-05
0.1025621703872863,2.1183400612142975,2.1183389007779607,1.1604363368000747e-06,8.609391311632535e-05
0.1025621703874336,2.1183399310344306,2.1183389007810014,1.0302534292350174e-06,8.604935429592303e-05
0.1025621702354512,2.1183400187625363,2.118338897643849,1.1211186872195356e-06,8.627282904228075e-05
0.1025621702613427,2.118340047521913,2.11833889817829,1.149343622941501e-06,8.607838610917358e-05
0.102562170379388,2.1183398369096067,2.118338900614928,9.362946786772852e-07,8.699843396548961e-05
0.1025621703874336,2.1183398994243787,2.1183389007810014,9.98643377325692e-07,8.604935429511404e-05
0.1025621698045938,2.118339946524662,2.118338888750285,1.0577743769779602e-06,8.604588354353229e-05
0.1025621703838747,2.1183400450240653,2.11833890070754,1.1443165250923926e-06,8.609382200316195e-05
0.1025621703866447,2.1183400246581017,2.1183389007647175,1.1238933841362098e-06,8.608002233765382e-05
0.1025621703872865,2.118340169870562,2.118338900777965,1.269092596789534e-06,8.609391312046539e-05
0.1025621676899787,2.1183399999407944,2.118338845101352,1.1548394422966624e-06,8.602513224222104e-05
0.1025621703872863,2.1183399824624907,2.1183389007779607,1.0816845299466138e-06,8.609391311632535e-05
0.102562170379388,2.118339914842384,2.118338900614928,1.0142274557978226e-06,8.699843396526956e-05
0.1025621703872863,2.1183399681027426,2.1183389007779607,1.0673247818893117e-06,8.609391311632535e-05
0.1025621703838747,2.1183400384720414,2.11833890070754,1.137764501280003e-06,8.609382200316195e-05
0.1025621703873289,2.1183400814554507,2.1183389007788405,1.1806766102573363e-06,8.608002429230955e-05
0.1025621703873289,2.118340087716205,2.1183389007788405,1.1869373643946801e-06,8.608002429230955e-05
0.1025621703872865,2.1183400397651564,2.118338900777965,1.1389871912292904e-06,8.609391312046539e-05
0.1025621703872863,2.1183400400908896,2.1183389007779607,1.1393129288883586e-06,8.609391311632535e-05
0.102562170379388,2.118340013364929,2.118338900614928,1.1127500010310598e-06,8.699843396548961e-05
0.1025621703873289,2.118340075198204,2.1183389007788405,1.1744193635365718e-06,8.608002429236154e-05
0.1025621703872865,2.118340051063357,2.118338900777965,1.1502853918265998e-06,8.609391312046539e-05
0.1025621703866447,2.118339923171102,2.1183389007647175,1.0224063844432862e-06,8.606420822837829e-05
0.1025621703856176,2.1183400336083853,2.1183389007435167,1.132864868580441e-06,8.606420822837829e-05
0.1025621703872865,2.1183400848621865,2.118338900777965,1.184084221339532e-06,8.609391312046539e-05
0.1025621703857668,2.1183400309854807,2.118338900746596,1.1302388847056477e-06,8.627749832106004e-05
0.1025621703872863,2.11834000292076,2.1183389007779607,1.1021427992474742e-06,8.609391311632535e-05
0.1025621703872865,2.1183399469761555,2.118338900777965,1.04619819030205e-06,8.609391312046539e-05
0.1025621703778927,2.11834003720906,2.1183389005840625,1.1366249976774156e-06,8.713642199417603e-05
0.1025621703746251,2.118340084427459,2.118338900516614,1.1839108449152036e-06,8.604933343977453e-05
0.1025621703873289,2.1183400013189067,2.1183389007788405,1.1005400661900921e-06,8.608002429236154e-05
0.1025621703873289,2.1183400215956807,2.1183389007788405,1.1208168402276897e-06,8.608002429230955e-05
0.1025621703872863,2.1183400260007845,2.1183389007779607,1.1252228238056716e-06,8.609391311632535e-05
0.1025621703872865,2.118339859514879,2.118338900777965,9.587369138586155e-07,8.609391312046539e-05
0.1025621703872863,2.1183399535704956,2.1183389007779607,1.0527925349279599e-06,8.609391311632535e-05
0.1025621703792153,2.1183400741714964,2.1183389006113633,1.1735601330720158e-06,8.699843412596072e-05
0.102562170379388,2.118339995072711,2.118338900614928,1.094457783068492e-06,8.699843396526956e-05
0.1025621703856176,2.118340008838882,2.1183389007435167,1.1080953652431447e-06,8.606420822837829e-05
0.1025621703874336,2.1183400388396962,2.1183389007810014,1.1380586948384064e-06,8.604935429511404e-05
0.1025621703838747,2.1183399993492387,2.11833890070754,1.0986416985048209e-06,8.608002233765382e-05
0.1025621698045938,2.1183398747788202,2.118338888750285,9.860285352658593e-07,8.604588354353229e-05
0.1025621703873289,2.1183400092256,2.1183389007788405,1.1084467597122227e-06,8.608002429230955e-05
0.1025621703778929,2.118340089062135,2.118338900584067,1.1884780679594087e-06,8.713642199769674e-05
0.1025621702354512,2.1183401930581454,2.118338897643849,1.2954142962762205e-06,8.69985475179113e-05
0.1025621703873877,2.1183399400086285,2.118338900780054,1.0392285743066054e-06,8.606423113212973e-05
0.1025621703872865,2.1183399858132943,2.118338900777965,1.0850353291402826e-06,8.609391312046539e-05
0.1025621703792153,2.1183400419637297,2.1183389006113633,1.14135236639612e-06,8.699843412596072e-05
0.1025621698045938,2.11834003827103,2.118338888750285,1.1495207448142253e-06,8.69985475179113e-05
0.1025621698045938,2.118339986936727,2.118338888750285,1.0981864422277e-06,8.627282904228075e-05
0.1025621703873877,2.1183400205608107,2.118338900780054,1.1197807565643814e-06,8.606423113300073e-05
0.1025621698045938,2.1183400125025185,2.118338888750285,1.1237522334894834e-06,8.69985475179113e-05
0.1025621702354512,2.1183400027462667,2.118338897643849,1.1051024175756652e-06,8.607838610917358e-05
0.1025621703873289,2.11834003516792,2.1183389007788405,1.1343890795600942e-06,8.608002429230955e-05
0.1025621703857669,2.1183399105798824,2.1183389007465983,1.0098332841046442e-06,8.627749832123886e-05
0.1025621703873289,2.118339895418496,2.1183389007788405,9.94639655527152e-07,8.608002429230955e-05
0.1025621703792153,2.118339854990682,2.1183389006113633,9.54379318685028e-07,8.606420822837829e-05
0.1025621703856176,2.118339748481419,2.1183389007435167,8.477379020987996e-07,8.609382200316195e-05
0.1025621703873289,2.1183399878869222,2.1183389007788405,1.0871080817764778e-06,8.608002429236154e-05
0.1025621702613427,2.1183400662088236,2.11833889817829,1.168030533627018e-06,8.627282904228075e-05
0.1025621703872865,2.1183401139652744,2.118338900777965,1.2131873092791068e-06,8.609391312046539e-05
0.1025621703746251,2.118340090019754,2.118338900516614,1.1895031399866696e-06,8.609382200316195e-05
0.1025621703873289,2.1183400149205642,2.1183389007788405,1.114141723768114e-06,8.608002429236154e-05
0.1025621703746251,2.1183400053243115,2.118338900516614,1.104807697327459e-06,8.699843412596072e-05
0.1025621698045938,2.118340011271498,2.118338888750285,1.1225212128707085e-06,8.607838610917358e-05
0.1025621703746251,2.1183400283435794,2.118338900516614,1.1278269651526784e-06,8.699843412596072e-05
0.1025621703856176,2.1183398485381715,2.1183389007435167,9.477946547598037e-07,8.627749265554245e-05
0.1025621703778929,2.118340063085021,2.118338900584067,1.1625009541660347e-06,8.713642199769674e-05
0.1025621703872865,2.1183399127681075,2.118338900777965,1.0119901423522037e-06,8.609391312046539e-05
0.1025621703872863,2.1183398473235933,2.1183389007779607,9.465456325408184e-07,8.609391311632535e-05
0.1025621703838747,2.1183400629100015,2.11833890070754,1.1622024613799908e-06,8.627749265554245e-05
0.1025621703838747,2.1183398496809414,2.11833890070754,9.48973401193598e-07,8.609382200316195e-05
0.102562170379388,2.118339990166193,2.118338900614928,1.0895512647657313e-06,8.699843396526956e-05
0.1025621702354512,2.1183400683658133,2.118338897643849,1.1707219642609346e-06,8.627282904228075e-05
0.1025621702354512,2.118340210070158,2.118338897643849,1.3124263089636656e-06,8.69985475179113e-05
0.102562170379388,2.1183400544535753,2.118338900614928,1.1538386472942364e-06,8.699843396548961e-05
0.1025621702354512,2.1183398215374214,2.118338897643849,9.238935723132613e-07,8.69985475179113e-05
0.102562169779472,2.1183399533011227,2.1183388882317318,1.0650693909042275e-06,8.604588354353229e-05
0.1025621703873289,2.1183400625837776,2.1183389007788405,1.1618049371442396e-06,8.608002429230955e-05
0.1025621703792153,2.1183400282192246,2.1183389006113633,1.127607861306501e-06,8.606420822837829e-05
0.1025621703778927,2.118340007199209,2.1183389005840625,1.1066151466287977e-06,8.713642199417603e-05
0.1025621676899787,2.118339775671383,2.118338845101352,9.305700308104292e-07,8.602513224222104e-05
0.1025621703872865,2.118339940539196,2.118338900777965,1.0397612308921111e-06,8.609391312046539e-05
0.1025621703792153,2.118340088825152,2.1183389006113633,1.18821378869427e-06,8.699843412596072e-05
0.1025621703873877,2.1183399879272646,2.118338900780054,1.0871472104767577e-06,8.606423113212973e-05
0.1025621703857669,2.1183400254318188,2.1183389007465983,1.1246852205104574e-06,8.627749832123886e-05
0.1025621703857669,2.1183400926020783,2.1183389007465983,1.1918554800871561e-06,8.627749832123886e-05
0.1025621698045938,2.1183400783397985,2.118338888750285,1.1895895135616286e-06,8.603261724920812e-05
0.1025621703873289,2.118339989209932,2.1183389007788405,1.0884310914782702e-06,8.608002429236154e-05
0.1025621703866447,2.118340021441501,2.1183389007647175,1.1206767833726872e-06,8.606420822837829e-05
0.102562169779472,2.118340076882878,2.1183388882317318,1.1886511463998772e-06,8.607838610917358e-05
0.1025621703873289,2.1183399308251003,2.1183389007788405,1.0300462598422655e-06,8.608002429230955e-05
0.1025621703866447,2.1183400300234014,2.1183389007647175,1.1292586838962393e-06,8.606420822837829e-05
0.1025621703873289,2.118339935161715,2.1183389007788405,1.0343828744652228e-06,8.608002429230955e-05
0.1025621698045938,2.118339858893817,2.118338888750285,9.701435321751717e-07,8.603261724920812e-05
0.1025621703792153,2.1183400412301983,2.1183389006113633,1.1406188349383228e-06,8.608002233765382e-05
0.1025621703873289,2.11834003516792,2.1183389007788405,1.1343890795600942e-06,8.608002429230955e-05
0.1025621703873289,2.1183400480565506,2.1183389007788405,1.147277710167316e-06,8.608002429236154e-05
0.1025621703873877,2.1183399531395524,2.118338900780054,1.0523594982103646e-06,8.606423113212973e-05
0.1025621703866447,2.1183399468523927,2.1183389007647175,1.0460876751494652e-06,8.608002233765382e-05
0.1025621703856176,2.1183400807374033,2.1183389007435167,1.1799938866019488e-06,8.608002233765382e-05
0.1025621703838747,2.118339948665815,2.11833890070754,1.047958274824623e-06,8.609382200316195e-05
0.1025621703872863,2.118340029968907,2.1183389007779607,1.1291909460808824e-06,8.609391311632535e-05
0.1025621703856176,2.1183402471971413,2.1183389007435167,1.3464536245955117e-06,8.627749265554245e-05
0.102562170379388,2.118340021070766,2.118338900614928,1.1204558378885565e-06,8.699843396548961e-05
0.1025621703873877,2.118339994238092,2.118338900780054,1.0934580378929581e-06,8.606423113300073e-05
0.1025621703857669,2.118340133295674,2.1183389007465983,1.2325490756914803e-06,8.627749832123886e-05
0.1025621703872865,2.118339996001692,2.118338900777965,1.0952237268213594e-06,8.609391312046539e-05
0.1025621703857669,2.1183400842003306,2.1183389007465983,1.1834537323451855e-06,8.627749832123886e-05
0.1025621703838747,2.1183400063963695,2.11833890070754,1.1056888293836664e-06,8.609382200316195e-05
0.1025621703872865,2.118339955846695,2.118338900777965,1.0550687297161687e-06,8.609391312046539e-05
0.1025621702354512,2.118340094455936,2.118338897643849,1.1968120867678067e-06,8.69985475179113e-05
0.1025621703857669,2.1183397812630655,2.1183389007465983,8.805164672942567e-07,8.627749832123886e-05
0.1025621702613427,2.1183400118834994,2.11833889817829,1.1137052093879163e-06,8.69985475179113e-05
0.1025621702354512,2.118340047225477,2.118338897643849,1.149581628112628e-06,8.69985475179113e-05
0.1025621703873289,2.118339996771592,2.1183389007788405,1.0959927516651646e-06,8.608002429230955e-05
0.1025621703873289,2.118340037857237,2.1183389007788405,1.1370783963293718e-06,8.608002429230955e-05
0.1025621703873289,2.1183399695918936,2.1183389007788405,1.0688130531733009e-06,8.608002429230955e-05
0.1025621702613427,2.1183399952783306,2.11833889817829,1.0971000405923803e-06,8.627282904228075e-05
0.1025621702354512,2.1183400596106106,2.118338897643849,1.1619667614759521e-06,8.69985475179113e-05
0.1025621703873877,2.1183400380437534,2.118338900780054,1.1372636992135199e-06,8.606423113212973e-05
0.1025621698045938,2.1183401138616356,2.118338888750285,1.2251113505890032e-06,8.607838610917358e-05
0.1025621703792153,2.1183399040149693,2.1183389006113633,1.00340360598139e-06,8.627749265554245e-05
0.1025621703857669,2.118339986214213,2.1183389007465983,1.085467614903024e-06,8.627749832123886e-05
0.1025621703873289,2.1183400251757525,2.1183389007788405,1.124396912022263e-06,8.608002429230955e-05
0.1025621703857669,2.1183400893195716,2.1183389007465983,1.1885729733762673e-06,8.627749832123886e-05
0.1025621703873289,2.118340013855566,2.1183389007788405,1.1130767254563523e-06,8.608002429236154e-05
0.1025621703856176,2.1183399598043025,2.1183389007435167,1.0590607857352552e-06,8.606420822837829e-05
0.1025621703872865,2.1183399898552606,2.118338900777965,1.0890772954574857e-06,8.609391312046539e-05
0.1025621703857668,2.1183399998994177,2.118338900746596,1.0991528216486302e-06,8.627749832106004e-05
0.1025621703838747,2.118340018735908,2.11833890070754,1.118028367663726e-06,8.609382200316195e-05
0.1025621703746251,2.11834007746551,2.118338900516614,1.1769488956758778e-06,8.609382200316195e-05
0.1025621703778927,2.1183401352957882,2.1183389005840625,1.2347117257505147e-06,8.713642199417603e-05
0.1025621676899787,2.1183401036353127,2.118338845101352,1.2585339606019375e-06,8.602513224222104e-05
0.1025621698045938,2.118340112901878,2.118338888750285,1.224151592982281e-06,8.762155233193334e-05
0.1025621703856176,2.118339955448727,2.1183389007435167,1.0547052102793941e-06,8.627749265554245e-05
0.1025621703873877,2.118340007615312,2.118338900780054,1.106835257669303e-06,8.606423113212973e-05
0.1025621703857668,2.1183398811636103,2.118338900746596,9.804170142402313e-07,8.627749832106004e-05
0.1025621703872865,2.1183400294722765,2.118338900777965,1.1286943113475445e-06,8.609391312046539e-05
0.1025621703873289,2.1183399572953117,2.1183389007788405,1.056516471198421e-06,8.608002429236154e-05
0.1025621678811744,2.1183401173141077,2.1183388490479276,1.2682661800766937e-06,8.627282904228075e-05
0.1025621703866447,2.11834007804874,2.1183389007647175,1.1772840222690206e-06,8.608002233765382e-05
0.1025621678811744,2.1183400824508976,2.1183388490479276,1.2334029699800908e-06,8.627282904228075e-05
0.102562170373472,2.1183400480319596,2.118338900492813,1.1475391468174223e-06,8.762204835061145e-05
0.1025621703838747,2.118339975498994,2.11833890070754,1.0747914540587544e-06,8.609382200316195e-05
0.1025621703838747,2.118339886485521,2.11833890070754,9.857779810218403e-07,8.627749265554245e-05
0.1025621702354512,2.118340020480093,2.118338897643849,1.1228362439830164e-06,8.627282904228075e-05
0.1025621703857668,2.1183400971655697,2.118338900746596,1.196418973670177e-06,8.627749832106004e-05
0.1025621703838747,2.118340012416441,2.11833890070754,1.111708900936037e-06,8.609382200316195e-05
0.102562170379388,2.118339880282625,2.118338900614928,9.796676971873808e-07,8.699843396526956e-05
0.1025621703873289,2.118340074894137,2.1183389007788405,1.174115296542766e-06,8.608002429236154e-05
0.1025621703856176,2.1183401333550607,2.1183389007435167,1.232611543944273e-06,8.627749265554245e-05
0.1025621703792153,2.118339981222644,2.1183389006113633,1.0806112809014223e-06,8.699843412596072e-05
0.1025621703866447,2.1183400113844324,2.1183389007647175,1.1106197148613717e-06,8.608002233765382e-05
0.1025621703856176,2.118340092144325,2.1183389007435167,1.1914008082314353e-06,8.609382200316195e-05
0.1025621703838747,2.1183400142010913,2.11833890070754,1.1134935511414312e-06,8.609382200316195e-05
0.1025621703857669,2.118339990648182,2.1183389007465983,1.089901583650743e-06,8.627749832123886e-05
0.1025621703874336,2.1183400425176013,2.1183389007810014,1.1417365999299989e-06,8.604935429592303e-05
0.1025621703838747,2.118340038412122,2.11833890070754,1.1377045816551856e-06,8.627749265554245e-05
0.1025621703873289,2.1183400724138304,2.1183389007788405,1.171634989916015e-06,8.608002429230955e-05
0.1025621703873289,2.1183400496926565,2.1183389007788405,1.148913816084729e-06,8.608002429230955e-05
0.1025621703873289,2.1183398926342414,2.1183389007788405,9.918554009225033e-07,8.608002429230955e-05
0.1025621703838747,2.1183401534358297,2.11833890070754,1.2527282895469227e-06,8.609382200316195e-05
0.1025621678811744,2.1183400284565774,2.1183388490479276,1.1794086498539968e-06,8.604588354353229e-05
0.1025621678811744,2.118340092033014,2.1183388490479276,1.2429850864137393e-06,8.627282904228075e-05
0.1025621703792153,2.118340034370803,2.1183389006113633,1.133759439664317e-06,8.627749265554245e-05
0.1025621703873877,2.118339992387624,2.118338900780054,1.0916075696698613e-06,8.606423113300073e-05
0.1025621703857668,2.1183400414944233,2.118338900746596,1.140747827310662e-06,8.627749832106004e-05
0.102562170379388,2.1183399726634136,2.118338900614928,1.0720484855397672e-06,8.699843396526956e-05
0.102562169779472,2.118340060722275,2.1183388882317318,1.1724905433219135e-06,8.607838610917358e-05
0.1025621703873877,2.11833991046201,2.118338900780054,1.0096819558214065e-06,8.606423113300073e-05
0.102562170379388,2.1183400055709485,2.118338900614928,1.1049560204590136e-06,8.699843396526956e-05
0.1025621703856176,2.1183400482890984,2.1183389007435167,1.147545581670073e-06,8.608002233765382e-05
0.1025621703792153,2.1183400491083697,2.1183389006113633,1.1484970063868616e-06,8.608002233765382e-05
0.1025621678811744,2.118340036980416,2.1183388490479276,1.1879324883778963e-06,8.607838610917358e-05
0.1025621703792153,2.1183399692050155,2.1183389006113633,1.068593652231442e-06,8.699843412596072e-05
0.1025621703872865,2.1183400134541865,2.118338900777965,1.112676221382003e-06,8.609391312046539e-05
0.1025621703857669,2.1183401184114103,2.1183389007465983,1.2176648120920675e-06,8.627749832123886e-05
0.1025621703857669,2.1183401114828713,2.1183389007465983,1.2107362730162663e-06,8.627749832123886e-05
0.1025621703873877,2.118340028939599,2.118338900780054,1.1281595448942028e-06,8.606423113300073e-05
0.1025621703866447,2.1183399885822998,2.1183389007647175,1.0878175822348624e-06,8.606420822837829e-05
0.102562170379388,2.11833992881517,2.118338900614928,1.0282002418371405e-06,8.699843396526956e-05
0.1025621703872865,2.1183397789085863,2.118338900777965,8.781306211069762e-07,8.609391312046539e-05
0.102562170379388,2.1183400534053356,2.118338900614928,1.1527904075769868e-06,8.699843396548961e-05
0.1025621698045938,2.1183400437440105,2.118338888750285,1.1549937255495024e-06,8.603261724920812e-05
0.1025621703857669,2.118340078755385,2.1183389007465983,1.1780087869617262e-06,8.627749832123886e-05
0.1025621703873877,2.1183399682276125,2.118338900780054,1.0674475583449805e-06,8.606423113300073e-05
0.1025621703872865,2.1183399392705624,2.118338900777965,1.0384925972495296e-06,8.609391312046539e-05
0.1025621703857668,2.1183400176198752,2.118338900746596,1.116873279194408e-06,8.627749832106004e-05
0.102562169779472,2.118340022743469,2.1183388882317318,1.134511737443944e-06,8.604588354353229e-05
0.1025621698045938,2.1183400838852293,2.118338888750285,1.1951349443428683e-06,8.604588354353229e-05
0.1025621703856176,2.118339956480793,2.1183389007435167,1.055737276267621e-06,8.609382200316195e-05
0.1025621698045938,2.1183400598823514,2.118338888750285,1.1711320664353764e-06,8.604588354353229e-05
0.1025621703838747,2.118339876658237,2.11833890070754,9.759506967021991e-07,8.627749265554245e-05
0.1025621703856176,2.1183399160732166,2.1183389007435167,1.0153296998716144e-06,8.609382200316195e-05
0.1025621703792153,2.1183400066514935,2.1183389006113633,1.1060401301499212e-06,8.608002233765382e-05
0.1025621702613427,2.118340149181195,2.11833889817829,1.2510029048229399e-06,8.627282904228075e-05
0.1025621698045938,2.118340170265013,2.118338888750285,1.281514728113109e-06,8.607838610917358e-05
0.1025621703856176,2.1183398793262636,2.1183389007435167,9.78582746835599e-07,8.627749265554245e-05
0.1025621703873289,2.1183399739098014,2.1183389007788405,1.0731309609823825e-06,8.608002429236154e-05
0.1025621703857668,2.1183400338012692,2.118338900746596,1.1330546731969093e-06,8.627749832106004e-05
0.102562170379388,2.1183401451170822,2.118338900614928,1.244502154218452e-06,8.699843396526956e-05
0.1025621703874336,2.118340000288527,2.1183389007810014,1.0995075254705e-06,8.604935429511404e-05
0.1025621703409047,2.118339892095094,2.118338899820573,9.922745207724404e-07,8.607838610917358e-05
0.1025621703872863,2.1183400557522973,2.1183389007779607,1.1549743366146004e-06,8.609391311632535e-05
0.1025621703873289,2.1183399744920837,2.1183389007788405,1.0737132432048213e-06,8.608002429236154e-05
0.1025621703873877,2.1183400623167503,2.118338900780054,1.16153669615926e-06,8.606423113300073e-05
0.1025621703792153,2.1183400180994956,2.1183389006113633,1.117488132251765e-06,8.609382200316195e-05
0.1025621703872865,2.1183399943398995,2.118338900777965,1.0935619343399594e-06,8.609391312046539e-05
0.1025621703874336,2.118340004914989,2.1183389007810014,1.104133987794853e-06,8.604935429511404e-05
0.1025621703872865,2.118339909291952,2.118338900777965,1.0085139869886461e-06,8.609391312046539e-05
0.1025621703857668,2.1183400465210815,2.118338900746596,1.1457744855114527e-06,8.627749832106004e-05
0.1025621703857669,2.1183400811115773,2.1183389007465983,1.180364979092019e-06,8.627749832123886e-05
0.1025621703857669,2.1183400305461886,2.1183389007465983,1.1297995903269964e-06,8.627749832123886e-05
0.1025621703838747,2.118339944163567,2.11833890070754,1.0434560269168003e-06,8.627749265554245e-05
0.1025621703873877,2.1183400118138547,2.118338900780054,1.1110338005160258e-06,8.606423113212973e-05
0.1025621703409047,2.118340009610946,2.118338899820573,1.1097903729329062e-06,8.69985475179113e-05
0.1025621703792153,2.1183400910138865,2.1183389006113633,1.1904025232212234e-06,8.699843412596072e-05
0.1025621703856176,2.1183399416104147,2.1183389007435167,1.0408668980055324e-06,8.608002233765382e-05
0.1025621678811744,2.1183400554078635,2.1183388490479276,1.2063599359457555e-06,8.762155233193334e-05
0.1025621702354512,2.1183400456995503,2.118338897643849,1.148055701172268e-06,8.627282904228075e-05
0.1025621698045938,2.118340037269546,2.118338888750285,1.1485192610294348e-06,8.69985475179113e-05
0.1025621703873877,2.11834000829458,2.118338900780054,1.1075145258665486e-06,8.606423113300073e-05
0.1025621703873289,2.118340100957994,2.1183389007788405,1.2001791533933215e-06,8.608002429230955e-05
0.1025621703792153,2.1183399787214947,2.1183389006113633,1.0781101313916963e-06,8.609382200316195e-05
0.1025621703866447,2.1183400251618347,2.1183389007647175,1.124397117191478e-06,8.608002233765382e-05
0.102562170379388,2.1183400258696667,2.118338900614928,1.1252547387208267e-06,8.699843396526956e-05
0.1025621703873289,2.1183400182786425,2.1183389007788405,1.1174998020280213e-06,8.608002429236154e-05
0.1025621703873289,2.118340011147125,2.1183389007788405,1.1103682844293417e-06,8.608002429230955e-05
0.1025621703872863,2.1183397498938445,2.1183389007779607,8.491158838275226e-07,8.609391311632535e-05
0.1025621703857669,2.118340066332047,2.1183389007465983,1.1655854486036787e-06,8.627749832123886e-05
0.1025621698045938,2.1183401301071583,2.118338888750285,1.241356873293853e-06,8.607838610917358e-05
0.1025621703746251,2.118340032772056,2.118338900516614,1.1322554418491393e-06,8.606420822837829e-05
0.1025621698045938,2.1183400552330176,2.118338888750285,1.1664827326285376e-06,8.604588354353229e-05
0.1025621703872865,2.118340014167109,2.118338900777965,1.1133891439918386e-06,8.609391312046539e-05
0.1025621703866447,2.1183400345691497,2.1183389007647175,1.1338044321185237e-06,8.606420822837829e-05
0.1025621703872865,2.118340015546437,2.118338900777965,1.1147684717549566e-06,8.609391312046539e-05
0.1025621678811744,2.118340084765609,2.1183388490479276,1.2357176815136484e-06,8.69985475179113e-05
0.1025621703873877,2.1183399658063373,2.118338900780054,1.0650262831646273e-06,8.606423113300073e-05
0.102562170379388,2.1183400816987614,2.118338900614928,1.1810838334014306e-06,8.699843396548961e-05
0.1025621703792153,2.1183399085677355,2.1183389006113633,1.0079563721454576e-06,8.627749265554245e-05
0.1025621703857668,2.118339825220616,2.118338900746596,9.244740200031742e-07,8.627749832106004e-05
0.1025621703856176,2.1183399946281956,2.1183389007435167,1.0938846788377532e-06,8.609382200316195e-05
0.1025621703872865,2.118340031630793,2.118338900777965,1.1308528278242136e-06,8.609391312046539e-05
0.1025621703857669,2.118340022887661,2.1183389007465983,1.1221410627371142e-06,8.627749832123886e-05
0.1025621703873289,2.118339857452939,2.1183389007788405,9.56674098606669e-07,8.608002429236154e-05
0.102562170379388,2.1183398369096067,2.118338900614928,9.362946786772852e-07,8.699843396526956e-05
0.1025621703838747,2.1183399055368035,2.11833890070754,1.0048292633513256e-06,8.609382200316195e-05
0.1025621703873877,2.1183399173746724,2.118338900780054,1.0165946182638663e-06,8.606423113300073e-05
0.1025621702354512,2.118339937761706,2.118338897643849,1.0401178567320812e-06,8.627282904228075e-05
0.1025621703874336,2.1183400841255624,2.1183389007810014,1.1833445610065496e-06,8.604935429592303e-05
0.102562169779472,2.1183399894427026,2.1183388882317318,1.1012109708552487e-06,8.604588354353229e-05
0.1025621703857668,2.118339962437604,2.118338900746596,1.0616910079974673e-06,8.627749832106004e-05
0.1025621703857668,2.1183400577417197,2.118338900746596,1.1569951237078158e-06,8.627749832106004e-05
0.1025621703872863,2.1183399328192363,2.1183389007779607,1.0320412755504549e-06,8.609391311632535e-05
0.1025621702354512,2.118340017234163,2.118338897643849,1.1195903137917185e-06,8.69985475179113e-05
0.1025621703872865,2.118339974014138,2.118338900777965,1.0732361728216233e-06,8.609391312046539e-05
0.1025621703873289,2.1183399145534096,2.1183389007788405,1.0137745691807254e-06,8.608002429236154e-05
0.1025621702354512,2.118339991215529,2.118338897643849,1.0935716798776696e-06,8.627282904228075e-05
0.1025621703856176,2.11833994935957,2.1183389007435167,1.0486160531009148e-06,8.608002233765382e-05
0.1025621703856176,2.1183400234339334,2.1183389007435167,1.122690416632821e-06,8.609382200316195e-05
0.1025621703857668,2.1183399660297866,2.118338900746596,1.0652831905488824e-06,8.627749832106004e-05
0.1025621703856176,2.1183399470445337,2.1183389007435167,1.0463010169381448e-06,8.627749265554245e-05
0.1025621703792153,2.1183400811356567,2.1183389006113633,1.1805242934315174e-06,8.699843412596072e-05
0.1025621703857669,2.1183398864893075,2.1183389007465983,9.85742709236348e-07,8.627749832123886e-05
0.1025621703856176,2.118339835576973,2.1183389007435167,9.348334564229788e-07,8.604933343977453e-05
0.1025621703792153,2.118340088944487,2.1183389006113633,1.1883331239026518e-06,8.699843412596072e-05
0.1025621703866447,2.118339939682583,2.1183389007647175,1.038917865514577e-06,8.608002233765382e-05
0.1025621703873289,2.1183400276367372,2.1183389007788405,1.1268578967715825e-06,8.608002429230955e-05
0.1025621703873289,2.118339970573847,2.1183389007788405,1.0697950063587314e-06,8.608002429236154e-05
0.1025621703873289,2.1183400578793803,2.1183389007788405,1.1571005398280931e-06,8.608002429236154e-05
0.1025621703873877,2.1183399599255512,2.118338900780054,1.0591454970843017e-06,8.606423113212973e-05
0.1025621698045938,2.118340134541768,2.118338888750285,1.2457914828623018e-06,8.69985475179113e-05
0.1025621703873289,2.1183400954710203,2.1183389007788405,1.1946921798511312e-06,8.608002429236154e-05
0.1025621703872865,2.118340044705818,2.118338900777965,1.1439278528868613e-06,8.609391312046539e-05
0.1025621703856176,2.118339764757513,2.1183389007435167,8.640139963489446e-07,8.627749265554245e-05
0.1025621703857669,2.1183400900003724,2.1183389007465983,1.1892537741253761e-06,8.627749832123886e-05
0.1025621703872865,2.1183399588379994,2.118338900777965,1.0580600342535718e-06,8.609391312046539e-05
0.1025621678811744,2.1183399770886533,2.1183388490479276,1.128040725717483e-06,8.603261724920812e-05
0.1025621703746251,2.1183400460826207,2.118338900516614,1.145566006499621e-06,8.608002233765382e-05
0.1025621703734333,2.1183401937481663,2.1183389004920135,1.2932561528344877e-06,8.762204770757295e-05
0.1025621703872865,2.118339916107955,2.118338900777965,1.0153299898618684e-06,8.609391312046539e-05
0.1025621703873877,2.118340077310156,2.118338900780054,1.1765301017874208e-06,8.606423113300073e-05
0.102562169779472,2.118339825133785,2.1183388882317318,9.369020532723482e-07,8.603261724920812e-05
0.1025621703872863,2.118339969638316,2.1183389007779607,1.068860355335488e-06,8.609391311632535e-05
0.1025621703873877,2.1183400863473802,2.118338900780054,1.1855673260896538e-06,8.606423113212973e-05
0.1025621703734333,2.1183400084076753,2.1183389004920135,1.1079156618798436e-06,8.604933343977453e-05
0.1025621703872865,2.1183399725958387,2.118338900777965,1.0718178735658057e-06,8.609391312046539e-05
0.1025621703857668,2.1183399722745966,2.118338900746596,1.071528000551325e-06,8.627749832106004e-05
0.1025621703857669,2.1183400180585275,2.1183389007465983,1.1173119291996159e-06,8.627749832123886e-05
0.1025621703872863,2.1183398631309753,2.1183389007779607,9.62353014610784e-07,8.609391311632535e-05
0.1025621702613427,2.1183401597427722,2.11833889817829,1.2615644822133731e-06,8.607838610917358e-05
0.1025621703792153,2.1183399434828267,2.1183389006113633,1.0428714634080904e-06,8.604933343977453e-05
0.1025621703857668,2.1183399114031403,2.118338900746596,1.0106565442313808e-06,8.627749832106004e-05
0.1025621703874336,2.1183400911108454,2.1183389007810014,1.1903298440252286e-06,8.604935429592303e-05
0.1025621703873289,2.118340026885854,2.1183389007788405,1.1261070134160889e-06,8.608002429236154e-05
0.1025621703838747,2.118340135282509,2.11833890070754,1.2345749689224306e-06,8.627749265554245e-05
0.1025621703872863,2.1183400719048247,2.1183389007779607,1.171126863930283e-06,8.609391311632535e-05
0.1025621703873289,2.118340026003912,2.1183389007788405,1.1252250713411627e-06,8.608002429230955e-05
0.1025621703872863,2.118340063787975,2.1183389007779607,1.163010014071375e-06,8.609391311632535e-05
0.1025621703873289,2.118339939685356,2.1183389007788405,1.0389065154825516e-06,8.608002429236154e-05
0.1025621703873289,2.1183399082438727,2.1183389007788405,1.0074650322877687e-06,8.608002429236154e-05
0.102562169779472,2.118340039411502,2.1183388882317318,1.1511797701757587e-06,8.604588354353229e-05
0.1025621703792153,2.1183401424982047,2.1183389006113633,1.2418868413632822e-06,8.699843412596072e-05
0.1025621703778927,2.1183400841438047,2.1183389005840625,1.1835597422127364e-06,8.713642199417603e-05
0.1025621703778929,2.1183400596378283,2.118338900584067,1.1590537614125651e-06,8.713642199769674e-05
0.1025621703838747,2.1183398340630846,2.11833890070754,9.333555444079877e-07,8.609382200316195e-05
0.1025621703873877,2.118339956320903,2.118338900780054,1.055540848948766e-06,8.606423113212973e-05
0.1025621703867217,2.118339947156,2.1183389007663065,1.046389693559746e-06,8.604933343977453e-05
0.1025621703746251,2.1183400946718245,2.118338900516614,1.1941552102712194e-06,8.627749265554245e-05
0.1025621698045938,2.118340053419042,2.118338888750285,1.164668756992171e-06,8.607838610917358e-05
0.1025621703856176,2.118339986091955,2.1183389007435167,1.0853484382344902e-06,8.606420822837829e-05
0.1025621702613427,2.118340170904083,2.11833889817829,1.2727257931999247e-06,8.627282904228075e-05
0.1025621703872865,2.1183399143452952,2.118338900777965,1.0135673300659676e-06,8.609391312046539e-05
0.1025621703872865,2.1183400705368007,2.118338900777965,1.1697588355730204e-06,8.609391312046539e-05
0.1025621703873877,2.118339905137767,2.118338900780054,1.004357712997006e-06,8.606423113212973e-05
0.1025621703857669,2.1183400250893576,2.1183389007465983,1.1243427593399247e-06,8.627749832123886e-05
0.1025621703792153,2.118340005684267,2.1183389006113633,1.1050729038508678e-06,8.699843412596072e-05
0.1025621703873877,2.118339944272856,2.118338900780054,1.043492801944268e-06,8.606423113300073e-05
0.1025621703792153,2.1183399005777064,2.1183389006113633,9.999663430626526e-07,8.609382200316195e-05
0.102562170379388,2.1183400670921775,2.118338900614928,1.1664772494590636e-06,8.699843396548961e-05
0.1025621703872863,2.118340027050782,2.1183389007779607,1.1262728212280138e-06,8.609391311632535e-05
0.1025621698045938,2.118339966596835,2.118338888750285,1.0778465502347956e-06,8.604588354353229e-05
0.1025621703872865,2.118340134620795,2.118338900777965,1.2338428296843063e-06,8.609391312046539e-05
0.1025621703856176,2.1183401220767903,2.1183389007435167,1.2213332736266125e-06,8.627749265554245e-05
0.1025621703873877,2.118339895694106,2.118338900780054,9.949140520326694e-07,8.606423113212973e-05
0.1025621703838747,2.1183400109522914,2.11833890070754,1.1102447512456592e-06,8.609382200316195e-05
0.1025621703857669,2.118340087961474,2.1183389007465983,1.1872148757419154e-06,8.627749832123886e-05
0.102562170379388,2.1183398805389873,2.118338900614928,9.799240592300862e-07,8.699843396548961e-05
0.102562169779472,2.1183401023681374,2.1183388882317318,1.214136405636168e-06,8.627282904228075e-05
0.1025621703857668,2.118340017485066,2.118338900746596,1.1167384701415983e-06,8.627749832106004e-05
0.1025621678811744,2.1183401257144907,2.1183388490479276,1.2766665631325225e-06,8.762155233193334e-05
0.1025621703857669,2.1183400993820656,2.1183389007465983,1.1986354673254596e-06,8.627749832123886e-05
0.102562170379388,2.1183400860046384,2.118338900614928,1.1853897103897282e-06,8.699843396526956e-05
0.1025621703409047,2.1183400280974176,2.118338899820573,1.1282768443976465e-06,8.607838610917358e-05
0.1025621703838747,2.118339876864785,2.11833890070754,9.761572448141465e-07,8.627749265554245e-05
0.1025621703866447,2.1183399987639677,2.1183389007647175,1.0979992501880531e-06,8.608002233765382e-05
0.1025621703746251,2.1183400903777603,2.118338900516614,1.1898611460559039e-06,8.609382200316195e-05
0.1025621703867217,2.118340066585987,2.1183389007663065,1.1658196803487897e-06,8.606420822837829e-05
0.1025621703872865,2.118340042862136,2.118338900777965,1.1420841707909801e-06,8.609391312046539e-05
0.1025621703857669,2.118340064432572,2.1183389007465983,1.1636859738040073e-06,8.627749832123886e-05
0.1025621703872863,2.118339964791642,2.1183389007779607,1.064013681162379e-06,8.609391311632535e-05
0.1025621703873289,2.118339751334587,2.1183389007788405,8.505557467231029e-07,8.608002429230955e-05
0.102562170379388,2.118339957688206,2.118338900614928,1.0570732777992475e-06,8.699843396526956e-05
0.1025621702354512,2.1183401145800294,2.118338897643849,1.2169361802705225e-06,8.762155233193334e-05
0.1025621702354512,2.118340076003754,2.118338897643849,1.1783599047632265e-06,8.627282904228075e-05
0.1025621702354512,2.1183400412488322,2.118338897643849,1.1436049831559103e-06,8.607838610917358e-05
0.1025621703409047,2.1183400407721176,2.118338899820573,1.1409515443538965e-06,8.762155233193334e-05
0.102562169779472,2.118340191600423,2.1183388882317318,1.303368691196738e-06,8.607838610917358e-05
0.1025621703857668,2.1183400330539417,2.118338900746596,1.132307345663719e-06,8.627749832106004e-05
0.1025621703838747,2.118339906099052,2.11833890070754,1.0053915118213297e-06,8.609382200316195e-05
0.1025621698045938,2.1183401140964766,2.118338888750285,1.22534619162451e-06,8.604588354353229e-05
0.1025621703872865,2.118339947063095,2.118338900777965,1.0462851296466624e-06,8.609391312046539e-05
0.1025621703873289,2.1183399464563117,2.1183389007788405,1.0456774712785943e-06,8.608002429230955e-05
0.102562169779472,2.1183399866909354,2.1183388882317318,1.0984592035967466e-06,8.604588354353229e-05
0.1025621703857669,2.1183401073424375,2.1183389007465983,1.2065958392426523e-06,8.627749832123886e-05
0.1025621703857669,2.118340103185382,2.1183389007465983,1.202438783654003e-06,8.627749832123886e-05
0.1025621703872865,2.1183398545217504,2.118338900777965,9.537437852813468e-07,8.609391312046539e-05
0.1025621703746251,2.1183399680106048,2.118338900516614,1.0674939905364056e-06,8.604933343977453e-05
0.1025621703873289,2.118339989683271,2.1183389007788405,1.088904430623927e-06,8.608002429230955e-05
0.1025621703792153,2.118340039169378,2.1183389006113633,1.138558014535107e-06,8.627749265554245e-05
0.1025621703874336,2.1183401176042786,2.1183389007810014,1.2168232772502563e-06,8.604935429511404e-05
0.1025621703838747,2.1183400474882794,2.11833890070754,1.1467807392584461e-06,8.609382200316195e-05
0.1025621703856176,2.118340072415568,2.1183389007435167,1.171672051381023e-06,8.608002233765382e-05
0.1025621703872863,2.1183400173106937,2.1183389007779607,1.1165327329365482e-06,8.609391311632535e-05
0.1025621702613427,2.1183400801157273,2.11833889817829,1.1819374372556979e-06,8.627282904228075e-05
0.1025621703746251,2.1183400159920773,2.118338900516614,1.1154754631093056e-06,8.699843412596072e-05
0.1025621703857669,2.1183400304804194,2.1183389007465983,1.1297338211591068e-06,8.627749832123886e-05
0.102562169779472,2.1183400919183617,2.1183388882317318,1.2036866299247606e-06,8.627282904228075e-05
0.102562169779472,2.118340033497849,2.1183388882317318,1.145266117053012e-06,8.604588354353229e-05
0.1025621703872865,2.1183400566305597,2.118338900777965,1.1558525945254416e-06,8.609391312046539e-05
0.1025621702354512,2.118339959375856,2.118338897643849,1.0617320067574099e-06,8.627282904228075e-05
0.1025621703857669,2.118340104210235,2.1183389007465983,1.2034636367452833e-06,8.627749832123886e-05
0.1025621703866447,2.118339922220799,2.1183389007647175,1.0214560814958418e-06,8.608002233765382e-05
0.1025621702354512,2.118339945087591,2.118338897643849,1.0474437419638605e-06,8.607838610917358e-05
0.1025621703872863,2.1183398438169205,2.1183389007779607,9.430389598108491e-07,8.609391311632535e-05
0.1025621703873877,2.1183400347353887,2.118338900780054,1.1339553345202091e-06,8.606423113212973e-05
0.1025621703873289,2.118339970766895,2.1183389007788405,1.0699880546027885e-06,8.608002429236154e-05
0.1025621702354512,2.118340094976155,2.118338897643849,1.1973323057468122e-06,8.69985475179113e-05
0.1025621703874336,2.118339945991128,2.1183389007810014,1.045210126449092e-06,8.604935429592303e-05
0.1025621703873877,2.1183400141941497,2.118338900780054,1.1134140955881833e-06,8.606423113212973e-05
0.1025621678811744,2.1183401095614873,2.1183388490479276,1.2605135597532069e-06,8.607838610917358e-05
0.1025621703872865,2.118340044961166,2.118338900777965,1.1441832006298114e-06,8.609391312046539e-05
0.1025621703872863,2.1183400097016127,2.1183389007779607,1.1089236520156476e-06,8.609391311632535e-05
0.1025621703872863,2.118340036062757,2.1183389007779607,1.1352847963941315e-06,8.609391311632535e-05
0.1025621698045938,2.11834015482064,2.118338888750285,1.2660703552214159e-06,8.627282904228075e-05
0.1025621703872865,2.118339964791642,2.118338900777965,1.064013676721487e-06,8.609391312046539e-05
0.1025621703734333,2.118340027038296,2.1183389004920135,1.1265462824816552e-06,8.608002233765382e-05
0.1025621703792153,2.11833997539293,2.1183389006113633,1.0747815668565863e-06,8.627749265554245e-05
0.1025621703873289,2.118339996771592,2.1183389007788405,1.0959927516651646e-06,8.608002429236154e-05
0.1025621703856176,2.118339920877454,2.1183389007435167,1.0201339373239193e-06,8.627749265554245e-05
0.1025621702613427,2.118340101904632,2.11833889817829,1.2037263421582622e-06,8.627282904228075e-05
0.1025621703873877,2.11834002879809,2.118338900780054,1.128018035867484e-06,8.606423113300073e-05
0.1025621702613427,2.1183400926852793,2.11833889817829,1.1945069893215532e-06,8.607838610917358e-05
0.1025621703838747,2.11833995375766,2.11833890070754,1.0530501199923492e-06,8.609382200316195e-05
0.1025621703792153,2.1183399266298517,2.1183389006113633,1.026018488392566e-06,8.609382200316195e-05
0.1025621703873877,2.1183399542932704,2.118338900780054,1.0535132162203809e-06,8.606423113212973e-05
0.1025621698045938,2.11834021827667,2.118338888750285,1.3295263849855132e-06,8.627282904228075e-05
0.1025621703746251,2.11834003852688,2.118338900516614,1.1380102655778046e-06,8.699843412596072e-05
0.102562169779472,2.1183400074957373,2.1183388882317318,1.1192640054780156e-06,8.604588354353229e-05
0.1025621703873289,2.1183399937682363,2.1183389007788405,1.0929893958788739e-06,8.608002429236154e-05
0.1025621703873289,2.118339933636069,2.1183389007788405,1.0328572286333326e-06,8.608002429230955e-05
0.1025621703778927,2.118340056950832,2.1183389005840625,1.156366769450301e-06,8.713642199417603e-05
0.1025621703873289,2.1183401036735567,2.1183389007788405,1.2028947162789905e-06,8.608002429236154e-05
0.1025621703873289,2.118340057209883,2.1183389007788405,1.1564310424816426e-06,8.608002429230955e-05
0.1025621703867217,2.118339814769079,2.1183389007663065,9.140027725784705e-07,8.608002233765382e-05
0.1025621703856176,2.1183401123350167,2.1183389007435167,1.2115915000165955e-06,8.627749265554245e-05
0.1025621703872863,2.1183399313679696,2.1183389007779607,1.0305900088880549e-06,8.609391311632535e-05
0.1025621703838747,2.1183399517174,2.11833890070754,1.051009860031371e-06,8.608002233765382e-05
0.1025621703856176,2.1183400466566575,2.1183389007435167,1.1459131408209089e-06,8.609382200316195e-05
0.1025621703857668,2.118340016672928,2.118338900746596,1.1159263317850332e-06,8.627749832106004e-05
0.1025621703872863,2.1183398575692354,2.1183389007779607,9.567912746533125e-07,8.609391311632535e-05
0.1025621703838747,2.1183399160155933,2.11833890070754,1.0153080531871694e-06,8.627749265554245e-05
0.1025621703866447,2.1183399002269763,2.1183389007647175,9.994622587328195e-07,8.606420822837829e-05
0.1025621702354512,2.118340029636097,2.118338897643849,1.1319922479380295e-06,8.607838610917358e-05
0.1025621703873877,2.1183399463618042,2.118338900780054,1.0455817500698572e-06,8.606423113300073e-05
0.1025621703792153,2.118340051482001,2.1183389006113633,1.1508706379004252e-06,8.699843412596072e-05
0.1025621703873289,2.1183400508336794,2.1183389007788405,1.1500548389165033e-06,8.608002429236154e-05
0.1025621703792153,2.1183400001327004,2.1183389006113633,1.0995213370890156e-06,8.609382200316195e-05
0.1025621703746251,2.118340003761587,2.118338900516614,1.1032449727110816e-06,8.606420822837829e-05
0.1025621703838747,2.118340110755567,2.11833890070754,1.2100480266674651e-06,8.627749265554245e-05
0.1025621702354512,2.118340035376413,2.118338897643849,1.1377325637162983e-06,8.627282904228075e-05
0.1025621703856176,2.11834000297849,2.1183389007435167,1.102234973071603e-06,8.606420822837829e-05
0.1025621703872865,2.1183398985379664,2.118338900777965,9.977600012867072e-07,8.609391312046539e-05
0.1025621703792153,2.118339999358859,2.1183389006113633,1.0987474956536403e-06,8.699843412596072e-05
0.1025621703873289,2.1183400690512766,2.1183389007788405,1.1682724361250507e-06,8.608002429230955e-05
0.1025621703857668,2.11834013100932,2.118338900746596,1.230262724138953e-06,8.627749832106004e-05
0.1025621703874336,2.118340073062536,2.1183389007810014,1.1722815345116544e-06,8.604935429511404e-05
0.1025621702354512,2.118339992012287,2.118338897643849,1.09436843809263e-06,8.607838610917358e-05
0.1025621702354512,2.118340011520328,2.118338897643849,1.1138764790530331e-06,8.69985475179113e-05
0.1025621702354512,2.118340057624638,2.118338897643849,1.159980788756343e-06,8.69985475179113e-05
0.1025621703838747,2.118340026871895,2.11833890070754,1.126164354658954e-06,8.609382200316195e-05
0.1025621678811744,2.1183400675448207,2.1183388490479276,1.2184968931627793e-06,8.627282904228075e-05
0.1025621703872865,2.1183400841147106,2.118338900777965,1.1833367454805455e-06,8.609391312046539e-05
0.102562170379388,2.118340071780129,2.118338900614928,1.1711652008195017e-06,8.699843396548961e-05
0.1025621703872863,2.1183400409426154,2.1183389007779607,1.1401646546893573e-06,8.609391311632535e-05
0.1025621703857669,2.1183399374402767,2.1183389007465983,1.036693678457823e-06,8.627749832123886e-05
0.1025621703873877,2.1183399422810827,2.118338900780054,1.0415010285313997e-06,8.606423113212973e-05
0.1025621703873289,2.1183400626811983,2.1183389007788405,1.1619023578823828e-06,8.608002429230955e-05
0.1025621678811744,2.1183400543575543,2.1183388490479276,1.205309626772788e-06,8.604588354353229e-05
0.1025621703838747,2.1183399548293598,2.11833890070754,1.0541218196102875e-06,8.609382200316195e-05
0.102562170379388,2.1183400127096466,2.118338900614928,1.1120947185361274e-06,8.699843396548961e-05
0.1025621703873289,2.11833998575425,2.1183389007788405,1.0849754095154651e-06,8.608002429230955e-05
0.1025621676899787,2.118339761826067,2.118338845101352,9.16724714805639e-07,8.602513224222104e-05
0.1025621703873289,2.1183397873428675,2.1183389007788405,8.865640270805386e-07,8.608002429236154e-05
0.1025621703873289,2.118340062182965,2.1183389007788405,1.1614041244278894e-06,8.608002429236154e-05
0.1025621703866447,2.118340048123903,2.1183389007647175,1.1473591854382903e-06,8.606420822837829e-05
0.1025621703856176,2.1183399873356574,2.1183389007435167,1.0865921407088308e-06,8.609382200316195e-05
0.1025621678811744,2.118339979381758,2.1183388490479276,1.1303338305346244e-06,8.603261724920812e-05
0.1025621703838747,2.1183397964830073,2.11833890070754,8.957754671357065e-07,8.608002233765382e-05
0.102562169779472,2.118339984915215,2.1183388882317318,1.0966834831371841e-06,8.604588354353229e-05
0.1025621703856176,2.1183399333020403,2.1183389007435167,1.0325585235726464e-06,8.608002233765382e-05
0.1025621703857669,2.1183398035583183,2.1183389007465983,9.028117200493568e-07,8.627749832123886e-05
0.1025621703872865,2.1183400635148524,2.118338900777965,1.1627368872169086e-06,8.609391312046539e-05
0.1025621676899787,2.11834002818821,2.118338845101352,1.1830868578144305e-06,8.602513224222104e-05
0.1025621703872865,2.1183398454212643,2.118338900777965,9.446432991389031e-07,8.609391312046539e-05
0.1025621703746251,2.1183401060158387,2.118338900516614,1.2054992244436846e-06,8.604933343977453e-05
0.1025621703866447,2.118339931025768,2.1183389007647175,1.0302610502499476e-06,8.608002233765382e-05
0.1025621703857668,2.1183400278196642,2.118338900746596,1.1270730682078067e-06,8.627749832106004e-05
0.1025621703838747,2.1183399003225802,2.11833890070754,9.996150400759518e-07,8.609382200316195e-05
0.1025621703866447,2.1183399996686494,2.1183389007647175,1.0989039318509697e-06,8.608002233765382e-05
0.1025621703856176,2.118340101795509,2.1183389007435167,1.201051992083535e-06,8.627749265554245e-05
0.1025621703872865,2.118339916107955,2.118338900777965,1.0153299898618684e-06,8.609391312046539e-05
0.102562169779472,2.1183401432905846,2.1183388882317318,1.2550588528448259e-06,8.607838610917358e-05
0.1025621698045938,2.1183398226254506,2.118338888750285,9.338751656429167e-07,8.604588354353229e-05
0.1025621703838747,2.1183399999312775,2.11833890070754,1.0992237373663727e-06,8.609382200316195e-05
0.1025621703873289,2.118340160548883,2.1183389007788405,1.259770042505437e-06,8.608002429230955e-05
0.1025621703873877,2.1183400546831175,2.118338900780054,1.1539030633223035e-06,8.606423113300073e-05
0.1025621703873289,2.1183399123230675,2.1183389007788405,1.0115442270475228e-06,8.608002429230955e-05
0.1025621703872865,2.118339997348842,2.118338900777965,1.09657087676851e-06,8.609391312046539e-05
0.1025621703872863,2.118340033339624,2.1183389007779607,1.1325616631197022e-06,8.609391311632535e-05
0.1025621703872865,2.118339993488758,2.118338900777965,1.0927107929603608e-06,8.609391312046539e-05
0.1025621703872865,2.118340028246514,2.118338900777965,1.1274685487450142e-06,8.609391312046539e-05
0.1025621703857669,2.1183399877271643,2.1183389007465983,1.0869805660007614e-06,8.627749832123886e-05
0.1025621703838747,2.1183400228733875,2.11833890070754,1.122165847355916e-06,8.627749265554245e-05
0.1025621703872865,2.1183400456234738,2.118338900777965,1.1448455086160436e-06,8.609391312046539e-05
0.102562170379388,2.1183400305715403,2.118338900614928,1.1299566122779936e-06,8.699843396548961e-05
0.1025621703792153,2.1183398783138045,2.1183389006113633,9.77702441229411e-07,8.699843412596072e-05
0.1025621698045938,2.118339870697166,2.118338888750285,9.819468811400611e-07,8.604588354353229e-05
0.1025621703856176,2.1183400198263485,2.1183389007435167,1.1190828317353407e-06,8.609382200316195e-05
0.1025621703838747,2.118339947252785,2.11833890070754,1.0465452446872803e-06,8.627749265554245e-05
0.1025621703872865,2.118339896453766,2.118338900777965,9.956758009188604e-07,8.609391312046539e-05
0.1025621703857669,2.118340001029911,2.1183389007465983,1.1002833129047929e-06,8.627749832123886e-05
0.1025621703734333,2.11834000440628,2.1183389004920135,1.103914266664674e-06,8.699843412596072e-05
0.1025621703792153,2.1183399261993996,2.1183389006113633,1.025588036274172e-06,8.609382200316195e-05
0.1025621703872865,2.118339755227146,2.118338900777965,8.544491807427335e-07,8.609391312046539e-05
0.1025621698045938,2.1183401303473928,2.118338888750285,1.2415971077928134e-06,8.603261724920812e-05
0.1025621703857669,2.118339926438421,2.1183389007465983,1.0256918225870493e-06,8.627749832123886e-05
0.1025621698045938,2.118339979178102,2.118338888750285,1.0904278169299175e-06,8.69985475179113e-05
0.1025621703873877,2.11833999577671,2.118338900780054,1.0949966560147573e-06,8.606423113212973e-05
0.1025621703874336,2.118340036113801,2.1183389007810014,1.135332799773181e-06,8.604935429511404e-05
0.1025621703857669,2.1183399013651623,2.1183389007465983,1.0006185640065723e-06,8.627749832123886e-05
0.1025621703857668,2.1183401477213337,2.118338900746596,1.2469747376897544e-06,8.627749832106004e-05
0.1025621698045938,2.11833993683436,2.118338888750285,1.0480840750837217e-06,8.604588354353229e-05
0.1025621698045938,2.1183400012175935,2.118338888750285,1.1124673084950132e-06,8.603261724920812e-05
0.1025621678811744,2.1183399673304812,2.1183388490479276,1.118282553669303e-06,8.607838610917358e-05
0.102562169779472,2.1183398796563773,2.1183388882317318,9.91424645491179e-07,8.604588354353229e-05
0.1025621702354512,2.1183400350760593,2.118338897643849,1.1374322101964651e-06,8.69985475179113e-05
0.1025621703872865,2.118340007985523,2.118338900777965,1.1072075576379348e-06,8.609391312046539e-05
0.1025621703838747,2.1183401025167585,2.11833890070754,1.201809218365213e-06,8.609382200316195e-05
0.1025621703857668,2.1183401418768115,2.118338900746596,1.241130215490216e-06,8.627749832106004e-05
0.1025621698045938,2.118339992785508,2.118338888750285,1.1040352232427608e-06,8.603261724920812e-05
0.1025621676899787,2.1183400202202227,2.118338845101352,1.1751188706554672e-06,8.602513224222104e-05
0.1025621702613427,2.1183401403301256,2.11833889817829,1.2421518356120487e-06,8.627282904228075e-05
0.1025621703872863,2.118339987450174,2.1183389007779607,1.0866722131019912e-06,8.609391311632535e-05
0.102562169779472,2.1183400071302323,2.1183388882317318,1.1188985005183838e-06,8.604588354353229e-05
0.1025621703792153,2.118340072820474,2.1183389006113633,1.1722091106669552e-06,8.699843412596072e-05
0.102562169779472,2.118340019636224,2.1183388882317318,1.1314044923160793e-06,8.604588354353229e-05
0.102562169779472,2.1183401012612055,2.1183388882317318,1.2130294737566771e-06,8.627282904228075e-05
0.1025621703792153,2.1183397638678834,2.1183389006113633,8.632565200450415e-07,8.609382200316195e-05
0.1025621703873877,2.1183400077046297,2.118338900780054,1.1069245755557233e-06,8.606423113212973e-05
0.1025621703857669,2.1183401886469566,2.1183389007465983,1.2879003583599058e-06,8.627749832123886e-05
0.1025621703867217,2.118340122928063,2.1183389007663065,1.2221617566865461e-06,8.608002233765382e-05
0.1025621703792153,2.1183400445377574,2.1183389006113633,1.143926394053807e-06,8.699843412596072e-05
0.1025621703857669,2.118340003218885,2.1183389007465983,1.1024722867958303e-06,8.627749832123886e-05
0.1025621703857669,2.1183400438140163,2.1183389007465983,1.1430674180523681e-06,8.627749832123886e-05
0.102562169779472,2.1183399431920558,2.1183388882317318,1.0549603239873306e-06,8.604588354353229e-05
0.1025621703792153,2.1183399722314107,2.1183389006113633,1.0716200473659399e-06,8.608002233765382e-05
0.1025621703857668,2.1183399588942042,2.118338900746596,1.058147608201665e-06,8.627749832106004e-05
0.1025621698045938,2.118339920296777,2.118338888750285,1.0315464922250328e-06,8.603261724920812e-05
0.1025621703857668,2.1183401209110246,2.118338900746596,1.220164428605841e-06,8.627749832106004e-05
0.1025621702354512,2.118339943441992,2.118338897643849,1.0457981427514085e-06,8.69985475179113e-05
0.1025621698045938,2.118340026530176,2.118338888750285,1.1377798911915704e-06,8.604588354353229e-05
0.1025621703872865,2.118339987801729,2.118338900777965,1.0870237638904712e-06,8.609391312046539e-05
0.1025621702354512,2.118339967018343,2.118338897643849,1.0693744938450322e-06,8.607838610917358e-05
0.1025621703792153,2.118340081543989,2.1183389006113633,1.1809326254663688e-06,8.627749265554245e-05
0.1025621703856176,2.118339895403404,2.1183389007435167,9.946598873433743e-07,8.627749265554245e-05
0.1025621703873289,2.118339934042647,2.1183389007788405,1.033263806515805e-06,8.608002429230955e-05
0.1025621703746251,2.1183399868861175,2.118338900516614,1.0863695032448106e-06,8.699843412596072e-05
0.102562170379388,2.11834005057115,2.118338900614928,1.1499562218020287e-06,8.699843396548961e-05
0.1025621703857668,2.118340048536701,2.118338900746596,1.1477901051826223e-06,8.627749832106004e-05
0.1025621703872863,2.1183398679628596,2.1183389007779607,9.671848988368481e-07,8.609391311632535e-05
0.102562169779472,2.1183401391077137,2.1183388882317318,1.2508759819063187e-06,8.627282904228075e-05
0.1025621703857668,2.118340110459902,2.118338900746596,1.2097133059718601e-06,8.627749832106004e-05
0.1025621698045938,2.1183399842118518,2.118338888750285,1.0954615667913004e-06,8.603261724920812e-05
0.1025621703867217,2.1183400961347862,2.1183389007663065,1.1953684797560982e-06,8.608002233765382e-05
0.1025621703857668,2.118340012710334,2.118338900746596,1.1119637379763958e-06,8.627749832106004e-05
0.1025621703792153,2.118340054136477,2.1183389006113633,1.153525113650744e-06,8.699843412596072e-05
0.102562169779472,2.118340086372915,2.1183388882317318,1.1981411831563094e-06,8.607838610917358e-05
0.1025621703838747,2.118340067355394,2.11833890070754,1.166647853878544e-06,8.609382200316195e-05
0.1025621703746251,2.1183399884967065,2.118338900516614,1.0879800922403149e-06,8.608002233765382e-05
0.102562170379388,2.1183400754644897,2.118338900614928,1.1748495616359378e-06,8.699843396548961e-05
0.1025621698045938,2.1183397578621515,2.118338888750285,8.691118664749808e-07,8.603261724920812e-05
0.1025621703856176,2.1183398921320813,2.1183389007435167,9.913885645751463e-07,8.608002233765382e-05
0.1025621703857669,2.1183400451208203,2.1183389007465983,1.1443742220507147e-06,8.627749832123886e-05
0.1025621703856176,2.11833993268777,2.1183389007435167,1.0319442531603329e-06,8.606420822837829e-05
0.1025621703872863,2.118340051465311,2.1183389007779607,1.1506873502931114e-06,8.609391311632535e-05
0.1025621703873877,2.1183399853741647,2.118338900780054,1.084594110523085e-06,8.606423113300073e-05
0.1025621702613427,2.118340106494507,2.11833889817829,1.2083162168607942e-06,8.607838610917358e-05
0.1025621703873289,2.118339889571677,2.1183389007788405,9.887928364982201e-07,8.608002429230955e-05
0.1025621703873289,2.1183399102486247,2.1183389007788405,1.0094697842077949e-06,8.608002429230955e-05
0.1025621703857668,2.1183400614008376,2.118338900746596,1.1606542416053856e-06,8.627749832106004e-05
0.102562170379388,2.118340149663889,2.118338900614928,1.2490489611494127e-06,8.699843396526956e-05
0.1025621698045938,2.1183398848490986,2.118338888750285,9.96098813654811e-07,8.603261724920812e-05
0.1025621703838747,2.118340018266028,2.11833890070754,1.1175584879730138e-06,8.609382200316195e-05
0.1025621698045938,2.118340016326909,2.118338888750285,1.1275766240714802e-06,8.604588354353229e-05
0.1025621703873289,2.118339890388493,2.1183389007788405,9.896096524464326e-07,8.608002429230955e-05
0.102562170379388,2.118339973970986,2.118338900614928,1.0733560578124468e-06,8.699843396548961e-05
0.1025621703838747,2.1183399844462714,2.11833890070754,1.0837387312001567e-06,8.609382200316195e-05
0.1025621703872863,2.118339929182853,2.1183389007779607,1.0284048923558942e-06,8.609391311632535e-05
0.1025621698045938,2.1183399410090407,2.118338888750285,1.0522587556849317e-06,8.607838610917358e-05
0.1025621703857668,2.1183400646336685,2.118338900746596,1.1638870724972605e-06,8.627749832106004e-05
0.1025621703872863,2.118340066202461,2.1183389007779607,1.1654245004599773e-06,8.609391311632535e-05
0.1025621703856176,2.1183400074369994,2.1183389007435167,1.1066934826331476e-06,8.608002233765382e-05
0.1025621703856176,2.1183400171523807,2.1183389007435167,1.1164088640214231e-06,8.608002233765382e-05
0.1025621703872863,2.1183400748775925,2.1183389007779607,1.1740996317399777e-06,8.609391311632535e-05
0.1025621703872863,2.1183398784723897,2.1183389007779607,9.77694428971887e-07,8.609391311632535e-05
0.1025621703857668,2.118340180641447,2.118338900746596,1.2798948509917807e-06,8.627749832106004e-05
0.1025621702354512,2.1183400406506867,2.118338897643849,1.1430068376228064e-06,8.627282904228075e-05
0.1025621703856176,2.1183399975310695,2.1183389007435167,1.0967875527789772e-06,8.608002233765382e-05
0.1025621703873877,2.118339941645459,2.118338900780054,1.040865404977609e-06,8.606423113212973e-05
0.1025621703857668,2.1183400343275154,2.118338900746596,1.1335809193546709e-06,8.627749832106004e-05
0.1025621703872865,2.1183399208996203,2.118338900777965,1.0201216551486425e-06,8.609391312046539e-05
0.1025621703872865,2.1183399197505266,2.118338900777965,1.0189725614395684e-06,8.609391312046539e-05
0.1025621703778929,2.1183400402296453,2.118338900584067,1.1396455783518888e-06,8.713642199769674e-05
0.1025621703873289,2.118339930829776,2.1183389007788405,1.030050935657556e-06,8.608002429230955e-05
0.1025621702613427,2.1183400800177092,2.11833889817829,1.1818394192175674e-06,8.627282904228075e-05
0.1025621703872863,2.1183399901193667,2.1183389007779607,1.0893414059687245e-06,8.609391311632535e-05
0.1025621703873289,2.118340076045906,2.1183389007788405,1.1752670654452402e-06,8.608002429236154e-05
0.1025621703792153,2.118340002949418,2.1183389006113633,1.1023380546149042e-06,8.609382200316195e-05
0.1025621703838747,2.118339917432503,2.11833890070754,1.0167249628878494e-06,8.608002233765382e-05
0.1025621703873289,2.1183400048708085,2.1183389007788405,1.104091968073817e-06,8.608002429236154e-05
0.1025621703856176,2.1183401225248275,2.1183389007435167,1.2217813107895381e-06,8.608002233765382e-05
0.1025621676899787,2.1183399931645552,2.118338845101352,1.14806320317129e-06,8.602513224222104e-05
0.1025621703792153,2.1183398485330813,2.1183389006113633,9.479217180086152e-07,8.627749265554245e-05
0.1025621703857668,2.118340099003943,2.118338900746596,1.1982573471236435e-06,8.627749832106004e-05
0.1025621703856176,2.118339932336377,2.1183389007435167,1.0315928604676117e-06,8.627749265554245e-05
0.102562170379388,2.118339990426449,2.118338900614928,1.0898115210267179e-06,8.699843396526956e-05
0.102562169779472,2.1183399310853845,2.1183388882317318,1.0428536527662402e-06,8.603261724920812e-05
0.1025621703838747,2.1183398964485067,2.11833890070754,9.957409665695138e-07,8.609382200316195e-05
0.1025621703873289,2.1183399733002304,2.1183389007788405,1.0725213899220876e-06,8.608002429230955e-05
0.1025621703857668,2.118340087961474,2.118338900746596,1.1872148779623615e-06,8.627749832106004e-05
0.1025621703838747,2.1183400135816304,2.11833890070754,1.112874090214433e-06,8.627749265554245e-05
0.1025621703872865,2.118339748061956,2.118338900777965,8.472839909678953e-07,8.609391312046539e-05
0.1025621703873289,2.1183399256908713,2.1183389007788405,1.0249120308003512e-06,8.608002429236154e-05
0.1025621703873877,2.118340040187102,2.118338900780054,1.1394070478232265e-06,8.606423113212973e-05
0.1025621703857669,2.118340065587258,2.1183389007465983,1.164840659928501e-06,8.627749832123886e-05
0.1025621698045938,2.1183400229456226,2.118338888750285,1.1341953376486913e-06,8.607838610917358e-05
0.102562169779472,2.1183400024821397,2.1183388882317318,1.1142504079408866e-06,8.603261724920812e-05
0.1025621703873289,2.1183399969464904,2.1183389007788405,1.0961676499832151e-06,8.608002429236154e-05
0.1025621703792153,2.118339988506592,2.1183389006113633,1.0878952285686694e-06,8.609382200316195e-05
0.102562170379388,2.118339983550982,2.118338900614928,1.0829360541642075e-06,8.699843396548961e-05
0.1025621702354512,2.1183399809153443,2.118338897643849,1.0832714951725109e-06,8.69985475179113e-05
0.1025621703746251,2.1183401379718787,2.118338900516614,1.2374552644800474e-06,8.71373469923849e-05
0.1025621678811744,2.118340057490269,2.1183388490479276,1.208442341305016e-06,8.603261724920812e-05
0.1025621703857669,2.1183398369394024,2.1183389007465983,9.361928041684564e-07,8.627749832123886e-05
0.1025621698045938,2.1183397819731393,2.118338888750285,8.932228543478971e-07,8.603261724920812e-05
0.1025621702354512,2.1183398244067613,2.118338897643849,9.267629121900711e-07,8.69985475179113e-05
0.1025621703857669,2.118339988506709,2.1183389007465983,1.0877601108738588e-06,8.627749832123886e-05
0.1025621703873877,2.1183400986737557,2.118338900780054,1.1978937015655333e-06,8.606423113300073e-05
0.1025621703856176,2.1183400291242402,2.1183389007435167,1.1283807235251686e-06,8.608002233765382e-05
0.1025621702613427,2.1183400731866007,2.11833889817829,1.175008310649872e-06,8.607838610917358e-05
0.1025621698045938,2.1183398887734537,2.118338888750285,1.000023168717945e-06,8.604588354353229e-05
0.1025621703857669,2.118340082149533,2.1183389007465983,1.1814029345913468e-06,8.627749832123886e-05
0.1025621703872863,2.1183398656077808,2.1183389007779607,9.648298200382044e-07,8.609391311632535e-05
0.1025621703778927,2.1183401620498192,2.1183389005840625,1.2614657567411314e-06,8.713642199417603e-05
0.1025621703873289,2.1183400910814356,2.1183389007788405,1.1903025951554014e-06,8.608002429236154e-05
0.1025621703872865,2.1183398606851345,2.118338900777965,9.599071693067174e-07,8.609391312046539e-05
0.1025621703746251,2.118340067256075,2.118338900516614,1.166739460600752e-06,8.627749265554245e-05
0.1025621703857669,2.1183400338244813,2.1183389007465983,1.133077883075373e-06,8.627749832123886e-05
0.1025621703746251,2.118340009366753,2.118338900516614,1.1088501388201166e-06,8.627749265554245e-05
0.1025621698045938,2.1183400751788635,2.118338888750285,1.1864285784923823e-06,8.604588354353229e-05
0.1025621698045938,2.1183400752264943,2.118338888750285,1.1864762092805847e-06,8.627282904228075e-05
0.1025621702613427,2.1183399931443105,2.11833889817829,1.0949660205206158e-06,8.627282904228075e-05
0.1025621702354512,2.118340015776374,2.118338897643849,1.1181325247910934e-06,8.69985475179113e-05
0.1025621703874336,2.1183397990004957,2.1183389007810014,8.98219494338548e-07,8.604935429511404e-05
0.1025621698045938,2.118340025255132,2.118338888750285,1.1365048471212447e-06,8.603261724920812e-05
0.1025621702354512,2.1183399816146937,2.118338897643849,1.0839708446397367e-06,8.627282904228075e-05
0.1025621703873289,2.118340052635792,2.1183389007788405,1.1518569515978072e-06,8.608002429230955e-05
0.1025621703872863,2.1183399213876,2.1183389007779607,1.0206096394682618e-06,8.609391311632535e-05
0.102562169779472,2.1183398870516807,2.1183388882317318,9.988199489718852e-07,8.603261724920812e-05
0.1025621703746251,2.1183400669757826,2.118338900516614,1.1664591683668846e-06,8.608002233765382e-05
0.1025621703856176,2.1183400806237733,2.1183389007435167,1.179880256607646e-06,8.609382200316195e-05
0.1025621703838747,2.118339979663679,2.11833890070754,1.0789561386559399e-06,8.627749265554245e-05
0.102562169779472,2.118340083622631,2.1183388882317318,1.1953908991557682e-06,8.607838610917358e-05
0.1025621703746251,2.1183400858277612,2.118338900516614,1.1853111470117028e-06,8.71373469923849e-05
0.1025621703857668,2.1183400673660446,2.118338900746596,1.1666194486004144e-06,8.627749832106004e-05
0.1025621703873289,2.1183399283322313,2.1183389007788405,1.0275533908199463e-06,8.608002429230955e-05
0.1025621703873289,2.118339991587656,2.1183389007788405,1.0908088157179918e-06,8.608002429230955e-05
0.1025621703838747,2.1183400530006105,2.11833890070754,1.1522930702945189e-06,8.609382200316195e-05
0.1025621703873877,2.118339955318729,2.118338900780054,1.0545386750493435e-06,8.606423113212973e-05
0.1025621703873289,2.1183400389709948,2.1183389007788405,1.1381921543041074e-06,8.608002429230955e-05
0.1025621703873289,2.1183398982401553,2.1183389007788405,9.974613148777678e-07,8.608002429236154e-05
0.1025621703874336,2.1183400204027674,2.1183389007810014,1.1196217659659169e-06,8.604935429592303e-05
0.1025621698045938,2.1183398747788202,2.118338888750285,9.860285352658593e-07,8.604588354353229e-05
0.1025621703857669,2.118340046679997,2.1183389007465983,1.1459333988383946e-06,8.627749832123886e-05
0.1025621703873289,2.1183399157512612,2.1183389007788405,1.0149724207764166e-06,8.608002429230955e-05
0.1025621703872863,2.1183399894598476,2.1183389007779607,1.0886818868627302e-06,8.609391311632535e-05
0.1025621698045938,2.118340136762232,2.118338888750285,1.2480119471192097e-06,8.607838610917358e-05
0.1025621703872863,2.1183397879347416,2.1183389007779607,8.871567809265457e-07,8.609391311632535e-05
0.1025621703873289,2.118339880500503,2.1183389007788405,9.797216624640726e-07,8.608002429236154e-05
0.1025621703857669,2.118340109617281,2.1183389007465983,1.2088706826673956e-06,8.627749832123886e-05
0.1025621702354512,2.118339965728798,2.118338897643849,1.0680849489297373e-06,8.69985475179113e-05
0.1025621703866447,2.1183399102950844,2.1183389007647175,1.0095303668578026e-06,8.606420822837829e-05
0.1025621698045938,2.118340086154916,2.118338888750285,1.1974046310037068e-06,8.627282904228075e-05
0.1025621703872863,2.1183399879189255,2.1183389007779607,1.0871409648061103e-06,8.609391311632535e-05
0.1025621702354512,2.1183400542048965,2.118338897643849,1.1565610473773802e-06,8.627282904228075e-05
0.1025621703873877,2.118340032991346,2.118338900780054,1.1322112918321636e-06,8.606423113300073e-05
0.1025621703857669,2.118339834251285,2.1183389007465983,9.335046868841346e-07,8.627749832123886e-05
0.1025621703778929,2.118340096383971,2.118338900584067,1.1957999039857725e-06,8.713642199769674e-05
0.1025621703872863,2.11834002466883,2.1183389007779607,1.1238908692590144e-06,8.609391311632535e-05
0.102562169779472,2.1183400035835147,2.1183388882317318,1.1153517829320947e-06,8.604588354353229e-05
0.1025621678811744,2.1183400436269673,2.1183388490479276,1.194579039687227e-06,8.604588354353229e-05
0.1025621703873877,2.118340023237901,2.118338900780054,1.1224578466695334e-06,8.606423113212973e-05
0.1025621703857669,2.1183401689918,2.1183389007465983,1.2682452017465096e-06,8.627749832123886e-05
0.1025621703857669,2.1183398090772205,2.1183389007465983,9.083306222734677e-07,8.627749832123886e-05
0.1025621703872865,2.1183399226450472,2.118338900777965,1.0218670820627551e-06,8.609391312046539e-05
0.1025621703857669,2.1183400423724703,2.1183389007465983,1.1416258720586825e-06,8.627749832123886e-05
0.1025621703873877,2.118340027765029,2.118338900780054,1.126984974675338e-06,8.606423113300073e-05
0.1025621703792153,2.118340024348416,2.1183389006113633,1.1237370527439339e-06,8.699843412596072e-05
0.1025621703792153,2.1183399141026023,2.1183389006113633,1.0134912389325734e-06,8.604933343977453e-05
0.1025621703873289,2.1183400339872476,2.1183389007788405,1.1332084071113968e-06,8.608002429230955e-05
0.102562170379388,2.118339940379438,2.118338900614928,1.0397645100468367e-06,8.699843396526956e-05
0.1025621703866447,2.1183400048181786,2.1183389007647175,1.104053461098431e-06,8.606420822837829e-05
0.1025621703872863,2.1183399918826797,2.1183389007779607,1.091104719019853e-06,8.609391311632535e-05
0.1025621703856176,2.1183398761389793,2.1183389007435167,9.753954626212646e-07,8.608002233765382e-05
0.102562170379388,2.1183399458103107,2.118338900614928,1.045195382687325e-06,8.699843396548961e-05
0.1025621703873877,2.1183400025169536,2.118338900780054,1.1017368994892252e-06,8.606423113300073e-05
0.1025621703872865,2.1183399862647962,2.118338900777965,1.0854868310872234e-06,8.609391312046539e-05
0.102562170379388,2.118339952809193,2.118338900614928,1.0521942650498772e-06,8.699843396548961e-05
0.102562169779472,2.118340004451422,2.1183388882317318,1.1162196900116328e-06,8.604588354353229e-05
0.1025621703873877,2.1183399952796735,2.118338900780054,1.0944996193806844e-06,8.606423113212973e-05
0.1025621703872863,2.1183398622883494,2.1183389007779607,9.615103886417842e-07,8.609391311632535e-05
0.1025621703838747,2.11834005740499,2.11833890070754,1.1566974498222748e-06,8.627749265554245e-05
0.1025621703872865,2.118340007903731,2.118338900777965,1.1071257657313538e-06,8.609391312046539e-05
0.1025621703857669,2.1183400225655435,2.1183389007465983,1.1218189452932847e-06,8.627749832123886e-05
0.1025621703872865,2.1183400409426154,2.118338900777965,1.1401646502484653e-06,8.609391312046539e-05
0.1025621676899787,2.118339982124621,2.118338845101352,1.1370232688712179e-06,8.602513224222104e-05
0.1025621703792153,2.1183399787214947,2.1183389006113633,1.0781101313916963e-06,8.609382200316195e-05
0.102562170379388,2.118340029746423,2.118338900614928,1.1291314949701814e-06,8.699843396548961e-05
0.1025621702613427,2.1183401601296463,2.11833889817829,1.2619513563016937e-06,8.607838610917358e-05
0.1025621703838747,2.1183398809712264,2.11833890070754,9.802636862232816e-07,8.608002233765382e-05
0.1025621703838747,2.1183400092468476,2.11833890070754,1.1085393074594663e-06,8.609382200316195e-05
0.1025621703857668,2.118340025085756,2.118338900746596,1.1243391599968788e-06,8.627749832106004e-05
0.1025621703838747,2.11834006251188,2.11833890070754,1.1618043398442524e-06,8.609382200316195e-05
0.1025621703856176,2.1183400657559877,2.1183389007435167,1.1650124709383647e-06,8.627749265554245e-05
0.1025621703838747,2.118340026912311,2.11833890070754,1.1262047707738532e-06,8.608002233765382e-05
0.1025621678811744,2.1183400689116256,2.1183388490479276,1.2198636980542688e-06,8.69985475179113e-05
0.1025621678811744,2.118340076220411,2.1183388490479276,1.2271724836310227e-06,8.69985475179113e-05
0.1025621703873289,2.1183400633445237,2.1183389007788405,1.1625656832769948e-06,8.608002429230955e-05
0.1025621702354512,2.1183400662715846,2.118338897643849,1.168627735470551e-06,8.69985475179113e-05
0.1025621703857669,2.1183398294920193,2.1183389007465983,9.287454210138435e-07,8.627749832123886e-05
0.1025621703866447,2.1183400376398627,2.1183389007647175,1.1368751451357184e-06,8.608002233765382e-05
0.102562170379388,2.118340027364145,2.118338900614928,1.126749217039702e-06,8.699843396548961e-05
0.102562170379388,2.118339940120304,2.118338900614928,1.0395053759992834e-06,8.699843396526956e-05
0.1025621703873289,2.118339948262518,2.1183389007788405,1.0474836775742347e-06,8.608002429236154e-05
0.1025621702354512,2.1183399235571687,2.118338897643849,1.0259133196299786e-06,8.69985475179113e-05
0.1025621703857668,2.118340087747011,2.118338900746596,1.187000414848427e-06,8.627749832106004e-05
0.1025621698045938,2.118340128951999,2.118338888750285,1.2402017142143507e-06,8.627282904228075e-05
0.1025621698045938,2.1183399131399456,2.118338888750285,1.0243896606532132e-06,8.604588354353229e-05
0.1025621698045938,2.118340043699121,2.118338888750285,1.1549488361239924e-06,8.604588354353229e-05
0.1025621703873289,2.1183399022268508,2.1183389007788405,1.0014480102960022e-06,8.608002429230955e-05
0.1025621678811744,2.118339979381758,2.1183388490479276,1.1303338305346244e-06,8.603261724920812e-05
0.1025621698045938,2.1183398509175317,2.118338888750285,9.621672467652331e-07,8.603261724920812e-05
0.1025621702354512,2.1183399917598935,2.118338897643849,1.0941160444311038e-06,8.69985475179113e-05
0.1025621702613427,2.1183399171013892,2.11833889817829,1.0189230992274645e-06,8.607838610917358e-05
0.1025621703857669,2.1183399475253255,2.1183389007465983,1.0467787272538942e-06,8.627749832123886e-05
0.1025621698045938,2.1183400638906846,2.118338888750285,1.1751403996562715e-06,8.607838610917358e-05
0.1025621703873289,2.1183398770753428,2.1183389007788405,9.762965023085712e-07,8.608002429230955e-05
0.1025621703857668,2.1183397999273246,2.118338900746596,8.991807285418929e-07,8.627749832106004e-05
0.1025621703856176,2.1183399127244917,2.1183389007435167,1.0119809750186448e-06,8.627749265554245e-05
0.1025621703872863,2.118340078167337,2.1183389007779607,1.1773893762168086e-06,8.609391311632535e-05
0.1025621703857669,2.1183400926020783,2.1183389007465983,1.1918554800871561e-06,8.627749832123886e-05
0.1025621703778927,2.118340066873021,2.1183389005840625,1.1662889582986224e-06,8.713642199417603e-05
0.1025621703856176,2.118340098427851,2.1183389007435167,1.1976843343752819e-06,8.627749265554245e-05
0.1025621703792153,2.1183399688100204,2.1183389006113633,1.068198657083741e-06,8.606420822837829e-05
0.1025621703838747,2.1183399815016783,2.11833890070754,1.0807941381862918e-06,8.606420822837829e-05
0.1025621703856176,2.118340073441095,2.1183389007435167,1.1726975781556348e-06,8.608002233765382e-05
0.1025621703872863,2.11834003786476,2.1183389007779607,1.1370867993854006e-06,8.609391311632535e-05
0.102562169779472,2.1183402460260865,2.1183388882317318,1.35779435472827e-06,8.627282904228075e-05
0.1025621703873877,2.1183400262807432,2.118338900780054,1.1255006890920072e-06,8.606423113300073e-05
0.1025621703778929,2.11834007919138,2.118338900584067,1.178607313079283e-06,8.713642199769674e-05
0.1025621703857669,2.1183401249206253,2.1183389007465983,1.224174027036895e-06,8.627749832123886e-05
0.1025621703873289,2.1183399685866027,2.1183389007788405,1.0678077622117144e-06,8.608002429230955e-05
0.1025621703857669,2.118340028942566,2.1183389007465983,1.128195967758927e-06,8.627749832123886e-05
0.1025621702613427,2.1183400262372207,2.11833889817829,1.1280589307105515e-06,8.607838610917358e-05
0.1025621703873877,2.118339930006346,2.118338900780054,1.0292262917488415e-06,8.606423113300073e-05
0.1025621703857668,2.118339754271554,2.118338900746596,8.535249578223159e-07,8.627749832106004e-05
0.1025621702613427,2.1183400608954512,2.11833889817829,1.1627171612182963e-06,8.627282904228075e-05
0.1025621703792153,2.118339922978172,2.1183389006113633,1.022366808545172e-06,8.604933343977453e-05
0.102562169779472,2.118339935947502,2.1183388882317318,1.0477157701416218e-06,8.603261724920812e-05
0.1025621703857669,2.1183402743579345,2.1183389007465983,1.3736113362305957e-06,8.627749832123886e-05
0.1025621703873877,2.118340016588882,2.118338900780054,1.115808828000553e-06,8.606423113212973e-05
0.102562169779472,2.118339993406199,2.1183388882317318,1.1051744670531605e-06,8.604588354353229e-05
0.1025621703872863,2.118339923465677,2.1183389007779607,1.0226877162899939e-06,8.609391311632535e-05
0.1025621698045938,2.118339956361618,2.118338888750285,1.0676113331165027e-06,8.607838610917358e-05
0.102562169779472,2.11834003009783,2.1183388882317318,1.141866098119948e-06,8.762155233193334e-05
0.1025621703873289,2.1183400665608043,2.1183389007788405,1.1657819638521971e-06,8.608002429230955e-05
0.1025621703838747,2.1183399809541856,2.11833890070754,1.0802466454684634e-06,8.609382200316195e-05
0.1025621703872865,2.118340012174485,2.118338900777965,1.1113965197040443e-06,8.609391312046539e-05
0.1025621703873877,2.1183399604497986,2.118338900780054,1.0596697443965297e-06,8.606423113300073e-05
0.102562169779472,2.1183400481030947,2.1183388882317318,1.1598713629545898e-06,8.603261724920812e-05
0.1025621703838747,2.11834008425734,2.11833890070754,1.1835497999435063e-06,8.609382200316195e-05
0.1025621703838747,2.11833994794213,2.11833890070754,1.0472345897127866e-06,8.609382200316195e-05
0.1025621698045938,2.1183400330033084,2.118338888750285,1.1442530234440085e-06,8.603261724920812e-05
0.1025621703857668,2.1183397908073585,2.118338900746596,8.900607624262591e-07,8.627749832106004e-05
0.1025621703857669,2.118339901403749,2.1183389007465983,1.0006571509180162e-06,8.627749832123886e-05
0.1025621703873289,2.1183399849949653,2.1183389007788405,1.0842161248802995e-06,8.608002429230955e-05
0.1025621703867217,2.1183400239512005,2.1183389007663065,1.1231848939807776e-06,8.606420822837829e-05
0.1025621698045938,2.1183400856177297,2.118338888750285,1.1968674447082606e-06,8.607838610917358e-05
0.1025621703856176,2.1183399950731157,2.1183389007435167,1.0943295989385149e-06,8.609382200316195e-05
0.1025621703856176,2.11834007673433,2.1183389007435167,1.1759908131736552e-06,8.627749265554245e-05
0.1025621703857669,2.1183399474991806,2.1183389007465983,1.0467525823898427e-06,8.627749832123886e-05
0.1025621703872863,2.1183399113402417,2.1183389007779607,1.0105622809675197e-06,8.609391311632535e-05
0.1025621703866447,2.1183400040603533,2.1183389007647175,1.103295635740409e-06,8.608002233765382e-05
0.1025621703792153,2.1183399497592332,2.1183389006113633,1.0491478699137247e-06,8.699843412596072e-05
0.1025621703746251,2.118340067483619,2.118338900516614,1.1669670048064518e-06,8.608002233765382e-05
0.1025621678811744,2.118340097326264,2.1183388490479276,1.2482783362521843e-06,8.604588354353229e-05
0.1025621703873289,2.118339917438781,2.1183389007788405,1.0166599406780108e-06,8.608002429230955e-05
0.102562169779472,2.118340060119861,2.1183388882317318,1.1718881292033245e-06,8.627282904228075e-05
0.1025621703874336,2.1183400204027674,2.1183389007810014,1.1196217659659169e-06,8.604935429511404e-05
0.1025621703746251,2.118340044373714,2.118338900516614,1.1438570997057695e-06,8.627749265554245e-05
0.1025621702354512,2.1183397676029236,2.118338897643849,8.699590745564478e-07,8.607838610917358e-05
0.1025621703857668,2.1183400743405585,2.118338900746596,1.1735939624557545e-06,8.627749832106004e-05
0.102562170379388,2.1183400119111386,2.118338900614928,1.1112962106096802e-06,8.699843396548961e-05
0.1025621703857669,2.1183399363748077,2.1183389007465983,1.0356282094114988e-06,8.627749832123886e-05
0.1025621703872865,2.1183398993186926,2.118338900777965,9.985407274371028e-07,8.609391312046539e-05
0.1025621703873877,2.1183399468138457,2.118338900780054,1.046033791585188e-06,8.606423113212973e-05
0.1025621703746251,2.118340044373714,2.118338900516614,1.1438570997057695e-06,8.627749265554245e-05
0.1025621703866447,2.118340007356851,2.1183389007647175,1.106592133481854e-06,8.606420822837829e-05
0.1025621702354512,2.118340072582774,2.118338897643849,1.1749389248194575e-06,8.69985475179113e-05
0.1025621703878105,2.118339966610283,2.1183389007887814,1.0658215017222972e-06,8.603977996499327e-05
0.102562170379388,2.1183401376817352,2.118338900614928,1.2370668072136937e-06,8.699843396548961e-05
0.1025621703792153,2.1183399289417313,2.1183389006113633,1.0283303679692324e-06,8.627749265554245e-05
0.1025621703856176,2.118339848897995,2.1183389007435167,9.48154478486174e-07,8.627749265554245e-05
0.1025621703873289,2.1183399975604678,2.1183389007788405,1.0967816272966502e-06,8.608002429236154e-05
0.1025621703874336,2.118340035449773,2.1183389007810014,1.1346687713853498e-06,8.604935429511404e-05
0.1025621702354512,2.1183400426783217,2.118338897643849,1.1450344725716377e-06,8.69985475179113e-05
0.102562170379388,2.1183401376817352,2.118338900614928,1.2370668072136937e-06,8.699843396548961e-05
0.1025621703746251,2.118340067256075,2.118338900516614,1.166739460600752e-06,8.627749265554245e-05
0.1025621703857669,2.118339966755288,2.1183389007465983,1.066008689765141e-06,8.627749832123886e-05
0.1025621703872865,2.1183399959521343,2.118338900777965,1.0951741691300754e-06,8.609391312046539e-05
0.1025621678811744,2.118340094981899,2.1183388490479276,1.2459339715498174e-06,8.798253476471293e-05
0.1025621703838747,2.1183400771545475,2.11833890070754,1.1764470073671873e-06,8.627749265554245e-05
0.1025621703872863,2.118340032150882,2.1183389007779607,1.1313729211259727e-06,8.609391311632535e-05
0.1025621702354512,2.1183400412904922,2.118338897643849,1.1436466431646863e-06,8.69985475179113e-05
0.1025621703873289,2.1183400162084296,2.1183389007788405,1.1154295891380173e-06,8.608002429236154e-05
0.1025621702354512,2.1183400506895493,2.118338897643849,1.153045700252875e-06,8.762155233193334e-05
0.1025621703838747,2.1183398992867684,2.11833890070754,9.9857922819524e-07,8.609382200316195e-05
0.1025621703857669,2.1183400312079086,2.1183389007465983,1.1304613103391148e-06,8.627749832123886e-05
0.1025621703746251,2.118340014709492,2.118338900516614,1.1141928779601074e-06,8.606420822837829e-05
0.1025621703873289,2.11833998575425,2.1183389007788405,1.0849754095154651e-06,8.608002429230955e-05
0.1025621703856176,2.1183400305085542,2.1183389007435167,1.1297650375219348e-06,8.627749265554245e-05
0.1025621703857668,2.1183400508293837,2.118338900746596,1.1500827876709252e-06,8.627749832106004e-05
0.1025621676899787,2.118340098242141,2.118338845101352,1.2531407889149193e-06,8.602513224222104e-05
0.1025621703838747,2.1183400921057163,2.11833890070754,1.1913981761146886e-06,8.627749265554245e-05
0.1025621703792153,2.118339999953218,2.1183389006113633,1.099341854882141e-06,8.699843412596072e-05
0.1025621678811744,2.1183400656264615,2.1183388490479276,1.2165785339135482e-06,8.603261724920812e-05
0.1025621703873289,2.1183400052811083,2.1183389007788405,1.1045022678679572e-06,8.608002429230955e-05
0.1025621702354512,2.118339979368261,2.118338897643849,1.0817244118221936e-06,8.607838610917358e-05
0.1025621703778929,2.1183401598436915,2.118338900584067,1.259259624575293e-06,8.713642199769674e-05
0.1025621703857668,2.1183400319213526,2.118338900746596,1.1311747565301289e-06,8.627749832106004e-05
0.1025621703838747,2.118340018735908,2.11833890070754,1.118028367663726e-06,8.609382200316195e-05
0.1025621702354512,2.1183400940084707,2.118338897643849,1.1963646215917834e-06,8.69985475179113e-05
0.1025621703872863,2.1183400210364005,2.1183389007779607,1.120258439790689e-06,8.609391311632535e-05
0.1025621703792153,2.118340033337782,2.1183389006113633,1.132726418884289e-06,8.699843412596072e-05
0.102562170379388,2.1183400239089956,2.118338900614928,1.1232940675398595e-06,8.699843396548961e-05
0.102562169779472,2.1183400035835147,2.1183388882317318,1.1153517829320947e-06,8.604588354353229e-05
0.1025621703873289,2.1183399910731215,2.1183389007788405,1.0902942810808725e-06,8.608002429230955e-05
0.1025621703873289,2.1183400737346876,2.1183389007788405,1.1729558471174073e-06,8.608002429230955e-05
0.1025621703746251,2.118340052158662,2.118338900516614,1.1516420479473766e-06,8.71373469923849e-05
0.1025621703872865,2.1183399959521343,2.118338900777965,1.0951741691300754e-06,8.609391312046539e-05
0.1025621702354512,2.118339919175063,2.118338897643849,1.0215312138406318e-06,8.627282904228075e-05
0.1025621703857669,2.1183401640936323,2.1183389007465983,1.2633470340972508e-06,8.627749832123886e-05
0.1025621703872863,2.118339852505923,2.1183389007779607,9.517279622173191e-07,8.609391311632535e-05
0.1025621676899787,2.118340022319895,2.118338845101352,1.177218543091385e-06,8.602513224222104e-05
0.1025621698045938,2.1183399527198272,2.118338888750285,1.0639695422476336e-06,8.603261724920812e-05
0.1025621703857669,2.118340098219704,2.1183389007465983,1.1974731055630627e-06,8.627749832123886e-05
0.1025621703746251,2.118340044012852,2.118338900516614,1.1434962376988267e-06,8.608002233765382e-05
0.102562169779472,2.1183399575753374,2.1183388882317318,1.0693436056641303e-06,8.603261724920812e-05
0.1025621703857668,2.118339936866079,2.118338900746596,1.0361194830998954e-06,8.627749832106004e-05
0.102562170379388,2.118339940379438,2.118338900614928,1.0397645100468367e-06,8.699843396548961e-05
0.1025621703872863,2.118340024325516,2.1183389007779607,1.1235475554371988e-06,8.609391311632535e-05
0.102562170379388,2.1183400791456086,2.118338900614928,1.178530680601142e-06,8.699843396548961e-05
0.1025621698045938,2.1183399925728583,2.118338888750285,1.1038225733450702e-06,8.603261724920812e-05
0.1025621702354512,2.1183399750728693,2.118338897643849,1.0774290202242298e-06,8.627282904228075e-05
0.1025621703872865,2.1183400963254213,2.118338900777965,1.1955474561453627e-06,8.609391312046539e-05
0.1025621702354512,2.118339979368261,2.118338897643849,1.0817244118221936e-06,8.607838610917358e-05
0.1025621698045938,2.1183400350681234,2.118338888750285,1.1463178384296668e-06,8.607838610917358e-05
0.1025621703867217,2.1183400675313315,2.1183389007663065,1.1667650250402062e-06,8.604933343977453e-05
0.102562170379388,2.1183400544535753,2.118338900614928,1.1538386472942364e-06,8.699843396526956e-05
0.102562169779472,2.118340069372634,2.1183388882317318,1.18114090241761e-06,8.604588354353229e-05
0.1025621703873877,2.118339880770284,2.118338900780054,9.799902298546215e-07,8.606423113212973e-05
0.1025621703873289,2.1183400710944396,2.1183389007788405,1.1703155990971936e-06,8.608002429236154e-05
0.102562169779472,2.118340014566598,2.1183388882317318,1.1263348662637895e-06,8.604588354353229e-05
0.1025621703857668,2.1183401489527425,2.118338900746596,1.2482061464424987e-06,8.627749832106004e-05
0.1025621703872863,2.1183397863956066,2.1183389007779607,8.856176458849063e-07,8.609391311632535e-05
0.1025621698045938,2.118339971081471,2.118338888750285,1.0823311860086449e-06,8.604588354353229e-05
0.1025621698045938,2.1183400455952985,2.118338888750285,1.1568450135612807e-06,8.604588354353229e-05
0.1025621698045938,2.1183401213642545,2.118338888750285,1.2326139695595373e-06,8.627282904228075e-05
0.1025621703778929,2.118339965409679,2.118338900584067,1.0648256121292832e-06,8.713642199769674e-05
0.1025621703857668,2.1183399469300386,2.118338900746596,1.0461834425434802e-06,8.627749832106004e-05
0.1025621676899787,2.1183399946181174,2.118338845101352,1.1495167653308158e-06,8.602513224222104e-05
0.1025621703874336,2.11834002755128,2.1183389007810014,1.1267702784145683e-06,8.604935429511404e-05
0.1025621703873289,2.1183400519188598,2.1183389007788405,1.1511400193064958e-06,8.608002429236154e-05
0.1025621703873289,2.1183400092879823,2.1183389007788405,1.1085091418117088e-06,8.608002429236154e-05
0.1025621703873289,2.118340016382582,2.1183389007788405,1.1156037413861952e-06,8.608002429236154e-05
0.1025621678811744,2.118340077963151,2.1183388490479276,1.2289152233613265e-06,8.607838610917358e-05
0.1025621703856176,2.118339986065238,2.1183389007435167,1.0853217213835364e-06,8.609382200316195e-05
0.1025621703872863,2.118340042810928,2.1183389007779607,1.1420329673050844e-06,8.609391311632535e-05
0.1025621703792153,2.118339937511183,2.1183389006113633,1.036899819784054e-06,8.608002233765382e-05
0.1025621698045938,2.118339858827587,2.118338888750285,9.700773020426823e-07,8.604588354353229e-05
0.1025621703792153,2.118339922978172,2.1183389006113633,1.022366808545172e-06,8.604933343977453e-05
0.1025621703873289,2.1183400204282394,2.1183389007788405,1.1196493989729106e-06,8.608002429230955e-05
0.1025621703857669,2.118340088000417,2.1183389007465983,1.1872538188129056e-06,8.627749832123886e-05
0.102562169779472,2.1183399894427026,2.1183388882317318,1.1012109708552487e-06,8.604588354353229e-05
0.1025621703857669,2.118340012997214,2.1183389007465983,1.112250615609156e-06,8.627749832123886e-05
0.102562170379388,2.1183399073974583,2.118338900614928,1.006782530232897e-06,8.699843396526956e-05
0.1025621703409047,2.118339678687488,2.118338899820573,7.788669149633165e-07,8.69985475179113e-05
0.1025621703792153,2.1183399643044667,2.1183389006113633,1.0636931033758401e-06,8.609382200316195e-05
0.1025621703873289,2.1183400280885807,2.1183389007788405,1.1273097402231258e-06,8.608002429236154e-05
0.1025621703873289,2.118339973405334,2.1183389007788405,1.0726264934035612e-06,8.608002429230955e-05
0.102562170379388,2.118339842406113,2.118338900614928,9.417911850384542e-07,8.699843396526956e-05
0.1025621703867217,2.1183400706380926,2.1183389007663065,1.169871786110832e-06,8.604933343977453e-05
0.1025621703792153,2.11833999799928,2.1183389006113633,1.0973879165376843e-06,8.606420822837829e-05
0.1025621702354512,2.118340083266171,2.118338897643849,1.1856223220974016e-06,8.627282904228075e-05
0.1025621698045938,2.118340066552008,2.118338888750285,1.177801722818117e-06,8.603261724920812e-05
0.1025621703792153,2.1183399523549933,2.1183389006113633,1.051743629965074e-06,8.699843412596072e-05
0.1025621703872865,2.1183399718497,2.118338900777965,1.07107173485943e-06,8.609391312046539e-05
0.1025621698045938,2.1183400850157534,2.118338888750285,1.1962654684616325e-06,8.627282904228075e-05
0.1025621703838747,2.118339975498994,2.11833890070754,1.0747914540587544e-06,8.609382200316195e-05
0.1025621703866447,2.1183399316818368,2.1183389007647175,1.0309171192268707e-06,8.608002233765382e-05
0.1025621703838747,2.1183399364906053,2.11833890070754,1.0357830650953304e-06,8.609382200316195e-05
0.1025621703856176,2.118340070200078,2.1183389007435167,1.1694565613673547e-06,8.627749265554245e-05
0.1025621703857669,2.11834008358226,2.1183389007465983,1.1828356618615032e-06,8.627749832123886e-05
0.1025621703873877,2.118340023534567,2.118338900780054,1.1227545129166572e-06,8.606423113212973e-05
0.1025621703873289,2.118340075520906,2.1183389007788405,1.1747420654018015e-06,8.608002429230955e-05
0.1025621703792153,2.118340064148658,2.1183389006113633,1.1635372945129063e-06,8.627749265554245e-05
0.1025621703838747,2.1183399635463664,2.11833890070754,1.0628388262823307e-06,8.609382200316195e-05
0.1025621703873877,2.118340035297957,2.118338900780054,1.1345179027344443e-06,8.606423113212973e-05
0.1025621703872865,2.118340062484598,2.118338900777965,1.1617066326685688e-06,8.609391312046539e-05
0.1025621703872863,2.118340075167168,2.1183389007779607,1.1743892072146878e-06,8.609391311632535e-05
0.1025621703872865,2.1183398423456548,2.118338900777965,9.415676895940805e-07,8.609391312046539e-05
0.1025621698045938,2.118340110711638,2.118338888750285,1.2219613529929063e-06,8.627282904228075e-05
0.1025621703872863,2.1183399769646125,2.1183389007779607,1.0761866517938756e-06,8.609391311632535e-05
0.1025621678811744,2.118340138427552,2.1183388490479276,1.2893796244028977e-06,8.627282904228075e-05
0.1025621703866447,2.118339959207267,2.1183389007647175,1.0584425496062977e-06,8.606420822837829e-05
0.1025621703872865,2.1183399766893753,2.118338900777965,1.0759114101865919e-06,8.609391312046539e-05
0.102562170379388,2.1183400515512973,2.118338900614928,1.150936369320732e-06,8.699843396548961e-05
0.1025621702613427,2.118339860588918,2.11833889817829,9.624106280803346e-07,8.627282904228075e-05
0.1025621703409047,2.118340053717934,2.118338899820573,1.1538973607727598e-06,8.607838610917358e-05
0.1025621703873289,2.11833992720662,2.1183389007788405,1.0264277796601107e-06,8.608002429236154e-05
0.1025621703873289,2.1183400034936524,2.1183389007788405,1.1027148119069352e-06,8.608002429236154e-05
0.1025621703872865,2.118340032250115,2.118338900777965,1.1314721497512892e-06,8.609391312046539e-05
0.1025621703857669,2.1183400489204955,2.1183389007465983,1.1481738972918265e-06,8.627749832123886e-05
0.1025621703792153,2.118339965984164,2.1183389006113633,1.0653728006460028e-06,8.627749265554245e-05
0.1025621703873877,2.118339997078848,2.118338900780054,1.096298793967776e-06,8.606423113300073e-05
0.1025621698045938,2.1183400229456226,2.118338888750285,1.1341953376486913e-06,8.607838610917358e-05
0.1025621703856176,2.118340113687157,2.1183389007435167,1.2129436401941973e-06,8.627749265554245e-05
0.1025621703872865,2.118340028208349,2.118338900777965,1.1274303837183197e-06,8.609391312046539e-05
0.1025621703856176,2.1183400234162524,2.1183389007435167,1.1226727356650201e-06,8.606420822837829e-05
0.1025621703874336,2.1183399414000705,2.1183389007810014,1.0406190691369943e-06,8.604935429592303e-05
0.1025621703872863,2.118340026852484,2.1183389007779607,1.126074523405407e-06,8.609391311632535e-05
0.102562170379388,2.118339975255933,2.118338900614928,1.0746410050721522e-06,8.699843396548961e-05
0.1025621702354512,2.1183400312398004,2.118338897643849,1.133595951330335e-06,8.69985475179113e-05
0.102562169779472,2.1183400904907965,2.1183388882317318,1.2022590647475795e-06,8.69985475179113e-05
0.1025621703873289,2.1183400411896267,2.1183389007788405,1.1404107862489354e-06,8.608002429230955e-05
0.1025621703838747,2.118339981413383,2.11833890070754,1.0807058430373218e-06,8.609382200316195e-05
0.1025621703838747,2.1183400282440576,2.11833890070754,1.1275365174867602e-06,8.609382200316195e-05
0.1025621703792153,2.118340005302557,2.1183389006113633,1.1046911936318793e-06,8.608002233765382e-05
0.102562170379388,2.118339952266135,2.118338900614928,1.0516512070068984e-06,8.699843396526956e-05
0.1025621703857668,2.118340089956292,2.118338900746596,1.1892096960508525e-06,8.627749832106004e-05
0.102562170379388,2.118339952809193,2.118338900614928,1.0521942650498772e-06,8.699843396548961e-05
0.1025621702354512,2.1183399403117433,2.118338897643849,1.0426678942465628e-06,8.627282904228075e-05
0.1025621703857668,2.1183399051812395,2.118338900746596,1.0044346434590068e-06,8.627749832106004e-05
0.1025621703866447,2.1183399862404135,2.1183389007647175,1.0854756959943757e-06,8.606420822837829e-05
0.102562170379388,2.118339966652719,2.118338900614928,1.0660377909310625e-06,8.699843396526956e-05
0.1025621703873289,2.1183400291483183,2.1183389007788405,1.1283694778541076e-06,8.608002429236154e-05
0.102562170379388,2.11833994358166,2.118338900614928,1.0429667320899227e-06,8.699843396548961e-05
0.1025621702613427,2.1183400926576508,2.11833889817829,1.1944793607554516e-06,8.69985475179113e-05
0.1025621676899787,2.1183400790455664,2.118338845101352,1.2339442143627366e-06,8.602513224222104e-05
0.1025621698045938,2.118340091665965,2.118338888750285,1.2029156799542307e-06,8.627282904228075e-05
0.1025621703872863,2.1183398874754586,2.1183389007779607,9.866974979289012e-07,8.609391311632535e-05
0.1025621678811744,2.1183400827763084,2.1183388490479276,1.2337283807895005e-06,8.604588354353229e-05
0.1025621703873877,2.118340035385307,2.118338900780054,1.1346052528615758e-06,8.606423113300073e-05
0.1025621703873289,2.1183399039604867,2.1183389007788405,1.003181646197504e-06,8.608002429230955e-05
0.1025621703792153,2.118339924099366,2.1183389006113633,1.0234880027937265e-06,8.627749265554245e-05
0.1025621703746251,2.118340113280584,2.118338900516614,1.2127639696934978e-06,8.71373469923849e-05
0.1025621703872865,2.1183400039329414,2.118338900777965,1.1031549762563486e-06,8.609391312046539e-05
0.102562170379388,2.11834002463966,2.118338900614928,1.124024731957718e-06,8.699843396526956e-05
0.1025621698045938,2.1183399489136328,2.118338888750285,1.0601633477769212e-06,8.603261724920812e-05
0.1025621703872865,2.11833998280681,2.118338900777965,1.0820288447455084e-06,8.609391312046539e-05
0.1025621703792153,2.118339973888376,2.1183389006113633,1.0732770125976288e-06,8.699843412596072e-05
0.1025621703872863,2.1183400530401104,2.1183389007779607,1.1522621496951047e-06,8.609391311632535e-05
0.1025621703856176,2.1183399656385307,2.1183389007435167,1.0648950139469093e-06,8.627749265554245e-05
0.1025621703873289,2.1183400813797695,2.1183389007788405,1.1806009290182828e-06,8.608002429236154e-05
0.1025621703857668,2.1183400318063694,2.118338900746596,1.1310597733960037e-06,8.627749832106004e-05
0.1025621703734333,2.1183400200272926,2.1183389004920135,1.1195352791482094e-06,8.699843412596072e-05
0.1025621703856176,2.1183399986033686,2.1183389007435167,1.0978598519173488e-06,8.627749265554245e-05
0.1025621703873289,2.1183400456595027,2.1183389007788405,1.1448806622738061e-06,8.608002429236154e-05
0.1025621703873289,2.118340015036672,2.1183389007788405,1.1142578313361184e-06,8.608002429230955e-05
0.1025621703872865,2.1183397788381106,2.118338900777965,8.780601454816406e-07,8.609391312046539e-05
0.1025621698045938,2.1183398734011942,2.118338888750285,9.846509092525935e-07,8.604588354353229e-05
0.1025621702613427,2.1183401608905346,2.11833889817829,1.2627122445429961e-06,8.627282904228075e-05
0.1025621703874336,2.118340038950507,2.1183389007810014,1.138169505754405e-06,8.604935429511404e-05
0.102562169779472,2.1183400860540686,2.1183388882317318,1.1978223368735996e-06,8.627282904228075e-05
0.1025621702613427,2.1183399042443876,2.11833889817829,1.0060660975419466e-06,8.627282904228075e-05
0.1025621703873289,2.118339940049027,2.1183389007788405,1.0392701863537468e-06,8.608002429236154e-05
0.1025621703873289,2.118340016131818,2.1183389007788405,1.1153529775320692e-06,8.608002429236154e-05
0.1025621703838747,2.1183399707343606,2.11833890070754,1.0700268204821839e-06,8.609382200316195e-05
0.1025621703873877,2.1183400283965645,2.118338900780054,1.127616510387952e-06,8.606423113300073e-05
0.1025621703792153,2.1183400067547247,2.1183389006113633,1.106143361351286e-06,8.609382200316195e-05
0.1025621703872865,2.1183399592942362,2.118338900777965,1.058516271079668e-06,8.609391312046539e-05
0.1025621703872865,2.118339992348787,2.118338900777965,1.0915708217318354e-06,8.609391312046539e-05
0.1025621703409047,2.118340109507053,2.118338899820573,1.2096864798749607e-06,8.627282904228075e-05
0.1025621703873289,2.1183400501155463,2.1183389007788405,1.1493367058079684e-06,8.608002429236154e-05
0.1025621703866447,2.1183398901684996,2.1183389007647175,9.894037820146195e-07,8.608002233765382e-05
0.1025621702354512,2.1183399679594843,2.118338897643849,1.0703156352320775e-06,8.607838610917358e-05
0.102562170379388,2.118340001606536,2.118338900614928,1.100991608105062e-06,8.699843396526956e-05
0.1025621703857669,2.11833995819177,2.1183389007465983,1.0574451718703415e-06,8.627749832123886e-05
0.1025621702354512,2.118340076333396,2.118338897643849,1.1786895468546277e-06,8.69985475179113e-05
0.1025621703866447,2.118340003028862,2.1183389007647175,1.1022641444036196e-06,8.606420822837829e-05
0.1025621703873877,2.118339904174535,2.118338900780054,1.003394480836306e-06,8.606423113212973e-05
0.1025621703778927,2.1183400989365047,2.1183389005840625,1.1983524421665948e-06,8.713642199417603e-05
0.1025621703792153,2.1183400343588032,2.1183389006113633,1.1337474399297776e-06,8.627749265554245e-05
0.102562169779472,2.1183401539048874,2.1183388882317318,1.265673155614877e-06,8.607838610917358e-05
0.102562170379388,2.118339797610583,2.118338900614928,8.969956550863856e-07,8.699843396526956e-05
0.1025621703857668,2.118340157579142,2.118338900746596,1.2568325460371454e-06,8.627749832106004e-05
0.1025621703838747,2.1183399648479093,2.11833890070754,1.0641403691558082e-06,8.609382200316195e-05
0.1025621703857668,2.1183400423724703,2.118338900746596,1.1416258742791285e-06,8.627749832106004e-05
0.1025621703873289,2.118339939164123,2.1183389007788405,1.03838528264788e-06,8.608002429230955e-05
0.1025621702613427,2.1183401372882082,2.11833889817829,1.239109918227399e-06,8.627282904228075e-05
0.102562170379388,2.1183398953222308,2.118338900614928,9.9470730274831e-07,8.699843396548961e-05
0.1025621703856176,2.1183400258024743,2.1183389007435167,1.1250589575517722e-06,8.627749265554245e-05
0.1025621703856176,2.1183400044265284,2.1183389007435167,1.1036830116495366e-06,8.627749265554245e-05
0.1025621702613427,2.1183400954183056,2.11833889817829,1.1972400155713103e-06,8.607838610917358e-05
0.1025621678811744,2.118340043290881,2.1183388490479276,1.1942429534173016e-06,8.604588354353229e-05
0.1025621703838747,2.1183400831119092,2.11833890070754,1.182404369082235e-06,8.609382200316195e-05
0.1025621703856176,2.118340089761824,2.1183389007435167,1.1890183073681726e-06,8.627749265554245e-05
0.1025621703838747,2.118340068014688,2.11833890070754,1.167307147831309e-06,8.627749265554245e-05
0.1025621703857668,2.1183400184527965,2.118338900746596,1.117706200481905e-06,8.627749832106004e-05
0.1025621698045938,2.1183399793040363,2.118338888750285,1.0905537513039576e-06,8.627282904228075e-05
0.1025621703872865,2.118339995272485,2.118338900777965,1.0944945199042877e-06,8.609391312046539e-05
0.1025621703873289,2.1183399595804553,2.1183389007788405,1.0588016148282975e-06,8.608002429236154e-05
0.1025621703873289,2.118340091693256,2.1183389007788405,1.1909144155275442e-06,8.608002429236154e-05
0.102562170379388,2.118339990166193,2.118338900614928,1.0895512647657313e-06,8.699843396526956e-05
0.102562170379388,2.1183398260695525,2.118338900614928,9.254546244896744e-07,8.699843396548961e-05
0.1025621702354512,2.1183400189581887,2.118338897643849,1.1213143396027192e-06,8.69985475179113e-05
0.1025621698045938,2.1183401414844685,2.118338888750285,1.2527341834989159e-06,8.603261724920812e-05
0.1025621703838747,2.1183400018066854,2.11833890070754,1.1010991451954055e-06,8.608002233765382e-05
0.1025621703540758,2.118339910226802,2.1183389000924446,1.0101343574930866e-06,8.607838610917358e-05
0.1025621703872863,2.1183400134541865,2.1183389007779607,1.112676225822895e-06,8.609391311632535e-05
0.1025621703792153,2.118339918702719,2.1183389006113633,1.0180913556645521e-06,8.609382200316195e-05
0.1025621703409047,2.118339949826109,2.118338899820573,1.0500055358519944e-06,8.607838610917358e-05
0.1025621703873289,2.1183399014957933,2.1183389007788405,1.000716952859193e-06,8.608002429230955e-05
0.1025621702613427,2.1183401672747766,2.11833889817829,1.269096486566923e-06,8.627282904228075e-05
0.1025621698045938,2.118340041764357,2.118338888750285,1.1530140722193494e-06,8.604588354353229e-05
0.1025621703838747,2.118340035116976,2.11833890070754,1.1344094357212953e-06,8.609382200316195e-05
0.102562170379388,2.1183400168481312,2.118338900614928,1.1162332032021993e-06,8.699843396548961e-05
0.1025621703872865,2.118339974941082,2.118338900777965,1.0741631166766297e-06,8.609391312046539e-05
0.1025621703838747,2.118340077786152,2.11833890070754,1.177078611913629e-06,8.609382200316195e-05
0.1025621703778927,2.118340080420726,2.1183389005840625,1.1798366634785395e-06,8.713642199417603e-05
0.102562170379388,2.118340016720933,2.118338900614928,1.116106004950268e-06,8.699843396526956e-05
0.1025621702613427,2.1183400245287096,2.11833889817829,1.1263504196001861e-06,8.607838610917358e-05
0.1025621703792153,2.118339928677992,2.1183389006113633,1.028066628716573e-06,8.608002233765382e-05
0.1025621703872863,2.118340054998651,2.1183389007779607,1.154220690136043e-06,8.609391311632535e-05
0.1025621703857668,2.1183399410708077,2.118338900746596,1.0403242116652223e-06,8.627749832106004e-05
0.1025621703838747,2.1183400708545177,2.11833890070754,1.1701469775360351e-06,8.609382200316195e-05
0.1025621703872865,2.118339867959248,2.118338900777965,9.671812826184123e-07,8.609391312046539e-05
0.102562170379388,2.1183400318933354,2.118338900614928,1.131278407395797e-06,8.699843396526956e-05
0.102562170379388,2.11834007106314,2.118338900614928,1.1704482121288606e-06,8.699843396548961e-05
0.1025621703838747,2.11834005740499,2.11833890070754,1.1566974498222748e-06,8.627749265554245e-05
0.1025621678811744,2.118340102092158,2.1183388490479276,1.2530442305980216e-06,8.607838610917358e-05
0.1025621703867217,2.1183400389934457,2.1183389007663065,1.1382271392079701e-06,8.604933343977453e-05
0.1025621703792153,2.118340160391485,2.1183389006113633,1.2597801215541438e-06,8.699843412596072e-05
0.1025621698045938,2.118339885949098,2.118338888750285,9.97198812857647e-07,8.603261724920812e-05
0.1025621703838747,2.1183400597263304,2.11833890070754,1.1590187902754678e-06,8.608002233765382e-05
0.1025621678811744,2.1183400954220177,2.1183388490479276,1.2463740901580422e-06,8.627282904228075e-05
0.1025621703792153,2.11834013053609,2.1183389006113633,1.2299247265090685e-06,8.699843412596072e-05
0.1025621703838747,2.118339974595954,2.11833890070754,1.0738884137495575e-06,8.609382200316195e-05
0.1025621703857668,2.1183399791143236,2.118338900746596,1.0783677275583159e-06,8.627749832106004e-05
0.1025621702613427,2.1183399423884017,2.11833889817829,1.0442101117114078e-06,8.69985475179113e-05
0.102562169779472,2.11833999365917,2.1183388882317318,1.1054274380306595e-06,8.604588354353229e-05
0.1025621678811744,2.1183401164170808,2.1183388490479276,1.2673691531794873e-06,8.627282904228075e-05
0.1025621678811744,2.118340016915025,2.1183388490479276,1.1678670972514738e-06,8.603261724920812e-05
0.1025621702354512,2.118340046901975,2.118338897643849,1.1492581259986423e-06,8.627282904228075e-05
0.102562169779472,2.1183401085268456,2.1183388882317318,1.2202951138462481e-06,8.69985475179113e-05
0.1025621703856176,2.1183399111568018,2.1183389007435167,1.010413285040812e-06,8.608002233765382e-05
0.1025621703838747,2.1183400195857938,2.11833890070754,1.1188782536031283e-06,8.606420822837829e-05
0.1025621703872863,2.1183400121432174,2.1183389007779607,1.1113652567118493e-06,8.609391311632535e-05
0.1025621702354512,2.1183400370081937,2.118338897643849,1.1393643446488966e-06,8.69985475179113e-05
0.102562169779472,2.118340015289015,2.1183388882317318,1.1270572830568426e-06,8.604588354353229e-05
0.1025621703873289,2.118339991587656,2.1183389007788405,1.0908088157179918e-06,8.608002429236154e-05
0.1025621703857668,2.118340082873645,2.118338900746596,1.1821270491374491e-06,8.627749832106004e-05
0.1025621703778927,2.1183400852287395,2.1183389005840625,1.1846446770213959e-06,8.713642199417603e-05
0.1025621703746251,2.1183400291496723,2.118338900516614,1.1286330581228299e-06,8.609382200316195e-05
0.1025621702613427,2.1183400634508907,2.11833889817829,1.1652726006339265e-06,8.607838610917358e-05
0.1025621703857668,2.1183399305713646,2.118338900746596,1.029824768572496e-06,8.627749832106004e-05
0.1025621703857669,2.1183400399696395,2.1183389007465983,1.139223041235482e-06,8.627749832123886e-05
0.1025621703872865,2.118340024261943,2.118338900777965,1.1234839778495598e-06,8.609391312046539e-05
0.1025621703872863,2.118339960286424,2.1183389007779607,1.0595084631859208e-06,8.609391311632535e-05
0.1025621703734333,2.118340000986165,2.1183389004920135,1.1004941513625965e-06,8.604933343977453e-05
0.102562170379388,2.1183399901792948,2.118338900614928,1.0895643667296895e-06,8.699843396548961e-05
0.1025621703873289,2.1183400019468506,2.1183389007788405,1.101168010109177e-06,8.608002429236154e-05
0.1025621703873289,2.1183400912967514,2.1183389007788405,1.1905179109206188e-06,8.608002429230955e-05
0.1025621703409047,2.118340163190621,2.118338899820573,1.2633700476882836e-06,8.607838610917358e-05
0.102562170373472,2.118339978991824,2.118338900492813,1.0784990109868886e-06,8.762204835066642e-05
0.1025621703838747,2.118339973223744,2.11833890070754,1.072516203848295e-06,8.609382200316195e-05
0.1025621703873877,2.1183399462320556,2.118338900780054,1.0454520014135937e-06,8.606423113300073e-05
0.1025621703838747,2.11833994936174,2.11833890070754,1.0486541999199517e-06,8.606420822837829e-05
0.1025621703838747,2.1183399784107717,2.11833890070754,1.0777032315445467e-06,8.606420822837829e-05
0.1025621703873289,2.1183399108665912,2.1183389007788405,1.010087750774602e-06,8.608002429236154e-05
0.1025621703746251,2.118340009887924,2.118338900516614,1.109371309926388e-06,8.71373469923849e-05
0.1025621703857668,2.118339947963951,2.118338900746596,1.0472173550546415e-06,8.627749832106004e-05
0.1025621703746251,2.1183400110608472,2.118338900516614,1.1105442330183735e-06,8.699843412596072e-05
0.1025621703873289,2.1183400669299677,2.1183389007788405,1.1661511272187397e-06,8.608002429236154e-05
0.1025621703873289,2.118340069585925,2.1183389007788405,1.1688070844506626e-06,8.608002429230955e-05
0.1025621678811744,2.1183400672435617,2.1183388490479276,1.2181956341450473e-06,8.607838610917358e-05
0.1025621703857669,2.118339850321245,2.1183389007465983,9.495746469134758e-07,8.627749832123886e-05
0.1025621702354512,2.1183400120318105,2.118338897643849,1.1143879614650132e-06,8.627282904228075e-05
0.1025621703873289,2.118340025439723,2.1183389007788405,1.1246608826454008e-06,8.608002429230955e-05
0.1025621702354512,2.1183398938326587,2.118338897643849,9.961888096654548e-07,8.607838610917358e-05
0.1025621703778927,2.11834000823634,2.1183389005840625,1.1076522774544628e-06,8.713642199417603e-05
0.1025621703872865,2.1183400705849547,2.118338900777965,1.169806989498312e-06,8.609391312046539e-05
0.102562170379388,2.118340141107488,2.118338900614928,1.240492559784201e-06,8.699843396548961e-05
0.1025621703838747,2.118340097306529,2.11833890070754,1.1965989887841033e-06,8.609382200316195e-05
0.1025621678811744,2.118340002095427,2.1183388490479276,1.153047499258264e-06,8.604588354353229e-05
0.1025621703857668,2.1183400969125885,2.118338900746596,1.196165992478626e-06,8.627749832106004e-05
0.1025621703872865,2.1183399121519217,2.118338900777965,1.0113739565831281e-06,8.609391312046539e-05
0.1025621676899787,2.1183400437523114,2.118338845101352,1.1986509593775452e-06,8.602513224222104e-05
0.1025621703838747,2.1183401459197087,2.11833890070754,1.2452121684880524e-06,8.609382200316195e-05
0.1025621702354512,2.118340101669521,2.118338897643849,1.2040256720524667e-06,8.69985475179113e-05
0.102562170379388,2.1183400148094345,2.118338900614928,1.1141945064352399e-06,8.699843396548961e-05
0.1025621698045938,2.1183401248816742,2.118338888750285,1.236131389248385e-06,8.607838610917358e-05
0.1025621698045938,2.118340084032246,2.118338888750285,1.1952819609639675e-06,8.607838610917358e-05
0.1025621703856176,2.1183399283829365,2.1183389007435167,1.0276394197816785e-06,8.627749265554245e-05
0.1025621678811744,2.1183401298819353,2.1183388490479276,1.2808340077441471e-06,8.762155233193334e-05
0.1025621703874336,2.118340086389178,2.1183389007810014,1.1856081765238002e-06,8.604935429511404e-05
0.1025621703866447,2.118339951391108,2.1183389007647175,1.0506263903309332e-06,8.608002233765382e-05
0.1025621703857669,2.118340022046792,2.1183389007465983,1.1213001935850286e-06,8.627749832123886e-05
0.1025621703873877,2.118340005146645,2.118338900780054,1.1043665910648315e-06,8.606423113300073e-05
0.1025621703872865,2.1183400503666325,2.118338900777965,1.1495886673706934e-06,8.609391312046539e-05
0.1025621698045938,2.118339903642421,2.118338888750285,1.0148921361086138e-06,8.604588354353229e-05
0.1025621703872865,2.1183399901193667,2.118338900777965,1.0893414015278324e-06,8.609391312046539e-05
0.1025621703792153,2.1183400392808247,2.1183389006113633,1.1386694613868542e-06,8.627749265554245e-05
0.102562169779472,2.1183399942586454,2.1183388882317318,1.1060269136109468e-06,8.604588354353229e-05
0.1025621703873289,2.1183400000095123,2.1183389007788405,1.0992306718193845e-06,8.608002429230955e-05
0.1025621703857668,2.118340099633012,2.118338900746596,1.1988864159206969e-06,8.627749832106004e-05
0.1025621703792153,2.118339905259208,2.1183389006113633,1.0046478444714069e-06,8.699843412596072e-05
0.102562170379388,2.1183399354863193,2.118338900614928,1.0348713912478047e-06,8.699843396548961e-05
0.102562170379388,2.118340050549031,2.118338900614928,1.1499341030507537e-06,8.699843396548961e-05
0.1025621703872863,2.1183399670862313,2.1183389007779607,1.066308270569749e-06,8.609391311632535e-05
0.1025621678811744,2.1183400907079935,2.1183388490479276,1.2416600658760046e-06,8.627282904228075e-05
0.1025621703873877,2.118340041741015,2.118338900780054,1.1409609608215021e-06,8.606423113212973e-05
0.1025621703873289,2.118339924894807,2.1183389007788405,1.0241159666968258e-06,8.608002429236154e-05
0.1025621703857669,2.118339906814467,2.1183389007465983,1.0060678685697155e-06,8.627749832123886e-05
0.1025621703746251,2.1183400811333732,2.118338900516614,1.1806167590222572e-06,8.699843412596072e-05
0.1025621703872865,2.1183399688488582,2.118338900777965,1.0680708930621563e-06,8.609391312046539e-05
0.1025621703873877,2.1183400132746377,2.118338900780054,1.1124945835661038e-06,8.606423113300073e-05
0.1025621703873289,2.118339925614509,2.1183389007788405,1.0248356683284499e-06,8.608002429236154e-05
0.1025621703872863,2.118340016701271,2.1183389007779607,1.1159233102020494e-06,8.609391311632535e-05
0.1025621703838747,2.118339759303751,2.11833890070754,8.585962110174705e-07,8.609382200316195e-05
0.1025621703873289,2.118339898052206,2.1183389007788405,9.972733656660182e-07,8.608002429236154e-05
0.1025621703872865,2.1183398614553024,2.118338900777965,9.606773372361488e-07,8.609391312046539e-05
0.1025621703866447,2.1183400371708103,2.1183389007647175,1.1364060927832043e-06,8.606420822837829e-05
0.1025621678811744,2.1183400481941277,2.1183388490479276,1.1991462001148534e-06,8.603261724920812e-05
0.1025621698045938,2.1183400136249544,2.118338888750285,1.1248746694114686e-06,8.604588354353229e-05
0.1025621703856176,2.118340039700257,2.1183389007435167,1.1389567404762602e-06,8.608002233765382e-05
0.1025621703838747,2.118339857264437,2.11833890070754,9.565568968028515e-07,8.609382200316195e-05
0.1025621702354512,2.11834002351311,2.118338897643849,1.1258692609317222e-06,8.627282904228075e-05
0.1025621703746251,2.118340061033107,2.118338900516614,1.1605164926820066e-06,8.609382200316195e-05
0.102562169779472,2.1183399197388306,2.1183388882317318,1.0315070988475838e-06,8.604588354353229e-05
0.1025621703838747,2.1183397811013105,2.11833890070754,8.803937703305564e-07,8.627749265554245e-05
0.1025621703857669,2.1183400577417197,2.1183389007465983,1.1569951214873697e-06,8.627749832123886e-05
0.1025621698045938,2.1183400321047037,2.118338888750285,1.1433544186978395e-06,8.607838610917358e-05
0.1025621702613427,2.118340007101505,2.11833889817829,1.108923215031865e-06,8.607838610917358e-05
0.1025621703856176,2.1183400510585106,2.1183389007435167,1.15031499392515e-06,8.609382200316195e-05
0.1025621703857669,2.1183398108843874,2.1183389007465983,9.10137789134069e-07,8.627749832123886e-05
0.1025621703866447,2.118339961802936,2.1183389007647175,1.061038218619359e-06,8.606420822837829e-05
0.1025621703873877,2.1183399806865815,2.118338900780054,1.0799065273126018e-06,8.606423113300073e-05
0.102562169779472,2.118339996729188,2.1183388882317318,1.1084974560482408e-06,8.603261724920812e-05
0.1025621703872863,2.1183400220822546,2.1183389007779607,1.1213042938607032e-06,8.609391311632535e-05
0.1025621703873877,2.1183400205608107,2.118338900780054,1.1197807565643814e-06,8.606423113300073e-05
0.1025621703778927,2.1183400724287136,2.1183389005840625,1.1718446510933234e-06,8.713642199417603e-05
0.1025621703873289,2.118340002491666,2.1183389007788405,1.1017128254131592e-06,8.608002429236154e-05
0.1025621703866447,2.118339985120278,2.1183389007647175,1.0843555604544974e-06,8.606420822837829e-05
0.1025621703857668,2.118340131315129,2.118338900746596,1.23056853285064e-06,8.627749832106004e-05
0.1025621703792153,2.118339977330489,2.1183389006113633,1.076719125858716e-06,8.606420822837829e-05
0.1025621678811744,2.1183401158371087,2.1183388490479276,1.266789181109118e-06,8.762155233193334e-05
0.102562170379388,2.118340024453247,2.118338900614928,1.1238383188505452e-06,8.699843396548961e-05
0.1025621703857668,2.118339864659281,2.118338900746596,9.63912684781576e-07,8.627749832106004e-05
0.1025621703856176,2.118340003104154,2.1183389007435167,1.1023606374394035e-06,8.608002233765382e-05
0.1025621678811744,2.1183401162476874,2.1183388490479276,1.267199759791282e-06,8.762155233193334e-05
0.1025621703873877,2.1183399519332085,2.118338900780054,1.0511531542967134e-06,8.606423113212973e-05
0.1025621703857668,2.1183399102125495,2.118338900746596,1.0094659534942707e-06,8.627749832106004e-05
0.1025621703857669,2.1183399078236596,2.1183389007465983,1.0070770612990998e-06,8.627749832123886e-05
0.1025621698045938,2.11834011543876,2.118338888750285,1.2266884752420992e-06,8.627282904228075e-05
0.1025621703873289,2.118340108185124,2.1183389007788405,1.207406283398882e-06,8.608002429230955e-05
0.1025621703873289,2.1183399683486055,2.1183389007788405,1.067569765034193e-06,8.608002429230955e-05
0.1025621703838747,2.1183400687361518,2.11833890070754,1.1680286116089178e-06,8.627749265554245e-05
0.1025621703857669,2.1183398258867006,2.1183389007465983,9.25140102303601e-07,8.627749832123886e-05
0.1025621703872865,2.11834004062185,2.118338900777965,1.1398438850562798e-06,8.609391312046539e-05
0.1025621703857669,2.118340076699214,2.1183389007465983,1.1759526157284483e-06,8.627749832123886e-05
0.1025621703873289,2.118339922357399,2.1183389007788405,1.0215785586353832e-06,8.608002429230955e-05
0.1025621703873289,2.1183400390359473,2.1183389007788405,1.13825710679194e-06,8.608002429230955e-05
0.1025621703872865,2.118340082651803,2.118338900777965,1.1818738379076876e-06,8.609391312046539e-05
0.1025621703857668,2.118340044168125,2.118338900746596,1.1434215290151428e-06,8.627749832106004e-05
0.1025621703873289,2.1183401728130247,2.1183389007788405,1.2720341842076266e-06,8.608002429230955e-05
0.1025621703857668,2.1183401054730813,2.118338900746596,1.2047264852377282e-06,8.627749832106004e-05
0.1025621703857669,2.1183400755987285,2.1183389007465983,1.1748521302479276e-06,8.627749832123886e-05
0.1025621702354512,2.1183398101524173,2.118338897643849,9.125085682626377e-07,8.607838610917358e-05
0.1025621703872865,2.1183400281390226,2.118338900777965,1.1273610573958592e-06,8.609391312046539e-05
0.102562169779472,2.1183400465580324,2.1183388882317318,1.1583263006542666e-06,8.604588354353229e-05
0.102562170379388,2.1183400296008825,2.118338900614928,1.1289859545016157e-06,8.699843396548961e-05
0.1025621702354512,2.11833991713941,2.118338897643849,1.0194955608611167e-06,8.627282904228075e-05
0.1025621703873877,2.1183399722736125,2.118338900780054,1.0714935583244767e-06,8.606423113212973e-05
0.1025621703873877,2.1183399753112435,2.118338900780054,1.0745311893600729e-06,8.606423113300073e-05
0.1025621703874336,2.118340044975943,2.1183389007810014,1.1441949414603414e-06,8.604935429511404e-05
0.1025621703857669,2.1183400335386042,2.1183389007465983,1.1327920059756025e-06,8.627749832123886e-05
0.102562170379388,2.1183399529427516,2.118338900614928,1.052327823547472e-06,8.699843396548961e-05
0.1025621703778927,2.1183399948768207,2.1183389005840625,1.0942927581858441e-06,8.713642199417603e-05
0.1025621702354512,2.1183400444639067,2.118338897643849,1.1468200575848186e-06,8.69985475179113e-05
0.1025621703746251,2.118340102489429,2.118338900516614,1.2019728146128728e-06,8.71373469923849e-05
0.1025621703856176,2.1183398761389793,2.1183389007435167,9.753954626212646e-07,8.608002233765382e-05
0.1025621702354512,2.118339934406908,2.118338897643849,1.036763058959167e-06,8.69985475179113e-05
0.1025621703873289,2.1183400105106096,2.1183389007788405,1.1097317691444175e-06,8.608002429236154e-05
0.1025621703872863,2.1183399872798234,2.1183389007779607,1.0865018627015388e-06,8.609391311632535e-05
0.1025621703778927,2.1183400505709074,2.1183389005840625,1.1499868448616724e-06,8.713642199417603e-05
0.1025621698045938,2.1183400618949806,2.118338888750285,1.1731446956098068e-06,8.604588354353229e-05
0.1025621703734333,2.1183400200272926,2.1183389004920135,1.1195352791482094e-06,8.699843412596072e-05
0.1025621703857668,2.1183399481486673,2.118338900746596,1.0474020712969434e-06,8.627749832106004e-05
0.1025621676899787,2.118339879125326,2.118338845101352,1.0340239740003199e-06,8.602513224222104e-05
0.102562170379388,2.118340043977809,2.118338900614928,1.1433628808177332e-06,8.699843396548961e-05
0.1025621703792153,2.118339970684752,2.1183389006113633,1.0700733885649072e-06,8.699843412596072e-05
0.1025621703838747,2.1183399604845263,2.11833890070754,1.0597769861675488e-06,8.609382200316195e-05
0.1025621703872863,2.118340010044468,2.1183389007779607,1.1092665070933094e-06,8.609391311632535e-05
0.1025621702613427,2.118340091371427,2.11833889817829,1.193193137183357e-06,8.627282904228075e-05
0.1025621703856176,2.118340081512345,2.1183389007435167,1.1807688284903861e-06,8.609382200316195e-05
0.1025621703857668,2.1183400122226423,2.118338900746596,1.1114760463115658e-06,8.627749832106004e-05
0.1025621703856176,2.1183401911353523,2.1183389007435167,1.2903918356066413e-06,8.627749265554245e-05
0.1025621703873289,2.118340025082932,2.1183389007788405,1.1243040916042446e-06,8.608002429236154e-05
0.1025621703857669,2.1183399229334676,2.1183389007465983,1.0221868693705005e-06,8.627749832123886e-05
0.1025621703873289,2.118340009245378,2.1183389007788405,1.1084665376692726e-06,8.608002429230955e-05
0.1025621702354512,2.118340069549175,2.118338897643849,1.1719053261138868e-06,8.627282904228075e-05
0.1025621703873289,2.1183398770753428,2.1183389007788405,9.762965023085712e-07,8.608002429230955e-05
0.102562169779472,2.118340021355003,2.1183388882317318,1.1331232712130657e-06,8.603261724920812e-05
0.1025621703857668,2.118339988457487,2.118338900746596,1.0877108911344635e-06,8.627749832106004e-05
0.102562170379388,2.118339892898214,2.118338900614928,9.922832857611752e-07,8.699843396526956e-05
0.1025621703857669,2.1183400401259305,2.1183389007465983,1.1393793322156398e-06,8.627749832123886e-05
0.1025621703838747,2.1183399752673173,2.11833890070754,1.0745597771588677e-06,8.627749265554245e-05
0.1025621703857669,2.118339997666278,2.1183389007465983,1.0969196795329594e-06,8.627749832123886e-05
0.1025621703857668,2.1183398865776204,2.118338900746596,9.858310243693325e-07,8.627749832106004e-05
0.102562169779472,2.1183399283520883,2.1183388882317318,1.0401203565102435e-06,8.604588354353229e-05
0.1025621703873289,2.1183401788283214,2.1183389007788405,1.278049480912813e-06,8.608002429230955e-05
0.1025621703873877,2.1183399468138457,2.118338900780054,1.046033791585188e-06,8.606423113300073e-05
0.1025621702354512,2.118339885300344,2.118338897643849,9.876564948108069e-07,8.607838610917358e-05
0.1025621703838747,2.118339962470689,2.11833890070754,1.0617631489573398e-06,8.627749265554245e-05
0.102562169779472,2.1183400021132277,2.1183388882317318,1.1138814959288368e-06,8.604588354353229e-05
0.1025621703873877,2.1183400262144443,2.118338900780054,1.1254343901256902e-06,8.606423113300073e-05
0.1025621703792153,2.1183399801900884,2.1183389006113633,1.079578725082797e-06,8.606420822837829e-05
0.1025621703838747,2.118340176849715,2.11833890070754,1.276142175044015e-06,8.608002233765382e-05
0.1025621703872865,2.1183400086253714,2.118338900777965,1.107847406256468e-06,8.609391312046539e-05
0.1025621703746251,2.118340090850385,2.118338900516614,1.190333770662022e-06,8.71373469923849e-05
0.102562169779472,2.1183400917502984,2.1183388882317318,1.203518566583739e-06,8.607838610917358e-05
0.1025621703857668,2.1183401933501815,2.118338900746596,1.2926035855009843e-06,8.627749832106004e-05
0.1025621698045938,2.118340102675844,2.118338888750285,1.2139255591847586e-06,8.627282904228075e-05
0.1025621703873289,2.1183400456595027,2.1183389007788405,1.1448806622738061e-06,8.608002429236154e-05
0.102562170379388,2.118339875958657,2.118338900614928,9.753437288928524e-07,8.699843396526956e-05
0.1025621703838747,2.1183399314812617,2.11833890070754,1.0307737214887425e-06,8.608002233765382e-05
0.1025621703872865,2.1183400425254253,2.118338900777965,1.1417474601316258e-06,8.609391312046539e-05
0.1025621703873877,2.1183400328818816,2.118338900780054,1.1321018273946493e-06,8.606423113212973e-05
0.1025621703872863,2.1183400449980803,2.1183389007779607,1.144220119542183e-06,8.609391311632535e-05
0.1025621703873877,2.1183400337946927,2.118338900780054,1.1330146385546414e-06,8.606423113300073e-05
0.1025621703746251,2.118340078217563,2.118338900516614,1.1777009487623502e-06,8.71373469923849e-05
0.1025621702354512,2.1183401098608736,2.118338897643849,1.2122170245376651e-06,8.69985475179113e-05
0.1025621698045938,2.1183401311243615,2.118338888750285,1.2423740765044045e-06,8.607838610917358e-05
0.1025621702354512,2.118339954015354,2.118338897643849,1.0563715049372036e-06,8.607838610917358e-05
0.1025621703792153,2.118340002949418,2.1183389006113633,1.1023380546149042e-06,8.609382200316195e-05
0.1025621703872865,2.1183400474114085,2.118338900777965,1.1466334433052339e-06,8.609391312046539e-05
0.1025621703857669,2.11834001342462,2.1183389007465983,1.1126780217196597e-06,8.627749832123886e-05
0.1025621703856176,2.118339934910757,2.1183389007435167,1.034167240288042e-06,8.606420822837829e-05
0.1025621703872863,2.118340007985523,2.1183389007779607,1.1072075620788269e-06,8.609391311632535e-05
0.1025621676899787,2.1183401200005556,2.118338845101352,1.2748992035405138e-06,8.602513224222104e-05
0.102562170379388,2.1183400028706836,2.118338900614928,1.1022557555584456e-06,8.699843396548961e-05
0.102562169779472,2.1183399317325713,2.1183388882317318,1.043500839514877e-06,8.603261724920812e-05
0.1025621703856176,2.1183399314568105,2.1183389007435167,1.030713293825869e-06,8.609382200316195e-05
0.1025621678811744,2.1183400450971237,2.1183388490479276,1.1960491961282571e-06,8.603261724920812e-05
0.1025621703856176,2.11834001989391,2.1183389007435167,1.1191503932472813e-06,8.606420822837829e-05
0.1025621703838747,2.1183399423417884,2.11833890070754,1.0416342481889274e-06,8.609382200316195e-05
0.1025621703872865,2.1183400511735497,2.118338900777965,1.1503955845704184e-06,8.609391312046539e-05
0.1025621703873289,2.1183399807969283,2.1183389007788405,1.0800180878511867e-06,8.608002429236154e-05
0.1025621703746251,2.1183400414212614,2.118338900516614,1.1409046472010687e-06,8.606420822837829e-05
0.1025621703838747,2.1183400360359586,2.11833890070754,1.1353284183890366e-06,8.609382200316195e-05
0.102562170379388,2.1183401375831936,2.118338900614928,1.2369682655943848e-06,8.699843396548961e-05
0.1025621703873289,2.1183399297820684,2.1183389007788405,1.0290032279591799e-06,8.608002429236154e-05
0.1025621703856176,2.1183398831219726,2.1183389007435167,9.823784559159776e-07,8.608002233765382e-05
0.1025621698045938,2.118339946123618,2.118338888750285,1.0573733328911317e-06,8.604588354353229e-05
0.1025621703746251,2.1183400948265496,2.118338900516614,1.1943099353928233e-06,8.71373469923849e-05
0.1025621702354512,2.1183400120318105,2.118338897643849,1.1143879614650132e-06,8.627282904228075e-05
0.1025621703873289,2.1183400549189706,2.1183389007788405,1.1541401301329302e-06,8.608002429236154e-05
0.1025621703792153,2.118339981989137,2.1183389006113633,1.081377773548553e-06,8.699843412596072e-05
0.1025621698045938,2.118339979178102,2.118338888750285,1.0904278169299175e-06,8.69985475179113e-05
0.102562170379388,2.1183399376548153,2.118338900614928,1.0370398872971975e-06,8.699843396526956e-05
0.1025621703857668,2.118340075748728,2.118338900746596,1.1750021320366955e-06,8.627749832106004e-05
0.1025621703857668,2.1183400376556953,2.118338900746596,1.1369090993085251e-06,8.627749832106004e-05
0.1025621703857669,2.1183400807229344,2.1183389007465983,1.1799763361963755e-06,8.627749832123886e-05
0.1025621678811744,2.1183401260596875,2.1183388490479276,1.2770117598925879e-06,8.762155233193334e-05
0.1025621703838747,2.118340058971597,2.11833890070754,1.1582640566665248e-06,8.627749265554245e-05
0.102562170379388,2.118340040893665,2.118338900614928,1.1402787367664757e-06,8.699843396548961e-05
0.102562170379388,2.1183398716658646,2.118338900614928,9.710509365490338e-07,8.699843396526956e-05
0.1025621703872865,2.1183400513947848,2.118338900777965,1.1506168196007138e-06,8.609391312046539e-05
0.1025621703857668,2.1183399712880737,2.118338900746596,1.0705414776879252e-06,8.627749832106004e-05
0.102562169779472,2.118340028066759,2.1183388882317318,1.1398350272529e-06,8.604588354353229e-05
0.1025621703872865,2.118340062484598,2.118338900777965,1.1617066326685688e-06,8.609391312046539e-05
0.1025621703873289,2.1183400076784924,2.1183389007788405,1.106899651936999e-06,8.608002429236154e-05
0.1025621703857669,2.118340109617281,2.1183389007465983,1.2088706826673956e-06,8.627749832123886e-05
0.1025621703857668,2.118340012546822,2.118338900746596,1.1118002261056859e-06,8.627749832106004e-05
0.1025621698045938,2.1183398748793336,2.118338888750285,9.8612904864126e-07,8.603261724920812e-05
0.1025621703734333,2.118340050757062,2.1183389004920135,1.1502650485439858e-06,8.608002233765382e-05
0.102562169779472,2.11834005828377,2.1183388882317318,1.1700520383683966e-06,8.627282904228075e-05
0.1025621703872863,2.1183399689604467,2.1183389007779607,1.0681824860192535e-06,8.609391311632535e-05
0.1025621678811744,2.118340019022629,2.1183388490479276,1.1699747015647688e-06,8.603261724920812e-05
0.1025621703873877,2.118339988983552,2.118338900780054,1.0882034979786681e-06,8.606423113300073e-05
0.1025621703792153,2.118340001897148,2.1183389006113633,1.1012857847880753e-06,8.609382200316195e-05
0.1025621703856176,2.1183400880232717,2.1183389007435167,1.1872797549550285e-06,8.627749265554245e-05
0.102562169779472,2.118339996030157,2.1183388882317318,1.1077984254370676e-06,8.604588354353229e-05
0.1025621703856176,2.11833977605493,2.1183389007435167,8.753114131287987e-07,8.609382200316195e-05
0.1025621703856176,2.1183399700154,2.1183389007435167,1.0692718834803827e-06,8.609382200316195e-05
0.1025621703872865,2.1183400459095965,2.118338900777965,1.1451316312971471e-06,8.609391312046539e-05
0.1025621703873289,2.1183400532845433,2.1183389007788405,1.1525057028727304e-06,8.608002429230955e-05
0.1025621678811744,2.1183400961067695,2.1183388490479276,1.247058841968851e-06,8.603261724920812e-05
0.1025621702354512,2.118340090508276,2.118338897643849,1.1928644267911181e-06,8.69985475179113e-05
0.1025621702354512,2.11834005068677,2.118338897643849,1.1530429206985104e-06,8.69985475179113e-05
0.1025621703873289,2.1183397562946653,2.1183389007788405,8.555158248491068e-07,8.608002429236154e-05
0.1025621703856176,2.1183402577049084,2.1183389007435167,1.3569613916963874e-06,8.627749265554245e-05
0.1025621703838747,2.118339929608832,2.11833890070754,1.0289012917219509e-06,8.609382200316195e-05
0.1025621703872863,2.1183399034794412,2.1183389007779607,1.0027014805125134e-06,8.609391311632535e-05
0.1025621703873877,2.118340060583336,2.118338900780054,1.1598032818582737e-06,8.606423113300073e-05
0.1025621703873877,2.1183399374648384,2.118338900780054,1.036684784239128e-06,8.606423113300073e-05
0.102562170379388,2.1183400492572617,2.118338900614928,1.1486423336926066e-06,8.699843396548961e-05
0.1025621703872865,2.1183399703744867,2.118338900777965,1.0695965215745673e-06,8.609391312046539e-05
0.1025621703872865,2.1183400541980886,2.118338900777965,1.153420123412019e-06,8.609391312046539e-05
0.1025621703838747,2.1183400672893136,2.11833890070754,1.1665817734041184e-06,8.627749265554245e-05
0.102562170379388,2.1183400505080496,2.118338900614928,1.1498931216102903e-06,8.699843396526956e-05
0.1025621702613427,2.1183400874900604,2.11833889817829,1.1893117703998257e-06,8.69985475179113e-05
0.1025621703872865,2.1183401226071084,2.118338900777965,1.2218291431942419e-06,8.609391312046539e-05
0.1025621703866447,2.1183399314987055,2.1183389007647175,1.0307339879389588e-06,8.608002233765382e-05
0.1025621703873289,2.118340039362695,2.1183389007788405,1.1385838547539606e-06,8.608002429230955e-05
0.1025621703857669,2.1183401055956486,2.1183389007465983,1.2048490503069331e-06,8.627749832123886e-05
0.1025621703873289,2.1183399917204637,2.1183389007788405,1.0909416232607327e-06,8.608002429236154e-05
0.1025621703873289,2.1183399907715392,2.1183389007788405,1.0899926987661956e-06,8.608002429230955e-05
0.1025621703873877,2.1183400757532422,2.118338900780054,1.1749731880783543e-06,8.606423113300073e-05
0.1025621703838747,2.118339892372818,2.11833890070754,9.916652778940716e-07,8.609382200316195e-05
0.1025621703872863,2.118339976156655,2.1183389007779607,1.075378694093132e-06,8.609391311632535e-05
0.1025621703857669,2.118340093649669,2.1183389007465983,1.1929030705459809e-06,8.627749832123886e-05
0.1025621703857668,2.118339972011495,2.118338900746596,1.071264899010771e-06,8.627749832106004e-05
0.1025621703872863,2.1183400740957787,2.1183389007779607,1.1733178180151072e-06,8.609391311632535e-05
0.102562170379388,2.1183401365780745,2.118338900614928,1.2359631464953225e-06,8.699843396526956e-05
0.102562169779472,2.1183400404633046,2.1183388882317318,1.1522315728207388e-06,8.604588354353229e-05
0.1025621703872863,2.1183400491535735,2.1183389007779607,1.1483756128249922e-06,8.609391311632535e-05
0.1025621703872865,2.1183400449924346,2.118338900777965,1.1442144693951661e-06,8.609391312046539e-05
0.1025621703873289,2.1183398809767575,2.1183389007788405,9.80197917055392e-07,8.608002429230955e-05
0.1025621703866447,2.11833994821266,2.1183389007647175,1.0474479426036964e-06,8.608002233765382e-05
0.1025621703872863,2.118339950254385,2.1183389007779607,1.049476424430651e-06,8.609391311632535e-05
0.1025621703838747,2.1183399761463706,2.11833890070754,1.0754388304334839e-06,8.627749265554245e-05
0.1025621702354512,2.1183400584178576,2.118338897643849,1.1607740084684792e-06,8.627282904228075e-05
0.1025621703873289,2.11834008986586,2.1183389007788405,1.1890870195152559e-06,8.608002429236154e-05
0.1025621703873289,2.118340032844915,2.1183389007788405,1.1320660746605427e-06,8.608002429236154e-05
0.1025621702354512,2.118340165500116,2.118338897643849,1.2678562670842553e-06,8.627282904228075e-05
0.1025621702354512,2.1183398370292896,2.118338897643849,9.393854405459479e-07,8.627282904228075e-05
0.1025621703873289,2.118340009287036,2.1183389007788405,1.1085081954576026e-06,8.608002429230955e-05
0.1025621703873289,2.1183400669299677,2.1183389007788405,1.1661511272187397e-06,8.608002429236154e-05
0.1025621703838747,2.118340099840442,2.11833890070754,1.1991329018634644e-06,8.627749265554245e-05
0.1025621702354512,2.1183397830263204,2.118338897643849,8.853824713384029e-07,8.607838610917358e-05
0.1025621703872865,2.118339917461249,2.118338900777965,1.0166832837832374e-06,8.609391312046539e-05
0.102562170379388,2.1183400223826534,2.118338900614928,1.1217677253760883e-06,8.699843396526956e-05
0.1025621703873877,2.1183400092757965,2.118338900780054,1.10849574230798e-06,8.606423113212973e-05
0.1025621703856176,2.11834016437355,2.1183389007435167,1.2636300334989414e-06,8.609382200316195e-05
0.1025621698045938,2.118340100811252,2.118338888750285,1.2120609671484317e-06,8.607838610917358e-05
0.1025621703778927,2.1183400605193308,2.1183389005840625,1.1599352682800657e-06,8.713642199417603e-05
0.102562169779472,2.118340006370274,2.1183388882317318,1.1181385421998868e-06,8.607838610917358e-05
0.1025621703857668,2.1183400673660446,2.118338900746596,1.1666194486004144e-06,8.627749832106004e-05
0.1025621703856176,2.1183400579042013,2.1183389007435167,1.15716068460614e-06,8.608002233765382e-05
0.1025621703746251,2.118340054118061,2.118338900516614,1.1536014468127576e-06,8.609382200316195e-05
0.1025621703872865,2.1183400097016127,2.118338900777965,1.1089236475747555e-06,8.609391312046539e-05
0.1025621703872865,2.1183400378397326,2.118338900777965,1.137061767408909e-06,8.609391312046539e-05
0.1025621703873289,2.1183400196180178,2.1183389007788405,1.1188391773053752e-06,8.608002429236154e-05
0.1025621703866447,2.1183399450176226,2.1183389007647175,1.0442529050358473e-06,8.606420822837829e-05
0.102562170379388,2.1183401027927866,2.118338900614928,1.2021778585946663e-06,8.699843396548961e-05
0.1025621703873289,2.118340049337129,2.1183389007788405,1.1485582884773748e-06,8.608002429236154e-05
0.1025621703873289,2.11833988302157,2.1183389007788405,9.822427293748603e-07,8.608002429230955e-05
0.1025621703874336,2.1183399114676966,2.1183389007810014,1.0106866952241944e-06,8.604935429511404e-05
0.1025621703873877,2.118339992308818,2.118338900780054,1.0915287638191273e-06,8.606423113300073e-05
0.1025621703856176,2.1183398978172283,2.1183389007435167,9.970737115949646e-07,8.627749265554245e-05
0.1025621703857669,2.118340001145713,2.1183389007465983,1.100399114939421e-06,8.627749832123886e-05
0.1025621703866447,2.118339893683933,2.1183389007647175,9.929192152924315e-07,8.608002233765382e-05
0.1025621678811744,2.1183400074325243,2.1183388490479276,1.1583845966889328e-06,8.604588354353229e-05
0.1025621703856176,2.118339934731445,2.1183389007435167,1.0339879281673348e-06,8.606420822837829e-05
0.1025621703856176,2.1183401062130782,2.1183389007435167,1.2054695615049127e-06,8.608002233765382e-05
0.1025621703872865,2.118340068497502,2.118338900777965,1.1677195366210924e-06,8.609391312046539e-05
0.1025621703838747,2.1183399289171416,2.11833890070754,1.0282096014613273e-06,8.606420822837829e-05
0.1025621698045938,2.1183400461033255,2.118338888750285,1.1573530405151189e-06,8.69985475179113e-05
0.1025621703872863,2.1183399556723916,2.1183389007779607,1.0548944309185515e-06,8.609391311632535e-05
0.1025621703873877,2.1183399967847216,2.118338900780054,1.0960046674668433e-06,8.606423113212973e-05
0.1025621703856176,2.1183400841123823,2.1183389007435167,1.1833688655649155e-06,8.609382200316195e-05
0.1025621698045938,2.118340093071313,2.118338888750285,1.2043210282364214e-06,8.627282904228075e-05
0.1025621703792153,2.1183399666826124,2.1183389006113633,1.0660712490562219e-06,8.699843412596072e-05
0.1025621702613427,2.1183399154008224,2.11833889817829,1.017222532428974e-06,8.627282904228075e-05
0.1025621703792153,2.1183400192354176,2.1183389006113633,1.1186240542748749e-06,8.699843412596072e-05
0.1025621698045938,2.118340121116886,2.118338888750285,1.2323666012115098e-06,8.603261724920812e-05
0.1025621703838747,2.1183399314812617,2.11833890070754,1.0307737214887425e-06,8.608002233765382e-05
0.1025621698045938,2.1183399803570917,2.118338888750285,1.0916068067245988e-06,8.627282904228075e-05
0.102562170379388,2.1183401144474026,2.118338900614928,1.2138324745336604e-06,8.699843396526956e-05
0.1025621703409047,2.1183401055069537,2.118338899820573,1.2056863805121054e-06,8.607838610917358e-05
0.1025621703857668,2.118339890300749,2.118338900746596,9.895541528415208e-07,8.627749832106004e-05
0.1025621702354512,2.118339777201832,2.118338897643849,8.795579828912992e-07,8.627282904228075e-05
0.1025621703872865,2.1183399323657617,2.118338900777965,1.0315877965183518e-06,8.609391312046539e-05
0.1025621703873289,2.1183401244109916,2.1183389007788405,1.2236321511593928e-06,8.608002429236154e-05
0.1025621676899787,2.1183399612662486,2.118338845101352,1.1161648965085647e-06,8.602513224222104e-05
0.1025621702354512,2.1183400856749777,2.118338897643849,1.1880311285850098e-06,8.627282904228075e-05
0.1025621703778927,2.1183400700585424,2.1183389005840625,1.1694744799228829e-06,8.713642199417603e-05
0.1025621703792153,2.11833993639964,2.1183389006113633,1.035788276482208e-06,8.699843412596072e-05
0.1025621703792153,2.118339890406473,2.1183389006113633,9.897951098736257e-07,8.608002233765382e-05
0.102562170379388,2.118339956755236,2.118338900614928,1.0561403080977527e-06,8.699843396548961e-05
0.1025621676899787,2.1183400641178647,2.118338845101352,1.2190165126213515e-06,8.602513224222104e-05
0.1025621703792153,2.1183400049430037,2.1183389006113633,1.1043316403558379e-06,8.699843412596072e-05
0.1025621703873289,2.11833998575425,2.1183389007788405,1.0849754095154651e-06,8.608002429236154e-05
0.1025621703873877,2.1183399627556057,2.118338900780054,1.0619755514973406e-06,8.606423113212973e-05
0.1025621703873289,2.1183399556949505,2.1183389007788405,1.0549161100215088e-06,8.608002429230955e-05
0.1025621703872863,2.118339992982489,2.1183389007779607,1.0922045281525072e-06,8.609391311632535e-05
0.102562169779472,2.1183399683865543,2.1183388882317318,1.0801548224748103e-06,8.604588354353229e-05
0.1025621703857668,2.118340159334815,2.118338900746596,1.2585882189775077e-06,8.627749832106004e-05
0.1025621703872865,2.11834004062185,2.118338900777965,1.1398438850562798e-06,8.609391312046539e-05
0.1025621698045938,2.118340006188717,2.118338888750285,1.1174384320078445e-06,8.607838610917358e-05
0.1025621698045938,2.118340043636453,2.118338888750285,1.1548861680310551e-06,8.607838610917358e-05
0.1025621703866447,2.1183400161164334,2.1183389007647175,1.115351715874624e-06,8.608002233765382e-05
0.102562170379388,2.1183399706625976,2.118338900614928,1.070047669582408e-06,8.699843396548961e-05
0.1025621703856176,2.1183399544317196,2.1183389007435167,1.0536882029121841e-06,8.606420822837829e-05
0.1025621703857669,2.118339928204517,2.1183389007465983,1.027457918745256e-06,8.627749832123886e-05
0.1025621703857669,2.1183399985876217,2.1183389007465983,1.0978410234230296e-06,8.627749832123886e-05
0.1025621702354512,2.1183400115322097,2.118338897643849,1.1138883606598426e-06,8.627282904228075e-05
0.1025621703856176,2.1183400096824214,2.1183389007435167,1.108938904703649e-06,8.627749265554245e-05
0.1025621703792153,2.118339861961071,2.1183389006113633,9.61349707839787e-07,8.699843412596072e-05
0.102562170379388,2.118340023609583,2.118338900614928,1.122994655045062e-06,8.699843396548961e-05
0.1025621703792153,2.1183400006045168,2.1183389006113633,1.0999931534527718e-06,8.627749265554245e-05
0.1025621703873877,2.1183399525030477,2.118338900780054,1.0517229935835815e-06,8.606423113300073e-05
0.1025621703856176,2.118339992237681,2.1183389007435167,1.0914941643846987e-06,8.627749265554245e-05
0.1025621703872865,2.118340028298125,2.118338900777965,1.1275201599048046e-06,8.609391312046539e-05
0.1025621703409047,2.1183400134831687,2.118338899820573,1.1136625954755175e-06,8.607838610917358e-05
0.102562169779472,2.118339992576046,2.1183388882317318,1.1043443142177978e-06,8.603261724920812e-05
0.1025621703866447,2.1183399014935365,2.1183389007647175,1.0007288189228802e-06,8.608002233765382e-05
0.1025621703746251,2.1183399863664714,2.118338900516614,1.0858498571408859e-06,8.699843412596072e-05
0.1025621703872863,2.118339896361894,2.1183389007779607,9.955839330721972e-07,8.609391311632535e-05
0.1025621703409047,2.1183400255546956,2.118338899820573,1.1257341223647188e-06,8.607838610917358e-05
0.102562169779472,2.118339989513892,2.1183388882317318,1.1012821601319445e-06,8.604588354353229e-05
0.1025621703874336,2.118340110960173,2.1183389007810014,1.2101791715402044e-06,8.604935429511404e-05
0.1025621703857668,2.1183400709513807,2.118338900746596,1.1702047846284813e-06,8.627749832106004e-05
0.1025621698045938,2.1183401621111773,2.118338888750285,1.2733608922843587e-06,8.627282904228075e-05
0.1025621703857668,2.118340022838679,2.118338900746596,1.1220920828058922e-06,8.627749832106004e-05
0.1025621703838747,2.1183399697549854,2.11833890070754,1.0690474452346166e-06,8.609382200316195e-05
0.1025621678811744,2.118340094113163,2.1183388490479276,1.2450652353557246e-06,8.607838610917358e-05
0.1025621703874336,2.1183400049273136,2.1183389007810014,1.1041463121586048e-06,8.604935429592303e-05
0.1025621703872865,2.1183399059382837,2.118338900777965,1.0051603185345925e-06,8.609391312046539e-05
0.102562169779472,2.118340036480088,2.1183388882317318,1.1482483563973744e-06,8.604588354353229e-05
0.1025621698045938,2.118340059810726,2.118338888750285,1.1710604410630765e-06,8.607838610917358e-05
0.1025621703873289,2.1183399701566175,2.1183389007788405,1.0693777769965607e-06,8.608002429230955e-05
0.102562169779472,2.1183400687397698,2.1183388882317318,1.18050803799008e-06,8.627282904228075e-05
0.1025621703866447,2.1183399208116476,2.1183389007647175,1.0200469300336579e-06,8.608002233765382e-05
0.102562169779472,2.118339954216201,2.1183388882317318,1.0659844691396358e-06,8.607838610917358e-05
0.1025621703872863,2.1183400127591137,2.1183389007779607,1.11198115293476e-06,8.609391311632535e-05
0.1025621703734333,2.118339984072873,2.1183389004920135,1.083580859706501e-06,8.608002233765382e-05
0.1025621703873877,2.118340010668995,2.118338900780054,1.1098889407534784e-06,8.606423113212973e-05
0.1025621703857668,2.1183400446173892,2.118338900746596,1.1438707931965553e-06,8.627749832106004e-05
0.1025621702354512,2.118339900609499,2.118338897643849,1.0029656500876172e-06,8.607838610917358e-05
0.1025621703792153,2.118339994880254,2.1183389006113633,1.0942688906112608e-06,8.609382200316195e-05
0.1025621703857669,2.1183399370493423,2.1183389007465983,1.0363027440618566e-06,8.627749832123886e-05
0.1025621703866447,2.1183399815184796,2.1183389007647175,1.0807537620394214e-06,8.608002233765382e-05
0.1025621698045938,2.1183401310009886,2.118338888750285,1.2422507036369268e-06,8.627282904228075e-05
0.1025621703872865,2.1183400520691045,2.118338900777965,1.151291139311894e-06,8.609391312046539e-05
0.1025621703872863,2.1183399836298227,2.1183389007779607,1.0828518619554472e-06,8.609391311632535e-05
0.1025621702613427,2.118339999484046,2.11833889817829,1.1013057559239314e-06,8.607838610917358e-05
0.1025621703874336,2.1183400367205696,2.1183389007810014,1.1359395681864726e-06,8.604935429592303e-05
0.1025621703778929,2.1183400850528997,2.118338900584067,1.1844688327933284e-06,8.713642199769674e-05
0.1025621703746251,2.1183400324992525,2.118338900516614,1.1319826382916176e-06,8.71373469923849e-05
0.1025621703856176,2.1183399923690662,2.1183389007435167,1.0916255495097005e-06,8.609382200316195e-05
0.1025621678811744,2.1183400325227715,2.1183388490479276,1.1834748439021325e-06,8.603261724920812e-05
0.1025621703838747,2.118340079177682,2.11833890070754,1.178470141915966e-06,8.609382200316195e-05
0.1025621698045938,2.1183400882039294,2.118338888750285,1.1994536444071002e-06,8.627282904228075e-05
0.1025621703838747,2.1183399939847893,2.11833890070754,1.0932772491756282e-06,8.609382200316195e-05
0.1025621678811744,2.1183400908216683,2.1183388490479276,1.2417737407233176e-06,8.607838610917358e-05
0.102562169779472,2.118340093372139,2.1183388882317318,1.205140407023464e-06,8.607838610917358e-05
0.102562170379388,2.1183400433270423,2.118338900614928,1.1427121142659757e-06,8.699843396526956e-05
0.1025621703856176,2.118340070399856,2.1183389007435167,1.1696563393392978e-06,8.609382200316195e-05
0.102562170379388,2.1183398142322867,2.118338900614928,9.136173586554719e-07,8.699843396526956e-05
0.1025621703866447,2.1183400124252185,2.1183389007647175,1.111660500985323e-06,8.608002233765382e-05
0.1025621703872865,2.118339977911677,2.118338900777965,1.0771337120019098e-06,8.609391312046539e-05
0.1025621702354512,2.118339873951122,2.118338897643849,9.763072728041777e-07,8.607838610917358e-05
0.1025621703857668,2.118339995313758,2.118338900746596,1.094567161796789e-06,8.627749832106004e-05
0.1025621703872863,2.1183400378600696,2.1183389007779607,1.1370821089151661e-06,8.609391311632535e-05
0.1025621703873289,2.1183399516948525,2.1183389007788405,1.0509160119909211e-06,8.608002429236154e-05
0.1025621678811744,2.1183400567447683,2.1183388490479276,1.207696840754835e-06,8.69985475179113e-05
0.1025621702613427,2.118340106494507,2.11833889817829,1.2083162168607942e-06,8.607838610917358e-05
0.1025621678811744,2.1183400676282123,2.1183388490479276,1.2185802846786942e-06,8.627282904228075e-05
0.1025621703873289,2.1183399655656276,2.1183389007788405,1.0647867871860228e-06,8.608002429230955e-05
0.1025621703873289,2.118340062182965,2.1183389007788405,1.1614041244278894e-06,8.608002429236154e-05
0.1025621703838747,2.1183399078464693,2.11833890070754,1.0071389291432808e-06,8.608002233765382e-05
0.1025621703838747,2.118340120950759,2.11833890070754,1.2202432189134527e-06,8.627749265554245e-05
0.102562169779472,2.1183399723148972,2.1183388882317318,1.0840831654590488e-06,8.604588354353229e-05
0.102562170379388,2.118340005215832,2.118338900614928,1.1046009040782678e-06,8.699843396548961e-05
0.1025621703838747,2.118340034916917,2.11833890070754,1.1342093766408823e-06,8.609382200316195e-05
0.1025621703409047,2.1183400420813983,2.118338899820573,1.1422608250377664e-06,8.607838610917358e-05
0.1025621702354512,2.1183398717227835,2.118338897643849,9.7407893440149e-07,8.607838610917358e-05
0.102562170379388,2.118340066131041,2.118338900614928,1.1655161129553449e-06,8.699843396526956e-05
0.1025621703866447,2.118340003001166,2.1183389007647175,1.1022364483359581e-06,8.606420822837829e-05
0.1025621703873289,2.1183399310269713,2.1183389007788405,1.0302481308066547e-06,8.608002429236154e-05
0.1025621703838747,2.118339997325304,2.11833890070754,1.096617763707286e-06,8.606420822837829e-05
0.1025621703866447,2.1183399542000867,2.1183389007647175,1.053435369158251e-06,8.606420822837829e-05
0.1025621703838747,2.1183398224195344,2.11833890070754,9.217119942839247e-07,8.627749265554245e-05
0.1025621703857669,2.118340003218885,2.1183389007465983,1.1024722867958303e-06,8.627749832123886e-05
0.1025621703874336,2.118340009648162,2.1183389007810014,1.1088671607595302e-06,8.604935429592303e-05
0.102562169779472,2.1183400058694812,2.1183388882317318,1.117637749459277e-06,8.69985475179113e-05
0.1025621703866447,2.1183399210001466,2.1183389007647175,1.0202354290278492e-06,8.608002233765382e-05
0.1025621703746251,2.118340066706991,2.118338900516614,1.1661903767112847e-06,8.608002233765382e-05
0.1025621698045938,2.1183400997347404,2.118338888750285,1.2109844553798155e-06,8.603261724920812e-05
0.102562169779472,2.118339982144418,2.1183388882317318,1.0939126862119508e-06,8.604588354353229e-05
0.1025621698045938,2.1183400792473233,2.118338888750285,1.1904970382836666e-06,8.607838610917358e-05
0.1025621703873877,2.118339999784902,2.118338900780054,1.0990048480152836e-06,8.606423113212973e-05
0.1025621703856176,2.1183400431964463,2.1183389007435167,1.1424529295922525e-06,8.608002233765382e-05
0.1025621703872863,2.1183400315359426,2.1183389007779607,1.130757981915309e-06,8.609391311632535e-05
0.1025621703857668,2.1183400970542685,2.118338900746596,1.1963076724796906e-06,8.627749832106004e-05
0.1025621678811744,2.1183400202019933,2.1183388490479276,1.171154065726654e-06,8.69985475179113e-05
0.1025621703856176,2.118339991881437,2.1183389007435167,1.091137920461449e-06,8.608002233765382e-05
0.1025621703778927,2.1183400320652717,2.1183389005840625,1.1314812091711701e-06,8.713642199417603e-05
0.1025621698045938,2.1183400827519816,2.118338888750285,1.19400169662498e-06,8.627282904228075e-05
0.1025621703792153,2.1183401391210723,2.1183389006113633,1.238509709011737e-06,8.699843412596072e-05
0.102562170379388,2.1183399611012117,2.118338900614928,1.0604862836771645e-06,8.699843396548961e-05
0.1025621703873289,2.1183399983226052,2.1183389007788405,1.0975437647608999e-06,8.608002429236154e-05
0.1025621703873877,2.118339926582164,2.118338900780054,1.0258021099218695e-06,8.606423113212973e-05
0.1025621703856176,2.118340065611992,2.1183389007435167,1.16486847545616e-06,8.627749265554245e-05
0.1025621703872865,2.118339852505923,2.118338900777965,9.51727957776427e-07,8.609391312046539e-05
0.1025621703857669,2.118340032940684,2.1183389007465983,1.132194085595728e-06,8.627749832123886e-05
0.1025621703873289,2.118340080998366,2.1183389007788405,1.1802195256649384e-06,8.608002429236154e-05
0.102562169779472,2.118339897059832,2.1183388882317318,1.0088281001685573e-06,8.604588354353229e-05
0.1025621702354512,2.1183398557011377,2.118338897643849,9.580572886136451e-07,8.607838610917358e-05
0.1025621703857668,2.1183401303152887,2.118338900746596,1.2295686926400151e-06,8.627749832106004e-05
0.1025621703838747,2.1183399733885846,2.11833890070754,1.0726810444339208e-06,8.608002233765382e-05
0.102562169779472,2.118339999045638,2.1183388882317318,1.110813906191055e-06,8.603261724920812e-05
0.1025621702354512,2.1183399682501154,2.118338897643849,1.0706062663068394e-06,8.69985475179113e-05
0.1025621703872863,2.118339859514879,2.1183389007779607,9.587369182995076e-07,8.609391311632535e-05
0.1025621698045938,2.1183400071298184,2.118338888750285,1.118379533426861e-06,8.603261724920812e-05
0.1025621703857668,2.1183400318063694,2.118338900746596,1.1310597733960037e-06,8.627749832106004e-05
0.102562170379388,2.118340088296111,2.118338900614928,1.1876811831790235e-06,8.699843396526956e-05
0.1025621703866447,2.1183400770302137,2.1183389007647175,1.176265496116713e-06,8.608002233765382e-05
0.1025621703857668,2.118339890300749,2.118338900746596,9.895541528415208e-07,8.627749832106004e-05
0.1025621676899787,2.118340017139692,2.118338845101352,1.1720383401581103e-06,8.602513224222104e-05
0.102562170379388,2.1183400734668907,2.118338900614928,1.1728519626608147e-06,8.699843396548961e-05
0.1025621703872865,2.118339916107955,2.118338900777965,1.0153299898618684e-06,8.609391312046539e-05
0.1025621703872863,2.1183400400908896,2.1183389007779607,1.1393129288883586e-06,8.609391311632535e-05
0.102562170379388,2.118340057060022,2.118338900614928,1.1564450939083315e-06,8.699843396548961e-05
0.1025621703873289,2.1183399903719677,2.1183389007788405,1.089593127279187e-06,8.608002429236154e-05
0.1025621703873289,2.1183399261089058,2.1183389007788405,1.0253300652962594e-06,8.608002429236154e-05
0.1025621703857668,2.11834008959077,2.118338900746596,1.1888441737717415e-06,8.627749832106004e-05
0.1025621703872863,2.1183399059382837,2.1183389007779607,1.0051603229754846e-06,8.609391311632535e-05
0.102562170379388,2.1183400296008825,2.118338900614928,1.1289859545016157e-06,8.699843396526956e-05
0.1025621703856176,2.118339944326709,2.1183389007435167,1.04358319230613e-06,8.609382200316195e-05
0.1025621703873289,2.118340045378496,2.1183389007788405,1.1445996555004e-06,8.608002429236154e-05
0.1025621703857669,2.1183400466692994,2.1183389007465983,1.1459227011734185e-06,8.627749832123886e-05
0.1025621703792153,2.1183400344270864,2.1183389006113633,1.133815723086684e-06,8.699843412596072e-05
0.1025621703778929,2.118340044307296,2.118338900584067,1.1437232290134602e-06,8.713642199769674e-05
0.1025621678811744,2.118340029444552,2.1183388490479276,1.1803966244450237e-06,8.603261724920812e-05
0.102562169779472,2.1183400233799508,2.1183388882317318,1.1351482189780882e-06,8.607838610917358e-05
0.1025621703746251,2.118340009464858,2.118338900516614,1.1089482438997322e-06,8.609382200316195e-05
0.1025621703873289,2.1183399433594867,2.1183389007788405,1.0425806462599496e-06,8.608002429236154e-05
0.1025621703857668,2.1183399921521815,2.118338900746596,1.0914055854627236e-06,8.627749832106004e-05
0.1025621703873289,2.1183400030798945,2.1183389007788405,1.102301053990118e-06,8.608002429230955e-05
0.1025621703856176,2.1183397680069462,2.1183389007435167,8.672634295159298e-07,8.609382200316195e-05
0.1025621703872863,2.118340000109089,2.1183389007779607,1.0993311283513663e-06,8.609391311632535e-05
0.1025621703792153,2.1183401092504988,2.1183389006113633,1.2086391354415582e-06,8.699843412596072e-05
0.1025621703792153,2.1183399328966552,2.1183389006113633,1.0322852919131265e-06,8.699843412596072e-05
0.1025621702354512,2.118340007605526,2.118338897643849,1.1099616767928921e-06,8.627282904228075e-05
0.1025621703872863,2.1183400324729673,2.1183389007779607,1.131695006595379e-06,8.609391311632535e-05
0.1025621703857669,2.1183398555508095,2.1183389007465983,9.548042112506039e-07,8.627749832123886e-05
0.1025621703838747,2.1183399325106915,2.11833890070754,1.0318031513634196e-06,8.609382200316195e-05
0.1025621703734333,2.1183399785387778,2.1183389004920135,1.0780467643023428e-06,8.606420822837829e-05
0.1025621702354512,2.118339884693611,2.118338897643849,9.87049761924652e-07,8.627282904228075e-05
0.1025621703873877,2.1183399325915966,2.118338900780054,1.0318115424290397e-06,8.606423113300073e-05
0.1025621703856176,2.1183401737025953,2.1183389007435167,1.2729590785909295e-06,8.627749265554245e-05
0.1025621702613427,2.1183400469036244,2.11833889817829,1.1487253344100168e-06,8.762155233193334e-05
0.1025621703856176,2.118340038831297,2.1183389007435167,1.1380877804612055e-06,8.604933343977453e-05
0.1025621698045938,2.118340034821172,2.118338888750285,1.1460708870814074e-06,8.607838610917358e-05
0.1025621703857669,2.118339978385839,2.1183389007465983,1.0776392409539426e-06,8.627749832123886e-05
0.1025621703857668,2.118339845964719,2.118338900746596,9.452181228830625e-07,8.627749832106004e-05
0.1025621703409047,2.1183401698896787,2.118338899820573,1.2700691054412516e-06,8.69985475179113e-05
0.1025621698045938,2.118340063148144,2.118338888750285,1.174397858960674e-06,8.69985475179113e-05
0.1025621703856176,2.1183399877529356,2.1183389007435167,1.0870094189208146e-06,8.627749265554245e-05
0.1025621698045938,2.1183400581911003,2.118338888750285,1.169440815296241e-06,8.607838610917358e-05
0.1025621703873877,2.1183399433362124,2.118338900780054,1.04255615829274e-06,8.606423113212973e-05
0.1025621702354512,2.1183400758440216,2.118338897643849,1.1782001725357816e-06,8.607838610917358e-05
0.1025621698045938,2.1183400240619825,2.118338888750285,1.1353116975421074e-06,8.607838610917358e-05
0.1025621678811744,2.1183401208137815,2.1183388490479276,1.2717658539607157e-06,8.762155233193334e-05
0.102562169779472,2.118340040211145,2.1183388882317318,1.1519794131942263e-06,8.603261724920812e-05
0.1025621703872863,2.1183398531222655,2.1183389007779607,9.523443047498859e-07,8.609391311632535e-05
0.1025621703856176,2.1183399200621538,2.1183389007435167,1.01931863705218e-06,8.609382200316195e-05
0.1025621703873289,2.1183399415817,2.1183389007788405,1.0408028594532936e-06,8.608002429236154e-05
0.102562169779472,2.118340039053172,2.1183388882317318,1.1508214403654904e-06,8.607838610917358e-05
0.1025621703873289,2.1183400497845972,2.1183389007788405,1.1490057567620227e-06,8.608002429236154e-05
0.102562170379388,2.1183400382620396,2.118338900614928,1.1376471116264497e-06,8.699843396526956e-05
0.1025621703866447,2.1183399951751265,2.1183389007647175,1.0944104089638529e-06,8.606420822837829e-05
0.1025621703872865,2.1183400163636468,2.118338900777965,1.1155856816102983e-06,8.609391312046539e-05
0.1025621702354512,2.118339840152611,2.118338897643849,9.425087617032091e-07,8.607838610917358e-05
0.1025621703838747,2.1183400519766376,2.11833890070754,1.1512690973880524e-06,8.627749265554245e-05
0.1025621703873289,2.1183400093886138,2.1183389007788405,1.1086097733148392e-06,8.608002429230955e-05
0.102562169779472,2.1183400003154853,2.1183388882317318,1.112083753529447e-06,8.604588354353229e-05
0.1025621703792153,2.1183399413966453,2.1183389006113633,1.0407852819582786e-06,8.699843412596072e-05
0.1025621703857668,2.118340035133898,2.118338900746596,1.1343873018709871e-06,8.627749832106004e-05
0.1025621703838747,2.118340099753296,2.11833890070754,1.1990457560173695e-06,8.627749265554245e-05
0.1025621703873289,2.1183399966729204,2.1183389007788405,1.0958940799277173e-06,8.608002429236154e-05
0.1025621703866447,2.1183399993363623,2.1183389007647175,1.0985716447642346e-06,8.606420822837829e-05
0.1025621703873877,2.1183400358384583,2.118338900780054,1.135058404155842e-06,8.606423113212973e-05
0.1025621703873877,2.1183400176830456,2.118338900780054,1.1169029914270823e-06,8.606423113212973e-05
0.1025621703856176,2.1183399866467245,2.1183389007435167,1.0859032077981112e-06,8.608002233765382e-05
0.1025621703873289,2.1183397750159014,2.1183389007788405,8.7423706096601e-07,8.608002429236154e-05
0.1025621703792153,2.1183400974557007,2.1183389006113633,1.1968443374144044e-06,8.699843412596072e-05
0.102562170379388,2.118340061746279,2.118338900614928,1.161131351068434e-06,8.699843396526956e-05
0.102562170379388,2.118340126592162,2.118338900614928,1.225977233954012e-06,8.699843396548961e-05
0.1025621703873289,2.118340108535512,2.1183389007788405,1.2077566715618104e-06,8.608002429230955e-05
0.1025621703857669,2.1183400997478103,2.1183389007465983,1.1990012120932647e-06,8.627749832123886e-05
0.1025621703792153,2.118340023581982,2.1183389006113633,1.1229706187165789e-06,8.609382200316195e-05
0.1025621703857668,2.118340068546866,2.118338900746596,1.167800269818997e-06,8.627749832106004e-05
0.102562170379388,2.1183399377556382,2.118338900614928,1.0371407102027774e-06,8.699843396548961e-05
0.1025621703873289,2.1183399286563,2.1183389007788405,1.027877459591764e-06,8.608002429230955e-05
0.1025621702354512,2.118340006775291,2.118338897643849,1.1091314418010256e-06,8.607838610917358e-05
0.1025621703873877,2.118339993100724,2.118338900780054,1.092320669915381e-06,8.606423113300073e-05
0.1025621703792153,2.1183399847908286,2.1183389006113633,1.0841794653160264e-06,8.699843412596072e-05
0.1025621703872863,2.1183398449310564,2.1183389007779607,9.441530957055022e-07,8.609391311632535e-05
0.1025621703857668,2.118339944015795,2.118338900746596,1.0432691990303056e-06,8.627749832106004e-05
0.1025621702354512,2.118340017258627,2.118338897643849,1.1196147777781107e-06,8.69985475179113e-05
0.1025621703872863,2.1183400325278514,2.1183389007779607,1.131749890692646e-06,8.609391311632535e-05
0.1025621703792153,2.118340082925674,2.1183389006113633,1.1823143108991019e-06,8.627749265554245e-05
0.1025621703857668,2.1183400122226423,2.118338900746596,1.1114760463115658e-06,8.627749832106004e-05
0.1025621703873289,2.118340004843893,2.1183389007788405,1.1040650527149865e-06,8.608002429236154e-05
0.1025621703838747,2.118339944163567,2.11833890070754,1.0434560269168003e-06,8.627749265554245e-05
0.1025621703857669,2.118339884775151,2.1183389007465983,9.84028552863947e-07,8.627749832123886e-05
0.1025621703872865,2.1183399409395265,2.118338900777965,1.0401615613275794e-06,8.609391312046539e-05
0.1025621703866447,2.118339931820539,2.1183389007647175,1.0310558216097832e-06,8.606420822837829e-05
0.1025621703838747,2.1183399934418943,2.11833890070754,1.0927343541133894e-06,8.627749265554245e-05
0.1025621703872865,2.118340007417237,2.118338900777965,1.1066392717751228e-06,8.609391312046539e-05
0.1025621703872863,2.118340025437383,2.1183389007779607,1.1246594224800788e-06,8.609391311632535e-05
0.102562170379388,2.1183397921585136,2.118338900614928,8.915435856238219e-07,8.699843396526956e-05
0.1025621703873289,2.1183400059670032,2.1183389007788405,1.1051881627643922e-06,8.608002429230955e-05
0.102562169779472,2.118340044092261,2.1183388882317318,1.155860529067354e-06,8.604588354353229e-05
0.1025621703857668,2.1183398555508095,2.118338900746596,9.5480421347105e-07,8.627749832106004e-05
0.102562170379388,2.1183399598073995,2.118338900614928,1.059192471508652e-06,8.699843396526956e-05
0.1025621676899787,2.118339764928229,2.118338845101352,9.198268768884077e-07,8.602513224222104e-05
0.1025621703838747,2.1183400007190096,2.11833890070754,1.1000114694681429e-06,8.609382200316195e-05
0.1025621703856176,2.118339932368071,2.1183389007435167,1.0316245542263403e-06,8.609382200316195e-05
0.1025621703792153,2.1183399588551444,2.1183389006113633,1.0582437810491285e-06,8.609382200316195e-05
0.1025621703872863,2.1183400848621865,2.1183389007779607,1.184084225780424e-06,8.609391311632535e-05
0.1025621703873289,2.1183400864460142,2.1183389007788405,1.1856671737753288e-06,8.608002429236154e-05
0.1025621703792153,2.118339979865804,2.1183389006113633,1.0792544404836235e-06,8.699843412596072e-05
0.1025621703792153,2.118339988959054,2.1183389006113633,1.088347690636482e-06,8.609382200316195e-05
0.1025621703873289,2.1183401115195792,2.1183389007788405,1.2107407387773605e-06,8.608002429230955e-05
0.102562169779472,2.1183400817734426,2.1183388882317318,1.1935417107977742e-06,8.604588354353229e-05
0.1025621703873289,2.118340074894137,2.1183389007788405,1.174115296542766e-06,8.608002429230955e-05
0.1025621703872865,2.118340031700132,2.118338900777965,1.1309221670252612e-06,8.609391312046539e-05
0.1025621703857669,2.1183399216564256,2.1183389007465983,1.0209098273428197e-06,8.627749832123886e-05
0.1025621703838747,2.118340033789358,2.11833890070754,1.1330818177057722e-06,8.609382200316195e-05
0.1025621698045938,2.1183399986804115,2.118338888750285,1.1099301264749784e-06,8.604588354353229e-05
0.1025621698045938,2.118340071348317,2.118338888750285,1.1825980319457585e-06,8.69985475179113e-05
0.1025621703872865,2.1183399622964854,2.118338900777965,1.0615185201956479e-06,8.609391312046539e-05
0.1025621703746251,2.1183400383414215,2.118338900516614,1.137824807262433e-06,8.608002233765382e-05
0.1025621698045938,2.1183400099534877,2.118338888750285,1.1212032027252405e-06,8.607838610917358e-05
0.1025621703873289,2.1183400695088994,2.1183389007788405,1.168730058953571e-06,8.608002429230955e-05
0.1025621703872865,2.1183399855757488,2.118338900777965,1.0847977836014877e-06,8.609391312046539e-05
0.1025621703838747,2.118339900201236,2.11833890070754,9.994936958079847e-07,8.609382200316195e-05
0.1025621702354512,2.1183397859088093,2.118338897643849,8.882649602526271e-07,8.69985475179113e-05
0.1025621703838747,2.1183399118627126,2.11833890070754,1.0111551724811818e-06,8.609382200316195e-05
0.1025621703857668,2.1183400465288673,2.118338900746596,1.1457822712834798e-06,8.627749832106004e-05
0.1025621703856176,2.118340081512345,2.1183389007435167,1.1807688284903861e-06,8.609382200316195e-05
0.1025621698045938,2.1183400606048033,2.118338888750285,1.171854518311477e-06,8.607838610917358e-05
0.1025621703838747,2.11833994697106,2.11833890070754,1.046263519821622e-06,8.609382200316195e-05
0.1025621703872863,2.11833998280681,2.1183389007779607,1.0820288491864005e-06,8.609391311632535e-05
0.1025621703866447,2.1183399836349035,2.1183389007647175,1.082870185964424e-06,8.608002233765382e-05
0.1025621703873877,2.118340000630861,2.118338900780054,1.0998508068738033e-06,8.606423113300073e-05
0.102562170379388,2.1183401806191418,2.118338900614928,1.280004213732866e-06,8.699843396526956e-05
0.1025621703792153,2.118339863992071,2.1183389006113633,9.633807076525613e-07,8.699843412596072e-05
0.1025621698045938,2.118340077616332,2.118338888750285,1.1888660469416834e-06,8.604588354353229e-05
0.102562170379388,2.118340013364929,2.118338900614928,1.1127500010310598e-06,8.699843396526956e-05
0.1025621698045938,2.118340126603328,2.118338888750285,1.2378530431789159e-06,8.627282904228075e-05
0.102562169779472,2.1183399643051297,2.1183388882317318,1.0760733979431336e-06,8.604588354353229e-05
0.1025621703792153,2.1183400952469356,2.1183389006113633,1.1946355722436408e-06,8.699843412596072e-05
0.1025621702354512,2.118340043770411,2.118338897643849,1.146126562101557e-06,8.627282904228075e-05
0.1025621703792153,2.1183400976318145,2.1183389006113633,1.1970204512046223e-06,8.699843412596072e-05
0.1025621703872865,2.1183400190893713,2.118338900777965,1.118311406145267e-06,8.609391312046539e-05
0.1025621702613427,2.1183401207410273,2.11833889817829,1.2225627372686176e-06,8.627282904228075e-05
0.1025621703746251,2.118340004667548,2.118338900516614,1.1041509337950117e-06,8.627749265554245e-05
0.1025621703873289,2.1183400745984717,2.1183389007788405,1.1738196312727212e-06,8.608002429230955e-05
0.1025621702613427,2.118339930388971,2.11833889817829,1.0322106809290688e-06,8.627282904228075e-05
0.1025621676899787,2.1183399445619595,2.118338845101352,1.0994606074454794e-06,8.602513224222104e-05
0.1025621703866447,2.1183401250206675,2.1183389007647175,1.224255949949793e-06,8.608002233765382e-05
0.1025621703872863,2.118339978974467,2.1183389007779607,1.078196506298923e-06,8.609391311632535e-05
0.1025621703734333,2.1183401270292266,2.1183389004920135,1.2265372131281538e-06,8.627749265554245e-05
0.1025621703872865,2.1183400519597253,2.118338900777965,1.151181760139508e-06,8.609391312046539e-05
0.1025621703857669,2.1183400039058427,2.1183389007465983,1.1031592443977445e-06,8.627749832123886e-05
0.1025621703872863,2.1183400376777493,2.1183389007779607,1.1368997885341514e-06,8.609391311632535e-05
0.1025621703838747,2.118340000951584,2.11833890070754,1.1002440438723227e-06,8.609382200316195e-05
0.1025621698045938,2.118340066130642,2.118338888750285,1.1773803572090458e-06,8.603261724920812e-05
0.102562169779472,2.1183399941714742,2.1183388882317318,1.105939742451767e-06,8.607838610917358e-05
0.1025621703857668,2.1183400518109936,2.118338900746596,1.1510643975753965e-06,8.627749832106004e-05
0.102562170379388,2.1183399819856628,2.118338900614928,1.081370734734577e-06,8.699843396548961e-05
0.1025621703873289,2.1183400321581565,2.1183389007788405,1.1313793160105945e-06,8.608002429230955e-05
0.1025621703792153,2.118340031629892,2.1183389006113633,1.131018528610639e-06,8.699843412596072e-05
0.1025621678811744,2.1183400174485074,2.1183388490479276,1.1684005798429098e-06,8.604588354353229e-05
0.1025621703873289,2.118340032625342,2.1183389007788405,1.1318465014120704e-06,8.608002429236154e-05
0.1025621703746251,2.118340072660632,2.118338900516614,1.1721440178469322e-06,8.699843412596072e-05
0.1025621703872863,2.11834002134491,2.1183389007779607,1.1205669494529502e-06,8.609391311632535e-05
0.1025621703856176,2.118339996891697,2.1183389007435167,1.096148180224077e-06,8.627749265554245e-05
0.1025621703872865,2.1183399860140466,2.118338900777965,1.0852360814439521e-06,8.609391312046539e-05
0.1025621703838747,2.1183400157133963,2.11833890070754,1.1150058560893683e-06,8.627749265554245e-05
0.1025621703873289,2.1183400763931024,2.1183389007788405,1.1756142619390175e-06,8.608002429236154e-05
0.1025621703874336,2.118339870762551,2.1183389007810014,9.699815497477005e-07,8.604935429592303e-05
0.1025621702354512,2.1183398297145364,2.118338897643849,9.320706872983919e-07,8.607838610917358e-05
0.1025621703857669,2.118339918979481,2.1183389007465983,1.0182328828989284e-06,8.627749832123886e-05
0.1025621703792153,2.1183399824911318,2.1183389006113633,1.0818797684386539e-06,8.609382200316195e-05
0.1025621703872863,2.118340014167109,2.1183389007779607,1.1133891484327307e-06,8.609391311632535e-05
0.102562169779472,2.1183400007403344,2.1183388882317318,1.1125086025742803e-06,8.607838610917358e-05
0.1025621703873289,2.1183400132876162,2.1183389007788405,1.1125087757690721e-06,8.608002429230955e-05
0.1025621703872863,2.118339825826835,2.1183389007779607,9.250488743894891e-07,8.609391311632535e-05
0.1025621703792153,2.1183399191740517,2.1183389006113633,1.0185626884151588e-06,8.699843412596072e-05
0.1025621703838747,2.1183399268832663,2.11833890070754,1.0261757261709192e-06,8.609382200316195e-05
0.1025621703838747,2.118339977274826,2.11833890070754,1.0765672859847086e-06,8.608002233765382e-05
0.1025621703873877,2.1183399854957865,2.118338900780054,1.0847157323468082e-06,8.606423113300073e-05
0.1025621703792153,2.1183398718215214,2.1183389006113633,9.712101580738874e-07,8.627749265554245e-05
0.1025621703792153,2.118340049008197,2.1183389006113633,1.148396833627885e-06,8.699843412596072e-05
0.1025621698045938,2.1183399459499173,2.118338888750285,1.0571996322816801e-06,8.603261724920812e-05
0.1025621703866447,2.11833998285504,2.1183389007647175,1.0820903226793632e-06,8.608002233765382e-05
0.1025621703873877,2.118340011480659,2.118338900780054,1.1107006048227674e-06,8.606423113300073e-05
0.1025621703873289,2.118340104093437,2.1183389007788405,1.2033145964096548e-06,8.608002429230955e-05
0.102562169779472,2.118339944540239,2.1183388882317318,1.0563085073300726e-06,8.604588354353229e-05
0.1025621702354512,2.118339840544827,2.118338897643849,9.42900977740635e-07,8.607838610917358e-05
0.1025621703873289,2.118339886838777,2.1183389007788405,9.860599363697986e-07,8.608002429236154e-05
0.1025621703873289,2.1183400181553735,2.1183389007788405,1.1173765330774188e-06,8.608002429236154e-05
0.1025621702354512,2.1183400506955583,2.118338897643849,1.1530517092239734e-06,8.627282904228075e-05
0.1025621703873289,2.1183399916695715,2.1183389007788405,1.0908907310813731e-06,8.608002429236154e-05
0.1025621703874336,2.1183400500211955,2.1183389007810014,1.1492401941204378e-06,8.604935429592303e-05
0.1025621703778927,2.1183400664319385,2.1183389005840625,1.1658478760168123e-06,8.713642199417603e-05
0.102562170379388,2.1183400424744323,2.118338900614928,1.1418595042833601e-06,8.699843396548961e-05
0.102562169779472,2.118340026930943,2.1183388882317318,1.1386992113671113e-06,8.603261724920812e-05
0.1025621702354512,2.118340008059668,2.118338897643849,1.1104158188501856e-06,8.607838610917358e-05
0.1025621703856176,2.1183399424297686,2.1183389007435167,1.0416862519235792e-06,8.608002233765382e-05
0.1025621703838747,2.1183400629100015,2.11833890070754,1.1622024613799908e-06,8.627749265554245e-05
0.102562169779472,2.1183399930823055,2.1183388882317318,1.1048505736965808e-06,8.604588354353229e-05
0.1025621703792153,2.118340064290221,2.1183389006113633,1.1636788577185087e-06,8.627749265554245e-05
0.1025621703872865,2.118339957172883,2.118338900777965,1.056394917764436e-06,8.609391312046539e-05
0.1025621703873289,2.118340013646421,2.1183389007788405,1.112867580754795e-06,8.608002429236154e-05
0.1025621698045938,2.118339883925587,2.118338888750285,9.951753021653076e-07,8.604588354353229e-05
0.1025621703873289,2.1183400591719126,2.1183389007788405,1.1583930721315028e-06,8.608002429230955e-05
0.1025621703857669,2.1183399902832454,2.1183389007465983,1.0895366471252999e-06,8.627749832123886e-05
0.1025621703873877,2.1183400366214484,2.118338900780054,1.1358413942730294e-06,8.606423113212973e-05
0.1025621703856176,2.118340132363078,2.1183389007435167,1.2316195614481273e-06,8.627749265554245e-05
0.1025621703857668,2.118340073103941,2.118338900746596,1.172357344980668e-06,8.627749832106004e-05
0.1025621703873877,2.1183399488609878,2.118338900780054,1.0480809335966512e-06,8.606423113300073e-05
0.1025621703873877,2.1183400014180274,2.118338900780054,1.1006379732059202e-06,8.606423113212973e-05
0.1025621702354512,2.118339960804867,2.118338897643849,1.0631610178890583e-06,8.607838610917358e-05
0.1025621698045938,2.1183400616537935,2.118338888750285,1.1729035085394912e-06,8.604588354353229e-05
0.1025621702354512,2.1183401363936345,2.118338897643849,1.2387497854149387e-06,8.69985475179113e-05
0.1025621703856176,2.118339918234633,2.1183389007435167,1.0174911162508238e-06,8.606420822837829e-05
0.1025621703873289,2.11834001950702,2.1183389007788405,1.1187281794278192e-06,8.608002429230955e-05
0.1025621698045938,2.118339928753619,2.118338888750285,1.0400033341184667e-06,8.603261724920812e-05
0.1025621703856176,2.1183399219410046,2.1183389007435167,1.0211974879048569e-06,8.608002233765382e-05
0.102562170379388,2.1183401070564893,2.118338900614928,1.2064415613188828e-06,8.699843396526956e-05
0.1025621703872863,2.1183399181453053,2.1183389007779607,1.0173673445912357e-06,8.609391311632535e-05
0.1025621702613427,2.118339846865128,2.11833889817829,9.486868379759983e-07,8.627282904228075e-05
0.1025621702354512,2.1183399011163155,2.118338897643849,1.0034724664542694e-06,8.627282904228075e-05
0.1025621703856176,2.1183399069649402,2.1183389007435167,1.0062214235162514e-06,8.608002233765382e-05
0.1025621703857669,2.118340064701648,2.1183389007465983,1.1639550496767015e-06,8.627749832123886e-05
0.1025621703872863,2.1183401103421624,2.1183389007779607,1.2095642016873853e-06,8.609391311632535e-05
0.1025621703857668,2.118339997928693,2.118338900746596,1.0971820971761304e-06,8.627749832106004e-05
0.1025621703872863,2.1183400097016127,2.1183389007779607,1.1089236520156476e-06,8.609391311632535e-05
0.1025621703857669,2.118340017410044,2.1183389007465983,1.1166634457104863e-06,8.627749832123886e-05
0.1025621698045938,2.118340075928447,2.118338888750285,1.1871781619987587e-06,8.607838610917358e-05
0.1025621703792153,2.118340010389931,2.1183389006113633,1.1097785677094407e-06,8.606420822837829e-05
0.1025621703872863,2.1183400449924346,2.1183389007779607,1.1442144738360582e-06,8.609391311632535e-05
0.1025621702613427,2.1183401179147685,2.11833889817829,1.2197364784860554e-06,8.69985475179113e-05
0.1025621702354512,2.118340094302633,2.118338897643849,1.196658784063942e-06,8.627282904228075e-05
0.102562169779472,2.118339991925186,2.1183388882317318,1.1036934544073063e-06,8.603261724920812e-05
0.1025621703856176,2.118340007494967,2.1183389007435167,1.1067514504858877e-06,8.606420822837829e-05
0.1025621703872865,2.1183400865505093,2.118338900777965,1.1857725441544176e-06,8.609391312046539e-05
0.1025621703873877,2.118340002935006,2.118338900780054,1.1021549517487017e-06,8.606423113300073e-05
0.1025621702354512,2.1183400181172938,2.118338897643849,1.1204734446934594e-06,8.627282904228075e-05
0.1025621703857668,2.1183402111200893,2.118338900746596,1.3103734932684574e-06,8.627749832106004e-05
0.1025621703857668,2.1183400733084676,2.118338900746596,1.172561871598532e-06,8.627749832106004e-05
0.1025621678811744,2.1183400021519114,2.1183388490479276,1.1531039838530432e-06,8.604588354353229e-05
0.1025621703873289,2.1183400268092956,2.1183389007788405,1.126030455100846e-06,8.608002429230955e-05
0.1025621702613427,2.1183400319501047,2.11833889817829,1.1337718146542386e-06,8.607838610917358e-05
0.1025621703746251,2.1183400607299347,2.118338900516614,1.1602133205279586e-06,8.71373469923849e-05
0.1025621703792153,2.118340030604671,2.1183389006113633,1.1299933078134927e-06,8.627749265554245e-05
0.1025621703873877,2.118339946044333,2.118338900780054,1.0452642786873412e-06,8.606423113300073e-05
0.1025621703872865,2.118339996182087,2.118338900777965,1.0954041216315602e-06,8.609391312046539e-05
0.102562169779472,2.118339858043883,2.1183388882317318,9.698121510304247e-07,8.603261724920812e-05
0.1025621703857668,2.11834007586922,2.118338900746596,1.1751226240974688e-06,8.627749832106004e-05
0.1025621703872865,2.1183400675180017,2.118338900777965,1.1667400365844571e-06,8.609391312046539e-05
0.1025621703872865,2.1183400296796426,2.118338900777965,1.1289016774718164e-06,8.609391312046539e-05
0.1025621703872863,2.118340007903731,2.1183389007779607,1.1071257701722459e-06,8.609391311632535e-05
0.1025621703792153,2.1183399015121562,2.1183389006113633,1.0009007929134839e-06,8.608002233765382e-05
0.1025621703856176,2.1183398641016815,2.1183389007435167,9.63358164796091e-07,8.609382200316195e-05
0.102562170379388,2.1183401724997646,2.118338900614928,1.2718848365622648e-06,8.699843396548961e-05
0.1025621703857669,2.1183399729863766,2.1183389007465983,1.0722397782991777e-06,8.627749832123886e-05
0.1025621703857668,2.118339920688406,2.118338900746596,1.0199418101208835e-06,8.627749832106004e-05
0.1025621703873289,2.118339917438781,2.1183389007788405,1.0166599406780108e-06,8.608002429230955e-05
0.1025621702354512,2.1183398882426347,2.118338897643849,9.90598785666208e-07,8.627282904228075e-05
0.102562169779472,2.1183399411300448,2.1183388882317318,1.0528983129809433e-06,8.604588354353229e-05
0.1025621703874336,2.118340043309708,2.1183389007810014,1.1425287067545753e-06,8.604935429511404e-05
0.1025621698045938,2.1183399826623655,2.118338888750285,1.0939120804742686e-06,8.627282904228075e-05
0.1025621703873289,2.118339923633681,2.1183389007788405,1.0228548403823368e-06,8.608002429230955e-05
0.1025621703873289,2.1183400070880283,2.1183389007788405,1.1063091878149578e-06,8.608002429236154e-05
0.1025621703873289,2.118340007955118,2.1183389007788405,1.1071762773262606e-06,8.608002429230955e-05
0.1025621703872865,2.118339748061956,2.118338900777965,8.472839909678953e-07,8.609391312046539e-05
0.1025621703734333,2.1183399866844,2.1183389004920135,1.086192386701157e-06,8.699843412596072e-05
0.1025621698045938,2.118339970625243,2.118338888750285,1.0818749580643328e-06,8.604588354353229e-05
0.1025621703856176,2.118340045681188,2.1183389007435167,1.1449376713379422e-06,8.609382200316195e-05
0.1025621703873289,2.118340023010318,2.1183389007788405,1.1222314775238829e-06,8.608002429230955e-05
0.1025621703873877,2.1183399542932704,2.118338900780054,1.0535132162203809e-06,8.606423113212973e-05
0.1025621698045938,2.1183399227524062,2.118338888750285,1.0340021212584816e-06,8.604588354353229e-05
0.102562170379388,2.118339966487783,2.118338900614928,1.0658728548662566e-06,8.699843396548961e-05
0.1025621703857669,2.1183399120201845,2.1183389007465983,1.011273586204453e-06,8.627749832123886e-05
0.102562169779472,2.1183400984082756,2.1183388882317318,1.2101765438643497e-06,8.604588354353229e-05
0.1025621703872865,2.118340025159883,2.118338900777965,1.1243819177941816e-06,8.609391312046539e-05
0.1025621703873877,2.1183400206519885,2.118338900780054,1.1198719342964125e-06,8.606423113300073e-05
0.102562170379388,2.1183400828441816,2.118338900614928,1.1822292536045609e-06,8.699843396526956e-05
0.1025621702354512,2.118340006458597,2.118338897643849,1.108814748018716e-06,8.607838610917358e-05
0.1025621703792153,2.11833991771362,2.1183389006113633,1.017102256639646e-06,8.608002233765382e-05
0.1025621702613427,2.1183399431620606,2.11833889817829,1.0449837706261178e-06,8.627282904228075e-05
0.1025621698045938,2.118340016172554,2.118338888750285,1.1274222688761881e-06,8.604588354353229e-05
0.1025621702613427,2.11833994231083,2.11833889817829,1.044132539984588e-06,8.69985475179113e-05
0.1025621703872865,2.1183400252745965,2.118338900777965,1.1244966313661564e-06,8.609391312046539e-05
0.1025621702354512,2.118339858929368,2.118338897643849,9.61285518741306e-07,8.627282904228075e-05
0.1025621702354512,2.118340153035439,2.118338897643849,1.2553915897939305e-06,8.69985475179113e-05
0.1025621703856176,2.1183400808992205,2.1183389007435167,1.180155703828234e-06,8.627749265554245e-05
0.1025621703838747,2.1183398926294372,2.11833890070754,9.919218970644295e-07,8.608002233765382e-05
0.1025621703873877,2.1183399995153764,2.118338900780054,1.0987353222802199e-06,8.606423113300073e-05
0.1025621703872863,2.1183399520844524,2.1183389007779607,1.0513064916395365e-06,8.609391311632535e-05
0.1025621703856176,2.1183400906445455,2.1183389007435167,1.189901028819662e-06,8.609382200316195e-05
0.1025621703873289,2.1183400420955354,2.1183389007788405,1.1413166949303388e-06,8.608002429236154e-05
0.1025621703873289,2.1183400705255075,2.1183389007788405,1.1697466670845813e-06,8.608002429230955e-05
0.1025621703857668,2.118339983719084,2.118338900746596,1.082972488131162e-06,8.627749832106004e-05
0.1025621698045938,2.1183400591099146,2.118338888750285,1.1703596296541718e-06,8.69985475179113e-05
