A,v,vth,delta,resid
0.1063879156918452,2.18674991081403,2.186733735714215,1.6175099814663696e-05,0.0014789673657366
0.1063879156930503,2.1867499106333783,2.186733735738731,1.6174894647225102e-05,0.0014789612529901
0.1063879156929662,2.1867499108562884,2.1867337357370205,1.6175119267991533e-05,0.0014789571848262
0.1063879156934649,2.186749911795429,2.1867337357471652,1.617604826398278e-05,0.0014789589919801
0.1063879156918452,2.1867499103443158,2.186733735714215,1.617463010061826e-05,0.0014789673657373
0.106387915018485,2.186749910568105,2.186733722015622,1.6188552482976348e-05,0.0014789510355001
0.1063879156928567,2.1867499111472033,2.186733735734793,1.6175412410390777e-05,0.001478958974317
0.1063879156924877,2.186749911248697,2.186733735727286,1.6175521411199156e-05,0.0014789640284674
0.1063879156929965,2.186749910903341,2.1867337357376364,1.617516570462385e-05,0.0014789558102562
0.1063879156924877,2.1867499108669337,2.186733735727286,1.6175139647689463e-05,0.001478964028468
0.1063879151940493,2.1867499115324462,2.186733725587238,1.6185945208135877e-05,0.0014789439779364
0.1063879156919308,2.186749911196755,2.186733735715957,1.6175480798352737e-05,0.0014789640126676
0.106387915018485,2.1867499113516398,2.186733722015622,1.6189336017546907e-05,0.0014789403426105
0.1063879156930503,2.1867499116296774,2.186733735738731,1.6175890946268368e-05,0.0014789612529911
0.1063879149998591,2.18674991103656,2.1867337216367035,1.6189399856259e-05,0.0014789439779364
0.1063879151815304,2.1867499110111948,2.1867337253325583,1.6185678636482237e-05,0.0014789439779364
0.1063879156930503,2.1867499120105696,2.186733735738731,1.617627183847503e-05,0.0014789612529901
0.1063879156930503,2.186749911306528,2.186733735738731,1.6175567796761214e-05,0.0014789612529901
0.1063879156918452,2.1867499114738003,2.186733735714215,1.6175759585124183e-05,0.0014789673657366
0.1063879151724605,2.18674991047591,2.186733725148043,1.6185327866846677e-05,0.0014789439779364
0.1063879156918452,2.186749911640917,2.186733735714215,1.617592670166701e-05,0.0014789673657366
0.1063879156903241,2.186749910715583,2.1867337356832706,1.617503231221562e-05,0.0014789712916012
0.1063879151885228,2.186749911120723,2.1867337254748085,1.6185645914656988e-05,0.0014789507607079
0.1063879156930503,2.1867499113458075,2.186733735738731,1.6175607076451826e-05,0.0014789612529911
0.1063879156903241,2.186749910288057,2.1867337356832706,1.617460478664512e-05,0.0014789712916012
0.1063879156934649,2.1867499121249234,2.1867337357471652,1.6176377758192473e-05,0.0014789589919808
0.1063879151815304,2.18674991132975,2.1867337253325583,1.6185997191886514e-05,0.0014789441791579
0.1063879156924877,2.1867499106332766,2.186733735727286,1.617490599059579e-05,0.0014789640284674
0.106387915692201,2.1867499110855304,2.186733735721454,1.6175364076609355e-05,0.0014789612279805
0.1063879156903998,2.1867499110875865,2.1867337356848107,1.617540277587537e-05,0.0014789759340898
0.1063879156924877,2.186749910705436,2.186733735727286,1.617497814976332e-05,0.001478964028468
0.1063879151815304,2.1867499108656454,2.1867337253325583,1.6185533087131887e-05,0.0014789507607079
0.1063879156938731,2.1867499119593417,2.1867337357554697,1.617620387195373e-05,0.0014789558360751
0.1063879151940493,2.1867499103891177,2.186733725587238,1.6184801879592925e-05,0.0014789507607079
0.1063879156928567,2.186749910811741,2.186733735734793,1.617507694806619e-05,0.001478958974317
0.1063879156924877,2.186749910866121,2.186733735727286,1.617513883500621e-05,0.001478964028468
0.1063879151724605,2.1867499120078646,2.186733725148043,1.6186859821409882e-05,0.0014789410297024
0.1063879149998591,2.186749911408179,2.1867337216367035,1.6189771475438874e-05,0.0014789441791579
0.1063879151724605,2.186749911399834,2.186733725148043,1.6186251790895057e-05,0.0014789507607079
0.1063879156934649,2.186749911382183,2.1867337357471652,1.617563501765673e-05,0.0014789589919801
0.1063879156929662,2.1867499125387218,2.1867337357370205,1.6176801701295318e-05,0.0014789571848262
0.106387915018485,2.1867499111786795,2.186733722015622,1.6189163057234168e-05,0.0014789507607079
0.1063879151885228,2.1867499110523783,2.1867337254748085,1.618557756977168e-05,0.0014789510355001
0.1063879156930503,2.186749911221606,2.186733735738731,1.6175482874913882e-05,0.0014789612529901
0.1063879156929662,2.186749910975604,2.1867337357370205,1.617523858365999e-05,0.0014789571848262
0.1063879156938731,2.1867499110065727,2.1867337357554697,1.6175251102978905e-05,0.0014789558360751
0.1063879151940493,2.18674991072928,2.186733725587238,1.6185142041713618e-05,0.0014789510355001
0.1063879156930503,2.186749910766394,2.186733735738731,1.6175027663045682e-05,0.0014789612529911
0.1063879151815304,2.186749910622674,2.1867337253325583,1.6185290115711126e-05,0.0014789441791579
0.106387915692201,2.1867499112967157,2.186733735721454,1.6175575261900832e-05,0.0014789612279805
0.1063879156918452,2.186749911105453,2.186733735714215,1.6175391237993608e-05,0.0014789673657373
0.1063879151815304,2.1867499112513795,2.1867337253325583,1.6185918821243206e-05,0.0014789441791579
0.1063879156924877,2.1867499110583717,2.186733735727286,1.6175331085666045e-05,0.0014789640284674
0.1063879156930503,2.1867499114938127,2.186733735738731,1.6175755081615506e-05,0.0014789612529901
0.1063879156930503,2.1867499106451667,2.186733735738731,1.6174906435573178e-05,0.0014789612529901
0.1063879156938738,2.186749911052221,2.1867337357554844,1.617529673669793e-05,0.0014789558360761
0.1063879156912473,2.1867499111260136,2.1867337357020515,1.6175423962039304e-05,0.0014789673483751
0.1063879156929662,2.186749911502802,2.1867337357370205,1.6175765781500928e-05,0.0014789548404062
0.1063879156934649,2.1867499117274374,2.1867337357471652,1.6175980272148394e-05,0.0014789589919808
0.1063879156912473,2.1867499112033406,2.1867337357020515,1.617550128907297e-05,0.0014789673483751
0.1063879156918452,2.186749911553598,2.186733735714215,1.6175839383070212e-05,0.0014789673657366
0.1063879156911469,2.1867499105757378,2.186733735700009,1.6174875728580673e-05,0.0014789713158602
0.106387915692201,2.186749911330121,2.186733735721454,1.6175608667179375e-05,0.0014789612279805
0.1063879151940493,2.1867499111055135,2.186733725587238,1.618551827542447e-05,0.0014789441791579
0.1063879156919308,2.1867499121288283,2.186733735715957,1.6176412871438117e-05,0.0014789640126676
0.1063879151940493,2.186749911160397,2.186733725587238,1.618557315907765e-05,0.0014789439779364
0.1063879156912473,2.186749911450723,2.1867337357020515,1.617574867163185e-05,0.0014789673483751
0.1063879156934649,2.1867499109975554,2.1867337357471652,1.6175250390215723e-05,0.0014789589919808
0.106387915018485,2.18674991080915,2.186733722015622,1.6188793527938117e-05,0.0014789410297024
0.1063879156934649,2.186749911133022,2.1867337357471652,1.6175385856964652e-05,0.0014789589919801
0.1063879156924877,2.1867499111747253,2.186733735727286,1.617544743925947e-05,0.0014789640284674
0.1063879156898393,2.1867499109502218,2.186733735673408,1.6175276813967798e-05,0.0014789759182094
0.1063879156934649,2.1867499109822734,2.1867337357471652,1.6175235108217834e-05,0.0014789589919801
0.1063879151885228,2.1867499110850184,2.1867337254748085,1.6185610209884516e-05,0.0014789439779364
0.1063879156903241,2.18674991124721,2.1867337356832706,1.6175563939402338e-05,0.0014789712916012
0.1063879156928567,2.1867499109072166,2.186733735734793,1.6175172423693596e-05,0.001478958974317
0.106387915692201,2.1867499112522686,2.186733735721454,1.6175530814788175e-05,0.0014789612279805
0.1063879156930503,2.18674991073478,2.186733735738731,1.6174996048778922e-05,0.0014789612529901
0.1063879151885228,2.1867499115273064,2.1867337254748085,1.618605249786853e-05,0.0014789441791579
0.1063879156919308,2.1867499106851467,2.186733735715957,1.617496918981942e-05,0.0014789640126676
0.1063879156930503,2.186749911329295,2.186733735738731,1.6175590563882736e-05,0.0014789612529901
0.1063879156930503,2.186749911296413,2.186733735738731,1.617555768174128e-05,0.0014789612529911
0.1063879156934649,2.1867499112624924,2.1867337357471652,1.617551532717698e-05,0.0014789589919808
0.106387915692201,2.1867499102863235,2.186733735721454,1.6174564869686492e-05,0.0014789612279805
0.1063879156930503,2.186749911312706,2.186733735738731,1.6175573974930302e-05,0.0014789612529911
0.1063879156919308,2.186749911994749,2.186733735715957,1.617627879202388e-05,0.0014789640126676
0.1063879156928567,2.1867499105532335,2.186733735734793,1.6174818440628513e-05,0.001478958974317
0.106387915018485,2.1867499095875447,2.186733722015622,1.618757192245468e-05,0.0014789439779364
0.1063879151815304,2.1867499114781137,2.1867337253325583,1.6186145555430187e-05,0.0014789441791579
0.1063879151724605,2.1867499108194193,2.186733725148043,1.6185671376067745e-05,0.0014789410297024
0.1063879156934649,2.186749911901387,2.1867337357471652,1.6176154221891892e-05,0.0014789589919801
0.1063879151815304,2.186749910917272,2.1867337253325583,1.61855847138348e-05,0.0014789441791579
0.1063879156934649,2.1867499114471816,2.1867337357471652,1.617570001632984e-05,0.0014789589919801
0.1063879151815304,2.1867499111464865,2.1867337253325583,1.6185813928260018e-05,0.0014789441791579
0.1063879151724605,2.1867499102053696,2.186733725148043,1.618505732636777e-05,0.0014789528076878
0.1063879156890471,2.186749910389304,2.1867337356572913,1.617473201287467e-05,0.001478981262446
0.1063879156929662,2.1867499126895913,2.1867337357370205,1.6176952570834402e-05,0.0014789558102562
0.1063879151940493,2.186749911024491,2.186733725587238,1.61854372526804e-05,0.0014789439779364
0.1063879156912473,2.1867499104537877,2.1867337357020515,1.6174751736208748e-05,0.0014789673483751
0.1063879156919308,2.1867499112700295,2.186733735715957,1.6175554072628273e-05,0.0014789640126676
0.1063879156924877,2.1867499109468134,2.186733735727286,1.6175219527347906e-05,0.0014789640284674
0.1063879151724605,2.186749911943784,2.186733725148043,1.618679574066917e-05,0.0014789410297024
0.1063879156938731,2.1867499111348687,2.1867337357554697,1.6175379399019363e-05,0.0014789558360751
0.1063879156934649,2.186749911011717,2.1867337357471652,1.6175264551776536e-05,0.0014789589919808
0.1063879156903241,2.186749910505967,2.1867337356832706,1.617482269633541e-05,0.0014789712916012
0.1063879156918452,2.186749911063081,2.186733735714215,1.617534886566574e-05,0.0014789673657373
0.1063879156930503,2.186749911024522,2.186733735738731,1.6175285790787086e-05,0.0014789612529901
0.1063879156912473,2.186749909106355,2.1867337357020515,1.617340430337677e-05,0.0014789673483751
0.106387915692201,2.1867499110767423,2.186733735721454,1.617535528852798e-05,0.0014789612279805
0.106387915693873,2.1867499109353825,2.186733735755468,1.6175179914590387e-05,0.0014789558360761
0.1063879156934649,2.186749911022988,2.1867337357471652,1.6175275822760682e-05,0.0014789589919808
0.1063879156924877,2.186749910721308,2.186733735727286,1.617499402195577e-05,0.001478964028468
0.1063879156924877,2.1867499112171123,2.186733735727286,1.6175489826242284e-05,0.0014789640284674
0.1063879156924877,2.1867499105056063,2.186733735727286,1.6174778320277028e-05,0.001478964028468
0.1063879156918452,2.186749910057083,2.186733735714215,1.617434286771413e-05,0.0014789673657366
0.1063879156928567,2.1867499123085854,2.186733735734793,1.6176573792492377e-05,0.001478958974317
0.1063879152270851,2.186749911678038,2.186733726259306,1.6185418731939905e-05,0.0014789410297024
0.1063879156930503,2.1867499103814025,2.186733735738731,1.6174642671451522e-05,0.0014789612529911
0.1063879156928567,2.1867499110931803,2.186733735734793,1.6175358387382488e-05,0.001478958974317
0.1063879156919308,2.1867499108696196,2.186733735715957,1.6175153662700836e-05,0.0014789640126676
0.1063879156934649,2.1867499108514434,2.1867337357471652,1.6175104278204344e-05,0.0014789589919808
0.1063879156911469,2.1867499109235347,2.186733735700009,1.6175223525483062e-05,0.0014789713158611
0.1063879156918452,2.1867499112684774,2.186733735714215,1.6175554262254366e-05,0.0014789673657366
0.1063879156937381,2.1867499110708954,2.1867337357527235,1.617531817199591e-05,0.0014789572005841
0.1063879156924877,2.186749912114284,2.186733735727286,1.6176386997912573e-05,0.0014789640284674
0.106387915692201,2.186749911896105,2.186733735721454,1.6176174651327813e-05,0.0014789612279805
0.1063879156934649,2.186749911083025,2.1867337357471652,1.617533585962505e-05,0.0014789589919801
0.1063879151724605,2.1867499107086843,2.186733725148043,1.6185560641091e-05,0.0014789510355001
0.1063879156918452,2.1867499097831145,2.186733735714215,1.6174068899310612e-05,0.0014789673657366
0.1063879156934649,2.1867499112708826,2.1867337357471652,1.6175523717354423e-05,0.0014789589919808
0.1063879156930503,2.1867499117931066,2.186733735738731,1.6176054375538484e-05,0.0014789612529911
0.1063879156924877,2.186749912070383,2.186733735727286,1.6176343097029644e-05,0.0014789640284674
0.1063879156919308,2.1867499117189926,2.186733735715957,1.61760030357172e-05,0.0014789640126676
0.1063879156928567,2.1867499114343354,2.186733735734793,1.6175699542486655e-05,0.001478958974317
0.1063879156918452,2.1867499109636643,2.186733735714215,1.6175249449190687e-05,0.0014789673657373
0.1063879156924877,2.1867499100811734,2.186733735727286,1.6174353887343784e-05,0.0014789640284674
0.1063879151724605,2.1867499120007827,2.186733725148043,1.6186852739519253e-05,0.0014789439779364
0.106387915692201,2.1867499108436492,2.186733735721454,1.6175122195427605e-05,0.0014789612279805
0.1063879156918452,2.1867499106823987,2.186733735714215,1.6174968183513272e-05,0.0014789673657373
0.1063879156934649,2.18674991063085,2.1867337357471652,1.6174883684882957e-05,0.0014789589919801
0.106387915018485,2.1867499104350547,2.186733722015622,1.618841943251681e-05,0.0014789507607079
0.1063879151885228,2.18674991024511,2.1867337254748085,1.618477030129739e-05,0.0014789528076878
0.1063879156928567,2.1867499109152604,2.186733735734793,1.6175180467481454e-05,0.001478958974317
0.1063879156930503,2.1867499118199873,2.186733735738731,1.6176081256258357e-05,0.0014789612529911
0.1063879156930503,2.186749911424293,2.186733735738731,1.617568556211424e-05,0.0014789612529901
0.106387915018485,2.186749911070701,2.186733722015622,1.618905507871915e-05,0.0014789403426105
0.1063879156919308,2.186749910986037,2.186733735715957,1.617527008024311e-05,0.0014789640126676
0.1063879151724605,2.1867499099533187,2.186733725148043,1.6184805275543113e-05,0.0014789528076878
0.1063879156924877,2.1867499109799167,2.186733735727286,1.6175252630645787e-05,0.001478964028468
0.1063879156903241,2.18674991115313,2.1867337356832706,1.617546985954732e-05,0.0014789712916012
0.1063879151815304,2.1867499105869106,2.1867337253325583,1.618525435231888e-05,0.0014789507607079
0.1063879156924877,2.186749910041757,2.186733735727286,1.6174314470873696e-05,0.001478964028468
0.1063879156934649,2.1867499118255416,2.1867337357471652,1.617607837633983e-05,0.0014789589919808
0.1063879156934649,2.186749911205497,2.1867337357471652,1.617545833187961e-05,0.0014789589919808
0.1063879156930503,2.1867499101828045,2.186733735738731,1.617444407342461e-05,0.0014789612529901
0.1063879156937381,2.1867499119819764,2.1867337357527235,1.6176229252984342e-05,0.0014789572005841
0.1063879156937381,2.1867499113526283,2.1867337357527235,1.6175599904855176e-05,0.0014789572005841
0.1063879156930503,2.186749909955855,2.186733735738731,1.6174217123854362e-05,0.0014789612529911
0.1063879151885228,2.1867499106588104,2.1867337254748085,1.61851840019267e-05,0.0014789441791579
0.1063879156918452,2.1867499109715878,2.186733735714215,1.617525737263037e-05,0.0014789673657373
0.1063879156919308,2.1867499110199438,2.186733735715957,1.617530398689837e-05,0.0014789640126676
0.106387915692201,2.1867499106818364,2.186733735721454,1.6174960382642212e-05,0.0014789612279805
0.1063879156918452,2.186749910708081,2.186733735714215,1.6174993865636367e-05,0.0014789673657373
0.1063879156937381,2.186749912252228,2.1867337357527235,1.6176499504361175e-05,0.0014789572005848
0.1063879156928567,2.1867499117830453,2.186733735734793,1.617604825243646e-05,0.001478958974317
0.1063879156934649,2.186749911853413,2.1867337357471652,1.617610624782273e-05,0.0014789589919801
0.1063879156928567,2.186749911934619,2.186733735734793,1.617619982630103e-05,0.001478958974317
0.1063879156928567,2.1867499113386897,2.186733735734793,1.6175603896773083e-05,0.001478958974317
0.106387915692201,2.1867499103838903,2.186733735721454,1.6174662436529985e-05,0.0014789612279805
0.1063879156934649,2.1867499112521753,2.1867337357471652,1.6175505010096458e-05,0.0014789589919801
0.1063879156918452,2.186749910593757,2.186733735714215,1.6174879541974718e-05,0.0014789673657373
0.1063879151815304,2.186749911710454,2.1867337253325583,1.6186377895799353e-05,0.0014789439779364
0.1063879156930503,2.18674991038197,2.186733735738731,1.6174643238997533e-05,0.0014789612529911
0.1063879156919308,2.186749910077537,2.186733735715957,1.6174361580301166e-05,0.0014789640126676
0.1063879151815304,2.186749911653876,2.1867337253325583,1.618632131794584e-05,0.0014789441791579
0.1063879156938731,2.1867499116705176,2.1867337357554697,1.6175915047877965e-05,0.0014789548584034
0.106387915692201,2.1867499107338166,2.186733735721454,1.6175012362840135e-05,0.0014789612279805
0.1063879156930503,2.186749912005318,2.186733735738731,1.6176266587120125e-05,0.0014789612529911
0.1063879151815304,2.186749910960621,2.1867337253325583,1.618562806271484e-05,0.0014789507607079
0.106387915693873,2.1867499110266686,2.186733735755468,1.6175271200680186e-05,0.0014789542289816
0.1063879151885228,2.186749910817178,2.1867337254748085,1.6185342369468003e-05,0.0014789528076878
0.1063879156937381,2.1867499108238735,2.1867337357527235,1.6175071150037468e-05,0.0014789572005848
0.1063879151885228,2.186749910398968,2.1867337254748085,1.6184924159556857e-05,0.0014789528076878
0.1063879156924877,2.1867499109805006,2.186733735727286,1.6175253214623098e-05,0.0014789640284674
0.1063879156912473,2.1867499107483486,2.1867337357020515,1.6175046297028928e-05,0.0014789673483751
0.1063879156930503,2.1867499117400087,2.186733735738731,1.617600127756802e-05,0.0014789612529901
0.106387915692201,2.1867499114624467,2.186733735721454,1.6175740992885324e-05,0.0014789612279805
0.1063879151885228,2.186749910651292,2.1867337254748085,1.6185176483496377e-05,0.0014789528076878
0.106387915692201,2.1867499120605682,2.186733735721454,1.617633911443761e-05,0.0014789612279805
0.106387915018485,2.1867499098068564,2.186733722015622,1.6187791234134608e-05,0.0014789510355001
0.1063879156934649,2.186749910879932,2.1867337357471652,1.6175132766971245e-05,0.0014789589919801
0.1063879156924877,2.1867499113643913,2.186733735727286,1.6175637105320106e-05,0.0014789640284674
0.106387915692201,2.1867499105145827,2.186733735721454,1.617479312887582e-05,0.0014789612279805
0.1063879156930503,2.1867499112149593,2.186733735738731,1.617547622823068e-05,0.0014789612529911
0.1063879156934649,2.186749912384115,2.1867337357471652,1.6176636949971623e-05,0.0014789589919801
0.1063879156937381,2.186749911205097,2.1867337357527235,1.6175452373534682e-05,0.0014789572005848
0.1063879156929965,2.186749911390038,2.1867337357376364,1.617565240152885e-05,0.0014789558102562
0.106387915692201,2.186749910775346,2.186733735721454,1.6175053892286684e-05,0.0014789612279805
0.1063879156937381,2.18674991259868,2.1867337357527235,1.6176845956561436e-05,0.0014789572005841
0.1063879156918452,2.18674991033413,2.186733735714215,1.6174619914988142e-05,0.0014789673657373
0.1063879156903998,2.186749910518229,2.1867337356848107,1.6174833418425294e-05,0.0014789759340898
0.1063879156929662,2.1867499110659945,2.1867337357370205,1.6175328974021852e-05,0.0014789548404062
0.1063879156930503,2.186749911423926,2.186733735738731,1.6175685194852463e-05,0.0014789612529911
0.1063879156934649,2.186749911210356,2.1867337357471652,1.6175463190659656e-05,0.0014789589919808
0.1063879151724605,2.1867499109498145,2.186733725148043,1.6185801771317898e-05,0.0014789439779364
0.1063879156918452,2.1867499109255903,2.186733735714215,1.617521137520228e-05,0.0014789673657366
0.1063879156938737,2.1867499120839673,2.186733735755482,1.6176328485162372e-05,0.0014789558360751
0.1063879156929662,2.1867499105724306,2.1867337357370205,1.61748354101654e-05,0.0014789571848262
0.106387915692201,2.1867499111726674,2.186733735721454,1.6175451213573666e-05,0.0014789612279805
0.1063879149998591,2.1867499120861766,2.1867337216367035,1.619044947309689e-05,0.0014789410297024
0.1063879156918452,2.1867499109757262,2.186733735714215,1.6175261511097716e-05,0.0014789673657366
0.1063879156930503,2.186749911601122,2.186733735738731,1.6175862390888085e-05,0.0014789612529911
0.1063879156912473,2.186749909875894,2.1867337357020515,1.617417384247588e-05,0.0014789673483751
0.1063879156928567,2.186749911186518,2.186733735734793,1.6175451725164436e-05,0.001478958974317
0.1063879156934649,2.186749911442788,2.1867337357471652,1.617569562295529e-05,0.0014789589919801
0.1063879151724605,2.1867499117786666,2.186733725148043,1.6186630623415965e-05,0.0014789403426105
0.106387915018485,2.1867499109905366,2.186733722015622,1.6188974914399523e-05,0.0014789403426105
0.1063879151885228,2.186749910989615,2.1867337254748085,1.6185514806643653e-05,0.0014789507607079
0.1063879156928567,2.1867499110394437,2.186733735734793,1.617530465081174e-05,0.001478958974317
0.1063879156924877,2.1867499107806028,2.186733735727286,1.6175053316747068e-05,0.001478964028468
0.1063879156919308,2.1867499110535804,2.186733735715957,1.6175337623547392e-05,0.0014789640126676
0.1063879151815304,2.1867499114415234,2.1867337253325583,1.618610896514383e-05,0.0014789439779364
0.1063879156930503,2.186749911287233,2.186733735738731,1.6175548501973225e-05,0.0014789612529901
0.106387915692201,2.186749910510451,2.186733735721454,1.617478899706981e-05,0.0014789612279805
0.1063879152182727,2.186749911092897,2.18673372608003,1.6185012866820614e-05,0.0014789510355001
0.1063879151724605,2.1867499113271407,2.186733725148043,1.6186179097488207e-05,0.0014789403426105
0.1063879151815304,2.186749911596411,2.1867337253325583,1.6186263852802085e-05,0.0014789441791579
0.1063879151815304,2.186749911013713,2.1867337253325583,1.6185681154912146e-05,0.0014789510355001
0.1063879151815304,2.18674991108624,2.1867337253325583,1.6185753681785542e-05,0.0014789507607079
0.1063879151724605,2.186749910740436,2.186733725148043,1.6185592392581327e-05,0.0014789439779364
0.1063879156924877,2.186749911306316,2.186733735727286,1.6175579029997778e-05,0.001478964028468
0.1063879156924877,2.186749910426853,2.186733735727286,1.617469956682882e-05,0.0014789640284674
0.106387915693873,2.1867499115783438,2.186733735755468,1.6175822875830193e-05,0.0014789558360761
0.1063879156929662,2.186749912723459,2.1867337357370205,1.6176986438409813e-05,0.0014789558102562
0.1063879156924877,2.186749911154061,2.186733735727286,1.617542677490036e-05,0.001478964028468
0.1063879156937381,2.1867499126077385,2.1867337357527235,1.617685501509314e-05,0.0014789572005848
0.1063879151815304,2.1867499112235844,2.1867337253325583,1.618589102614365e-05,0.0014789439779364
0.1063879156934649,2.186749911007432,2.1867337357471652,1.617526026675975e-05,0.0014789589919808
0.106387915692201,2.186749910844238,2.186733735721454,1.6175122784289897e-05,0.0014789612279805
0.1063879156918452,2.186749911147772,2.186733735714215,1.617543355703077e-05,0.0014789673657366
0.1063879156928567,2.186749910464736,2.186733735734793,1.6174729942974864e-05,0.001478958974317
0.1063879156929965,2.186749911285123,2.1867337357376364,1.617554748678529e-05,0.0014789571848262
0.106387915018485,2.1867499111350037,2.186733722015622,1.618911938150447e-05,0.0014789441791579
0.1063879149998591,2.1867499117092057,2.1867337216367035,1.619007250219795e-05,0.0014789510355001
0.1063879156938738,2.1867499111574196,2.1867337357554844,1.6175401935214495e-05,0.0014789558360761
0.1063879156928567,2.1867499116115603,2.186733735734793,1.6175876767388075e-05,0.001478958974317
0.1063879151885228,2.1867499120501996,2.1867337254748085,1.6186575391152758e-05,0.0014789439779364
0.106387915692201,2.186749910935923,2.186733735721454,1.6175214469171806e-05,0.0014789612279805
0.1063879156930503,2.1867499114835196,2.186733735738731,1.61757447885158e-05,0.0014789612529901
0.106387915018485,2.186749909995076,2.186733722015622,1.6187979453796686e-05,0.0014789439779364
0.1063879156934649,2.1867499118703515,2.1867337357471652,1.6176123186273372e-05,0.0014789589919801
0.106387915693184,2.1867499128864765,2.186733735741451,1.6177145025331185e-05,0.0014789571848262
0.1063879156919308,2.1867499111102515,2.186733735715957,1.617539429465964e-05,0.0014789640126676
0.106387915018485,2.1867499106554558,2.186733722015622,1.618863983354757e-05,0.0014789510355001
0.1063879156919308,2.1867499122213956,2.186733735715957,1.6176505438725286e-05,0.0014789640126676
0.1063879156930503,2.1867499106313026,2.186733735738731,1.6174892571552135e-05,0.0014789612529911
0.1063879156919308,2.1867499110326025,2.186733735715957,1.6175316645661297e-05,0.0014789640126676
0.1063879156934649,2.1867499112949327,2.1867337357471652,1.6175547767449672e-05,0.0014789589919801
0.1063879156911469,2.1867499101092296,2.186733735700009,1.6174409220415242e-05,0.0014789713158602
0.1063879156903998,2.1867499097959526,2.1867337356848107,1.617411114196443e-05,0.0014789759340898
0.1063879156934649,2.186749911432325,2.1867337357471652,1.6175685159769415e-05,0.0014789589919808
0.1063879156929662,2.186749911522789,2.1867337357370205,1.6175785768623996e-05,0.0014789558102562
0.1063879156928567,2.18674991149966,2.186733735734793,1.6175764867121245e-05,0.001478958974317
0.1063879156924877,2.186749910613403,2.186733735727286,1.617488611715956e-05,0.0014789640284674
0.1063879156919308,2.186749910384247,2.186733735715957,1.617466829006986e-05,0.0014789640126676
0.1063879156937381,2.186749911258041,2.1867337357527235,1.617550531740619e-05,0.0014789572005841
0.1063879156934649,2.186749910774558,2.1867337357471652,1.6175027392595354e-05,0.0014789589919801
0.1063879151940493,2.186749910696511,2.186733725587238,1.6185109272814913e-05,0.0014789625997043
0.1063879151815304,2.186749911351501,2.1867337253325583,1.6186018942931923e-05,0.0014789441791579
0.1063879156934649,2.1867499105227717,2.1867337357471652,1.6174775606447866e-05,0.0014789589919808
0.1063879152182727,2.186749910738199,2.18673372608003,1.6184658168771904e-05,0.0014789507607079
0.1063879149998591,2.186749911251214,2.1867337216367035,1.6189614510331296e-05,0.0014789410297024
0.1063879151815304,2.186749910894297,2.1867337253325583,1.6185561738879528e-05,0.0014789441791579
0.1063879156934649,2.186749911258113,2.1867337357471652,1.6175510947569194e-05,0.0014789589919808
0.1063879156930503,2.1867499104612946,2.186733735738731,1.6174722563544464e-05,0.0014789612529901
0.1063879156928567,2.1867499109998447,2.186733735734793,1.6175265051820986e-05,0.001478958974317
0.1063879156930503,2.1867499111192705,2.186733735738731,1.6175380539440454e-05,0.0014789612529911
0.1063879151815304,2.1867499115842977,2.1867337253325583,1.6186251739380708e-05,0.0014789507607079
0.1063879156919308,2.186749911486325,2.186733735715957,1.6175770368054287e-05,0.0014789640126676
0.106387915018485,2.1867499104852515,2.186733722015622,1.6188469629252467e-05,0.0014789441791579
0.1063879151885228,2.1867499105388224,2.1867337254748085,1.618506401390718e-05,0.0014789507607079
0.1063879156918452,2.1867499111253954,2.186733735714215,1.6175411180263666e-05,0.0014789673657373
0.1063879156929965,2.186749910807529,2.1867337357376364,1.6175069892376825e-05,0.0014789571848262
0.1063879156928567,2.1867499110372957,2.186733735734793,1.617530250275223e-05,0.001478958974317
0.1063879156934649,2.1867499117488753,2.1867337357471652,1.617600171011091e-05,0.0014789589919808
0.106387915692201,2.186749911556862,2.186733735721454,1.6175835408027694e-05,0.0014789612279805
0.1063879156937381,2.1867499116634392,2.1867337357527235,1.6175910715787722e-05,0.0014789572005848
0.1063879156918452,2.186749911178549,2.186733735714215,1.6175464333745282e-05,0.0014789673657366
0.1063879156918452,2.1867499121957055,2.186733735714215,1.6176481490326466e-05,0.0014789673657366
0.1063879156918452,2.1867499100639063,2.186733735714215,1.617434969114484e-05,0.0014789673657373
0.1063879151724605,2.1867499122366767,2.186733725148043,1.6187088633490276e-05,0.0014789410297024
0.1063879156912473,2.186749910663312,2.1867337357020515,1.617496126060658e-05,0.0014789673483751
0.1063879151815304,2.186749911068268,2.1867337253325583,1.618573570993931e-05,0.0014789410297024
0.1063879156903241,2.1867499111323387,2.1867337356832706,1.6175449068178693e-05,0.0014789712916012
0.1063879156938731,2.18674991097442,2.1867337357554697,1.6175218950476022e-05,0.0014789558360751
0.1063879156918452,2.186749911190096,2.186733735714215,1.6175475880952916e-05,0.0014789673657366
0.106387915693184,2.1867499126372,2.186733735741451,1.6176895748731823e-05,0.0014789558102562
0.106387915692201,2.186749911048153,2.186733735721454,1.617532669939692e-05,0.0014789612279805
0.1063879156912473,2.186749910924506,2.1867337357020515,1.6175222454339888e-05,0.0014789673483751
0.1063879156930503,2.1867499110015327,2.186733735738731,1.617526280162096e-05,0.0014789612529911
0.1063879156911469,2.186749911129333,2.186733735700009,1.6175429323972423e-05,0.0014789713158611
0.106387915018485,2.186749910886943,2.186733722015622,1.6188871320821363e-05,0.0014789441791579
0.1063879156930503,2.186749911616723,2.186733735738731,1.6175877991742027e-05,0.0014789612529901
0.1063879156930503,2.1867499110179813,2.186733735738731,1.6175279250241203e-05,0.0014789612529901
0.1063879156919308,2.1867499107400197,2.186733735715957,1.6175024062814458e-05,0.0014789640126676
0.1063879156930503,2.1867499108265482,2.186733735738731,1.6175087817149603e-05,0.0014789612529901
0.1063879156928567,2.186749910620558,2.186733735734793,1.6174885764996816e-05,0.001478958974317
0.106387915018485,2.1867499104616397,2.186733722015622,1.6188446017473268e-05,0.0014789441791579
0.1063879156934649,2.18674991219118,2.1867337357471652,1.6176444014970315e-05,0.0014789589919801
0.1063879151885228,2.186749910764081,2.1867337254748085,1.6185289272385717e-05,0.0014789507607079
0.1063879156934649,2.1867499106902217,2.1867337357471652,1.617494305650169e-05,0.0014789589919801
0.1063879151724605,2.1867499111213706,2.186733725148043,1.6185973327420555e-05,0.0014789410297024
0.1063879151815304,2.1867499108792936,2.1867337253325583,1.6185546735325573e-05,0.0014789507607079
0.1063879156928567,2.1867499110489446,2.186733735734793,1.6175314151656295e-05,0.001478958974317
0.1063879151815304,2.1867499098824155,2.1867337253325583,1.6184549857189978e-05,0.0014789510355001
0.1063879156934649,2.186749911085284,2.1867337357471652,1.617533811870686e-05,0.0014789589919801
0.1063879151885228,2.186749911353312,2.1867337254748085,1.618587850371611e-05,0.0014789441791579
0.1063879156934649,2.1867499115478806,2.1867337357471652,1.6175800715334532e-05,0.0014789589919808
0.106387915018485,2.1867499108335413,2.186733722015622,1.618881791909388e-05,0.0014789439779364
0.1063879156919308,2.1867499114848474,2.186733735715957,1.6175768890569486e-05,0.0014789640126676
0.1063879156924877,2.1867499113540267,2.186733735727286,1.6175626740722038e-05,0.0014789640284674
0.1063879156911469,2.1867499109910065,2.186733735700009,1.6175290997288982e-05,0.0014789713158611
0.1063879156937381,2.186749910634843,2.1867337357527235,1.6174882119468492e-05,0.0014789572005848
0.1063879151724605,2.186749911981363,2.186733725148043,1.6186833319942195e-05,0.0014789441791579
0.1063879151885228,2.1867499104699304,2.1867337254748085,1.6184995121903967e-05,0.0014789441791579
0.1063879156919308,2.1867499114178663,2.186733735715957,1.6175701909482143e-05,0.0014789640126676
0.1063879156934649,2.1867499116375253,2.1867337357471652,1.617589036007061e-05,0.0014789589919808
0.1063879151940493,2.186749910423168,2.186733725587238,1.6184835929689e-05,0.0014789510355001
0.1063879156930503,2.1867499104351356,2.186733735738731,1.6174696404469557e-05,0.0014789612529901
0.1063879156924877,2.1867499102134027,2.186733735727286,1.6174486116682374e-05,0.001478964028468
0.1063879156928567,2.186749910715977,2.186733735734793,1.617498118422489e-05,0.001478958974317
0.1063879156912473,2.1867499107394313,2.1867337357020515,1.6175037379717594e-05,0.0014789673483751
0.1063879156924877,2.1867499103832873,2.186733735727286,1.6174656001233245e-05,0.001478964028468
0.1063879156924877,2.1867499099167587,2.186733735727286,1.617418947263971e-05,0.0014789640284674
0.1063879156924877,2.186749911180274,2.186733735727286,1.617545298815415e-05,0.0014789640284674
0.1063879156930503,2.186749911149213,2.186733735738731,1.617541048171134e-05,0.0014789612529901
0.1063879156929662,2.1867499116311797,2.1867337357370205,1.61758941592538e-05,0.0014789571848262
0.1063879156924877,2.1867499107067516,2.186733735727286,1.6174979465599648e-05,0.001478964028468
0.106387915018485,2.186749910619128,2.186733722015622,1.6188603505717936e-05,0.0014789439779364
0.1063879156924877,2.18674991042438,2.186733735727286,1.61746970941401e-05,0.0014789640284674
0.106387915692201,2.186749911021844,2.186733735721454,1.617530039021986e-05,0.0014789612279805
0.1063879156919308,2.1867499103041435,2.186733735715957,1.6174588186590455e-05,0.0014789640126676
0.1063879151724605,2.1867499110903985,2.186733725148043,1.6185942355306793e-05,0.0014789441791579
0.1063879156937381,2.1867499118598586,2.1867337357527235,1.617610713511297e-05,0.0014789572005848
0.1063879156929662,2.1867499125013086,2.1867337357370205,1.6176764288111656e-05,0.0014789571848262
0.1063879156930503,2.186749910400157,2.186733735738731,1.6174661425782944e-05,0.0014789612529901
0.106387915693873,2.1867499120967295,2.186733735755468,1.617634126160894e-05,0.0014789558360761
0.1063879156938731,2.18674991119019,2.1867337357554697,1.6175434720100412e-05,0.0014789558360751
0.1063879151815304,2.1867499104361445,2.1867337253325583,1.618510358625258e-05,0.0014789441791579
0.1063879151815304,2.1867499107503194,2.1867337253325583,1.6185417761160892e-05,0.0014789441791579
0.1063879156911469,2.186749910531606,2.186733735700009,1.6174831596771355e-05,0.0014789713158611
0.1063879156934649,2.1867499109665505,2.1867337357471652,1.617521938523936e-05,0.0014789589919801
0.1063879156919308,2.1867499109941844,2.186733735715957,1.6175278227503753e-05,0.0014789640126676
0.1063879156930503,2.1867499107869546,2.186733735738731,1.617504822348792e-05,0.0014789612529911
0.1063879156919308,2.1867499109063058,2.186733735715957,1.6175190348910462e-05,0.0014789640126676
0.1063879156929662,2.18674991189638,2.1867337357370205,1.617615935955996e-05,0.0014789571848262
0.1063879156924877,2.1867499117722984,2.186733735727286,1.6176045012361584e-05,0.0014789640284674
0.106387915018485,2.1867499108830457,2.186733722015622,1.6188867423494457e-05,0.0014789441791579
0.106387915018485,2.186749910315989,2.186733722015622,1.6188300366870578e-05,0.0014789625997043
0.1063879156919308,2.1867499107508555,2.186733735715957,1.617503489859118e-05,0.0014789640126676
0.1063879156937381,2.1867499109519852,2.1867337357527235,1.6175199261780904e-05,0.0014789572005848
0.1063879156929965,2.1867499116373885,2.1867337357376364,1.617589975211331e-05,0.0014789558102562
0.1063879151885228,2.1867499113479427,2.1867337254748085,1.6185873134233475e-05,0.0014789441791579
0.1063879156918452,2.186749910563079,2.186733735714215,1.6174848863848013e-05,0.0014789673657373
0.1063879156918452,2.186749910347461,2.186733735714215,1.6174633245658043e-05,0.0014789673657366
0.1063879156924877,2.186749911237787,2.186733735727286,1.617551050081545e-05,0.0014789640284674
0.1063879156919308,2.1867499107781825,2.186733735715957,1.6175062225620707e-05,0.0014789640126676
0.1063879156934649,2.1867499103499943,2.1867337357471652,1.6174602829099882e-05,0.0014789589919801
0.1063879151885228,2.186749911471553,2.1867337254748085,1.618599674468868e-05,0.0014789441791579
0.1063879156930503,2.186749910681064,2.186733735738731,1.6174942333080367e-05,0.0014789612529901
0.1063879152182727,2.1867499109643673,2.18673372608003,1.618488433718923e-05,0.0014789439779364
0.1063879156903998,2.186749910823117,2.1867337356848107,1.617513830654005e-05,0.0014789759340898
0.1063879156912473,2.1867499102225114,2.1867337357020515,1.617452045987733e-05,0.0014789673483751
0.106387915692201,2.186749911291767,2.186733735721454,1.6175570313414767e-05,0.0014789612279805
0.106387915693873,2.186749912701192,2.186733735755468,1.6176945723866964e-05,0.0014789558360761
0.1063879151724605,2.186749911362574,2.186733725148043,1.618621453092217e-05,0.0014789410297024
0.1063879151815304,2.186749911042373,2.1867337253325583,1.6185709814653393e-05,0.0014789441791579
0.1063879156930503,2.186749910954688,2.186733735738731,1.617521595687066e-05,0.0014789612529911
0.106387915018485,2.1867499110682687,2.186733722015622,1.6189052646442548e-05,0.0014789403426105
0.1063879156912473,2.186749910910647,2.1867337357020515,1.6175208595647916e-05,0.0014789673483751
0.106387915693184,2.186749910762341,2.186733735741451,1.6175020889797054e-05,0.0014789571848262
0.1063879156911469,2.186749910736829,2.186733735700009,1.61750368197211e-05,0.0014789713158602
0.1063879156919308,2.1867499102055925,2.186733735715957,1.6174489635645273e-05,0.0014789640126676
0.1063879156928567,2.186749911905874,2.186733735734793,1.6176171081294655e-05,0.001478958974317
0.1063879156930503,2.186749911587158,2.186733735738731,1.617584842694697e-05,0.0014789612529901
0.1063879156929965,2.1867499108979622,2.1867337357376364,1.617516032581534e-05,0.0014789571848262
0.1063879156918452,2.186749911397125,2.186733735714215,1.6175682910013478e-05,0.0014789673657373
0.1063879151940493,2.1867499097612906,2.186733725587238,1.6184174052469302e-05,0.0014789528076878
0.1063879149998591,2.186749911176588,2.1867337216367035,1.6189539884248205e-05,0.0014789439779364
0.1063879156930503,2.186749911242673,2.186733735738731,1.617550394206191e-05,0.0014789612529901
0.1063879156930503,2.1867499108418866,2.186733735738731,1.617510315554682e-05,0.0014789612529901
0.1063879156918452,2.186749910998159,2.186733735714215,1.6175283943820062e-05,0.0014789673657373
0.1063879156934649,2.1867499110597697,2.1867337357471652,1.6175312604449488e-05,0.0014789589919808
0.1063879156924877,2.186749911391857,2.186733735727286,1.6175664570905468e-05,0.0014789640284674
0.1063879156930503,2.1867499105537602,2.186733735738731,1.6174815029135203e-05,0.0014789612529911
0.1063879151815304,2.1867499105091697,2.1867337253325583,1.618517661139407e-05,0.0014789441791579
0.1063879156918452,2.1867499108322868,2.186733735714215,1.6175118071615202e-05,0.0014789673657366
0.1063879156934649,2.186749910438176,2.1867337357471652,1.6174691010562015e-05,0.0014789589919801
0.1063879156934649,2.186749911648796,2.1867337357471652,1.6175901630610667e-05,0.0014789589919808
0.1063879156924877,2.18674991081205,2.186733735727286,1.6175084764036285e-05,0.0014789640284674
0.1063879156930503,2.186749910998637,2.186733735738731,1.6175259905715222e-05,0.0014789612529901
0.1063879151885228,2.186749911332325,2.1867337254748085,1.6185857516504143e-05,0.0014789441791579
0.1063879156934649,2.186749911552999,2.1867337357471652,1.6175805833906765e-05,0.0014789589919801
0.1063879151885228,2.186749911289478,2.1867337254748085,1.618581466944491e-05,0.0014789507607079
0.106387915692201,2.186749911207678,2.186733735721454,1.6175486224234703e-05,0.0014789612279805
0.106387915018485,2.1867499106619164,2.186733722015622,1.6188646294157394e-05,0.0014789528076878
0.1063879156918452,2.1867499110839974,2.186733735714215,1.6175369782267524e-05,0.0014789673657366
0.1063879151885228,2.1867499117359244,2.1867337254748085,1.6186261115880285e-05,0.0014789439779364
0.1063879156918452,2.1867499106180417,2.186733735714215,1.617490382654907e-05,0.0014789673657366
0.1063879156937381,2.1867499112889655,2.1867337357527235,1.617553624200241e-05,0.0014789572005841
0.1063879156937381,2.1867499113223596,2.1867337357527235,1.617556963617872e-05,0.0014789572005841
0.1063879156924877,2.186749910964232,2.186733735727286,1.6175236945858984e-05,0.001478964028468
0.1063879156903998,2.186749910823617,2.1867337356848107,1.617513880614041e-05,0.0014789759340898
0.1063879151815304,2.1867499113835955,2.1867337253325583,1.618605103725912e-05,0.0014789507607079
0.1063879156938738,2.1867499125107246,2.1867337357554844,1.6176755240238094e-05,0.0014789558360761
0.1063879156928567,2.186749910934498,2.186733735734793,1.6175199704981935e-05,0.001478958974317
0.1063879156934649,2.1867499115656432,2.1867337357471652,1.6175818478014747e-05,0.0014789589919808
0.1063879156911469,2.1867499109135826,2.186733735700009,1.617521357344387e-05,0.0014789713158611
0.1063879151815304,2.186749911745268,2.1867337253325583,1.618641270972887e-05,0.0014789441791579
0.106387915692201,2.1867499109237767,2.186733735721454,1.6175202322887827e-05,0.0014789612279805
0.1063879151940493,2.186749911104365,2.186733725587238,1.6185517127009774e-05,0.0014789441791579
0.1063879151815304,2.186749911562417,2.1867337253325583,1.618622985866125e-05,0.0014789507607079
0.1063879156919308,2.186749912093749,2.186733735715957,1.6176377791943253e-05,0.0014789640126676
0.1063879156918452,2.1867499113022766,2.186733735714215,1.6175588061440038e-05,0.0014789673657366
0.1063879156930503,2.186749910628776,2.186733735738731,1.617489004512862e-05,0.0014789612529901
0.1063879156930503,2.1867499113343687,2.186733735738731,1.6175595637601958e-05,0.0014789612529901
0.1063879156938731,2.1867499123450758,2.1867337357554697,1.617658960606505e-05,0.0014789558360751
0.1063879156934649,2.1867499119616003,2.1867337357471652,1.6176214435059677e-05,0.0014789589919801
0.1063879151940493,2.1867499104444637,2.186733725587238,1.618485722554297e-05,0.0014789510355001
0.1063879156912473,2.1867499112884183,2.1867337357020515,1.6175586366795613e-05,0.0014789673483751
0.1063879156929965,2.1867499118094904,2.1867337357376364,1.6176071854001606e-05,0.0014789558102562
0.1063879151940493,2.186749909713958,2.186733725587238,1.618412672010905e-05,0.0014789625997043
0.1063879151940493,2.1867499098855316,2.186733725587238,1.6184298293531185e-05,0.0014789625997043
0.106387915693873,2.1867499113661437,2.186733735755468,1.617561067579487e-05,0.0014789558360761
0.1063879151885228,2.186749911245808,2.1867337254748085,1.618577099948837e-05,0.0014789507607079
0.106387915018485,2.1867499104151706,2.186733722015622,1.618839954842244e-05,0.0014789528076878
0.1063879156934649,2.186749911822281,2.1867337357471652,1.6176075115836852e-05,0.0014789589919801
0.1063879149998591,2.186749911774895,2.1867337216367035,1.619013819142978e-05,0.0014789403426105
0.1063879156938731,2.1867499122280667,2.1867337357554697,1.617647259699595e-05,0.0014789558360751
0.1063879156919308,2.1867499105812827,2.186733735715957,1.6174865325790933e-05,0.0014789640126676
0.1063879156930503,2.186749911317629,2.186733735738731,1.6175578898103282e-05,0.0014789612529901
0.1063879156919308,2.1867499111550126,2.186733735715957,1.6175439055743368e-05,0.0014789640126676
0.1063879156912473,2.186749910764499,2.1867337357020515,1.617506244766531e-05,0.0014789673483751
0.1063879151724605,2.186749910400922,2.186733725148043,1.618525287883088e-05,0.0014789441791579
0.1063879156930503,2.1867499115743962,2.186733735738731,1.6175835665155347e-05,0.0014789612529911
0.1063879156934649,2.186749910334595,2.1867337357471652,1.617458742986244e-05,0.0014789589919808
0.1063879156929965,2.1867499108385213,2.1867337357376364,1.617510088491869e-05,0.0014789558102562
0.1063879151724605,2.1867499117953852,2.186733725148043,1.618664734204245e-05,0.0014789507607079
0.1063879156919308,2.1867499113414337,2.186733735715957,1.6175625476844147e-05,0.0014789640126676
0.1063879151724605,2.186749911897409,2.186733725148043,1.6186749365765252e-05,0.0014789403426105
0.1063879156928567,2.186749910980543,2.186733735734793,1.617524574992757e-05,0.001478958974317
0.1063879156934649,2.186749910799964,2.1867337357471652,1.617505279893905e-05,0.0014789589919801
0.1063879156930503,2.186749911200223,2.186733735738731,1.6175461492018428e-05,0.0014789612529901
0.1063879156898393,2.1867499110670305,2.186733735673408,1.6175393622752665e-05,0.0014789759182094
0.1063879156929965,2.1867499116853124,2.1867337357376364,1.617594767600039e-05,0.0014789571848262
0.1063879156924877,2.1867499096834595,2.186733735727286,1.617395617348194e-05,0.0014789640284674
0.1063879156934649,2.186749911357183,2.1867337357471652,1.6175610017654662e-05,0.0014789589919801
0.1063879156919308,2.1867499105245805,2.186733735715957,1.617480862359244e-05,0.0014789640126676
0.1063879156924877,2.186749911123864,2.186733735727286,1.6175396578166357e-05,0.0014789640284674
0.1063879156930503,2.186749911146054,2.186733735738731,1.617540732290479e-05,0.0014789612529901
0.1063879156924877,2.186749911218838,2.186733735727286,1.6175491551972954e-05,0.001478964028468
0.1063879156903241,2.1867499101366334,2.1867337356832706,1.61744533628827e-05,0.0014789712916012
0.1063879151724605,2.186749911485801,2.186733725148043,1.61863377576843e-05,0.0014789507607079
0.1063879156934649,2.1867499108059087,2.1867337357471652,1.6175058743517212e-05,0.0014789589919801
0.1063879156918452,2.186749911405805,2.186733735714215,1.6175691589737085e-05,0.0014789673657366
0.1063879151724605,2.1867499118038567,2.186733725148043,1.6186655813488215e-05,0.0014789410297024
0.1063879156928567,2.1867499104300308,2.186733735734793,1.6174695237847203e-05,0.001478958974317
0.1063879156912473,2.1867499108632766,2.1867337357020515,1.617516122509599e-05,0.0014789673483751
0.1063879156924877,2.186749911450393,2.186733735727286,1.6175723107192397e-05,0.0014789640284674
0.1063879156912473,2.186749911063211,2.1867337357020515,1.6175361159387336e-05,0.0014789673483751
0.1063879156903999,2.186749910504841,2.1867337356848124,1.6174820028691528e-05,0.0014789759340891
0.1063879156924877,2.186749910633612,2.186733735727286,1.6174906325883143e-05,0.001478964028468
0.1063879156937381,2.1867499112000406,2.1867337357527235,1.617544731713494e-05,0.0014789572005841
0.106387915693873,2.186749912449082,2.186733735755468,1.6176693613978443e-05,0.0014789542289816
0.1063879156930503,2.186749910722993,2.186733735738731,1.6174984261763115e-05,0.0014789612529911
0.1063879156924877,2.1867499109730306,2.186733735727286,1.61752457445985e-05,0.0014789640284674
0.1063879156934649,2.1867499114346476,2.1867337357471652,1.6175687482355983e-05,0.0014789589919808
0.1063879156911469,2.186749910722731,2.186733735700009,1.6175022721665044e-05,0.0014789713158611
0.1063879151724605,2.1867499113482047,2.186733725148043,1.618620016152761e-05,0.0014789507607079
0.1063879156912473,2.1867499114378215,2.1867337357020515,1.6175735769952126e-05,0.0014789673483751
0.1063879156934649,2.1867499111663595,2.1867337357471652,1.6175419194297547e-05,0.0014789589919808
0.1063879156929662,2.18674991098812,2.1867337357370205,1.617525109942619e-05,0.0014789571848262
0.1063879156924877,2.186749910749195,2.186733735727286,1.617502190898179e-05,0.001478964028468
0.1063879156934649,2.186749910818601,2.1867337357471652,1.617507143558683e-05,0.0014789589919801
0.1063879156918452,2.1867499113595197,2.186733735714215,1.6175645304539188e-05,0.0014789673657366
0.1063879156918452,2.186749910775661,2.186733735714215,1.6175061445800054e-05,0.0014789673657373
0.1063879156930503,2.1867499100520327,2.186733735738731,1.6174313301586807e-05,0.0014789612529911
0.1063879156938737,2.1867499115673295,2.186733735755482,1.6175811847318755e-05,0.0014789558360751
0.1063879156934649,2.1867499114943407,2.1867337357471652,1.6175747175495303e-05,0.0014789589919808
0.1063879156912473,2.1867499101260264,2.1867337357020515,1.617442397483515e-05,0.0014789673483751
0.1063879156937381,2.1867499107398407,2.1867337357527235,1.6174987117256734e-05,0.0014789572005841
0.1063879156911469,2.1867499114833,2.186733735700009,1.6175783290606205e-05,0.0014789713158611
0.1063879156930503,2.1867499114217606,2.186733735738731,1.6175683029473475e-05,0.0014789612529911
0.1063879156918452,2.1867499108641875,2.186733735714215,1.6175149972319502e-05,0.0014789673657366
0.106387915018485,2.1867499113421305,2.186733722015622,1.6189326508264656e-05,0.0014789439779364
0.1063879151724605,2.1867499106045654,2.186733725148043,1.6185456522155306e-05,0.0014789510355001
0.1063879156934649,2.1867499118000304,2.1867337357471652,1.6176052865191082e-05,0.0014789589919808
0.1063879151885228,2.186749911829787,2.1867337254748085,1.618635497857568e-05,0.0014789510355001
0.1063879156934649,2.186749912058027,2.1867337357471652,1.617631086192617e-05,0.0014789589919808
0.1063879151885228,2.18674991152949,2.1867337254748085,1.6186054681455175e-05,0.0014789410297024
0.1063879156928567,2.186749910246102,2.186733735734793,1.617451130897507e-05,0.001478958974317
0.1063879156934649,2.186749910432291,2.1867337357471652,1.6174685125935895e-05,0.0014789589919808
0.1063879156912473,2.1867499108170074,2.1867337357020515,1.6175114955885306e-05,0.0014789673483751
0.1063879156928567,2.186749911830392,2.186733735734793,1.6176095599007567e-05,0.001478958974317
0.1063879156930503,2.1867499121620093,2.186733735738731,1.617642327822466e-05,0.0014789612529911
0.1063879156934649,2.1867499114645783,2.1867337357471652,1.6175717413080548e-05,0.0014789589919808
0.1063879156929662,2.186749912334507,2.1867337357370205,1.617659748642808e-05,0.0014789558102562
0.1063879156934649,2.1867499111126008,2.1867337357471652,1.6175365435522338e-05,0.0014789589919801
0.1063879149998591,2.1867499113845197,2.1867337216367035,1.618974781614213e-05,0.0014789410297024
0.1063879156937381,2.1867499117098848,2.1867337357527235,1.6175957161301824e-05,0.0014789572005841
0.1063879156929662,2.1867499120428606,2.1867337357370205,1.6176305840165384e-05,0.0014789558102562
0.1063879156934649,2.186749910440213,2.1867337357471652,1.617469304759922e-05,0.0014789589919801
0.106387915692201,2.186749911066584,2.186733735721454,1.6175345129987306e-05,0.0014789612279805
0.106387915018485,2.1867499114508777,2.186733722015622,1.6189435255498097e-05,0.0014789507607079
0.1063879156928567,2.186749910583522,2.186733735734793,1.6174848729288982e-05,0.001478958974317
0.1063879151940493,2.186749911035726,2.186733725587238,1.618544848769332e-05,0.0014789441791579
0.1063879156924877,2.1867499110522073,2.186733735727286,1.6175324921263723e-05,0.001478964028468
0.1063879156934649,2.186749911921556,2.1867337357471652,1.6176174390647446e-05,0.0014789589919808
0.106387915018485,2.1867499104268298,2.186733722015622,1.6188411207540554e-05,0.0014789439779364
0.1063879151724605,2.186749911302058,2.186733725148043,1.6186154014885545e-05,0.0014789439779364
0.1063879152182727,2.186749911612813,2.18673372608003,1.6185532782930778e-05,0.0014789507607079
0.1063879156930503,2.18674991049494,2.186733735738731,1.617475620907527e-05,0.0014789612529901
0.106387915018485,2.186749909961686,2.186733722015622,1.6187946063617176e-05,0.0014789510355001
0.1063879151940493,2.1867499100817973,2.186733725587238,1.6184494559201568e-05,0.0014789510355001
0.1063879156930503,2.1867499112354056,2.186733735738731,1.617549667454199e-05,0.0014789612529901
0.1063879156928567,2.1867499113187554,2.186733735734793,1.617558396249663e-05,0.001478958974317
0.1063879156924877,2.186749911413608,2.186733735727286,1.6175686321950877e-05,0.0014789640284674
0.106387915018485,2.1867499109319257,2.186733722015622,1.6188916303505607e-05,0.0014789507607079
0.1063879151724605,2.186749910999105,2.186733725148043,1.6185851061667478e-05,0.0014789439779364
0.1063879156928567,2.1867499104554615,2.186733735734793,1.6174720668615805e-05,0.001478958974317
0.1063879151885228,2.1867499114410576,2.1867337254748085,1.618596624908264e-05,0.0014789528076878
0.1063879156929965,2.186749911493586,2.1867337357376364,1.617575594980991e-05,0.0014789548404062
0.1063879156929662,2.1867499111150246,2.1867337357370205,1.6175378004135155e-05,0.0014789571848262
0.106387915018485,2.186749910992995,2.186733722015622,1.618897737287739e-05,0.0014789397653969
0.1063879152182727,2.18674991124397,2.18673372608003,1.6185163939752556e-05,0.0014789510355001
0.1063879156919308,2.1867499108803545,2.186733735715957,1.6175164397669306e-05,0.0014789640126676
0.1063879156919308,2.18674991048832,2.186733735715957,1.6174772363264367e-05,0.0014789640126676
0.1063879156930503,2.186749911054083,2.186733735738731,1.617531535202943e-05,0.0014789612529901
0.1063879156930503,2.186749910336951,2.186733735738731,1.6174598219897973e-05,0.0014789612529901
0.1063879156929662,2.1867499123533802,2.1867337357370205,1.617661635977541e-05,0.0014789571848262
0.106387915018485,2.186749910615997,2.186733722015622,1.6188600374889006e-05,0.0014789507607079
0.1063879156930503,2.1867499112570754,2.186733735738731,1.6175518344319073e-05,0.0014789612529901
0.1063879156934649,2.186749911607001,2.1867337357471652,1.617585983559877e-05,0.0014789589919801
0.1063879151940493,2.186749911437385,2.186733725587238,1.6185850146843705e-05,0.0014789439779364
0.1063879156929662,2.1867499112967925,2.1867337357370205,1.6175559772069192e-05,0.0014789571848262
0.1063879151885228,2.186749911439662,2.1867337254748085,1.6185964853310253e-05,0.0014789507607079
0.1063879156919308,2.1867499113093865,2.186733735715957,1.6175593429590407e-05,0.0014789640126676
0.1063879156924877,2.1867499116370364,2.186733735727286,1.617590975033778e-05,0.0014789640284674
0.106387915018485,2.1867499109180697,2.186733722015622,1.618890244747817e-05,0.0014789507607079
0.1063879156924877,2.186749910377832,2.186733735727286,1.617465054604139e-05,0.0014789640284674
0.1063879156937381,2.186749911133223,2.1867337357527235,1.6175380499472425e-05,0.0014789572005848
0.1063879151815304,2.186749910777904,2.1867337253325583,1.618544534576216e-05,0.0014789441791579
0.1063879151815304,2.1867499110801005,2.1867337253325583,1.6185747542252216e-05,0.0014789439779364
0.1063879156930503,2.1867499109985578,2.186733735738731,1.6175259826667343e-05,0.0014789612529911
0.1063879156930503,2.18674991113071,2.186733735738731,1.617539197873441e-05,0.0014789612529911
0.1063879151940493,2.1867499111186857,2.186733725587238,1.6185531447554524e-05,0.0014789439779364
0.1063879151724605,2.186749910207664,2.186733725148043,1.6185059620976716e-05,0.0014789507607079
0.1063879156929662,2.1867499110073365,2.1867337357370205,1.617527031605448e-05,0.0014789571848262
0.1063879151940493,2.186749911596293,2.186733725587238,1.6186009054841577e-05,0.0014789410297024
0.1063879151815304,2.1867499105673573,2.1867337253325583,1.618523479907097e-05,0.0014789510355001
0.1063879156918452,2.186749910660489,2.186733735714215,1.6174946273928015e-05,0.0014789673657366
0.1063879156930503,2.1867499113098257,2.186733735738731,1.6175571094567687e-05,0.0014789612529901
0.1063879156924877,2.186749910898398,2.186733735727286,1.617517111185407e-05,0.0014789640284674
0.1063879156924877,2.1867499108604833,2.186733735727286,1.617513319729369e-05,0.001478964028468
0.1063879156928567,2.186749910738544,2.186733735734793,1.6175003751062178e-05,0.001478958974317
0.1063879156937381,2.18674991184918,2.1867337357527235,1.617609645654383e-05,0.0014789572005848
0.1063879156934649,2.186749910802665,2.1867337357471652,1.6175055499889623e-05,0.0014789589919808
0.1063879156929662,2.186749911131901,2.1867337357370205,1.6175394880413307e-05,0.0014789558102562
0.1063879156929662,2.1867499116797524,2.1867337357370205,1.6175942731955217e-05,0.0014789558102562
0.1063879156911469,2.1867499102226113,2.186733735700009,1.6174522602163677e-05,0.0014789713158611
0.1063879151724605,2.1867499109924093,2.186733725148043,1.618584436613446e-05,0.0014789441791579
0.1063879156934649,2.1867499110357866,2.1867337357471652,1.617528862141171e-05,0.0014789589919801
0.1063879156929662,2.1867499115475004,2.1867337357370205,1.6175810479968078e-05,0.0014789571848262
0.1063879149998591,2.186749912188604,2.1867337216367035,1.6190551900496786e-05,0.0014789439779364
0.1063879156934649,2.186749911059728,2.1867337357471652,1.6175312562705102e-05,0.0014789589919808
0.1063879156918452,2.1867499107163835,2.186733735714215,1.6175002168328234e-05,0.0014789673657373
0.1063879152182727,2.186749911187377,2.18673372608003,1.618510734680001e-05,0.0014789507607079
0.106387915692201,2.1867499111298483,2.186733735721454,1.6175408394492052e-05,0.0014789612279805
0.1063879156930503,2.1867499113310966,2.186733735738731,1.617559236555266e-05,0.0014789612529901
0.106387915692201,2.186749911465426,2.186733735721454,1.6175743972279832e-05,0.0014789612279805
0.1063879156934649,2.1867499108946333,2.1867337357471652,1.6175147468100448e-05,0.0014789589919801
0.1063879156929965,2.1867499116927367,2.1867337357376364,1.61759551002838e-05,0.0014789571848262
0.1063879156911469,2.186749910873416,2.186733735700009,1.6175173406907106e-05,0.0014789713158602
0.106387915018485,2.1867499113401268,2.186733722015622,1.618932450453414e-05,0.0014789441791579
0.1063879156929662,2.186749911519531,2.1867337357370205,1.6175782510341463e-05,0.0014789558102562
0.1063879156903999,2.186749909763491,2.1867337356848124,1.6174078678599102e-05,0.0014789759340891
0.1063879151940493,2.186749910253494,2.186733725587238,1.6184666256080504e-05,0.0014789625997043
0.1063879151815304,2.1867499116398843,2.1867337253325583,1.6186307326027105e-05,0.0014789441791579
0.1063879156929662,2.186749910790089,2.1867337357370205,1.61750530685012e-05,0.0014789571848262
0.1063879156911469,2.186749910690828,2.186733735700009,1.6174990818740298e-05,0.0014789713158611
0.1063879156934649,2.186749910491402,2.1867337357471652,1.617474423687426e-05,0.0014789589919801
0.1063879156930503,2.1867499109149886,2.186733735738731,1.6175176257515744e-05,0.0014789612529911
0.1063879156919308,2.1867499106870643,2.186733735715957,1.617497110739663e-05,0.0014789640126676
0.1063879156918452,2.186749910605722,2.186733735714215,1.61748915070703e-05,0.0014789673657373
0.1063879156918452,2.186749910866129,2.186733735714215,1.6175151913877528e-05,0.0014789673657366
0.1063879156934649,2.1867499111125226,2.1867337357471652,1.6175365357362637e-05,0.0014789589919808
0.1063879151815304,2.1867499116089824,2.1867337253325583,1.6186276424079438e-05,0.0014789507607079
0.1063879151724605,2.1867499111578597,2.186733725148043,1.6186009816454572e-05,0.0014789441791579
0.1063879156918452,2.1867499111923894,2.186733735714215,1.6175478174229596e-05,0.0014789673657366
0.1063879156924877,2.1867499119997893,2.186733735727286,1.617627250327658e-05,0.0014789640284674
0.1063879156930503,2.186749912228907,2.186733735738731,1.6176490175823233e-05,0.0014789612529911
0.1063879156934649,2.18674991123163,2.1867337357471652,1.6175484464753254e-05,0.0014789589919801
0.1063879156896358,2.186749910089105,2.1867337356692675,1.6174419837255982e-05,0.0014789812795277
0.1063879156934649,2.1867499103751054,2.1867337357471652,1.6174627940124253e-05,0.0014789589919801
0.1063879156928567,2.1867499119826026,2.186733735734793,1.6176247809696065e-05,0.001478958974317
0.1063879156934649,2.186749911928645,2.1867337357471652,1.6176181479643503e-05,0.0014789589919801
0.1063879156929662,2.1867499113447595,2.1867337357370205,1.6175607739032927e-05,0.0014789558102562
0.1063879149795981,2.1867499123667073,2.1867337212245213,1.6191142186094964e-05,0.0014789403426105
0.1063879156930503,2.1867499109400503,2.186733735738731,1.6175201319246213e-05,0.0014789612529911
0.1063879156929662,2.1867499116267064,2.1867337357370205,1.617588968594319e-05,0.0014789571848262
0.1063879156924877,2.1867499108061237,2.186733735727286,1.617507883766578e-05,0.0014789640284674
0.106387915692201,2.186749911840817,2.186733735721454,1.6176119363109365e-05,0.0014789612279805
0.1063879151940493,2.1867499111517352,2.186733725587238,1.618556449711761e-05,0.0014789507607079
0.1063879156930503,2.1867499102884125,2.186733735738731,1.6174549681391426e-05,0.0014789612529911
0.106387915692201,2.1867499111559705,2.186733735721454,1.6175434516707554e-05,0.0014789612279805
0.1063879156938738,2.1867499112637088,2.1867337357554844,1.617550822441416e-05,0.0014789558360761
0.1063879156924877,2.1867499113324267,2.186733735727286,1.617560514066696e-05,0.001478964028468
0.1063879156912473,2.186749911175273,2.1867337357020515,1.617547322130264e-05,0.0014789673483751
0.1063879156924877,2.1867499120648564,2.186733735727286,1.6176337570339427e-05,0.0014789640284674
0.1063879156930503,2.1867499107238317,2.186733735738731,1.6174985100647632e-05,0.0014789612529901
0.1063879156929662,2.1867499109546062,2.1867337357370205,1.617521758578988e-05,0.0014789571848262
0.1063879156930503,2.186749911458266,2.186733735738731,1.6175719534938793e-05,0.0014789612529911
0.1063879156928567,2.18674991148045,2.186733735734793,1.6175745657154295e-05,0.001478958974317
0.106387915693873,2.186749911862706,2.186733735755468,1.6176107238141668e-05,0.0014789548584041
0.1063879151815304,2.186749911699092,2.1867337253325583,1.618636653377692e-05,0.0014789439779364
0.1063879156934649,2.186749911448397,2.1867337357471652,1.617570123180201e-05,0.0014789589919808
0.1063879156924877,2.1867499119464817,2.186733735727286,1.6176219195696007e-05,0.001478964028468
0.1063879156929965,2.186749910905787,2.1867337357376364,1.617516815066722e-05,0.0014789571848262
0.1063879156930503,2.1867499109163466,2.186733735738731,1.6175177615540548e-05,0.0014789612529901
0.1063879156930503,2.1867499113788123,2.186733735738731,1.61756400811619e-05,0.0014789612529901
0.106387915693873,2.18674991213844,2.186733735755468,1.6176382972243886e-05,0.0014789558360761
0.1063879156924877,2.1867499103075225,2.186733735727286,1.617458023650542e-05,0.001478964028468
0.1063879156934649,2.186749910271693,2.1867337357471652,1.617452452773449e-05,0.0014789589919801
0.106387915692201,2.186749911455902,2.186733735721454,1.6175734448342638e-05,0.0014789612279805
0.1063879156919308,2.186749910897821,2.186733735715957,1.617518186414202e-05,0.0014789640126676
0.1063879156918452,2.1867499100389725,2.186733735714215,1.6174324757312064e-05,0.0014789673657373
0.1063879151724605,2.186749911242108,2.186733725148043,1.6186094064618572e-05,0.0014789439779364
0.1063879156937381,2.1867499106769053,2.1867337357527235,1.6174924181822092e-05,0.0014789572005841
0.106387915692201,2.1867499114073894,2.186733735721454,1.6175685935593265e-05,0.0014789612279805
0.106387915018485,2.186749911226179,2.186733722015622,1.6189210556571965e-05,0.0014789441791579
0.1063879156934649,2.1867499117327913,2.1867337357471652,1.6175985626087908e-05,0.0014789589919801
0.1063879152235156,2.186749911152542,2.1867337261866893,1.6184965852872324e-05,0.0014789410297024
0.106387915692201,2.1867499113309368,2.186733735721454,1.6175609482971254e-05,0.0014789612279805
0.1063879156928567,2.186749911661715,2.186733735734793,1.6175926921935257e-05,0.001478958974317
0.1063879156924877,2.1867499107521113,2.186733735727286,1.617502482531563e-05,0.001478964028468
0.1063879156930503,2.186749910810093,2.186733735738731,1.617507136186802e-05,0.0014789612529901
0.1063879156903998,2.1867499110062014,2.1867337356848107,1.6175321390754505e-05,0.0014789759340898
0.1063879156930503,2.1867499120476803,2.186733735738731,1.6176308949233942e-05,0.0014789612529911
0.1063879156918452,2.1867499106129764,2.186733735714215,1.6174898761267542e-05,0.0014789673657373
0.1063879152182727,2.186749911183962,2.18673372608003,1.6185103931753986e-05,0.0014789441791579
0.106387915692201,2.186749911122893,2.186733735721454,1.6175401439166848e-05,0.0014789612279805
0.1063879152235156,2.186749910954352,2.1867337261866893,1.6184767662519306e-05,0.0014789439779364
0.1063879156924877,2.186749910681986,2.186733735727286,1.6174954700076682e-05,0.0014789640284674
0.1063879156929662,2.1867499111133757,2.1867337357370205,1.617537635523192e-05,0.0014789548404062
0.1063879151815304,2.186749911481789,2.1867337253325583,1.6186149230712488e-05,0.0014789441791579
0.1063879156937381,2.1867499117817575,2.1867337357527235,1.6176029034031814e-05,0.0014789572005841
0.1063879156934649,2.1867499109231905,2.1867337357471652,1.6175176025257088e-05,0.0014789589919808
0.1063879156903999,2.1867499107879493,2.1867337356848124,1.6175103136895075e-05,0.0014789759340891
0.1063879156928567,2.1867499102001595,2.186733735734793,1.6174465366614044e-05,0.001478958974317
0.1063879156929662,2.1867499117912264,2.1867337357370205,1.6176054205896406e-05,0.0014789571848262
0.1063879156930503,2.186749910864146,2.186733735738731,1.6175125415074376e-05,0.0014789612529901
0.106387915692201,2.1867499101992673,2.186733735721454,1.6174477813546417e-05,0.0014789612279805
0.1063879156928567,2.186749911014457,2.186733735734793,1.6175279664132347e-05,0.001478958974317
0.1063879156929662,2.1867499123443883,2.1867337357370205,1.6176607367857088e-05,0.0014789571848262
0.1063879151724605,2.186749910797106,2.186733725148043,1.6185649062805396e-05,0.0014789441791579
0.106387915692201,2.1867499114458884,2.186733735721454,1.6175724434575045e-05,0.0014789612279805
0.1063879156918452,2.1867499111250406,2.186733735714215,1.6175410825436387e-05,0.0014789673657366
0.1063879156930503,2.186749910494509,2.186733735738731,1.6174755777864647e-05,0.0014789612529901
0.1063879149998591,2.1867499111634876,2.1867337216367035,1.6189526784060604e-05,0.0014789441791579
0.1063879156919308,2.1867499114640063,2.186733735715957,1.6175748049462868e-05,0.0014789640126676
0.1063879156911469,2.186749910588299,2.186733735700009,1.6174888289643974e-05,0.0014789713158602
0.1063879151940493,2.186749910188862,2.186733725587238,1.6184601623780992e-05,0.0014789507607079
0.1063879156918452,2.1867499110315154,2.186733735714215,1.6175317300248793e-05,0.0014789673657373
0.1063879151940493,2.1867499112616655,2.186733725587238,1.6185674427404706e-05,0.0014789507607079
0.1063879156930503,2.1867499101842287,2.186733735738731,1.6174445497618706e-05,0.0014789612529911
0.1063879151724605,2.1867499111629876,2.186733725148043,1.6186014944352678e-05,0.0014789507607079
0.1063879156928567,2.186749912628161,2.186733735734793,1.617689336796957e-05,0.001478958974317
0.1063879156937381,2.1867499114084055,2.1867337357527235,1.6175655682015844e-05,0.0014789572005841
0.1063879156928567,2.1867499117635285,2.186733735734793,1.6176028735603865e-05,0.001478958974317
0.1063879152182727,2.186749911394972,2.18673372608003,1.6185314942074314e-05,0.0014789507607079
0.1063879156912473,2.1867499112638566,2.1867337357020515,1.6175561805109595e-05,0.0014789673483751
0.106387915692201,2.1867499109388278,2.186733735721454,1.6175217373959327e-05,0.0014789612279805
0.1063879156896358,2.186749910145495,2.1867337356692675,1.617447622725976e-05,0.001478981279527
0.1063879151940493,2.1867499109206863,2.186733725587238,1.6185333448159867e-05,0.0014789439779364
0.1063879156924877,2.1867499116751787,2.186733735727286,1.6175947892715925e-05,0.001478964028468
0.1063879156919308,2.1867499112479982,2.186733735715957,1.6175532041362572e-05,0.0014789640126676
0.1063879151724605,2.1867499115075626,2.186733725148043,1.618635951938785e-05,0.0014789403426105
0.106387915692201,2.186749911785956,2.186733735721454,1.6176064502104737e-05,0.0014789612279805
0.106387915018485,2.186749911218152,2.186733722015622,1.6189202529659497e-05,0.0014789403426105
0.1063879156934649,2.186749910452481,2.1867337357471652,1.6174705315563642e-05,0.0014789589919801
0.1063879149795981,2.1867499117606695,2.1867337212245213,1.6190536148208423e-05,0.0014789403426105
0.1063879151885228,2.186749911041492,2.1867337254748085,1.618556668336879e-05,0.0014789507607079
0.1063879151885228,2.186749911080029,2.1867337254748085,1.6185605220542243e-05,0.0014789507607079
0.1063879156919308,2.1867499109070123,2.186733735715957,1.6175191055456395e-05,0.0014789640126676
0.1063879156918452,2.1867499107857595,2.186733735714215,1.6175071544388686e-05,0.0014789673657366
0.1063879156924877,2.186749911154697,2.186733735727286,1.6175427410836107e-05,0.001478964028468
0.106387915692201,2.1867499116422797,2.186733735721454,1.6175920825922674e-05,0.0014789612279805
0.106387915692201,2.186749911798093,2.186733735721454,1.6176076639062842e-05,0.0014789612279805
0.1063879156924877,2.1867499114754096,2.186733735727286,1.6175748123625766e-05,0.0014789640284674
0.1063879156924877,2.1867499110271478,2.186733735727286,1.61752998617537e-05,0.001478964028468
0.106387915692201,2.1867499118741502,2.186733735721454,1.6176152696445456e-05,0.0014789612279805
0.1063879156903998,2.186749910401478,2.1867337356848107,1.6174716667372024e-05,0.0014789759340898
0.1063879156924877,2.186749911682526,2.186733735727286,1.6175955240171902e-05,0.0014789640284674
0.1063879156928567,2.186749911584473,2.186733735734793,1.617584968016672e-05,0.001478958974317
0.106387915692201,2.186749910968476,2.186733735721454,1.6175247022243155e-05,0.0014789612279805
0.1063879151724605,2.1867499122948337,2.186733725148043,1.618714679052502e-05,0.0014789507607079
0.1063879156930503,2.1867499107208723,2.186733735738731,1.6174982141237138e-05,0.0014789612529901
0.1063879151885228,2.1867499115690774,2.1867337254748085,1.618609426889961e-05,0.0014789441791579
0.1063879151885228,2.186749911732939,2.1867337254748085,1.6186258130712616e-05,0.0014789507607079
0.1063879151815304,2.1867499116905593,2.1867337253325583,1.618635800104684e-05,0.0014789410297024
0.106387915693873,2.186749911736843,2.186733735755468,1.617598137526599e-05,0.0014789542289816
0.1063879156924877,2.1867499109978326,2.186733735727286,1.617527054653678e-05,0.0014789640284674
0.1063879156912473,2.1867499109962365,2.1867337357020515,1.617529418496133e-05,0.0014789673483751
0.1063879156934649,2.186749910385452,2.1867337357471652,1.6174638286958753e-05,0.0014789589919808
0.1063879151885228,2.186749911481135,2.1867337254748085,1.618600632635747e-05,0.0014789410297024
0.1063879156934649,2.186749911589319,2.1867337357471652,1.6175842153742792e-05,0.0014789589919801
0.1063879156924877,2.186749912046083,2.186733735727286,1.617631879691217e-05,0.001478964028468
0.1063879156930503,2.1867499110014217,2.186733735738731,1.6175262690598657e-05,0.0014789612529911
0.1063879156911469,2.1867499113595947,2.186733735700009,1.6175659585559998e-05,0.0014789713158602
0.1063879156903241,2.186749911094285,2.1867337356832706,1.617541101461839e-05,0.0014789712916012
0.1063879156937381,2.1867499114208773,2.1867337357527235,1.6175668153817213e-05,0.0014789572005848
0.1063879156918452,2.1867499119736147,2.186733735714215,1.6176259399536264e-05,0.0014789673657373
0.1063879156924877,2.186749910472502,2.186733735727286,1.617474521609097e-05,0.0014789640284674
0.1063879156929662,2.1867499105118626,2.1867337357370205,1.6174774842170336e-05,0.0014789571848262
0.1063879156934649,2.186749910834752,2.1867337357471652,1.6175087586667303e-05,0.0014789589919808
0.106387915018485,2.1867499112820306,2.186733722015622,1.618926640833962e-05,0.0014789410297024
0.1063879156903999,2.186749910484064,2.1867337356848124,1.6174799251533756e-05,0.0014789759340891
0.1063879156918452,2.18674991022715,2.186733735714215,1.6174512934785668e-05,0.0014789673657366
0.1063879156930503,2.1867499112327415,2.186733735738731,1.617549401045082e-05,0.0014789612529901
0.106387915693873,2.186749911438851,2.186733735755468,1.6175683382968487e-05,0.0014789548584041
0.106387915018485,2.18674991056087,2.186733722015622,1.618854524787494e-05,0.0014789507607079
0.1063879152235156,2.1867499123431444,2.1867337261866893,1.6186156455155754e-05,0.0014789439779364
0.1063879156934649,2.1867499111600206,2.1867337357471652,1.6175412855368165e-05,0.0014789589919808
0.1063879156924877,2.1867499106750143,2.186733735727286,1.6174947728320177e-05,0.001478964028468
0.1063879151940493,2.1867499105786052,2.186733725587238,1.6184991367129697e-05,0.0014789510355001
0.1063879156934649,2.186749911003433,2.1867337357471652,1.6175256267736415e-05,0.0014789589919801
0.1063879156930503,2.1867499098640693,2.186733735738731,1.6174125338164203e-05,0.0014789612529911
0.1063879152235156,2.1867499116344216,2.1867337261866893,1.6185447732297575e-05,0.0014789507607079
0.1063879156934649,2.186749910763961,2.1867337357471652,1.6175016795738628e-05,0.0014789589919801
0.1063879151940493,2.1867499105895276,2.186733725587238,1.6185002289503814e-05,0.0014789441791579
0.1063879156930503,2.1867499110902426,2.186733735738731,1.6175351511549252e-05,0.0014789612529901
0.1063879156924877,2.1867499112822677,2.186733735727286,1.6175554981678886e-05,0.001478964028468
0.1063879156937381,2.1867499113419657,2.1867337357527235,1.6175589242273247e-05,0.0014789572005841
0.1063879156937381,2.1867499124288248,2.1867337357527235,1.6176676101320453e-05,0.0014789572005841
0.1063879156930503,2.186749910294057,2.186733735738731,1.6174555325765283e-05,0.0014789612529911
0.1063879156924877,2.186749911237091,2.186733735727286,1.6175509804927657e-05,0.0014789640284674
0.1063879151940493,2.186749911214313,2.186733725587238,1.6185627075060438e-05,0.0014789410297024
0.1063879156911469,2.186749910140544,2.186733735700009,1.6174440534921786e-05,0.0014789713158611
0.1063879151885228,2.1867499110793,2.1867337254748085,1.618560449134776e-05,0.0014789507607079
0.1063879156918452,2.186749910883452,2.186733735714215,1.6175169236909426e-05,0.0014789673657373
0.1063879156930503,2.1867499120932257,2.186733735738731,1.6176354494579215e-05,0.0014789612529901
0.1063879152182727,2.186749911010272,2.18673372608003,1.6184930241802675e-05,0.0014789507607079
0.106387915692201,2.18674991182694,2.186733735721454,1.6176105486209735e-05,0.0014789612279805
0.1063879156929662,2.186749910943865,2.1867337357370205,1.6175206844604162e-05,0.0014789571848262
0.106387915692201,2.186749912123467,2.186733735721454,1.6176402013012847e-05,0.0014789612279805
0.1063879156934649,2.1867499121453604,2.1867337357471652,1.617639819517791e-05,0.0014789589919808
0.1063879156928567,2.1867499112662756,2.186733735734793,1.6175531482698347e-05,0.001478958974317
0.1063879156924877,2.186749911562544,2.186733735727286,1.617583525792554e-05,0.001478964028468
0.1063879151940493,2.1867499111202817,2.186733725587238,1.6185533043611144e-05,0.0014789507607079
0.1063879156929662,2.186749911283995,2.1867337357370205,1.6175546974750432e-05,0.0014789571848262
0.1063879156912473,2.1867499110706636,2.1867337357020515,1.6175368612092456e-05,0.0014789673483751
0.1063879151815304,2.186749911019004,2.1867337253325583,1.6185686445790992e-05,0.0014789441791579
0.1063879156929662,2.1867499113333757,2.1867337357370205,1.617559635525012e-05,0.0014789571848262
0.1063879156934649,2.186749911143112,2.1867337357471652,1.61753959466715e-05,0.0014789589919808
0.106387915018485,2.186749911208131,2.186733722015622,1.6189192508786476e-05,0.0014789410297024
0.1063879151815304,2.1867499113178215,2.1867337253325583,1.618598526320625e-05,0.0014789410297024
0.1063879156918452,2.1867499110069852,2.186733735714215,1.6175292770093108e-05,0.0014789673657373
0.106387915018485,2.1867499112309914,2.186733722015622,1.6189215369166732e-05,0.0014789403426105
0.1063879156928567,2.1867499111730733,2.186733735734793,1.6175438280363608e-05,0.001478958974317
0.1063879156930503,2.1867499113383664,2.186733735738731,1.6175599635293025e-05,0.0014789612529901
0.1063879156924877,2.1867499113706432,2.186733735727286,1.6175643357208003e-05,0.001478964028468
0.1063879156924877,2.186749910710496,2.186733735727286,1.6174983210159866e-05,0.001478964028468
0.1063879156912473,2.1867499105756476,2.1867337357020515,1.6174873596064288e-05,0.0014789673483751
0.1063879156930503,2.186749911722628,2.186733735738731,1.6175983896804524e-05,0.0014789612529911
0.1063879151940493,2.186749911212905,2.186733725587238,1.6185625666853554e-05,0.0014789507607079
0.1063879156937381,2.1867499115878513,2.1867337357527235,1.6175835127807403e-05,0.0014789572005848
0.1063879151815304,2.1867499096073972,2.1867337253325583,1.6184274838959567e-05,0.0014789625997043
0.1063879156934649,2.186749911493464,2.1867337357471652,1.6175746298863203e-05,0.0014789589919801
0.1063879156930503,2.1867499109551125,2.186733735738731,1.6175216381419943e-05,0.0014789612529911
0.1063879151724605,2.1867499103167907,2.186733725148043,1.6185168747462342e-05,0.0014789439779364
0.1063879156911469,2.186749910893707,2.186733735700009,1.6175193697787194e-05,0.0014789713158602
0.1063879156934649,2.186749911731217,2.1867337357471652,1.617598405179166e-05,0.0014789589919808
0.1063879156924877,2.186749911383669,2.186733735727286,1.6175656382788617e-05,0.001478964028468
0.1063879156918452,2.186749911124347,2.186733735714215,1.617541013176904e-05,0.0014789673657366
0.1063879156918452,2.1867499108608692,2.186733735714215,1.6175146654084926e-05,0.0014789673657366
0.1063879156930503,2.186749911299405,2.186733735738731,1.6175560674014378e-05,0.0014789612529901
0.1063879156903241,2.186749910769039,2.1867337356832706,1.6175085768566078e-05,0.0014789712916012
0.1063879151940493,2.1867499110024498,2.186733725587238,1.6185415211644738e-05,0.0014789510355001
0.1063879156930503,2.1867499106955837,2.186733735738731,1.6174956852577083e-05,0.0014789612529911
0.1063879156919308,2.186749911227394,2.186733735715957,1.6175511436955503e-05,0.0014789640126676
0.1063879156934649,2.1867499120314386,2.1867337357471652,1.6176284273416996e-05,0.0014789589919808
0.106387915018485,2.1867499108972734,2.186733722015622,1.6188881651224563e-05,0.0014789510355001
0.1063879156924877,2.1867499111096538,2.186733735727286,1.617538236775573e-05,0.0014789640284674
0.1063879156924877,2.1867499117045974,2.186733735727286,1.617597731140563e-05,0.0014789640284674
0.1063879151724605,2.1867499104133903,2.186733725148043,1.6185265347079536e-05,0.0014789507607079
0.1063879156912473,2.186749910261643,2.1867337357020515,1.6174559591242144e-05,0.0014789673483751
0.1063879156934649,2.1867499107217294,2.1867337357471652,1.617497456418704e-05,0.0014789589919808
0.1063879156930503,2.1867499113858426,2.186733735738731,1.6175647111538183e-05,0.0014789612529911
0.1063879156911469,2.1867499102089627,2.186733735700009,1.61745089535259e-05,0.0014789713158611
0.1063879156934649,2.1867499119298834,2.1867337357471652,1.617618271820831e-05,0.0014789589919808
0.1063879156912473,2.1867499120087097,2.1867337357020515,1.6176306658177708e-05,0.0014789673483751
0.1063879156924877,2.1867499110941258,2.186733735727286,1.617536683973242e-05,0.001478964028468
0.1063879156938738,2.1867499114348306,2.1867337357554844,1.617567934619757e-05,0.0014789558360761
0.1063879151885228,2.1867499108162036,2.1867337254748085,1.6185341395136277e-05,0.0014789510355001
0.1063879156919308,2.186749911325203,2.186733735715957,1.6175609246271705e-05,0.0014789640126676
0.1063879156919308,2.1867499114661997,2.186733735715957,1.6175750242819475e-05,0.0014789640126676
0.1063879151940493,2.1867499105917583,2.186733725587238,1.6185004520163915e-05,0.0014789507607079
0.1063879151815304,2.1867499098628556,2.1867337253325583,1.618453029728073e-05,0.0014789441791579
0.1063879156937381,2.1867499116604665,2.1867337357527235,1.6175907743054552e-05,0.0014789572005848
0.1063879156930503,2.1867499123627425,2.186733735738731,1.6176624011432494e-05,0.0014789612529901
0.1063879152182727,2.1867499114205846,2.18673372608003,1.6185340554475403e-05,0.0014789507607079
0.1063879156938738,2.1867499116608173,2.1867337357554844,1.617590533298241e-05,0.0014789558360761
0.1063879156924877,2.186749911021612,2.186733735727286,1.61752943261817e-05,0.0014789640284674
0.1063879156918452,2.186749910702991,2.186733735714215,1.6174988775929933e-05,0.0014789673657366
0.1063879156912473,2.1867499111361406,2.1867337357020515,1.6175434089049645e-05,0.0014789673483751
0.1063879156929662,2.1867499116059452,2.1867337357370205,1.617586892477263e-05,0.0014789571848262
0.1063879156934649,2.1867499111222752,2.1867337357471652,1.6175375110005774e-05,0.0014789589919808
0.1063879151724605,2.1867499114895925,2.186733725148043,1.6186341549317973e-05,0.0014789410297024
0.1063879156929662,2.186749912063101,2.1867337357370205,1.61763260804193e-05,0.0014789571848262
0.1063879151885228,2.186749910723484,2.1867337254748085,1.618524867552651e-05,0.0014789510355001
0.1063879151815304,2.186749911497048,2.1867337253325583,1.6186164489617738e-05,0.0014789510355001
0.1063879156928567,2.1867499114910367,2.186733735734793,1.6175756243796968e-05,0.001478958974317
0.1063879156924877,2.186749910190454,2.186733735727286,1.6174463167928366e-05,0.0014789640284674
0.1063879156938731,2.186749911620645,2.1867337357554697,1.617586517532743e-05,0.0014789558360751
0.1063879151940493,2.1867499105820722,2.186733725587238,1.618499483413416e-05,0.0014789410297024
0.1063879156934649,2.1867499117225484,2.1867337357471652,1.6175975383170282e-05,0.0014789589919801
0.1063879156937381,2.1867499117813782,2.1867337357527235,1.617602865477963e-05,0.0014789572005848
0.1063879151724605,2.1867499112982367,2.186733725148043,1.6186150193497895e-05,0.0014789507607079
0.1063879156924877,2.1867499114518156,2.186733735727286,1.6175724529610136e-05,0.0014789640284674
0.1063879156930503,2.1867499113287048,2.186733735738731,1.6175589973688176e-05,0.0014789612529911
0.1063879156919308,2.1867499116264564,2.186733735715957,1.6175910499516277e-05,0.0014789640126676
0.106387915692201,2.186749910522537,2.186733735721454,1.6174801083401746e-05,0.0014789612279805
0.106387915692201,2.1867499111735853,2.186733735721454,1.6175452131506063e-05,0.0014789612279805
0.106387915693873,2.186749911381104,2.186733735755468,1.6175625636272173e-05,0.0014789548584041
0.1063879156924877,2.186749911658649,2.186733735727286,1.6175931362827356e-05,0.0014789640284674
0.1063879156903241,2.1867499107285555,2.1867337356832706,1.617504528494962e-05,0.0014789712916012
0.1063879156918452,2.1867499084780584,2.186733735714215,1.6172763843247395e-05,0.0014789673657366
0.106387915692201,2.186749910142748,2.186733735721454,1.617442129431268e-05,0.0014789612279805
0.1063879156934649,2.1867499108954203,2.1867337357471652,1.6175148255026528e-05,0.0014789589919801
0.1063879151815304,2.186749911643174,2.1867337253325583,1.618631061583997e-05,0.0014789439779364
0.1063879156930503,2.186749911809963,2.186733735738731,1.6176071231832623e-05,0.0014789612529901
0.1063879151815304,2.186749910748183,2.1867337253325583,1.6185415624647703e-05,0.0014789441791579
0.1063879156924877,2.1867499111567272,2.186733735727286,1.6175429441211975e-05,0.0014789640284674
0.1063879156929662,2.186749911530335,2.1867337357370205,1.617579331458785e-05,0.0014789571848262
0.1063879156919308,2.186749911180774,2.186733735715957,1.617546481735843e-05,0.0014789640126676
0.1063879151940493,2.186749911536961,2.186733725587238,1.6185949722746784e-05,0.0014789439779364
0.1063879156934649,2.186749911314256,2.1867337357471652,1.617556709065937e-05,0.0014789589919808
0.1063879156924877,2.1867499099307186,2.186733735727286,1.6174203432584022e-05,0.001478964028468
0.1063879151815304,2.1867499108810318,2.1867337253325583,1.618554847349074e-05,0.0014789441791579
0.1063879156912473,2.1867499100249193,2.1867337357020515,1.6174322867712476e-05,0.0014789673483751
0.1063879156919308,2.186749911338439,2.186733735715957,1.6175622482350605e-05,0.0014789640126676
0.106387915018485,2.1867499108884467,2.186733722015622,1.6188872824507428e-05,0.0014789439779364
0.1063879156934649,2.186749911947561,2.1867337357471652,1.6176200395623397e-05,0.0014789589919808
0.1063879151724605,2.1867499118980267,2.186733725148043,1.6186749983493343e-05,0.0014789507607079
0.1063879156924877,2.186749910774731,2.186733735727286,1.6175047444999535e-05,0.0014789640284674
0.1063879156918452,2.186749911071196,2.186733735714215,1.617535698095196e-05,0.0014789673657366
0.1063879156929965,2.186749910668433,2.1867337357376364,1.6174930796530873e-05,0.0014789558102562
0.1063879156912473,2.186749910612354,2.1867337357020515,1.6174910302257928e-05,0.0014789673483751
0.1063879151724605,2.186749911231623,2.186733725148043,1.6186083579672328e-05,0.0014789510355001
0.1063879156918452,2.186749911020643,2.186733735714215,1.6175306428056757e-05,0.0014789673657373
0.1063879151724605,2.1867499114619364,2.186733725148043,1.618631389321834e-05,0.0014789507607079
0.1063879151815304,2.1867499108316406,2.1867337253325583,1.618549908233291e-05,0.0014789441791579
0.1063879156918452,2.1867499104440276,2.186733735714215,1.6174729812412636e-05,0.0014789673657373
0.1063879152182727,2.1867499112242967,2.18673372608003,1.618514426660056e-05,0.0014789510355001
0.1063879151815304,2.1867499106732904,2.1867337253325583,1.6185340732111086e-05,0.0014789510355001
0.1063879156919308,2.1867499113050193,2.186733735715957,1.6175589062417117e-05,0.0014789640126676
0.1063879156934649,2.186749911449969,2.1867337357471652,1.617570280387781e-05,0.0014789589919801
0.1063879156919308,2.1867499110713498,2.186733735715957,1.6175355392888946e-05,0.0014789640126676
0.1063879156919308,2.1867499109853714,2.186733735715957,1.6175269414553384e-05,0.0014789640126676
0.1063879156934649,2.1867499116233624,2.1867337357471652,1.617587619717753e-05,0.0014789589919801
0.1063879156929662,2.1867499112158675,2.1867337357370205,1.617547884702475e-05,0.0014789571848262
0.1063879151815304,2.1867499109574386,2.1867337253325583,1.6185624880371563e-05,0.0014789441791579
0.1063879156924877,2.1867499102661285,2.186733735727286,1.617453884250608e-05,0.0014789640284674
0.1063879151724605,2.186749911035793,2.186733725148043,1.618588774965346e-05,0.0014789510355001
0.1063879156934649,2.1867499108389925,2.1867337357471652,1.6175091827275168e-05,0.0014789589919808
0.1063879156919308,2.1867499120724103,2.186733735715957,1.617635645345672e-05,0.0014789640126676
0.106387915018485,2.1867499104743757,2.186733722015622,1.6188458753507717e-05,0.0014789441791579
0.1063879151724605,2.1867499113679925,2.186733725148043,1.618621994925462e-05,0.0014789439779364
0.1063879156924877,2.1867499115153235,2.186733735727286,1.617578803747577e-05,0.001478964028468
0.1063879156930503,2.1867499111977087,2.186733735738731,1.6175458977585322e-05,0.0014789612529911
0.1063879156937381,2.1867499112145827,2.1867337357527235,1.6175461859280205e-05,0.0014789572005848
0.1063879156930503,2.186749910491395,2.186733735738731,1.6174752663911107e-05,0.0014789612529911
0.106387915018485,2.186749910912055,2.186733722015622,1.6188896432733912e-05,0.0014789441791579
0.1063879156937381,2.1867499106847483,2.1867337357527235,1.6174932024881628e-05,0.0014789572005848
0.1063879156912473,2.1867499108477317,2.1867337357020515,1.617514568019729e-05,0.0014789673483751
0.1063879156928567,2.186749910035206,2.186733735734793,1.617430041322976e-05,0.001478958974317
0.1063879156938731,2.186749911413649,2.1867337357554697,1.617565817912947e-05,0.0014789558360751
0.1063879151724605,2.186749911363567,2.186733725148043,1.6186215523905645e-05,0.0014789507607079
0.1063879156937381,2.1867499113941733,2.1867337357527235,1.6175641449844846e-05,0.0014789572005841
0.1063879156918452,2.1867499113800934,2.186733735714215,1.6175665878304102e-05,0.0014789673657373
0.1063879156911469,2.1867499112256437,2.186733735700009,1.6175525634487542e-05,0.0014789713158602
0.1063879151885228,2.1867499123631244,2.1867337254748085,1.6186888315949943e-05,0.0014789441791579
0.1063879156918452,2.186749910804202,2.186733735714215,1.6175089986969482e-05,0.0014789673657373
0.1063879156930503,2.186749911012429,2.186733735738731,1.6175273697793813e-05,0.0014789612529911
0.1063879156929662,2.186749911246415,2.1867337357370205,1.6175509394589227e-05,0.0014789571848262
0.1063879149998591,2.1867499113021474,2.1867337216367035,1.6189665443810952e-05,0.0014789510355001
0.1063879156928567,2.186749911715562,2.186733735734793,1.617598076908422e-05,0.001478958974317
0.1063879151885228,2.18674991230333,2.1867337254748085,1.6186828521558283e-05,0.0014789439779364
0.1063879156903241,2.186749911375073,2.1867337356832706,1.6175691802455816e-05,0.0014789712916012
0.1063879156918452,2.186749910613567,2.186733735714215,1.617489935190619e-05,0.0014789673657373
0.1063879151815304,2.186749910440127,2.1867337253325583,1.6185107568844614e-05,0.0014789441791579
0.1063879156937381,2.1867499111016313,2.1867337357527235,1.6175348907854215e-05,0.0014789572005848
0.106387915692201,2.186749910906206,2.186733735721454,1.617518475205415e-05,0.0014789612279805
0.1063879156918452,2.1867499109705313,2.186733735714215,1.617525631614214e-05,0.0014789673657373
0.1063879151940493,2.186749912005539,2.186733725587238,1.6186418300812022e-05,0.0014789410297024
0.1063879156929662,2.186749911394786,2.1867337357370205,1.6175657765682416e-05,0.0014789558102562
0.1063879156918452,2.186749911592504,2.186733735714215,1.617587828883771e-05,0.0014789673657366
0.1063879151815304,2.1867499102552537,2.1867337253325583,1.6184922695394732e-05,0.0014789507607079
0.1063879149998591,2.1867499118173117,2.1867337216367035,1.619018060816657e-05,0.0014789410297024
0.1063879156918452,2.1867499116488585,2.186733735714215,1.617593464331435e-05,0.0014789673657373
0.106387915018485,2.186749910318118,2.186733722015622,1.618830249583425e-05,0.0014789510355001
0.1063879156934649,2.18674991116926,2.1867337357471652,1.6175422094644176e-05,0.0014789589919801
0.1063879151724605,2.1867499109799056,2.186733725148043,1.618583186235867e-05,0.0014789439779364
0.1063879156918452,2.1867499102385697,2.186733735714215,1.61745243545397e-05,0.0014789673657366
0.1063879156912473,2.186749910512425,2.1867337357020515,1.6174810373303927e-05,0.0014789673483751
0.1063879151724605,2.1867499108907573,2.186733725148043,1.6185742714114326e-05,0.0014789441791579
0.1063879151724605,2.1867499108615753,2.186733725148043,1.618571353212417e-05,0.0014789507607079
0.1063879156930503,2.1867499116847826,2.186733735738731,1.617594605152206e-05,0.0014789612529911
0.1063879156937381,2.1867499112255913,2.1867337357527235,1.6175472867807628e-05,0.0014789572005848
0.1063879156930503,2.1867499115515403,2.186733735738731,1.6175812809215984e-05,0.0014789612529911
0.106387915018485,2.186749911077735,2.186733722015622,1.6189062112648145e-05,0.0014789441791579
0.1063879152182727,2.186749910967365,2.18673372608003,1.6184887334791398e-05,0.0014789507607079
0.1063879156928567,2.1867499112902147,2.186733735734793,1.6175555421771293e-05,0.001478958974317
0.1063879151885228,2.1867499107676305,2.1867337254748085,1.618529282199077e-05,0.0014789507607079
0.106387915693873,2.1867499114851565,2.186733735755468,1.6175729688594487e-05,0.0014789548584041
0.1063879156924877,2.1867499110990356,2.186733735727286,1.6175371749582723e-05,0.001478964028468
0.1063879156928567,2.1867499111902506,2.186733735734793,1.6175455457734245e-05,0.001478958974317
0.1063879151724605,2.186749910961776,2.186733725148043,1.6185813732860765e-05,0.0014789410297024
0.1063879156930503,2.186749911169135,2.186733735738731,1.6175430403997382e-05,0.0014789612529911
0.1063879151815304,2.1867499108737065,2.1867337253325583,1.6185541148239224e-05,0.0014789439779364
0.1063879156930503,2.1867499114931843,2.186733735738731,1.6175754453229274e-05,0.0014789612529901
0.1063879156903998,2.186749910228499,2.1867337356848107,1.617454368840754e-05,0.0014789759340898
0.1063879156903241,2.186749909743685,2.1867337356832706,1.617406041454217e-05,0.0014789712916012
0.1063879156924877,2.1867499106945805,2.186733735727286,1.6174967294446674e-05,0.001478964028468
0.1063879151815304,2.186749911562416,2.1867337253325583,1.618622985777307e-05,0.0014789410297024
0.1063879156924877,2.18674991124456,2.186733735727286,1.6175517274064077e-05,0.0014789640284674
0.1063879156929662,2.186749911553782,2.1867337357370205,1.617581676160995e-05,0.0014789571848262
0.1063879151724605,2.186749911659493,2.186733725148043,1.6186511449856056e-05,0.0014789403426105
0.1063879156911469,2.186749910925615,2.186733735700009,1.617522560604101e-05,0.0014789713158602
0.1063879156937381,2.1867499109398136,2.1867337357527235,1.617518709018384e-05,0.0014789572005841
0.1063879149998591,2.1867499103595103,2.1867337216367035,1.6188722806731448e-05,0.0014789403426105
0.1063879156928567,2.1867499111825017,2.186733735734793,1.6175447708821622e-05,0.001478958974317
0.1063879156930503,2.1867499113852493,2.186733735738731,1.6175646518235e-05,0.0014789612529901
0.106387915693873,2.1867499120279392,2.186733735755468,1.6176272471302156e-05,0.0014789548584041
0.1063879156928567,2.186749911158124,2.186733735734793,1.6175423330988536e-05,0.001478958974317
0.1063879156924877,2.186749909737598,2.186733735727286,1.6174010311953424e-05,0.0014789640284674
0.106387915692201,2.1867499112873348,2.186733735721454,1.6175565880960363e-05,0.0014789612279805
0.1063879151885228,2.186749911076433,2.1867337254748085,1.618560162430782e-05,0.0014789439779364
0.106387915693184,2.1867499112489717,2.186733735741451,1.617550752053276e-05,0.0014789571848262
0.1063879151815304,2.1867499112717277,2.1867337253325583,1.61859391694108e-05,0.0014789441791579
0.106387915018485,2.18674991125959,2.186733722015622,1.6189243967623668e-05,0.0014789507607079
0.1063879156929965,2.1867499113917397,2.1867337357376364,1.6175654103278703e-05,0.0014789558102562
0.106387915692201,2.1867499120344505,2.186733735721454,1.6176312996663e-05,0.0014789612279805
0.1063879156919308,2.186749912426561,2.186733735715957,1.6176710603943434e-05,0.0014789640126676
0.1063879156924877,2.186749911293264,2.186733735727286,1.617556597777181e-05,0.001478964028468
0.1063879152182727,2.18674991170127,2.18673372608003,1.618562123972822e-05,0.0014789441791579
0.1063879151940493,2.1867499095218137,2.186733725587238,1.6183934575586534e-05,0.0014789625997043
0.1063879156911469,2.186749910711456,2.186733735700009,1.6175011446684096e-05,0.0014789713158611
0.1063879151940493,2.1867499107393082,2.186733725587238,1.6185152070136155e-05,0.0014789507607079
0.1063879156928567,2.186749912170401,2.186733735734793,1.6176435607917483e-05,0.001478958974317
0.1063879156918452,2.186749910975838,2.186733735714215,1.6175261623008197e-05,0.0014789673657366
0.1063879156934649,2.186749910692005,2.1867337357471652,1.6174944839963956e-05,0.0014789589919801
0.1063879156937381,2.1867499113979356,2.1867337357527235,1.6175645212168632e-05,0.0014789572005848
0.1063879156918452,2.186749911145077,2.186733735714215,1.6175430861853357e-05,0.0014789673657366
0.1063879156930503,2.186749910126399,2.186733735738731,1.617438766787771e-05,0.0014789612529911
0.1063879156930503,2.186749911542172,2.186733735738731,1.6175803440710013e-05,0.0014789612529911
0.1063879151815304,2.1867499104080346,2.1867337253325583,1.6185075476293775e-05,0.0014789507607079
0.1063879156934649,2.186749911405196,2.1867337357471652,1.6175658030803675e-05,0.0014789589919808
0.1063879156912473,2.1867499112467854,2.1867337357020515,1.617554473387628e-05,0.0014789673483751
0.1063879151940493,2.186749910069004,2.186733725587238,1.618448176587961e-05,0.0014789528076878
0.1063879156934649,2.186749911376343,2.1867337357471652,1.617562917788362e-05,0.0014789589919801
0.1063879156911469,2.186749911299616,2.186733735700009,1.6175599606871316e-05,0.0014789713158602
0.1063879151724605,2.186749910847628,2.186733725148043,1.6185699584614355e-05,0.0014789507607079
0.1063879156924877,2.186749911673822,2.186733735727286,1.617594653602339e-05,0.0014789640284674
0.1063879156929965,2.1867499116644034,2.1867337357376364,1.6175926766948123e-05,0.0014789571848262
0.1063879156937381,2.186749911028988,2.1867337357527235,1.6175276264629446e-05,0.0014789572005841
0.106387915692201,2.1867499104351165,2.186733735721454,1.617471366266443e-05,0.0014789612279805
0.1063879156930503,2.186749911339608,2.186733735738731,1.6175600876966456e-05,0.0014789612529911
0.1063879156898393,2.186749910313756,2.186733735673408,1.6174640348420866e-05,0.0014789759182094
0.1063879156934649,2.186749912558156,2.1867337357471652,1.617681099075341e-05,0.0014789589919808
0.1063879151815304,2.186749910618269,2.1867337253325583,1.6185285710790254e-05,0.0014789528076878
0.1063879151724605,2.1867499106952923,2.186733725148043,1.618554724913679e-05,0.0014789441791579
0.1063879151940493,2.1867499110088064,2.186733725587238,1.6185421568337688e-05,0.0014789507607079
0.1063879156903241,2.186749910171607,2.1867337356832706,1.6174488336240245e-05,0.0014789712916012
0.1063879156928567,2.186749911244461,2.186733735734793,1.617550966814818e-05,0.001478958974317
0.106387915693873,2.1867499109086173,2.186733735755468,1.617515314933371e-05,0.0014789558360761
0.1063879151815304,2.18674991294147,2.1867337253325583,1.6187608911533147e-05,0.0014789410297024
0.1063879152235156,2.186749911583845,2.1867337261866893,1.6185397155865644e-05,0.0014789439779364
0.1063879151885228,2.1867499112181696,2.1867337254748085,1.6185743361152305e-05,0.0014789439779364
0.1063879156930503,2.1867499110056934,2.186733735738731,1.6175266962292767e-05,0.0014789612529901
0.1063879156924877,2.1867499102897443,2.186733735727286,1.6174562458282082e-05,0.0014789640284674
0.1063879156934649,2.1867499118297635,2.1867337357471652,1.617608259829595e-05,0.0014789589919801
0.1063879151885228,2.186749910775308,2.1867337254748085,1.618530049940503e-05,0.0014789625997043
0.1063879151940493,2.186749910822196,2.186733725587238,1.6185234958054906e-05,0.0014789439779364
0.1063879156929662,2.186749910822097,2.1867337357370205,1.617508507667509e-05,0.0014789571848262
0.1063879156918452,2.186749910532461,2.186733735714215,1.617481824567335e-05,0.0014789673657373
0.1063879156911469,2.1867499103628054,2.186733735700009,1.6174662796242245e-05,0.0014789713158602
0.1063879156934649,2.1867499113858795,2.1867337357471652,1.6175638714255314e-05,0.0014789589919808
0.1063879156934649,2.18674991141983,2.1867337357471652,1.6175672664875407e-05,0.0014789589919801
0.1063879151724605,2.1867499115066655,2.186733725148043,1.6186358622327646e-05,0.0014789410297024
0.1063879156919308,2.1867499120838896,2.186733735715957,1.6176367932718705e-05,0.0014789640126676
0.106387915692201,2.186749911525432,2.186733735721454,1.6175803978057957e-05,0.0014789612279805
0.1063879156938731,2.186749911253191,2.1867337357554697,1.6175497721260257e-05,0.0014789548584034
0.1063879156911469,2.186749910710356,2.186733735700009,1.6175010346675123e-05,0.0014789713158602
0.1063879156934649,2.1867499106835524,2.1867337357471652,1.6174936387169936e-05,0.0014789589919801
0.106387915018485,2.186749911083655,2.186733722015622,1.61890680328014e-05,0.0014789410297024
0.1063879151940493,2.1867499110026762,2.186733725587238,1.6185415438130235e-05,0.0014789528076878
0.106387915692201,2.1867499107307173,2.186733735721454,1.617500926354154e-05,0.0014789612279805
0.1063879156924877,2.186749911185822,2.186733735727286,1.6175458536160647e-05,0.001478964028468
0.1063879156929662,2.186749911684786,2.1867337357370205,1.617594776570641e-05,0.0014789571848262
0.1063879156934649,2.1867499115061895,2.1867337357471652,1.617575902423951e-05,0.0014789589919801
0.1063879156937381,2.1867499111151973,2.1867337357527235,1.6175362473891397e-05,0.0014789572005848
0.1063879156937381,2.1867499122368645,2.1867337357527235,1.617648414109496e-05,0.0014789572005848
0.1063879156934649,2.1867499110449518,2.1867337357471652,1.6175297786524823e-05,0.0014789589919801
0.1063879151885228,2.1867499103291324,2.1867337254748085,1.6184854323864073e-05,0.0014789507607079
0.1063879151724605,2.1867499101966277,2.186733725148043,1.6185048584471673e-05,0.0014789441791579
0.1063879156938738,2.186749912205927,2.1867337357554844,1.6176450442717538e-05,0.0014789558360761
0.1063879156937381,2.186749912222691,2.1867337357527235,1.617646996754374e-05,0.0014789572005841
0.1063879156929965,2.186749910799516,2.1867337357376364,1.6175061879675212e-05,0.0014789571848262
0.1063879156934649,2.1867499114415474,2.1867337357471652,1.6175694382170036e-05,0.0014789589919808
0.1063879156934649,2.186749911784839,2.1867337357471652,1.617603767378739e-05,0.0014789589919808
0.1063879156919308,2.18674991085789,2.186733735715957,1.6175141932972537e-05,0.0014789640126676
0.1063879156924877,2.1867499110190325,2.186733735727286,1.617529174646748e-05,0.001478964028468
0.1063879156911469,2.186749910155501,2.186733735700009,1.6174455491846373e-05,0.0014789713158611
0.1063879156918452,2.1867499114715034,2.186733735714215,1.617575728829479e-05,0.0014789673657366
0.1063879156919308,2.1867499112817064,2.186733735715957,1.6175565749509957e-05,0.0014789640126676
0.1063879151885228,2.1867499114413946,2.1867337254748085,1.618596658614635e-05,0.0014789507607079
0.1063879156928567,2.186749910719113,2.186733735734793,1.61749843199388e-05,0.001478958974317
0.106387915018485,2.186749910823228,2.186733722015622,1.618880760556607e-05,0.0014789528076878
0.1063879156930503,2.1867499116564053,2.186733735738731,1.617591767422155e-05,0.0014789612529911
0.1063879152182727,2.1867499112491813,2.18673372608003,1.6185169151139434e-05,0.0014789439779364
0.1063879156919308,2.186749911072299,2.186733735715957,1.6175356342351677e-05,0.0014789640126676
0.1063879156912473,2.186749910470653,2.1867337357020515,1.617476860138467e-05,0.0014789673483751
0.1063879156937381,2.186749912539457,2.1867337357527235,1.617678673371259e-05,0.0014789572005841
0.1063879151885228,2.186749910805132,2.1867337254748085,1.6185330323548186e-05,0.0014789528076878
0.1063879156924877,2.186749910540934,2.186733735727286,1.617481364801776e-05,0.001478964028468
0.1063879156934649,2.1867499111977846,2.1867337357471652,1.6175450619382303e-05,0.0014789589919801
0.1063879151815304,2.186749910363219,2.1867337253325583,1.6185030660587074e-05,0.0014789441791579
0.1063879156938737,2.1867499121453062,2.186733735755482,1.6176389824096304e-05,0.0014789558360751
0.1063879156934649,2.186749911332718,2.1867337357471652,1.6175585552780092e-05,0.0014789589919808
0.1063879156924877,2.1867499107742336,2.186733735727286,1.617504694761962e-05,0.001478964028468
0.106387915018485,2.1867499108758497,2.186733722015622,1.61888602274729e-05,0.0014789441791579
0.1063879156938731,2.186749912473455,2.1867337357554697,1.617671798515019e-05,0.0014789558360751
0.1063879156919308,2.1867499107144024,2.186733735715957,1.6174998445528388e-05,0.0014789640126676
0.1063879156934649,2.1867499109070567,2.1867337357471652,1.6175159891496094e-05,0.0014789589919801
0.106387915692201,2.186749911073174,2.186733735721454,1.617535172027118e-05,0.0014789612279805
0.1063879156930503,2.186749910953834,2.186733735738731,1.6175215102887108e-05,0.0014789612529901
0.106387915018485,2.1867499108029955,2.186733722015622,1.6188787373305757e-05,0.0014789507607079
0.1063879156911469,2.1867499109563684,2.186733735700009,1.6175256359218793e-05,0.0014789713158602
0.1063879151885228,2.186749910776489,2.1867337254748085,1.618530168068233e-05,0.0014789441791579
0.1063879156911469,2.1867499108685546,2.186733735700009,1.6175168545462526e-05,0.0014789713158611
0.106387915692201,2.186749911511456,2.186733735721454,1.6175790002126433e-05,0.0014789612279805
0.1063879156912473,2.1867499111183406,2.1867337357020515,1.6175416289065936e-05,0.0014789673483751
0.1063879149998591,2.186749911882704,2.1867337216367035,1.619024600030272e-05,0.0014789410297024
0.1063879156929662,2.1867499112549793,2.1867337357370205,1.617551795884964e-05,0.0014789558102562
0.1063879156930503,2.1867499112315625,2.186733735738731,1.6175492831393967e-05,0.0014789612529911
0.1063879151885228,2.1867499114808546,2.1867337254748085,1.618600604613718e-05,0.0014789439779364
0.106387915692201,2.186749911184702,2.186733735721454,1.6175463248391253e-05,0.0014789612279805
0.1063879156937381,2.1867499115538602,2.1867337357527235,1.6175801136775192e-05,0.0014789572005848
0.1063879156919308,2.1867499110266726,2.186733735715957,1.6175310715738078e-05,0.0014789640126676
0.1063879151815304,2.1867499119728193,2.1867337253325583,1.6186640261039997e-05,0.0014789410297024
0.1063879151724605,2.1867499111161393,2.186733725148043,1.6185968096049663e-05,0.0014789510355001
0.1063879156930503,2.1867499111387017,2.186733735738731,1.617539997056383e-05,0.0014789612529911
0.1063879156930503,2.186749911115391,2.186733735738731,1.6175376659877116e-05,0.0014789612529901
0.106387915692201,2.1867499107396124,2.186733735721454,1.6175018158648413e-05,0.0014789612279805
0.1063879156924877,2.1867499109049375,2.186733735727286,1.6175177651511774e-05,0.0014789640284674
0.1063879151815304,2.1867499107681128,2.1867337253325583,1.6185435554483263e-05,0.0014789441791579
0.1063879156930503,2.186749910616257,2.186733735738731,1.6174877525809706e-05,0.0014789612529901
0.1063879156937381,2.186749912270227,2.1867337357527235,1.617651750374094e-05,0.0014789572005841
0.1063879156918452,2.186749911406743,2.186733735714215,1.6175692527653496e-05,0.0014789673657373
0.1063879156938731,2.1867499112556295,2.1867337357554697,1.6175500159754108e-05,0.0014789558360751
0.1063879156924877,2.186749910709216,2.186733735727286,1.6174981929850674e-05,0.0014789640284674
0.1063879156928567,2.186749911585868,2.186733735734793,1.617585107505093e-05,0.001478958974317
0.1063879156934649,2.1867499115490614,2.1867337357471652,1.617580189616774e-05,0.0014789589919808
0.106387915693873,2.1867499121863254,2.186733735755468,1.6176430857495205e-05,0.0014789558360761
0.106387915692201,2.1867499110747866,2.186733735721454,1.61753533327591e-05,0.0014789612279805
0.1063879156929965,2.1867499109593376,2.1867337357376364,1.6175221701164588e-05,0.0014789558102562
0.1063879151724605,2.1867499115285702,2.186733725148043,1.618638052702792e-05,0.0014789439779364
0.1063879156918452,2.1867499109515287,2.186733735714215,1.617523731356485e-05,0.0014789673657373
0.1063879156929965,2.1867499113634916,2.1867337357376364,1.6175625855208153e-05,0.0014789558102562
0.106387915692201,2.1867499111028073,2.186733735721454,1.6175381353455975e-05,0.0014789612279805
0.1063879156903241,2.186749911842444,2.1867337356832706,1.6176159173486582e-05,0.0014789712916012
0.1063879156930503,2.1867499120940805,2.186733735738731,1.6176355349450944e-05,0.0014789612529911
0.106387915692201,2.186749911000848,2.186733735721454,1.6175279394126107e-05,0.0014789612279805
0.1063879156911469,2.186749910944531,2.186733735700009,1.6175244522020904e-05,0.0014789713158611
0.1063879156918452,2.18674991038571,2.186733735714215,1.6174671495061688e-05,0.0014789673657373
0.1063879156937381,2.1867499115193305,2.1867337357527235,1.617576660706277e-05,0.0014789572005848
0.1063879156937381,2.1867499111797275,2.1867337357527235,1.617542700405039e-05,0.0014789572005848
0.1063879156928567,2.186749911229772,2.186733735734793,1.6175494979009386e-05,0.001478958974317
0.106387915692201,2.1867499108515025,2.186733735721454,1.6175130048701192e-05,0.0014789612279805
0.1063879156929662,2.1867499110128503,2.1867337357370205,1.617527582986611e-05,0.0014789571848262
0.1063879151724605,2.186749912385341,2.186733725148043,1.6187237297682344e-05,0.0014789403426105
0.1063879156930503,2.1867499110665087,2.186733735738731,1.617532777764552e-05,0.0014789612529911
0.1063879151724605,2.186749910699345,2.186733725148043,1.6185551301894918e-05,0.0014789510355001
0.1063879156930503,2.1867499109656006,2.186733735738731,1.6175226869474812e-05,0.0014789612529901
0.1063879149998591,2.186749911855049,2.1867337216367035,1.6190218345535357e-05,0.0014789439779364
0.1063879156928567,2.186749911190567,2.186733735734793,1.6175455773925762e-05,0.001478958974317
0.1063879156934649,2.1867499106202817,2.1867337357471652,1.617487311644794e-05,0.0014789589919808
0.1063879151885228,2.1867499108782673,2.1867337254748085,1.61854034588238e-05,0.0014789507607079
0.1063879156930503,2.186749911019246,2.186733735738731,1.6175280515007273e-05,0.0014789612529901
0.1063879156918452,2.186749910623451,2.186733735714215,1.6174909235999735e-05,0.0014789673657373
0.1063879156918452,2.186749910960116,2.186733735714215,1.61752459009179e-05,0.0014789673657366
0.1063879156934649,2.186749911501214,2.1867337357471652,1.6175754048664004e-05,0.0014789589919808
0.1063879156912473,2.186749911029306,2.1867337357020515,1.617532725450843e-05,0.0014789673483751
0.1063879156930503,2.1867499106247155,2.186733735738731,1.6174885984376886e-05,0.0014789612529911
0.1063879156918452,2.186749911287501,2.186733735714215,1.6175573285703848e-05,0.0014789673657373
0.1063879156911469,2.186749910433185,2.186733735700009,1.617473317594431e-05,0.0014789713158602
0.1063879151885228,2.1867499111343736,2.1867337254748085,1.618565956507112e-05,0.0014789510355001
0.1063879156928567,2.1867499114334903,2.186733735734793,1.6175698697384888e-05,0.001478958974317
0.1063879156934649,2.186749912324654,2.1867337357471652,1.617657748864687e-05,0.0014789589919801
0.1063879156930503,2.1867499109140898,2.186733735738731,1.6175175358679184e-05,0.0014789612529911
0.1063879156918452,2.18674991050663,2.186733735714215,1.617479241478037e-05,0.0014789673657366
0.106387915692201,2.186749910726617,2.186733735721454,1.6175005163265865e-05,0.0014789612279805
0.1063879156928567,2.1867499110259323,2.186733735734793,1.617529113939753e-05,0.001478958974317
0.106387915692201,2.1867499111496866,2.186733735721454,1.6175428232845235e-05,0.0014789612279805
0.106387915693873,2.1867499115972517,2.186733735755468,1.617584178381648e-05,0.0014789548584041
0.1063879151724605,2.186749911026571,2.186733725148043,1.618587852769693e-05,0.0014789441791579
0.1063879156930503,2.1867499117529463,2.186733735738731,1.617601421521897e-05,0.0014789612529901
0.1063879156918452,2.18674991056684,2.186733735714215,1.617485262483953e-05,0.0014789673657373
0.1063879152182727,2.1867499099842163,2.18673372608003,1.6183904186117815e-05,0.0014789528076878
0.1063879156929662,2.1867499114613063,2.1867337357370205,1.617572428580516e-05,0.0014789558102562
0.1063879156912473,2.186749911218518,2.1867337357020515,1.6175516466265805e-05,0.0014789673483751
0.1063879156911469,2.1867499108951542,2.186733735700009,1.617519514507393e-05,0.0014789713158602
0.1063879156937381,2.186749911735691,2.1867337357527235,1.6175982967769897e-05,0.0014789572005848
0.1063879149998591,2.186749911470681,2.1867337216367035,1.6189833977442447e-05,0.0014789410297024
0.1063879156929662,2.1867499120861797,2.1867337357370205,1.6176349159291448e-05,0.0014789571848262
0.1063879156930503,2.186749911165571,2.186733735738731,1.6175426839737383e-05,0.0014789612529901
0.106387915018485,2.186749909826393,2.186733722015622,1.6187810770951216e-05,0.0014789510355001
0.1063879156919308,2.1867499112035613,2.186733735715957,1.6175487604463967e-05,0.0014789640126676
0.1063879156912473,2.186749911057007,2.1867337357020515,1.6175354955461074e-05,0.0014789673483751
0.106387915018485,2.1867499106495702,2.186733722015622,1.618863394803327e-05,0.0014789528076878
0.1063879156930503,2.186749910788922,2.186733735738731,1.617505019080312e-05,0.0014789612529901
0.1063879156918452,2.186749910778492,2.186733735714215,1.6175064276868767e-05,0.0014789673657373
0.1063879156924877,2.1867499114694393,2.186733735727286,1.617574215329043e-05,0.0014789640284674
0.1063879156934649,2.1867499113725617,2.1867337357471652,1.6175625396464e-05,0.0014789589919808
0.1063879156934649,2.186749912222608,2.1867337357471652,1.6176475442719607e-05,0.0014789589919801
0.1063879151885228,2.1867499115865376,2.1867337254748085,1.6186111729155073e-05,0.0014789441791579
0.1063879156938731,2.1867499115649616,2.1867337357554697,1.6175809491869586e-05,0.0014789558360751
0.1063879151815304,2.186749911089375,2.1867337253325583,1.6185756816611274e-05,0.0014789439779364
0.1063879156918452,2.1867499116059723,2.186733735714215,1.6175891757175265e-05,0.0014789673657373
0.1063879156934649,2.1867499110167254,2.1867337357471652,1.6175269560214645e-05,0.0014789589919808
0.1063879156924877,2.186749910311782,2.186733735727286,1.6174584495765032e-05,0.0014789640284674
0.1063879156934649,2.1867499109021242,2.1867337357471652,1.617515495899724e-05,0.0014789589919801
0.1063879156919308,2.1867499109502244,2.186733735715957,1.617523426755696e-05,0.0014789640126676
0.1063879156912473,2.186749911508309,2.1867337357020515,1.617580625756787e-05,0.0014789673483751
0.106387915692201,2.1867499121916723,2.186733735721454,1.6176470218454142e-05,0.0014789612279805
0.1063879156934649,2.186749911867759,2.1867337357471652,1.6176120593680565e-05,0.0014789589919808
0.1063879156924877,2.1867499102396057,2.186733735727286,1.6174512319722112e-05,0.001478964028468
0.1063879156930503,2.1867499098307817,2.186733735738731,1.61740920505693e-05,0.0014789612529901
0.1063879156919308,2.1867499102298305,2.186733735715957,1.6174513873590257e-05,0.0014789640126676
0.1063879156924877,2.1867499106016526,2.186733735727286,1.6174874366559067e-05,0.0014789640284674
0.1063879151815304,2.1867499101849472,2.1867337253325583,1.6184852388967386e-05,0.0014789510355001
0.1063879151940493,2.186749910934226,2.186733725587238,1.6185346987995786e-05,0.0014789507607079
0.1063879156934649,2.1867499111547284,2.1867337357471652,1.617540756315705e-05,0.0014789589919801
0.1063879156928567,2.186749911715755,2.186733735734793,1.6175980962263026e-05,0.001478958974317
0.1063879156924877,2.1867499113340356,2.186733735727286,1.6175606749602167e-05,0.001478964028468
0.1063879156919308,2.1867499116170133,2.186733735715957,1.617590105640332e-05,0.0014789640126676
0.1063879156912473,2.1867499109231003,2.1867337357020515,1.617522104879754e-05,0.0014789673483751
0.1063879156911469,2.186749910505882,2.186733735700009,1.6174805872903875e-05,0.0014789713158611
0.1063879156929965,2.186749911747351,2.1867337357376364,1.6176009714374828e-05,0.0014789558102562
0.1063879152182727,2.1867499113113764,2.18673372608003,1.6185231346277362e-05,0.0014789441791579
0.1063879156929965,2.186749910742293,2.1867337357376364,1.6175004656560077e-05,0.0014789558102562
0.1063879156924877,2.1867499109436612,2.186733735727286,1.6175216375202695e-05,0.0014789640284674
0.1063879156938738,2.1867499115970546,2.1867337357554844,1.617584157020957e-05,0.0014789558360761
0.1063879156930503,2.186749911335787,2.186733735738731,1.6175597056022895e-05,0.0014789612529901
0.1063879156930503,2.1867499114001285,2.186733735738731,1.6175661397443974e-05,0.0014789612529911
0.1063879156912473,2.1867499097051213,2.1867337357020515,1.617400306974659e-05,0.0014789673483751
0.106387915018485,2.1867499107497443,2.186733722015622,1.6188734122124515e-05,0.0014789510355001
0.1063879151815304,2.1867499125505567,2.1867337253325583,1.6187217998453463e-05,0.0014789410297024
0.1063879156929965,2.186749910699734,2.1867337357376364,1.617496209771474e-05,0.0014789571848262
0.1063879156919308,2.186749909632432,2.186733735715957,1.6173916475015204e-05,0.0014789640126676
0.106387915018485,2.186749910669397,2.186733722015622,1.6188653774840134e-05,0.0014789441791579
0.1063879151885228,2.1867499122492347,2.1867337254748085,1.6186774426163453e-05,0.0014789439779364
0.1063879156919308,2.1867499107993864,2.186733735715957,1.617508342954821e-05,0.0014789640126676
0.1063879156918452,2.1867499112864097,2.186733735714215,1.617557219457666e-05,0.0014789673657366
0.106387915018485,2.186749910276099,2.186733722015622,1.6188260477001393e-05,0.0014789439779364
0.1063879156930503,2.1867499108964634,2.186733735738731,1.6175157732334355e-05,0.0014789612529911
0.106387915693873,2.1867499120366958,2.186733735755468,1.6176281227853195e-05,0.0014789548584041
0.1063879156938737,2.186749911029695,2.186733735755482,1.6175274212937296e-05,0.0014789558360751
0.1063879156924877,2.1867499103599375,2.186733735727286,1.617463265146668e-05,0.001478964028468
0.1063879156937381,2.1867499112420723,2.1867337357527235,1.6175489348846384e-05,0.0014789572005848
0.1063879151885228,2.1867499110985427,2.1867337254748085,1.6185623734177312e-05,0.0014789510355001
0.1063879156930503,2.186749910355551,2.186733735738731,1.617461682013044e-05,0.0014789612529901
0.1063879156937381,2.186749911217855,2.1867337357527235,1.6175465131329503e-05,0.0014789572005841
0.1063879156924877,2.1867499114995015,2.186733735727286,1.61757722154654e-05,0.001478964028468
0.1063879156924877,2.1867499111689033,2.186733735727286,1.617544161724993e-05,0.001478964028468
0.1063879151940493,2.186749910466007,2.186733725587238,1.618487876875463e-05,0.0014789625997043
0.1063879156924877,2.1867499108231128,2.186733735727286,1.617509582674259e-05,0.0014789640284674
0.1063879156912473,2.1867499111531568,2.1867337357020515,1.61754511052159e-05,0.0014789673483751
0.1063879156903999,2.1867499112105317,2.1867337356848124,1.617552571930858e-05,0.0014789759340891
0.1063879156930503,2.1867499110739317,2.186733735738731,1.6175335200596663e-05,0.0014789612529911
0.1063879156918452,2.1867499109402404,2.186733735714215,1.6175226025261225e-05,0.0014789673657373
0.1063879156930503,2.186749910817454,2.186733735738731,1.6175078723090763e-05,0.0014789612529911
0.1063879151885228,2.1867499105584915,2.1867337254748085,1.6185083683062373e-05,0.0014789510355001
0.1063879151885228,2.1867499108448762,2.1867337254748085,1.618537006775611e-05,0.0014789510355001
0.106387915692201,2.1867499104227646,2.186733735721454,1.6174701310767148e-05,0.0014789612279805
0.1063879151724605,2.1867499109063173,2.186733725148043,1.618575827411206e-05,0.0014789510355001
0.1063879151815304,2.1867499108947266,2.1867337253325583,1.6185562168313794e-05,0.0014789441791579
0.1063879156924877,2.186749911033868,2.186733735727286,1.6175306582155713e-05,0.0014789640284674
0.1063879156934649,2.1867499111949362,2.1867337357471652,1.617544777099411e-05,0.0014789589919801
0.1063879156919308,2.1867499114696494,2.186733735715957,1.6175753692504458e-05,0.0014789640126676
0.1063879156918452,2.1867499111651045,2.186733735714215,1.6175450889388543e-05,0.0014789673657366
0.1063879156918452,2.1867499105576766,2.186733735714215,1.6174843461502775e-05,0.0014789673657373
0.106387915692201,2.186749912057991,2.186733735721454,1.6176336537387925e-05,0.0014789612279805
0.1063879156918452,2.186749910007412,2.186733735714215,1.61742931967801e-05,0.0014789673657373
0.106387915018485,2.1867499116949296,2.186733722015622,1.6189679307387905e-05,0.0014789507607079
0.106387915018485,2.186749911164264,2.186733722015622,1.6189148641654327e-05,0.0014789510355001
0.1063879156918452,2.186749911447537,2.186733735714215,1.6175733321688313e-05,0.0014789673657373
0.1063879156934649,2.186749911625651,2.1867337357471652,1.617587848556923e-05,0.0014789589919801
0.106387915018485,2.1867499108436865,2.186733722015622,1.6188828064311878e-05,0.0014789507607079
0.1063879156919308,2.1867499103003425,2.186733735715957,1.6174584385630908e-05,0.0014789640126676
0.1063879149795981,2.1867499117814897,2.1867337212245213,1.619055696844285e-05,0.0014789403426105
0.1063879156918452,2.1867499109177433,2.186733735714215,1.6175203528145943e-05,0.0014789673657366
0.1063879156918452,2.1867499106816886,2.186733735714215,1.6174967473414625e-05,0.0014789673657373
0.1063879156930503,2.1867499112929245,2.186733735738731,1.6175554193420538e-05,0.0014789612529911
0.1063879156938731,2.186749911211387,2.1867337357554697,1.6175455917366577e-05,0.0014789558360751
0.1063879151724605,2.1867499109464545,2.186733725148043,1.6185798411338936e-05,0.0014789410297024
0.106387915692201,2.186749911042357,2.186733735721454,1.6175320903144552e-05,0.0014789612279805
0.1063879151940493,2.1867499110325017,2.186733725587238,1.6185445263605658e-05,0.0014789439779364
0.106387915018485,2.186749910294531,2.186733722015622,1.6188278908924048e-05,0.0014789625997043
0.1063879156912473,2.1867499106847643,2.1867337357020515,1.617498271277995e-05,0.0014789673483751
0.106387915692201,2.186749911337246,2.186733735721454,1.6175615792146658e-05,0.0014789612279805
0.1063879156918452,2.18674991090849,2.186733735714215,1.6175194274659077e-05,0.0014789673657366
0.1063879151885228,2.186749910736201,2.1867337254748085,1.6185261392465122e-05,0.0014789528076878
0.1063879156911469,2.1867499111508932,2.186733735700009,1.6175450884059472e-05,0.0014789713158611
0.1063879151885228,2.186749911187919,2.1867337254748085,1.618571311068351e-05,0.0014789439779364
0.1063879151724605,2.1867499101759242,2.186733725148043,1.618502788103271e-05,0.0014789625997043
0.1063879156911469,2.186749908993679,2.186733735700009,1.6173293669652367e-05,0.0014789713158602
0.1063879156930503,2.186749912186341,2.186733735738731,1.617644760987247e-05,0.0014789612529901
0.1063879156934649,2.186749910822311,2.1867337357471652,1.6175075145952178e-05,0.0014789589919808
0.1063879151724605,2.186749911163011,2.186733725148043,1.6186014967889406e-05,0.0014789410297024
0.1063879156937381,2.186749910978092,2.1867337357527235,1.6175225368453283e-05,0.0014789572005841
0.1063879156937381,2.1867499109224617,2.1867337357527235,1.6175169738286144e-05,0.0014789572005841
0.1063879156924877,2.1867499105542034,2.186733735727286,1.617482691740335e-05,0.001478964028468
0.1063879156937381,2.1867499112696454,2.1867337357527235,1.6175516921901334e-05,0.0014789572005848
0.1063879151724605,2.186749910547742,2.186733725148043,1.618539969872046e-05,0.0014789507607079
0.1063879156929965,2.186749911589981,2.1867337357376364,1.617585234470198e-05,0.0014789548404062
0.1063879156929662,2.1867499104235892,2.1867337357370205,1.6174686568781738e-05,0.0014789571848262
0.1063879156918452,2.1867499108560953,2.186733735714215,1.617514188012592e-05,0.0014789673657373
0.1063879156930503,2.1867499115257627,2.186733735738731,1.617578703161371e-05,0.0014789612529911
0.1063879156934649,2.186749910994303,2.1867337357471652,1.617524713770635e-05,0.0014789589919801
0.1063879156929662,2.186749910812782,2.1867337357370205,1.6175075761459823e-05,0.0014789571848262
0.1063879156934649,2.186749911302324,2.1867337357471652,1.617555515887048e-05,0.0014789589919808
0.1063879156934649,2.1867499107762223,2.1867337357471652,1.6175029057041712e-05,0.0014789589919801
0.1063879151815304,2.186749911404248,2.1867337253325583,1.6186071689627823e-05,0.0014789441791579
0.1063879151885228,2.1867499105437194,2.1867337254748085,1.6185068910878897e-05,0.0014789528076878
0.1063879156911469,2.186749911145601,2.186733735700009,1.617544559184836e-05,0.0014789713158611
0.1063879156929965,2.1867499102863994,2.1867337357376364,1.617454876301494e-05,0.0014789571848262
0.1063879156911469,2.1867499098714838,2.186733735700009,1.6174171474592214e-05,0.0014789713158611
0.106387915692201,2.1867499112524764,2.186733735721454,1.6175531022621925e-05,0.0014789612279805
0.1063879156934649,2.186749911104159,2.1867337357471652,1.6175356993830547e-05,0.0014789589919808
0.1063879156938731,2.1867499107228374,2.1867337357554697,1.6174967367721393e-05,0.0014789558360751
0.1063879156929662,2.186749911344629,2.1867337357370205,1.61756076084707e-05,0.0014789571848262
0.1063879156924877,2.186749911275078,2.186733735727286,1.6175547791874578e-05,0.0014789640284674
0.1063879156924877,2.1867499103738584,2.186733735727286,1.617464657233114e-05,0.001478964028468
0.106387915692201,2.1867499107864004,2.186733735721454,1.6175064946555295e-05,0.0014789612279805
0.1063879151815304,2.186749911290814,2.1867337253325583,1.618595825592095e-05,0.0014789441791579
0.1063879156930503,2.186749910891019,2.186733735738731,1.6175152287800643e-05,0.0014789612529911
0.1063879151724605,2.186749911527704,2.186733725148043,1.6186379660609873e-05,0.0014789441791579
0.1063879156929662,2.186749912163477,2.1867337357370205,1.6176426456571136e-05,0.0014789571848262
0.1063879151724605,2.1867499105318116,2.186733725148043,1.6185383768352324e-05,0.0014789439779364
0.106387915692201,2.1867499113934845,2.186733735721454,1.6175672030716015e-05,0.0014789612279805
0.106387915693873,2.186749911164146,2.186733735755468,1.6175408678265057e-05,0.0014789548584041
0.1063879156930503,2.18674991102886,2.186733735738731,1.6175290129094577e-05,0.0014789612529901
0.1063879151815304,2.186749911247366,2.1867337253325583,1.6185914807564927e-05,0.0014789439779364
0.1063879156930503,2.1867499116359643,2.186733735738731,1.617589723323931e-05,0.0014789612529911
0.1063879156911469,2.1867499105045516,2.186733735700009,1.6174804542412602e-05,0.0014789713158602
0.106387915693873,2.1867499121186436,2.186733735755468,1.617636317563509e-05,0.0014789558360761
0.1063879152182727,2.1867499107506094,2.18673372608003,1.6184670579288962e-05,0.0014789507607079
0.1063879156918452,2.1867499108136554,2.186733735714215,1.6175099440296492e-05,0.0014789673657366
0.106387915018485,2.1867499108578667,2.186733722015622,1.6188842244524437e-05,0.0014789410297024
0.106387915018485,2.1867499109579382,2.186733722015622,1.6188942316031074e-05,0.0014789510355001
0.1063879156918452,2.18674991104311,2.186733735714215,1.6175328894973973e-05,0.0014789673657373
0.1063879156937381,2.1867499112626128,2.1867337357527235,1.6175509889304607e-05,0.0014789572005848
0.1063879156919308,2.1867499106775625,2.186733735715957,1.6174961605663896e-05,0.0014789640126676
0.106387915018485,2.1867499106459642,2.186733722015622,1.6188630342028887e-05,0.0014789410297024
0.1063879156912473,2.1867499109595903,2.1867337357020515,1.6175257538719734e-05,0.0014789673483751
0.1063879156937381,2.186749911687498,2.1867337357527235,1.6175934774764755e-05,0.0014789572005841
0.1063879156924877,2.186749911789962,2.186733735727286,1.6176062676009906e-05,0.001478964028468
0.1063879156937381,2.1867499121272576,2.1867337357527235,1.617637453410481e-05,0.0014789572005848
0.1063879156928567,2.18674991126695,2.186733735734793,1.6175532157269856e-05,0.001478958974317
0.106387915018485,2.1867499114079316,2.186733722015622,1.618939230940697e-05,0.0014789510355001
0.1063879156924877,2.1867499103485466,2.186733735727286,1.6174621260578448e-05,0.0014789640284674
0.1063879156912473,2.1867499105987154,2.1867337357020515,1.6174896663834204e-05,0.0014789673483751
0.1063879156928567,2.1867499119713236,2.186733735734793,1.6176236530718313e-05,0.001478958974317
0.1063879151940493,2.1867499103948513,2.186733725587238,1.6184807613228713e-05,0.0014789507607079
0.1063879151724605,2.186749910999029,2.186733725148043,1.6185850985728223e-05,0.0014789439779364
0.1063879156918452,2.18674991101636,2.186733735714215,1.6175302144816328e-05,0.0014789673657373
0.1063879156903241,2.1867499113491857,2.1867337356832706,1.6175665915163506e-05,0.0014789712916012
0.1063879156918452,2.1867499108110584,2.186733735714215,1.6175096843262793e-05,0.0014789673657373
0.1063879156937381,2.1867499111314355,2.1867337357527235,1.6175378712013355e-05,0.0014789572005848
0.106387915692201,2.1867499112264923,2.186733735721454,1.6175505038518168e-05,0.0014789612279805
0.1063879156938738,2.1867499127389856,2.1867337357554844,1.617698350120378e-05,0.0014789558360761
0.1063879156930503,2.1867499109143425,2.186733735738731,1.6175175611365944e-05,0.0014789612529911
0.1063879156930503,2.1867499119024676,2.186733735738731,1.6176163736503213e-05,0.0014789612529911
0.1063879152235156,2.186749911407631,2.1867337261866893,1.6185220941711265e-05,0.0014789507607079
0.1063879156924877,2.18674991135918,2.186733735727286,1.617563189393323e-05,0.0014789640284674
0.1063879156934649,2.1867499108851534,2.1867337357471652,1.6175137988128085e-05,0.0014789589919801
0.1063879156929965,2.1867499112447466,2.1867337357376364,1.617550711019433e-05,0.0014789571848262
0.1063879151885228,2.1867499105291666,2.1867337254748085,1.618505435807549e-05,0.0014789528076878
0.1063879156934649,2.1867499125037027,2.1867337357471652,1.6176756537422676e-05,0.0014789589919801
0.1063879156930503,2.1867499108209953,2.186733735738731,1.6175082264258123e-05,0.0014789612529901
0.1063879156930503,2.186749910701735,2.186733735738731,1.6174963004100817e-05,0.0014789612529911
0.1063879156919308,2.1867499104011614,2.186733735715957,1.6174685204539685e-05,0.0014789640126676
0.1063879156930503,2.186749910462507,2.186733735738731,1.6174723775908006e-05,0.0014789612529901
0.1063879156912473,2.18674991034491,2.1867337357020515,1.617464285841308e-05,0.0014789673483751
0.1063879156928567,2.186749911526987,2.186733735734793,1.6175792194150773e-05,0.001478958974317
0.106387915692201,2.1867499104926242,2.186733735721454,1.617477117044075e-05,0.0014789612279805
0.1063879149998591,2.1867499112560123,2.1867337216367035,1.618961930871521e-05,0.0014789410297024
0.1063879151724605,2.186749911511168,2.186733725148043,1.6186363124948144e-05,0.0014789410297024
0.1063879156911469,2.1867499104726673,2.186733735700009,1.6174772658139602e-05,0.0014789713158611
0.1063879156928567,2.186749911033318,2.186733735734793,1.617529852504518e-05,0.001478958974317
0.1063879156930503,2.18674991100903,2.186733735738731,1.6175270298735e-05,0.0014789612529911
0.1063879151885228,2.1867499117273543,2.1867337254748085,1.6186252545846713e-05,0.0014789439779364
0.1063879156918452,2.186749910389629,2.186733735714215,1.6174675413704875e-05,0.0014789673657373
0.1063879156930503,2.1867499114054687,2.186733735738731,1.6175666737616723e-05,0.0014789612529901
0.1063879156918452,2.1867499105173964,2.186733735714215,1.6174803181279174e-05,0.0014789673657366
0.1063879156924877,2.1867499110184996,2.186733735727286,1.6175291213560428e-05,0.0014789640284674
0.1063879156937381,2.186749911300902,2.1867337357527235,1.617554817867628e-05,0.0014789572005841
0.1063879156912473,2.18674991121951,2.1867337357020515,1.61755174583611e-05,0.0014789673483751
0.1063879156934649,2.1867499113836355,2.1867337357471652,1.6175636470272536e-05,0.0014789589919808
0.1063879156912473,2.1867499106710224,2.1867337357020515,1.617496897088344e-05,0.0014789673483751
0.1063879156929662,2.1867499115029383,2.1867337357370205,1.6175765917836316e-05,0.0014789571848262
0.1063879156919308,2.186749910240862,2.186733735715957,1.617452490521032e-05,0.0014789640126676
0.1063879156924877,2.1867499106814434,2.186733735727286,1.6174954157399668e-05,0.0014789640284674
0.1063879156912473,2.186749910464759,2.1867337357020515,1.6174762707432677e-05,0.0014789673483751
0.1063879156930503,2.18674991076473,2.186733735738731,1.6175025999043413e-05,0.0014789612529911
0.1063879151940493,2.1867499115608213,2.186733725587238,1.618597358321594e-05,0.0014789441791579
0.1063879156930503,2.1867499110385205,2.186733735738731,1.617529978936716e-05,0.0014789612529911
0.1063879156918452,2.1867499098425993,2.186733735714215,1.6174128384172093e-05,0.0014789673657366
0.1063879156918452,2.1867499100373187,2.186733735714215,1.6174323103523847e-05,0.0014789673657373
0.1063879156937381,2.186749910737002,2.1867337357527235,1.6174984278638505e-05,0.0014789572005848
0.1063879156928567,2.1867499110001636,2.186733735734793,1.617526537067704e-05,0.001478958974317
0.1063879156918452,2.1867499104406134,2.186733735714215,1.617472639825479e-05,0.0014789673657373
0.1063879156930503,2.1867499114422957,2.186733735738731,1.6175703564602628e-05,0.0014789612529911
0.1063879156928567,2.186749911788668,2.186733735734793,1.6176053875049945e-05,0.001478958974317
0.1063879156924877,2.186749910717904,2.186733735727286,1.6174990618011975e-05,0.001478964028468
0.1063879156937381,2.186749910913611,2.1867337357527235,1.617516088758819e-05,0.0014789572005841
0.1063879156918452,2.1867499104400836,2.186733735714215,1.6174725868456363e-05,0.0014789673657366
0.106387915692201,2.1867499113912547,2.186733735721454,1.6175669800944092e-05,0.0014789612279805
0.1063879151885228,2.1867499107118857,2.1867337254748085,1.6185237077248615e-05,0.0014789507607079
0.1063879156919308,2.1867499112465363,2.186733735715957,1.6175530579420894e-05,0.0014789640126676
0.1063879156937381,2.1867499121705,2.1867337357527235,1.617641777640344e-05,0.0014789572005841
0.1063879152182727,2.1867499110858604,2.18673372608003,1.6185005830227084e-05,0.0014789439779364
0.1063879156919308,2.186749910859447,2.186733735715957,1.6175143489949306e-05,0.0014789640126676
0.1063879151815304,2.1867499109319786,2.1867337253325583,1.6185599420293073e-05,0.0014789441791579
0.1063879156924877,2.1867499112786954,2.186733735727286,1.617555140942528e-05,0.001478964028468
0.1063879156930503,2.186749911167968,2.186733735738731,1.6175429236930938e-05,0.0014789612529911
0.1063879156937381,2.186749911879798,2.1867337357527235,1.6176127074718494e-05,0.0014789572005841
0.1063879149998591,2.1867499107561,2.1867337216367035,1.6189119396603502e-05,0.0014789441791579
0.1063879156934649,2.1867499116825235,2.1867337357471652,1.6175935358297977e-05,0.0014789589919808
0.1063879151815304,2.1867499101043317,2.1867337253325583,1.618477177345312e-05,0.0014789441791579
0.1063879156912473,2.1867499112455904,2.1867337357020515,1.6175543538832216e-05,0.0014789673483751
0.1063879156911469,2.186749910375971,2.186733735700009,1.617467596171096e-05,0.0014789713158611
0.106387915693184,2.186749910802041,2.186733735741451,1.6175060590040147e-05,0.0014789571848262
0.1063879156928567,2.186749910911391,2.186733735734793,1.6175176598132168e-05,0.001478958974317
0.1063879156937381,2.1867499108482362,2.1867337357527235,1.617509551277152e-05,0.0014789572005841
0.1063879156918452,2.186749910561904,2.186733735714215,1.6174847688787963e-05,0.0014789673657373
0.1063879151885228,2.186749912080928,2.1867337254748085,1.6186606119461544e-05,0.0014789410297024
0.1063879156918452,2.1867499101824883,2.186733735714215,1.6174468273177922e-05,0.0014789673657366
0.1063879156911469,2.1867499105478947,2.186733735700009,1.6174847885519483e-05,0.0014789713158602
0.106387915018485,2.1867499103225203,2.186733722015622,1.6188306898090588e-05,0.0014789510355001
0.1063879152235156,2.186749911481508,2.1867337261866893,1.618529481861586e-05,0.0014789439779364
0.1063879156924877,2.1867499102916566,2.186733735727286,1.617456437053022e-05,0.001478964028468
0.1063879156937381,2.1867499111802657,2.1867337357527235,1.6175427542286513e-05,0.0014789572005848
0.1063879151885228,2.186749910192413,2.1867337254748085,1.6184717604339482e-05,0.0014789528076878
0.1063879156938737,2.186749911245415,2.186733735755482,1.6175489932823695e-05,0.0014789558360751
0.1063879156930503,2.1867499117991414,2.186733735738731,1.6176060410266757e-05,0.0014789612529901
0.1063879156937381,2.186749911057769,2.1867337357527235,1.6175305045607047e-05,0.0014789572005841
0.1063879156930503,2.186749911502264,2.186733735738731,1.617576353307726e-05,0.0014789612529911
0.1063879151815304,2.1867499108917237,2.1867337253325583,1.6185559165382557e-05,0.0014789441791579
0.1063879156918452,2.186749910343596,2.186733735714215,1.617462938074965e-05,0.0014789673657366
0.1063879151815304,2.186749910530764,2.1867337253325583,1.6185198205675988e-05,0.0014789441791579
0.1063879156929662,2.186749911805534,2.1867337357370205,1.617606851356257e-05,0.0014789571848262
0.1063879156930503,2.186749911415001,2.186733735738731,1.6175676269991612e-05,0.0014789612529901
0.1063879151815304,2.186749911140703,2.1867337253325583,1.6185808144886238e-05,0.0014789441791579
0.106387915692201,2.186749911883633,2.186733735721454,1.6176162179082354e-05,0.0014789612279805
0.1063879156934649,2.1867499116081706,2.1867337357471652,1.617586100532975e-05,0.0014789589919801
0.1063879156930503,2.1867499109554114,2.186733735738731,1.617521668029198e-05,0.0014789612529911
0.1063879156912473,2.186749911340172,2.1867337357020515,1.617563812050804e-05,0.0014789673483751
0.1063879156912473,2.1867499105513404,2.1867337357020515,1.6174849288841386e-05,0.0014789673483751
0.1063879156930503,2.1867499112065043,2.186733735738731,1.6175467773216212e-05,0.0014789612529911
0.106387915018485,2.186749910048414,2.186733722015622,1.6188032791575324e-05,0.0014789510355001
0.1063879156919308,2.1867499113107067,2.186733735715957,1.6175594749867628e-05,0.0014789640126676
0.1063879156938737,2.1867499113735405,2.186733735755482,1.6175618058333896e-05,0.0014789558360751
0.1063879156929965,2.186749911617016,2.1867337357376364,1.6175879379520808e-05,0.0014789571848262
0.1063879156930503,2.1867499107720354,2.186733735738731,1.6175033304310915e-05,0.0014789612529911
0.1063879151940493,2.1867499105044717,2.186733725587238,1.618491723354154e-05,0.0014789507607079
0.1063879156929662,2.186749911781031,2.1867337357370205,1.6176044010496327e-05,0.0014789571848262
0.1063879156918452,2.1867499100142034,2.186733735714215,1.6174299988236385e-05,0.0014789673657366
0.1063879156937381,2.186749911669965,2.1867337357527235,1.617591724167866e-05,0.0014789572005848
0.1063879156934649,2.1867499117403346,2.1867337357471652,1.6175993169387226e-05,0.0014789589919808
0.1063879156903241,2.1867499104649264,2.1867337356832706,1.6174781655831083e-05,0.0014789712916012
0.106387915018485,2.1867499114313804,2.186733722015622,1.6189415758205428e-05,0.0014789439779364
0.1063879151885228,2.186749910097327,2.1867337254748085,1.6184622518622405e-05,0.0014789507607079
0.106387915018485,2.1867499113671967,2.186733722015622,1.6189351574436017e-05,0.0014789403426105
0.106387915692201,2.1867499112453923,2.186733735721454,1.617552393851085e-05,0.0014789612279805
0.1063879156930503,2.1867499114338385,2.186733735738731,1.6175695107367716e-05,0.0014789612529901
0.1063879151724605,2.1867499110413053,2.186733725148043,1.6185893262132822e-05,0.0014789403426105
0.1063879156918452,2.186749910694691,2.186733735714215,1.61749804759026e-05,0.0014789673657373
0.1063879156911469,2.1867499104237846,2.186733735700009,1.6174723775463917e-05,0.0014789713158611
0.1063879156911469,2.1867499100059367,2.186733735700009,1.6174305927485477e-05,0.0014789713158602
0.1063879156934649,2.1867499114272833,2.1867337357471652,1.6175680118024616e-05,0.0014789589919801
0.1063879156918452,2.1867499114117988,2.186733735714215,1.617569758360915e-05,0.0014789673657366
0.1063879156919308,2.1867499102231625,2.186733735715957,1.617450720559077e-05,0.0014789640126676
0.1063879151815304,2.1867499113601867,2.1867337253325583,1.618602762842869e-05,0.0014789441791579
0.1063879156918452,2.1867499106472703,2.186733735714215,1.6174933055168594e-05,0.0014789673657373
0.1063879156938731,2.1867499109210495,2.1867337357554697,1.6175165579834783e-05,0.0014789558360751
0.1063879156924877,2.186749910968915,2.186733735727286,1.6175241628779702e-05,0.001478964028468
0.1063879151885228,2.186749911579423,2.1867337254748085,1.618610461440184e-05,0.0014789439779364
0.106387915018485,2.186749910789646,2.186733722015622,1.618877402398411e-05,0.0014789507607079
0.1063879156918452,2.1867499105532073,2.186733735714215,1.6174838992188967e-05,0.0014789673657366
0.1063879151815304,2.186749911158484,2.1867337253325583,1.618582592577411e-05,0.0014789410297024
0.1063879156934649,2.18674991051096,2.1867337357471652,1.6174763794563063e-05,0.0014789589919808
0.1063879156918452,2.186749910424819,2.186733735714215,1.6174710603777953e-05,0.0014789673657366
0.1063879156937381,2.1867499111850925,2.1867337357527235,1.6175432369092135e-05,0.0014789572005841
0.1063879156912473,2.186749910817839,2.1867337357020515,1.6175115787664396e-05,0.0014789673483751
0.1063879151885228,2.1867499103619723,2.1867337254748085,1.6184887163817052e-05,0.0014789510355001
0.1063879156912473,2.186749910468311,2.1867337357020515,1.6174766259258178e-05,0.0014789673483751
0.1063879149998591,2.1867499112135405,2.1867337216367035,1.6189576836911357e-05,0.0014789441791579
0.1063879156937381,2.1867499114728575,2.1867337357527235,1.6175720134015137e-05,0.0014789572005848
0.1063879156934649,2.186749911756833,2.1867337357471652,1.617600966774546e-05,0.0014789589919808
0.1063879156930503,2.1867499118778144,2.186733735738731,1.6176139083334817e-05,0.0014789612529911
0.1063879156924877,2.1867499113620106,2.186733735727286,1.6175634724557852e-05,0.0014789640284674
0.1063879156930503,2.186749910563747,2.186733735738731,1.6174825015813354e-05,0.0014789612529901
0.1063879156912473,2.186749910866894,2.1867337357020515,1.6175164842646694e-05,0.0014789673483751
0.1063879156934649,2.1867499121682417,2.1867337357471652,1.617642107643036e-05,0.0014789589919801
0.1063879156934649,2.186749912066692,2.1867337357471652,1.6176319526550742e-05,0.0014789589919808
0.106387915693873,2.1867499115248235,2.186733735755468,1.617576935553089e-05,0.0014789558360761
0.1063879156898393,2.1867499090329394,2.186733735673408,1.61733595316349e-05,0.0014789759182094
0.1063879151885228,2.1867499120556517,2.1867337254748085,1.6186580843235987e-05,0.0014789439779364
0.1063879156911469,2.1867499103583614,2.186733735700009,1.6174658352241522e-05,0.0014789713158611
0.1063879151815304,2.18674990995612,2.1867337253325583,1.618462356178796e-05,0.0014789441791579
0.1063879156934649,2.1867499127634176,2.1867337357471652,1.6177016252338916e-05,0.0014789589919808
0.1063879156924877,2.186749911931513,2.186733735727286,1.617620422678101e-05,0.001478964028468
0.1063879156929965,2.1867499111622584,2.1867337357376364,1.617542462195587e-05,0.0014789571848262
0.1063879156924877,2.186749910468286,2.186733735727286,1.617474099990801e-05,0.0014789640284674
0.1063879156934649,2.186749910517921,2.1867337357471652,1.6174770755661427e-05,0.0014789589919801
0.1063879156911469,2.1867499104648545,2.186733735700009,1.6174764845278133e-05,0.0014789713158602
0.1063879151724605,2.1867499110909967,2.186733725148043,1.618594295349496e-05,0.0014789410297024
0.1063879156937381,2.186749911165689,2.1867337357527235,1.617541296550229e-05,0.0014789572005841
0.1063879151724605,2.186749911447138,2.186733725148043,1.61862990948336e-05,0.0014789403426105
0.1063879152235156,2.1867499102370345,2.1867337261866893,1.618405034520265e-05,0.0014789507607079
0.1063879156937381,2.1867499113518187,2.1867337357527235,1.6175599095280546e-05,0.0014789572005848
0.1063879156924877,2.186749910656799,2.186733735727286,1.6174929513113057e-05,0.0014789640284674
0.106387915018485,2.186749910293153,2.186733722015622,1.618827753091523e-05,0.0014789441791579
0.1063879156929965,2.1867499110756596,2.1867337357376364,1.617533802322768e-05,0.0014789571848262
0.106387915692201,2.186749911022856,2.186733735721454,1.617530140229917e-05,0.0014789612279805
0.1063879156928567,2.186749910887766,2.186733735734793,1.6175152973030293e-05,0.001478958974317
0.1063879156918452,2.1867499101322405,2.186733735714215,1.6174418025372006e-05,0.0014789673657373
0.1063879156930503,2.186749911063684,2.186733735738731,1.6175324952794057e-05,0.0014789612529901
0.1063879156924877,2.1867499115121336,2.186733735727286,1.6175784847582975e-05,0.001478964028468
0.1063879156903241,2.1867499108840023,2.1867337356832706,1.617520073171619e-05,0.0014789712916012
0.106387915692201,2.186749910860048,2.186733735721454,1.6175138594309857e-05,0.0014789612279805
0.106387915018485,2.186749910582156,2.186733722015622,1.6188566533958948e-05,0.0014789510355001
0.1063879156934649,2.1867499105574737,2.1867337357471652,1.6174810308466903e-05,0.0014789589919808
0.1063879156919308,2.1867499113298714,2.186733735715957,1.617561391453748e-05,0.0014789640126676
0.1063879156930503,2.1867499113014053,2.186733735738731,1.617556267419218e-05,0.0014789612529911
0.1063879156930503,2.1867499118975715,2.186733735738731,1.6176158840419674e-05,0.0014789612529901
0.1063879156928567,2.186749911520961,2.186733735734793,1.6175786168304285e-05,0.001478958974317
0.1063879156928567,2.186749911205227,2.186733735734793,1.6175470434198758e-05,0.001478958974317
0.1063879151815304,2.186749911437643,2.1867337253325583,1.6186105084692315e-05,0.0014789439779364
0.1063879156934649,2.186749910927276,2.1867337357471652,1.6175180110877818e-05,0.0014789589919808
0.1063879156924877,2.186749910875519,2.186733735727286,1.6175148232822067e-05,0.0014789640284674
0.1063879151940493,2.186749911214744,2.186733725587238,1.618562750582697e-05,0.0014789510355001
0.1063879156918452,2.1867499108958124,2.186733735714215,1.6175181597244404e-05,0.0014789673657366
0.106387915693873,2.1867499112951077,2.186733735755468,1.6175539639728953e-05,0.0014789558360761
0.1063879156912473,2.1867499110891875,2.1867337357020515,1.6175387135941577e-05,0.0014789673483751
0.1063879156903998,2.1867499109467423,2.1867337356848107,1.6175261931650198e-05,0.0014789759340898
0.1063879151940493,2.1867499112526114,2.186733725587238,1.6185665373313896e-05,0.0014789507607079
0.1063879156937381,2.1867499111486084,2.1867337357527235,1.61753958849431e-05,0.0014789572005841
0.1063879156929965,2.18674991093886,2.1867337357376364,1.6175201223767033e-05,0.0014789571848262
0.1063879156924877,2.1867499109238073,2.186733735727286,1.617519652130639e-05,0.0014789640284674
0.1063879156918452,2.18674990976917,2.186733735714215,1.6174054954909423e-05,0.0014789673657366
0.1063879156930503,2.1867499122870746,2.186733735738731,1.6176548343516117e-05,0.0014789612529911
0.1063879156930503,2.186749911107695,2.186733735738731,1.617536896381111e-05,0.0014789612529911
0.1063879151815304,2.1867499111423365,2.1867337253325583,1.6185809778246352e-05,0.0014789441791579
0.1063879156937381,2.1867499108857418,2.1867337357527235,1.6175133018325738e-05,0.0014789572005841
0.1063879156919308,2.1867499104239685,2.186733735715957,1.6174708011629235e-05,0.0014789640126676
0.1063879151815304,2.1867499100366303,2.1867337253325583,1.618470407205308e-05,0.0014789441791579
0.1063879156934649,2.1867499108293016,2.1867337357471652,1.617508213636043e-05,0.0014789589919808
0.1063879151724605,2.186749911028626,2.186733725148043,1.6185880582941792e-05,0.0014789510355001
0.1063879156937381,2.1867499112874826,2.1867337357527235,1.6175534759188537e-05,0.0014789572005848
0.1063879156903241,2.18674991030017,2.1867337356832706,1.6174616899622407e-05,0.0014789712916012
0.1063879149998591,2.1867499101299814,2.1867337216367035,1.618849327789107e-05,0.0014789507607079
0.1063879151815304,2.1867499113092888,2.1867337253325583,1.618597673047617e-05,0.0014789507607079
0.1063879156929662,2.1867499119046347,2.1867337357370205,1.6176167614290193e-05,0.0014789558102562
0.1063879151940493,2.1867499115400806,2.186733725587238,1.6185952842473483e-05,0.0014789507607079
0.1063879156930503,2.1867499117818614,2.186733735738731,1.6176043130311513e-05,0.0014789612529911
0.1063879156930503,2.1867499114425497,2.186733735738731,1.6175703818621656e-05,0.0014789612529901
0.106387915692201,2.186749910611737,2.186733735721454,1.6174890283160437e-05,0.0014789612279805
0.1063879156930503,2.186749910968555,2.186733735738731,1.6175229824000326e-05,0.0014789612529911
0.1063879156930503,2.18674991069397,2.186733735738731,1.6174955238756894e-05,0.0014789612529901
0.1063879151724605,2.1867499107230737,2.186733725148043,1.618557503046958e-05,0.0014789410297024
0.1063879156937381,2.1867499118768565,2.1867337357527235,1.6176124133071568e-05,0.0014789572005841
0.1063879151885228,2.186749911235878,2.1867337254748085,1.6185761069653637e-05,0.0014789439779364
0.1063879152182727,2.186749910744228,2.18673372608003,1.6184664197727017e-05,0.0014789439779364
0.106387915692201,2.186749911300228,2.186733735721454,1.6175578774202393e-05,0.0014789612279805
0.1063879156928567,2.186749911176998,2.186733735734793,1.6175442205224044e-05,0.001478958974317
0.1063879156934649,2.186749910786059,2.1867337357471652,1.617503889361771e-05,0.0014789589919801
0.1063879156929662,2.1867499114579827,2.1867337357370205,1.6175720962241513e-05,0.0014789548404062
0.1063879151724605,2.1867499110273165,2.186733725148043,1.6185879273322712e-05,0.0014789507607079
0.1063879156934649,2.1867499109550157,2.1867337357471652,1.6175207850466222e-05,0.0014789589919801
0.1063879156930503,2.186749911273915,2.186733735738731,1.617553518373782e-05,0.0014789612529901
0.1063879156930503,2.186749910402796,2.186733735738731,1.6174664065005118e-05,0.0014789612529901
0.1063879156924877,2.1867499112220434,2.186733735727286,1.617549475740887e-05,0.001478964028468
0.1063879156934649,2.186749911016312,2.1867337357471652,1.617526914676759e-05,0.0014789589919808
0.1063879156938731,2.1867499108811415,2.1867337357554697,1.617512567175794e-05,0.0014789558360751
0.106387915018485,2.186749910991425,2.186733722015622,1.6188975802577943e-05,0.0014789510355001
0.1063879156934649,2.186749911178799,2.1867337357471652,1.6175431633680404e-05,0.0014789589919801
0.1063879156919308,2.186749909917136,2.186733735715957,1.617420117927537e-05,0.0014789640126676
0.1063879156934649,2.1867499113515114,2.1867337357471652,1.6175604346191363e-05,0.0014789589919808
0.1063879156929965,2.1867499104792176,2.1867337357376364,1.6174741581220786e-05,0.0014789571848262
0.1063879156919308,2.186749911579257,2.186733735715957,1.6175863299938698e-05,0.0014789640126676
0.1063879156919308,2.186749910939236,2.186733735715957,1.617522327901355e-05,0.0014789640126676
0.1063879156930503,2.1867499113087088,2.186733735738731,1.6175569977683324e-05,0.0014789612529901
0.1063879156924877,2.1867499113443154,2.186733735727286,1.6175617029379197e-05,0.001478964028468
0.1063879156930503,2.1867499106866624,2.186733735738731,1.6174947931268946e-05,0.0014789612529911
0.106387915693873,2.1867499120539713,2.186733735755468,1.6176298503367548e-05,0.0014789558360761
0.1063879149998591,2.186749911344313,2.1867337216367035,1.6189707609637338e-05,0.0014789403426105
0.106387915018485,2.1867499108193145,2.186733722015622,1.6188803692251952e-05,0.0014789410297024
0.1063879156924877,2.1867499110784707,2.186733735727286,1.6175351184699593e-05,0.001478964028468
0.1063879151815304,2.1867499111358972,2.1867337253325583,1.618580333895281e-05,0.0014789510355001
0.106387915693873,2.186749911578634,2.186733735755468,1.6175823166264536e-05,0.0014789558360761
0.1063879156918452,2.186749910354659,2.186733735714215,1.6174640443900046e-05,0.0014789673657366
0.1063879156912473,2.186749911158224,2.1867337357020515,1.6175456172273783e-05,0.0014789673483751
0.106387915018485,2.1867499107392985,2.186733722015622,1.618872367625812e-05,0.0014789507607079
0.1063879151940493,2.1867499107729684,2.186733725587238,1.6185185730321905e-05,0.0014789528076878
0.1063879156937381,2.186749912300311,2.1867337357527235,1.6176547587676282e-05,0.0014789572005841
0.1063879151940493,2.1867499106676354,2.186733725587238,1.618508039724631e-05,0.0014789439779364
0.1063879156930503,2.1867499098428476,2.186733735738731,1.617410411647313e-05,0.0014789612529911
0.1063879151815304,2.186749910237587,2.1867337253325583,1.6184905028637786e-05,0.0014789441791579
0.1063879156937381,2.186749911131147,2.1867337357527235,1.617537842335537e-05,0.0014789572005848
0.1063879151815304,2.1867499107835813,2.1867337253325583,1.618545102299862e-05,0.0014789441791579
0.1063879151724605,2.1867499118656952,2.186733725148043,1.618671765202251e-05,0.0014789441791579
0.1063879149795981,2.1867499108715425,2.1867337212245213,1.618964702121417e-05,0.0014789403426105
0.1063879151724605,2.1867499111255166,2.186733725148043,1.618597747343742e-05,0.0014789410297024
0.1063879156929965,2.186749911500507,2.1867337357376364,1.6175762870496158e-05,0.0014789571848262
0.1063879156930503,2.186749911226875,2.186733735738731,1.6175488144032357e-05,0.0014789612529901
0.106387915693873,2.1867499124220675,2.186733735755468,1.617666659958772e-05,0.0014789548584041
0.106387915018485,2.1867499109293123,2.186733722015622,1.6188913690040607e-05,0.0014789439779364
0.1063879156924877,2.186749911515855,2.186733735727286,1.6175788569050553e-05,0.001478964028468
0.106387915018485,2.1867499110897977,2.186733722015622,1.6189074175443352e-05,0.0014789403426105
0.1063879156918452,2.1867499108007156,2.186733735714215,1.6175086500425095e-05,0.0014789673657366
0.1063879156934649,2.18674991130459,2.1867337357471652,1.617555742461363e-05,0.0014789589919801
0.106387915692201,2.1867499117731017,2.186733735721454,1.6176051647942558e-05,0.0014789612279805
0.1063879156918452,2.1867499105710557,2.186733735714215,1.61748568405784e-05,0.0014789673657373
0.1063879156929662,2.1867499117243017,2.1867337357370205,1.6175987281208393e-05,0.0014789571848262
0.1063879156919308,2.1867499114841236,2.186733735715957,1.6175768166704074e-05,0.0014789640126676
0.1063879151940493,2.1867499104889845,2.186733725587238,1.6184901746374436e-05,0.0014789507607079
0.1063879149998591,2.1867499116851876,2.1867337216367035,1.6190048484077124e-05,0.0014789439779364
0.1063879156930503,2.1867499110349726,2.186733735738731,1.617529624153846e-05,0.0014789612529901
0.1063879156930503,2.186749911736919,2.186733735738731,1.6175998188039387e-05,0.0014789612529901
0.1063879156924877,2.1867499121691805,2.186733735727286,1.6176441894444338e-05,0.001478964028468
0.1063879156930503,2.1867499111618454,2.186733735738731,1.6175423114273002e-05,0.0014789612529911
0.1063879151815304,2.186749910872363,2.1867337253325583,1.6185539804869364e-05,0.0014789410297024
0.106387915018485,2.186749911252672,2.186733722015622,1.6189237049601957e-05,0.0014789441791579
0.1063879156911469,2.186749911454484,2.186733735700009,1.6175754474989645e-05,0.0014789713158611
0.1063879156930503,2.186749912194713,2.186733735738731,1.6176455981842253e-05,0.0014789612529911
0.106387915692201,2.1867499121705127,2.186733735721454,1.617644905893556e-05,0.0014789612279805
0.106387915693873,2.1867499115374787,2.186733735755468,1.6175782010741102e-05,0.0014789548584041
0.1063879151724605,2.1867499104318004,2.186733725148043,1.618528375724182e-05,0.0014789439779364
0.1063879156928567,2.1867499101757137,2.186733735734793,1.617444092083531e-05,0.001478958974317
0.1063879151885228,2.186749911032229,2.1867337254748085,1.618555742055605e-05,0.0014789439779364
0.106387915692201,2.186749912231639,2.186733735721454,1.617651018515076e-05,0.0014789612279805
0.1063879156924877,2.1867499102139796,2.186733735727286,1.6174486693554257e-05,0.001478964028468
0.1063879156938731,2.18674991192789,2.1867337357554697,1.6176172420223622e-05,0.0014789558360751
0.1063879156938737,2.186749911124259,2.186733735755482,1.6175368776849552e-05,0.0014789548584034
0.1063879156938731,2.1867499115151996,2.1867337357554697,1.6175759729897266e-05,0.0014789558360751
0.1063879156929662,2.1867499115437457,2.1867337357370205,1.617580672519381e-05,0.0014789571848262
0.1063879156934649,2.186749911378955,2.1867337357471652,1.6175631789572265e-05,0.0014789589919801
0.1063879156929662,2.186749911049546,2.1867337357370205,1.617531252540161e-05,0.0014789571848262
0.1063879156930503,2.1867499120778016,2.186733735738731,1.6176339070472778e-05,0.0014789612529911
0.1063879156937381,2.186749911065706,2.1867337357527235,1.6175312982369405e-05,0.0014789572005841
0.1063879156918452,2.186749911376703,2.186733735714215,1.6175662487682985e-05,0.0014789673657366
0.1063879156938731,2.1867499113680906,2.1867337357554697,1.617561262090561e-05,0.0014789558360751
0.106387915018485,2.186749911201153,2.186733722015622,1.6189185530812722e-05,0.0014789507607079
0.1063879151815304,2.1867499113124444,2.1867337253325583,1.6185979886174096e-05,0.0014789441791579
0.106387915692201,2.1867499111986897,2.186733735721454,1.6175477235869096e-05,0.0014789612279805
0.1063879156930503,2.186749911947937,2.186733735738731,1.617620920590923e-05,0.0014789612529901
0.1063879156919308,2.186749911361287,2.186733735715957,1.6175645330296362e-05,0.0014789640126676
0.1063879156930503,2.1867499118101965,2.186733735738731,1.6176071465423547e-05,0.0014789612529911
0.1063879151940493,2.1867499106604256,2.186733725587238,1.6185073187457988e-05,0.0014789528076878
0.1063879156930503,2.1867499114643767,2.186733735738731,1.617572564560632e-05,0.0014789612529911
0.1063879151940493,2.186749911183499,2.186733725587238,1.6185596261042434e-05,0.0014789439779364
0.1063879156930503,2.186749910594019,2.186733735738731,1.6174855288042522e-05,0.0014789612529901
0.1063879156911469,2.18674991095557,2.186733735700009,1.6175255560746393e-05,0.0014789713158611
0.1063879151815304,2.1867499110604376,2.1867337253325583,1.618572787931427e-05,0.0014789510355001
0.1063879151724605,2.1867499115015803,2.186733725148043,1.6186353537062104e-05,0.0014789403426105
0.106387915692201,2.1867499117643923,2.186733735721454,1.6176042938464974e-05,0.0014789612279805
0.1063879156930503,2.186749911814783,2.186733735738731,1.6176076051976906e-05,0.0014789612529901
0.106387915692201,2.186749910969805,2.186733735721454,1.617524835140216e-05,0.0014789612279805
0.1063879156934649,2.1867499108386497,2.1867337357471652,1.6175091484438298e-05,0.0014789589919801
0.1063879156934649,2.1867499114412694,2.1867337357471652,1.617569410417019e-05,0.0014789589919801
0.1063879151815304,2.1867499102452865,2.1867337253325583,1.6184912728256506e-05,0.0014789510355001
0.1063879156924877,2.1867499111704785,2.186733735727286,1.6175443192434358e-05,0.0014789640284674
0.1063879151724605,2.1867499109346973,2.186733725148043,1.6185786654077106e-05,0.0014789510355001
0.1063879156918452,2.1867499106385435,2.186733735714215,1.617492432837153e-05,0.0014789673657366
0.1063879156934649,2.186749911238417,2.1867337357471652,1.6175491251768648e-05,0.0014789589919808
0.1063879156919308,2.186749911341452,2.186733735715957,1.6175625495051804e-05,0.0014789640126676
0.1063879156918452,2.1867499107860926,2.186733735714215,1.6175071877455593e-05,0.0014789673657366
0.1063879156918452,2.186749911757506,2.186733735714215,1.6176043291071807e-05,0.0014789673657373
0.1063879156934649,2.186749911645552,2.1867337357471652,1.617589838698308e-05,0.0014789589919808
0.1063879156911469,2.1867499109874475,2.186733735700009,1.6175287438358055e-05,0.0014789713158611
0.1063879156924877,2.1867499112210047,2.186733735727286,1.617549371868421e-05,0.0014789640284674
0.1063879156934649,2.1867499107210806,2.1867337357471652,1.6174973915372703e-05,0.0014789589919801
0.1063879156918452,2.1867499115785276,2.186733735714215,1.6175864312462096e-05,0.0014789673657366
0.1063879156930503,2.186749911064351,2.186733735738731,1.617532561981605e-05,0.0014789612529901
0.1063879151724605,2.1867499114860096,2.186733725148043,1.6186337966406228e-05,0.0014789410297024
0.1063879156919308,2.1867499114064484,2.186733735715957,1.617569049150447e-05,0.0014789640126676
0.1063879151885228,2.1867499114757023,2.1867337254748085,1.6186000893814168e-05,0.0014789507607079
0.1063879151815304,2.186749911081285,2.1867337253325583,1.618574872663814e-05,0.0014789439779364
0.106387915692201,2.186749911803002,2.186733735721454,1.6176081548024968e-05,0.0014789612279805
0.1063879156930503,2.1867499108226918,2.186733735738731,1.6175083960678904e-05,0.0014789612529901
0.1063879156937381,2.186749912771273,2.1867337357527235,1.61770185496124e-05,0.0014789572005848
0.1063879151724605,2.1867499114482656,2.186733725148043,1.6186300222376104e-05,0.0014789441791579
0.1063879151885228,2.1867499105968533,2.1867337254748085,1.6185122044820588e-05,0.0014789510355001
0.1063879156938731,2.186749911542702,2.1867337357554697,1.617578723234203e-05,0.0014789558360751
0.1063879156911469,2.186749910651425,2.186733735700009,1.6174951416036976e-05,0.0014789713158611
0.1063879156924877,2.1867499113105384,2.186733735727286,1.6175583252397985e-05,0.001478964028468
0.106387915018485,2.1867499114573383,2.186733722015622,1.6189441716107922e-05,0.0014789441791579
0.1063879151885228,2.186749912688616,2.1867337254748085,1.618721380758359e-05,0.0014789439779364
0.1063879156930503,2.186749911513277,2.186733735738731,1.6175774546045574e-05,0.0014789612529901
0.1063879151815304,2.1867499106138926,2.1867337253325583,1.618528133429109e-05,0.0014789441791579
0.1063879156929662,2.1867499118715075,2.1867337357370205,1.6176134487011495e-05,0.0014789571848262
0.1063879156937381,2.186749911272913,2.1867337357527235,1.617552018950974e-05,0.0014789572005848
0.1063879151815304,2.1867499107742288,2.1867337253325583,1.618544167047986e-05,0.0014789439779364
0.1063879156929662,2.1867499113800317,2.1867337357370205,1.6175643011262508e-05,0.0014789571848262
0.1063879156938737,2.186749910413207,2.186733735755482,1.617465772474347e-05,0.0014789558360751
0.1063879156934649,2.186749911376539,2.1867337357471652,1.6175629373726963e-05,0.0014789589919801
0.1063879149998591,2.186749910627074,2.1867337216367035,1.6188990370480383e-05,0.0014789441791579
0.1063879156930503,2.186749911250132,2.186733735738731,1.6175511400984277e-05,0.0014789612529901
0.1063879151815304,2.1867499109844726,2.1867337253325583,1.6185651914302213e-05,0.0014789510355001
0.1063879156937381,2.1867499106613733,2.1867337357527235,1.6174908649801978e-05,0.0014789572005841
0.1063879156912473,2.1867499104327397,2.1867337357020515,1.6174730688156558e-05,0.0014789673483751
0.1063879156937381,2.186749910623017,2.1867337357527235,1.6174870293372834e-05,0.0014789572005848
0.1063879156919308,2.1867499110607826,2.186733735715957,1.6175344825786198e-05,0.0014789640126676
0.1063879156930503,2.186749911451412,2.186733735738731,1.6175712680865928e-05,0.0014789612529911
0.1063879156938731,2.1867499113855815,2.1867337357554697,1.617563011180323e-05,0.0014789558360751
0.1063879156934649,2.186749911108201,2.1867337357471652,1.6175361035930536e-05,0.0014789589919801
0.1063879152235156,2.1867499117637252,2.1867337261866893,1.618557703597645e-05,0.0014789410297024
0.1063879151815304,2.186749911978108,2.1867337253325583,1.6186645549698397e-05,0.0014789441791579
0.1063879156934649,2.186749911680933,2.1867337357471652,1.6175933767570427e-05,0.0014789589919801
0.1063879156928567,2.186749911706661,2.186733735734793,1.6175971868204186e-05,0.001478958974317
0.106387915693184,2.1867499107759056,2.186733735741451,1.617503445450197e-05,0.0014789571848262
0.1063879152182727,2.186749910864312,2.18673372608003,1.6184784281669806e-05,0.0014789507607079
0.1063879156903241,2.1867499106351325,2.1867337356832706,1.6174951861902542e-05,0.0014789712916012
0.1063879156924877,2.186749911435567,2.186733735727286,1.6175708280830037e-05,0.0014789640284674
0.1063879156912473,2.1867499118381706,2.1867337357020515,1.617613611903934e-05,0.0014789673483751
0.1063879151885228,2.1867499110778943,2.1867337254748085,1.618560308580541e-05,0.0014789439779364
0.1063879156928567,2.186749912637224,2.186733735734793,1.6176902430942164e-05,0.001478958974317
0.1063879156929965,2.186749911200156,2.1867337357376364,1.617546251964086e-05,0.0014789571848262
0.1063879156911469,2.1867499106859927,2.186733735700009,1.617498598349698e-05,0.0014789713158602
0.1063879156924877,2.186749911141874,2.186733735727286,1.6175414587760173e-05,0.0014789640284674
0.1063879156929965,2.1867499107343464,2.1867337357376364,1.6174996710027756e-05,0.0014789558102562
0.106387915692201,2.1867499104466894,2.186733735721454,1.617472523562924e-05,0.0014789612279805
0.1063879156918452,2.1867499106799633,2.186733735714215,1.6174965748128045e-05,0.0014789673657373
0.1063879151815304,2.186749911282857,2.1867337253325583,1.618595029873049e-05,0.0014789439779364
0.1063879156930503,2.186749911409743,2.186733735738731,1.6175671011975368e-05,0.0014789612529901
0.1063879156911469,2.1867499102628467,2.186733735700009,1.6174562837534268e-05,0.0014789713158602
0.1063879156928567,2.1867499119452316,2.186733735734793,1.6176210438700878e-05,0.001478958974317
0.1063879156918452,2.1867499107793584,2.186733735714215,1.6175065143286815e-05,0.0014789673657373
0.1063879156934649,2.1867499113038633,2.1867337357471652,1.6175556698083682e-05,0.0014789589919808
0.1063879156924877,2.1867499108734254,2.186733735727286,1.6175146139385532e-05,0.001478964028468
0.1063879151885228,2.186749910405168,2.1867337254748085,1.6184930359486316e-05,0.0014789510355001
0.1063879156903999,2.1867499109898287,2.1867337356848124,1.617530501629716e-05,0.0014789759340891
0.106387915693184,2.1867499123988368,2.186733735741451,1.6176657385624793e-05,0.0014789558102562
0.1063879156930503,2.186749910786718,2.186733735738731,1.617504798678837e-05,0.0014789612529901
0.1063879156934649,2.186749911091529,2.1867337357471652,1.617534436393342e-05,0.0014789589919808
0.1063879156924877,2.1867499113830076,2.186733735727286,1.6175655721539783e-05,0.0014789640284674
0.1063879156934649,2.1867499111774213,2.1867337357471652,1.6175430256115675e-05,0.0014789589919808
0.106387915692201,2.186749910488191,2.186733735721454,1.6174766737098167e-05,0.0014789612279805
0.1063879156918452,2.1867499116089832,2.186733735714215,1.6175894768100108e-05,0.0014789673657373
0.1063879149998591,2.1867499115221305,2.1867337216367035,1.6189885426953765e-05,0.0014789507607079
0.1063879156912473,2.186749911358615,2.1867337357020515,1.6175656563532925e-05,0.0014789673483751
0.1063879151940493,2.1867499109470234,2.186733725587238,1.6185359785314546e-05,0.0014789441791579
0.1063879151940493,2.1867499110419044,2.186733725587238,1.6185454666306498e-05,0.0014789510355001
0.1063879149998591,2.1867499115236497,2.1867337216367035,1.6189886946182952e-05,0.0014789441791579
0.1063879151885228,2.1867499113525866,2.1867337254748085,1.6185877778074342e-05,0.0014789507607079
0.1063879149998591,2.1867499115802844,2.1867337216367035,1.6189943580879884e-05,0.0014789410297024
0.106387915693873,2.186749912430171,2.186733735755468,1.617667470288353e-05,0.0014789558360761
0.1063879156918452,2.1867499100928676,2.186733735714215,1.617437865242266e-05,0.0014789673657366
0.106387915693184,2.186749911198112,2.186733735741451,1.6175456660771914e-05,0.0014789571848262
0.1063879156919308,2.186749910720928,2.186733735715957,1.6175004970975237e-05,0.0014789640126676
0.1063879156934649,2.1867499103144787,2.1867337357471652,1.6174567313509414e-05,0.0014789589919801
0.1063879156919308,2.1867499112712627,2.186733735715957,1.617555530586401e-05,0.0014789640126676
0.1063879151815304,2.1867499109719732,2.1867337253325583,1.6185639414967312e-05,0.0014789441791579
0.1063879151724605,2.1867499111047173,2.186733725148043,1.6185956674075186e-05,0.0014789410297024
0.1063879152235156,2.186749910107039,2.1867337261866893,1.6183920349632785e-05,0.0014789441791579
0.1063879156903999,2.1867499093437255,2.1867337356848124,1.6173658913043454e-05,0.0014789759340891
0.1063879156930503,2.186749911296116,2.186733735738731,1.617555738508969e-05,0.0014789612529911
0.1063879156929662,2.186749910773964,2.1867337357370205,1.617503694362199e-05,0.0014789571848262
0.1063879156930503,2.1867499112614315,2.186733735738731,1.6175522700390133e-05,0.0014789612529901
0.1063879156924877,2.18674991037294,2.186733735727286,1.6174645653954656e-05,0.001478964028468
0.1063879151815304,2.186749911061355,2.1867337253325583,1.618572879680258e-05,0.0014789441791579
0.1063879149998591,2.1867499115145006,2.1867337216367035,1.618987779705705e-05,0.0014789410297024
0.1063879151724605,2.186749911324488,2.186733725148043,1.6186176444943357e-05,0.0014789510355001
0.1063879156912473,2.1867499104953545,2.1867337357020515,1.617479330295879e-05,0.0014789673483751
0.1063879156934649,2.1867499111742346,2.1867337357471652,1.6175427069331505e-05,0.0014789589919801
0.1063879156918452,2.1867499112609274,2.186733735714215,1.617554671229371e-05,0.0014789673657373
0.1063879151885228,2.186749910416647,2.1867337254748085,1.6184941838304212e-05,0.0014789439779364
0.1063879156928567,2.186749912112397,2.186733735734793,1.6176377604093517e-05,0.001478958974317
0.1063879149795981,2.186749912186963,2.1867337212245213,1.6190962441875456e-05,0.0014789403426105
0.1063879156919308,2.1867499109884325,2.186733735715957,1.6175272475660307e-05,0.0014789640126676
0.1063879156924877,2.186749910804326,2.186733735727286,1.6175077039992658e-05,0.001478964028468
0.1063879156924877,2.1867499112577264,2.186733735727286,1.617553044042097e-05,0.0014789640284674
0.1063879156918452,2.1867499107080834,2.186733735714215,1.6174993868300902e-05,0.0014789673657366
0.1063879156911469,2.1867499104374972,2.186733735700009,1.617473748805054e-05,0.0014789713158602
0.1063879156929965,2.1867499107283415,2.1867337357376364,1.617499070505346e-05,0.0014789571848262
0.1063879156919308,2.1867499105459465,2.186733735715957,1.6174829989612505e-05,0.0014789640126676
0.1063879156930503,2.186749911456401,2.186733735738731,1.617571766976411e-05,0.0014789612529901
0.1063879156912473,2.1867499110702275,2.1867337357020515,1.617536817599685e-05,0.0014789673483751
0.106387915692201,2.1867499118524893,2.186733735721454,1.6176131035550156e-05,0.0014789612279805
0.1063879156938731,2.1867499114408147,2.1867337357554697,1.6175685344954616e-05,0.0014789558360751
0.1063879151940493,2.186749911743195,2.186733725587238,1.618615595688766e-05,0.0014789439779364
0.1063879156934649,2.186749911518653,2.1867337357471652,1.6175771487603186e-05,0.0014789589919808
0.1063879156911469,2.1867499115680697,2.186733735700009,1.6175868060575027e-05,0.0014789713158611
0.1063879156924877,2.186749911191942,2.186733735727286,1.6175464656154048e-05,0.0014789640284674
0.1063879156912473,2.186749910338024,2.1867337357020515,1.6174635972365792e-05,0.0014789673483751
0.1063879156919308,2.1867499104405526,2.186733735715957,1.6174724595696688e-05,0.0014789640126676
0.1063879156924877,2.1867499108194752,2.186733735727286,1.6175092189207874e-05,0.0014789640284674
0.1063879156912473,2.1867499107967876,2.1867337357020515,1.6175094736059492e-05,0.0014789673483751
0.1063879156937381,2.1867499126786036,2.1867337357527235,1.617692588018471e-05,0.0014789572005841
0.1063879151815304,2.186749910295042,2.1867337253325583,1.618496248356749e-05,0.0014789441791579
0.1063879156898393,2.1867499104387575,2.186733735673408,1.6174765349763476e-05,0.0014789759182094
0.1063879156918452,2.186749910510446,2.186733735714215,1.617479623083895e-05,0.0014789673657373
0.1063879156930503,2.1867499109569293,2.186733735738731,1.61752181981889e-05,0.0014789612529911
0.1063879156924877,2.186749910209526,2.186733735727286,1.6174482239783572e-05,0.001478964028468
0.1063879156930503,2.186749911516227,2.186733735738731,1.6175777496130195e-05,0.0014789612529911
0.1063879156928567,2.1867499114919027,2.186733735734793,1.6175757109770927e-05,0.001478958974317
0.1063879156919308,2.186749910781315,2.186733735715957,1.6175065358225993e-05,0.0014789640126676
0.1063879151815304,2.1867499109749944,2.1867337253325583,1.6185642436106207e-05,0.0014789439779364
0.1063879156919308,2.1867499115841396,2.186733735715957,1.617586818269956e-05,0.0014789640126676
0.106387915692201,2.186749910817389,2.186733735721454,1.617509593510036e-05,0.0014789612279805
0.1063879151724605,2.186749910809556,2.186733725148043,1.6185661512846394e-05,0.0014789410297024
0.106387915693873,2.1867499124648213,2.186733735755468,1.617670935338822e-05,0.0014789548584041
0.1063879156924877,2.186749910213168,2.186733735727286,1.6174485881759182e-05,0.0014789640284674
0.1063879156934649,2.1867499118628606,2.1867337357471652,1.617611569537658e-05,0.0014789589919808
0.1063879156934649,2.186749912192295,2.1867337357471652,1.617644512963423e-05,0.0014789589919808
0.1063879156918452,2.186749911567631,2.186733735714215,1.6175853415845154e-05,0.0014789673657366
0.1063879156934649,2.186749911703762,2.1867337357471652,1.6175956596864438e-05,0.0014789589919801
0.1063879156930503,2.1867499112733526,2.186733735738731,1.6175534621520882e-05,0.0014789612529911
0.1063879156919308,2.1867499108881376,2.186733735715957,1.6175172180776798e-05,0.0014789640126676
0.1063879156928567,2.1867499103262915,2.186733735734793,1.6174591498607782e-05,0.001478958974317
0.106387915692201,2.1867499112725497,2.186733735721454,1.61755510958983e-05,0.0014789612279805
0.1063879156930503,2.1867499111930373,2.186733735738731,1.6175454306210924e-05,0.0014789612529911
0.106387915018485,2.1867499105113666,2.186733722015622,1.618849574436254e-05,0.0014789669511468
0.106387915693873,2.1867499108375417,2.186733735755468,1.617508207374385e-05,0.0014789558360761
0.1063879156911469,2.1867499104013497,2.186733735700009,1.6174701340521125e-05,0.0014789713158602
0.106387915692201,2.1867499116659355,2.186733735721454,1.6175944481666704e-05,0.0014789612279805
0.1063879156930503,2.186749911089464,2.186733735738731,1.6175350733060867e-05,0.0014789612529911
0.106387915692201,2.186749911129179,2.186733735721454,1.6175407725249613e-05,0.0014789612279805
0.1063879156924877,2.1867499102119834,2.186733735727286,1.617448469737326e-05,0.001478964028468
0.106387915692201,2.1867499114231728,2.186733735721454,1.6175701718967872e-05,0.0014789612279805
0.1063879156934649,2.1867499112520843,2.1867337357471652,1.617550491905817e-05,0.0014789589919801
0.1063879151940493,2.1867499112313156,2.186733725587238,1.6185644077459926e-05,0.0014789441791579
0.1063879156930503,2.186749912280047,2.186733735738731,1.617654131580437e-05,0.0014789612529901
0.1063879156937381,2.1867499114693425,2.1867337357527235,1.617571661904904e-05,0.0014789572005848
0.106387915692201,2.186749910283857,2.186733735721454,1.617456240321502e-05,0.0014789612279805
0.106387915692201,2.1867499111204385,2.186733735721454,1.6175398984685785e-05,0.0014789612279805
0.1063879156937381,2.186749912771731,2.1867337357527235,1.6177019007468374e-05,0.0014789572005841
0.1063879151885228,2.186749910348101,2.1867337254748085,1.6184873292690583e-05,0.0014789528076878
0.1063879156911469,2.186749910383731,2.186733735700009,1.6174683721725813e-05,0.0014789713158602
0.1063879156930503,2.1867499112225626,2.186733735738731,1.617548383148204e-05,0.0014789612529911
0.1063879156929662,2.186749912030017,2.1867337357370205,1.6176292996661346e-05,0.0014789571848262
0.1063879156924877,2.1867499120147467,2.186733735727286,1.6176287460645256e-05,0.0014789640284674
0.1063879156919308,2.1867499105505415,2.186733735715957,1.617483458460356e-05,0.0014789640126676
0.1063879156924877,2.1867499107337687,2.186733735727286,1.6175006482654908e-05,0.0014789640284674
0.1063879151724605,2.186749912184333,2.186733725148043,1.618703628958329e-05,0.0014789441791579
0.1063879156930503,2.1867499108211996,2.186733735738731,1.617508246853916e-05,0.0014789612529911
0.1063879156938738,2.1867499113790827,2.1867337357554844,1.617562359834679e-05,0.0014789558360761
0.1063879156928567,2.1867499113643363,2.186733735734793,1.617562954336904e-05,0.001478958974317
0.106387915018485,2.186749910839034,2.186733722015622,1.6188823411589226e-05,0.0014789439779364
0.1063879156924877,2.186749910345839,2.186733735727286,1.6174618552966535e-05,0.001478964028468
0.1063879156919308,2.1867499112460576,2.186733735715957,1.6175530100692725e-05,0.0014789640126676
0.1063879156938888,2.186749911608828,2.186733735755789,1.6175853038813415e-05,0.0014789548584041
0.1063879149795981,2.186749910742019,2.1867337212245213,1.6189517497711137e-05,0.0014789403426105
0.1063879151885228,2.1867499103048975,2.1867337254748085,1.6184830089027713e-05,0.0014789528076878
0.1063879156937381,2.1867499123711047,2.1867337357527235,1.6176618381269492e-05,0.0014789572005841
0.1063879151815304,2.1867499114671025,2.1867337253325583,1.618613454423823e-05,0.0014789441791579
0.1063879156929662,2.1867499111105797,2.1867337357370205,1.6175373559246253e-05,0.0014789571848262
0.1063879156930503,2.1867499113420785,2.186733735738731,1.617560334743473e-05,0.0014789612529911
0.1063879151815304,2.1867499109580377,2.1867337253325583,1.6185625479447907e-05,0.0014789441791579
0.1063879156918452,2.1867499112165762,2.186733735714215,1.617550236110432e-05,0.0014789673657373
0.1063879156937381,2.1867499120953595,2.1867337357527235,1.6176342636065044e-05,0.0014789572005848
0.106387915018485,2.1867499110703363,2.186733722015622,1.618905471412191e-05,0.0014789410297024
0.1063879156903241,2.186749911039263,2.1867337356832706,1.617535599240938e-05,0.0014789712916012
0.1063879151940493,2.186749910806283,2.186733725587238,1.618521904500625e-05,0.0014789507607079
0.1063879151885228,2.1867499113268885,2.1867337254748085,1.6185852079964036e-05,0.0014789439779364
0.1063879151885228,2.186749910077247,2.1867337254748085,1.6184602438684692e-05,0.0014789507607079
0.1063879151724605,2.18674991035751,2.186733725148043,1.618520946689017e-05,0.0014789441791579
0.1063879151885228,2.1867499094871,2.1867337254748085,1.6184012291642347e-05,0.0014789625997043
0.1063879156924877,2.186749910474253,2.186733735727286,1.6174746967134723e-05,0.0014789640284674
0.1063879151815304,2.1867499110513218,2.1867337253325583,1.618571876349506e-05,0.0014789510355001
0.1063879156919308,2.186749910584358,2.186733735715957,1.617486840110871e-05,0.0014789640126676
0.1063879156934649,2.1867499105925465,2.1867337357471652,1.617484538130043e-05,0.0014789589919808
0.1063879156929965,2.186749911066825,2.1867337357376364,1.617532918851694e-05,0.0014789558102562
0.1063879156934649,2.186749911584182,2.1867337357471652,1.6175837016962902e-05,0.0014789589919808
0.1063879151724605,2.186749911271851,2.186733725148043,1.618612380793749e-05,0.0014789441791579
0.1063879156929662,2.1867499110359945,2.1867337357370205,1.617529897401937e-05,0.0014789571848262
0.1063879156928567,2.186749911599048,2.186733735734793,1.6175864255174588e-05,0.001478958974317
0.1063879151815304,2.186749910472723,2.1867337253325583,1.6185140164548528e-05,0.0014789439779364
0.1063879156919308,2.1867499105131243,2.186733735715957,1.6174797167423094e-05,0.0014789640126676
0.1063879156912473,2.1867499106642043,2.1867337357020515,1.6174962152781802e-05,0.0014789673483751
0.1063879156934649,2.186749911245877,2.1867337357471652,1.6175498711579195e-05,0.0014789589919808
0.1063879156929965,2.1867499115070186,2.1867337357376364,1.617576938217624e-05,0.0014789558102562
0.1063879156912473,2.1867499104168084,2.1867337357020515,1.6174714756900244e-05,0.0014789673483751
0.106387915692201,2.186749912052948,2.186733735721454,1.6176331494310858e-05,0.0014789612279805
0.1063879156924877,2.1867499098156866,2.186733735727286,1.6174088400600084e-05,0.001478964028468
0.1063879156912473,2.186749911079004,2.1867337357020515,1.6175376952531906e-05,0.0014789673483751
0.1063879156930503,2.1867499122708165,2.186733735738731,1.6176532085410145e-05,0.0014789612529901
0.1063879156924877,2.186749911253941,2.186733735727286,1.6175526655004546e-05,0.001478964028468
0.1063879156918452,2.186749911412535,2.186733735714215,1.617569831990906e-05,0.0014789673657373
0.1063879156924877,2.1867499114077473,2.186733735727286,1.6175680461305575e-05,0.001478964028468
0.1063879151885228,2.186749911839737,2.1867337254748085,1.6186364928394426e-05,0.0014789410297024
0.1063879156934649,2.186749910783685,2.1867337357471652,1.6175036519960884e-05,0.0014789589919801
0.1063879156928567,2.1867499115534286,2.186733735734793,1.6175818635666417e-05,0.001478958974317
0.1063879156937381,2.1867499115769706,2.1867337357527235,1.6175824247177673e-05,0.0014789572005841
0.1063879156934649,2.1867499109917174,2.1867337357471652,1.617524455221897e-05,0.0014789589919808
0.1063879156930503,2.186749910583041,2.186733735738731,1.6174844309713166e-05,0.0014789612529901
0.1063879156930503,2.1867499109088224,2.186733735738731,1.6175170091337066e-05,0.0014789612529901
0.106387915692201,2.186749912173086,2.186733735721454,1.6176451631988442e-05,0.0014789612279805
0.1063879156924877,2.186749911558568,2.186733735727286,1.6175831281994846e-05,0.001478964028468
0.1063879156924877,2.186749911300131,2.186733735727286,1.6175572845167352e-05,0.001478964028468
0.1063879156903999,2.18674990969769,2.1867337356848124,1.617401287745679e-05,0.0014789759340891
0.1063879151724605,2.1867499110728374,2.186733725148043,1.618592479424308e-05,0.0014789441791579
0.106387915692201,2.1867499114493274,2.186733735721454,1.6175727873601886e-05,0.0014789612279805
0.1063879156930503,2.1867499112254603,2.186733735738731,1.6175486729164135e-05,0.0014789612529901
0.1063879156937381,2.1867499118306792,2.1867337357527235,1.617607795578735e-05,0.0014789572005841
0.1063879156934649,2.186749911211363,2.1867337357471652,1.6175464197853984e-05,0.0014789589919808
0.1063879156938737,2.186749910631593,2.186733735755482,1.6174876110941483e-05,0.0014789558360751
0.1063879156937381,2.1867499117137377,2.1867337357527235,1.617596101421981e-05,0.0014789572005848
0.1063879156903241,2.1867499108678317,2.1867337356832706,1.617518456109579e-05,0.0014789712916012
0.1063879156898393,2.1867499108868698,2.186733735673408,1.6175213461977478e-05,0.0014789759182094
0.1063879156930503,2.1867499109149646,2.186733735738731,1.6175176233534927e-05,0.0014789612529911
0.1063879152182727,2.186749911436534,2.18673372608003,1.6185356503939374e-05,0.0014789507607079
0.1063879156918452,2.186749911119848,2.186733735714215,1.6175405632701256e-05,0.0014789673657366
0.1063879156930503,2.1867499105680968,2.186733735738731,1.6174829365667165e-05,0.0014789612529901
0.1063879156919308,2.186749910260167,2.186733735715957,1.617454421021236e-05,0.0014789640126676
0.1063879156918452,2.186749911176249,2.186733735714215,1.6175462033807264e-05,0.0014789673657366
0.1063879156911469,2.186749910224629,2.186733735700009,1.6174524619660957e-05,0.0014789713158611
0.1063879151940493,2.1867499112033175,2.186733725587238,1.6185616079411602e-05,0.0014789507607079
0.106387915692201,2.186749909887166,2.186733735721454,1.6174165712090627e-05,0.0014789612279805
0.1063879156903241,2.186749910934474,2.1867337356832706,1.6175251203343066e-05,0.0014789712916012
0.1063879156924877,2.186749909996628,2.186733735727286,1.6174269342084102e-05,0.0014789640284674
0.1063879151815304,2.186749912028669,2.1867337253325583,1.6186696110587206e-05,0.0014789441791579
0.106387915692201,2.186749910879868,2.186733735721454,1.6175158414011293e-05,0.0014789612279805
0.1063879156919308,2.1867499110876154,2.186733735715957,1.6175371658544435e-05,0.0014789640126676
0.1063879156924877,2.18674991143477,2.186733735727286,1.6175707484133994e-05,0.001478964028468
0.1063879156928567,2.1867499116804794,2.186733735734793,1.617594568648073e-05,0.001478958974317
0.1063879156930503,2.186749911321542,2.186733735738731,1.617558281097331e-05,0.0014789612529901
0.1063879156938738,2.1867499115008036,2.1867337357554844,1.6175745319202406e-05,0.0014789558360761
0.1063879156937381,2.1867499104747745,2.1867337357527235,1.6174722051065515e-05,0.0014789572005841
0.1063879156918452,2.1867499107838686,2.186733735714215,1.617506965345683e-05,0.0014789673657373
0.1063879151815304,2.186749911674286,2.1867337253325583,1.6186341727841835e-05,0.0014789441791579
0.1063879156928567,2.186749910852006,2.186733735734793,1.617511721319076e-05,0.001478958974317
0.1063879156929662,2.186749911115378,2.1867337357370205,1.6175378357630166e-05,0.0014789571848262
0.1063879156934649,2.1867499103373715,2.1867337357471652,1.617459020630818e-05,0.0014789589919801
0.1063879156930503,2.1867499111107835,2.186733735738731,1.6175372052451564e-05,0.0014789612529911
0.1063879151815304,2.1867499111100073,2.1867337253325583,1.6185777448995964e-05,0.0014789439779364
0.1063879156934649,2.1867499112133277,2.1867337357471652,1.6175466162504648e-05,0.0014789589919801
0.1063879156937381,2.186749911414266,2.1867337357527235,1.6175661542661146e-05,0.0014789572005848
0.1063879156903241,2.1867499097502456,2.1867337356832706,1.6174066975072066e-05,0.0014789712916012
0.1063879156924877,2.186749911285811,2.186733735727286,1.617555852506669e-05,0.0014789640284674
0.1063879156918452,2.1867499106853643,2.186733735714215,1.6174971149141015e-05,0.0014789673657373
0.1063879156938731,2.1867499114241324,2.1867337357554697,1.6175668662743448e-05,0.0014789558360751
0.1063879156930503,2.186749910709295,2.186733735738731,1.6174970563831437e-05,0.0014789612529911
0.1063879156930503,2.1867499105710926,2.186733735738731,1.6174832361492975e-05,0.0014789612529901
0.106387915692201,2.18674991037018,2.186733735721454,1.617464872616381e-05,0.0014789612279805
0.1063879156924877,2.186749909653664,2.186733735727286,1.6173926377760495e-05,0.0014789640284674
0.1063879156919308,2.1867499108770945,2.186733735715957,1.6175161137610417e-05,0.0014789640126676
0.1063879156930503,2.1867499110788513,2.186733735738731,1.617534012021693e-05,0.0014789612529901
0.1063879151885228,2.18674991108547,2.1867337254748085,1.6185610661523242e-05,0.0014789441791579
0.1063879151815304,2.1867499109458106,2.1867337253325583,1.6185613252339692e-05,0.0014789441791579
0.1063879156919308,2.1867499105560313,2.186733735715957,1.617484007443437e-05,0.0014789640126676
0.1063879156937381,2.186749910913806,2.1867337357527235,1.6175161082543354e-05,0.0014789572005848
0.1063879151815304,2.186749910764911,2.1867337253325583,1.618543235260006e-05,0.0014789507607079
0.1063879151885228,2.1867499107324644,2.1867337254748085,1.618525765589851e-05,0.0014789510355001
0.106387915693873,2.1867499115542297,2.186733735755468,1.6175798761786098e-05,0.0014789558360761
0.1063879151885228,2.1867499117664715,2.1867337254748085,1.6186291663000674e-05,0.0014789439779364
0.1063879156924877,2.1867499108825736,2.186733735727286,1.6175155287623255e-05,0.0014789640284674
0.1063879156924877,2.186749911066153,2.186733735727286,1.617533886699718e-05,0.001478964028468
0.1063879151724605,2.186749911100388,2.186733725148043,1.618595234464948e-05,0.0014789410297024
0.1063879156930503,2.1867499104805144,2.186733735738731,1.6174741783281377e-05,0.0014789612529911
0.1063879151940493,2.1867499111910997,2.186733725587238,1.618560386162926e-05,0.0014789410297024
0.1063879156934649,2.186749910927164,2.1867337357471652,1.6175179998967337e-05,0.0014789589919808
0.1063879156930503,2.186749911445772,2.186733735738731,1.6175707040932963e-05,0.0014789612529911
0.1063879156930503,2.1867499103508425,2.186733735738731,1.6174612111452547e-05,0.0014789612529911
0.1063879156932781,2.1867499122888843,2.1867337357433656,1.6176545518664653e-05,0.0014789548404062
0.1063879156918452,2.186749910798721,2.186733735714215,1.6175084506020454e-05,0.0014789673657373
0.1063879156930503,2.1867499105670745,2.186733735738731,1.6174828343373804e-05,0.0014789612529911
0.1063879151885228,2.186749912284771,2.1867337254748085,1.6186809962626114e-05,0.0014789439779364
0.106387915693873,2.186749912431313,2.186733735755468,1.617667584508098e-05,0.0014789558360761
0.1063879156924877,2.186749910580568,2.186733735727286,1.617485328209156e-05,0.0014789640284674
0.1063879156930503,2.186749910886439,2.186733735738731,1.617514770790862e-05,0.0014789612529901
0.1063879156903998,2.186749910269459,2.1867337356848107,1.617458464853172e-05,0.0014789759340898
0.1063879156930503,2.1867499108098074,2.186733735738731,1.617507107631866e-05,0.0014789612529911
0.1063879156937381,2.186749911532299,2.1867337357527235,1.6175779575355875e-05,0.0014789572005841
0.1063879151885228,2.1867499114208115,2.1867337254748085,1.6185946003055562e-05,0.0014789507607079
0.1063879156937381,2.186749911513825,2.1867337357527235,1.6175761101688835e-05,0.0014789572005841
0.1063879156919308,2.1867499114234494,2.186733735715957,1.617570749257169e-05,0.0014789640126676
0.1063879156934649,2.186749911208679,2.1867337357471652,1.61754615137788e-05,0.0014789589919801
0.1063879156928567,2.186749911566309,2.186733735734793,1.617583151602986e-05,0.001478958974317
0.1063879156924877,2.1867499109133473,2.186733735727286,1.617518606122914e-05,0.001478964028468
0.1063879156937381,2.1867499110909954,2.1867337357527235,1.617533827191764e-05,0.0014789572005848
0.1063879156930503,2.186749909917954,2.186733735738731,1.6174179223060747e-05,0.0014789612529911
0.1063879156930503,2.1867499102346044,2.186733735738731,1.6174495873322314e-05,0.0014789612529911
0.106387915692201,2.186749911371934,2.186733735721454,1.617565048039893e-05,0.0014789612279805
0.106387915692201,2.186749911334385,2.186733735721454,1.6175612931323968e-05,0.0014789612279805
0.1063879156929662,2.1867499118398865,2.1867337357370205,1.6176102866083397e-05,0.0014789571848262
0.1063879151815304,2.1867499113760847,2.1867337253325583,1.6186043526378313e-05,0.0014789439779364
0.1063879156919308,2.186749911806021,2.186733735715957,1.6176090064323745e-05,0.0014789640126676
0.1063879156924877,2.1867499105191337,2.186733735727286,1.617479184767845e-05,0.0014789640284674
0.1063879156930503,2.1867499114699664,2.186733735738731,1.6175731235357205e-05,0.0014789612529911
0.1063879156930503,2.1867499106212254,2.186733735738731,1.6174882494279785e-05,0.0014789612529901
0.1063879151815304,2.1867499110602546,2.1867337253325583,1.6185727696349517e-05,0.0014789441791579
0.1063879156930503,2.1867499115053017,2.186733735738731,1.6175766570647454e-05,0.0014789612529901
0.106387915018485,2.186749911071152,2.186733722015622,1.6189055529913787e-05,0.0014789510355001
0.1063879156919308,2.186749911165108,2.186733735715957,1.6175449151223376e-05,0.0014789640126676
0.1063879151885228,2.1867499107730937,2.1867337254748085,1.618529828517623e-05,0.0014789507607079
0.1063879156934649,2.186749911027787,2.1867337357471652,1.6175280621588684e-05,0.0014789589919801
0.1063879156937381,2.1867499110776984,2.1867337357527235,1.6175324974998517e-05,0.0014789572005841
0.1063879156919308,2.1867499107360184,2.186733735715957,1.6175020061570677e-05,0.0014789640126676
0.1063879156934649,2.18674991158784,2.1867337357471652,1.6175840674925723e-05,0.0014789589919801
0.1063879156937381,2.1867499110521162,2.1867337357527235,1.6175299392795495e-05,0.0014789572005841
0.1063879151885228,2.186749911333221,2.1867337254748085,1.618585841267617e-05,0.0014789439779364
0.1063879156928567,2.1867499114264373,2.186733735734793,1.6175691644360057e-05,0.001478958974317
0.1063879156912473,2.18674991085463,2.1867337357020515,1.6175152578679075e-05,0.0014789673483751
0.1063879156918452,2.1867499117233447,2.186733735714215,1.617600912950934e-05,0.0014789673657366
0.1063879156929662,2.1867499112048128,2.1867337357370205,1.6175467792312048e-05,0.0014789571848262
0.1063879156930503,2.1867499110331985,2.186733735738731,1.6175294467402068e-05,0.0014789612529901
0.1063879151815304,2.1867499107984085,2.1867337253325583,1.618546585024916e-05,0.0014789441791579
0.1063879156924877,2.1867499113955904,2.186733735727286,1.6175668304363455e-05,0.0014789640284674
0.1063879156929662,2.1867499116781857,2.1867337357370205,1.6175941165208485e-05,0.0014789571848262
0.1063879156934649,2.186749911469919,2.1867337357471652,1.6175722753697386e-05,0.0014789589919801
0.1063879156930503,2.1867499113665243,2.186733735738731,1.6175627793213465e-05,0.0014789612529901
0.1063879156929965,2.186749911310992,2.1867337357376364,1.6175573355425854e-05,0.0014789558102562
0.1063879151885228,2.186749910226428,2.1867337254748085,1.618475161935251e-05,0.0014789507607079
0.1063879156924877,2.1867499110500095,2.186733735727286,1.6175322723466223e-05,0.0014789640284674
0.1063879156911469,2.1867499105347177,2.186733735700009,1.617483470850445e-05,0.0014789713158602
0.106387915692201,2.1867499105191954,2.186733735721454,1.6174797741630442e-05,0.0014789612279805
0.1063879156918452,2.186749910827885,2.186733735714215,1.6175113669802954e-05,0.0014789673657373
0.106387915693873,2.186749911330934,2.186733735755468,1.617557546618187e-05,0.0014789558360761
0.1063879156937381,2.186749912445436,2.1867337357527235,1.6176692712477347e-05,0.0014789572005841
0.1063879156930503,2.1867499097281815,2.186733735738731,1.6173989450418702e-05,0.0014789612529911
0.1063879151724605,2.186749911521372,2.186733725148043,1.618637332878592e-05,0.0014789507607079
0.106387915693873,2.186749911173003,2.186733735755468,1.617541753518026e-05,0.0014789558360761
0.1063879156937381,2.1867499115350317,2.1867337357527235,1.6175782308280873e-05,0.0014789572005841
0.1063879156934649,2.1867499103042745,2.1867337357471652,1.617455710922755e-05,0.0014789589919808
0.1063879156930503,2.1867499106877357,2.186733735738731,1.6174949004632566e-05,0.0014789612529911
0.1063879156911469,2.1867499108781963,2.186733735700009,1.617517818708336e-05,0.0014789713158602
0.1063879151724605,2.186749911097636,2.186733725148043,1.6185949592628646e-05,0.0014789439779364
0.1063879151724605,2.186749910955382,2.186733725148043,1.6185807338864322e-05,0.0014789441791579
0.1063879156928567,2.186749911053657,2.186733735734793,1.61753188638869e-05,0.001478958974317
0.1063879149795981,2.1867499125057037,2.1867337212245213,1.6191281182464934e-05,0.0014789403426105
0.106387915018485,2.186749910877511,2.186733722015622,1.6188861888810635e-05,0.0014789510355001
0.1063879156912473,2.1867499106010606,2.1867337357020515,1.617489900906932e-05,0.0014789673483751
0.1063879151885228,2.1867499101673045,2.1867337254748085,1.6184692495979647e-05,0.0014789528076878
0.1063879156930503,2.1867499116353275,2.186733735738731,1.6175896596415384e-05,0.0014789612529901
0.1063879156919308,2.186749911185352,2.186733735715957,1.6175469395030007e-05,0.0014789640126676
0.1063879151940493,2.1867499109864936,2.186733725587238,1.6185399255519428e-05,0.0014789439779364
0.1063879156930503,2.186749910752824,2.186733735738731,1.6175014093011697e-05,0.0014789612529911
0.1063879156929662,2.186749911413651,2.1867337357370205,1.617567663059205e-05,0.0014789571848262
0.1063879156929662,2.186749910707113,2.1867337357370205,1.6174970092652785e-05,0.0014789571848262
0.1063879156930503,2.18674991103604,2.186733735738731,1.6175297309128922e-05,0.0014789612529911
0.1063879156938888,2.186749911649696,2.186733735755789,1.617589390701113e-05,0.0014789548584034
0.1063879156924877,2.186749910374967,2.186733735727286,1.617464768077781e-05,0.0014789640284674
0.1063879156924877,2.1867499107373143,2.186733735727286,1.617501002826316e-05,0.001478964028468
0.1063879156903241,2.1867499102430847,2.1867337356832706,1.6174559814174927e-05,0.0014789712916012
0.1063879156918452,2.186749911300506,2.186733735714215,1.617558629085636e-05,0.0014789673657366
0.1063879156912473,2.1867499099012266,2.1867337357020515,1.6174199175100767e-05,0.0014789673483751
0.1063879156934649,2.186749911640745,2.1867337357471652,1.6175893579717382e-05,0.0014789589919801
0.1063879151815304,2.1867499106335355,2.1867337253325583,1.618530097724502e-05,0.0014789441791579
0.1063879156918452,2.1867499113596773,2.186733735714215,1.6175645462190857e-05,0.0014789673657373
0.1063879156930503,2.1867499114253657,2.186733735738731,1.617568663458968e-05,0.0014789612529901
0.1063879151724605,2.1867499112891857,2.186733725148043,1.618614114251571e-05,0.0014789410297024
0.1063879156934649,2.18674991116026,2.1867337357471652,1.617541309473225e-05,0.0014789589919801
0.1063879152182727,2.1867499113856597,2.18673372608003,1.6185305629523583e-05,0.0014789507607079
0.1063879151940493,2.1867499102839663,2.186733725587238,1.6184696728149817e-05,0.0014789528076878
0.1063879156911469,2.186749909558753,2.186733735700009,1.6173858743862013e-05,0.0014789713158611
0.1063879156912473,2.1867499109221424,2.1867337357020515,1.6175220090897113e-05,0.0014789673483751
0.1063879156934649,2.1867499113391884,2.1867337357471652,1.617559202315988e-05,0.0014789589919808
0.1063879156918452,2.186749911121755,2.186733735714215,1.6175407540064413e-05,0.0014789673657366
0.1063879156924877,2.186749911613695,2.186733735727286,1.617588640900891e-05,0.0014789640284674
0.1063879151724605,2.1867499104778494,2.186733725148043,1.6185329806184257e-05,0.0014789403426105
0.1063879156903241,2.186749909410912,2.1867337356832706,1.6173727641621838e-05,0.0014789712916012
0.1063879149998591,2.1867499116442115,2.1867337216367035,1.619000750796573e-05,0.0014789507607079
0.1063879156924877,2.186749911173223,2.186733735727286,1.6175445936905675e-05,0.0014789640284674
0.1063879151885228,2.1867499108296906,2.1867337254748085,1.618535488212558e-05,0.0014789528076878
0.1063879156937381,2.18674991040915,2.1867337357527235,1.6174656426670708e-05,0.0014789572005841
0.1063879156937381,2.186749911601337,2.1867337357527235,1.617584861346444e-05,0.0014789572005841
0.1063879156934649,2.186749911390424,2.1867337357471652,1.6175643258620198e-05,0.0014789589919808
0.106387915693873,2.1867499119592306,2.186733735755468,1.6176203762707786e-05,0.0014789548584041
0.1063879152182727,2.1867499106790405,2.18673372608003,1.6184599010315992e-05,0.0014789439779364
0.1063879156911469,2.1867499113180977,2.186733735700009,1.6175618088531962e-05,0.0014789713158611
0.1063879156930503,2.1867499119309093,2.186733735738731,1.6176192178196658e-05,0.0014789612529901
0.1063879152235156,2.186749911153423,2.1867337261866893,1.6184966733945316e-05,0.0014789507607079
0.1063879156929662,2.1867499111617263,2.1867337357370205,1.617542470588873e-05,0.0014789571848262
0.1063879151724605,2.1867499118004625,2.186733725148043,1.6186652419314385e-05,0.0014789397653969
0.1063879156924877,2.186749911124788,2.186733735727286,1.6175397501871913e-05,0.0014789640284674
0.1063879156918452,2.1867499107311894,2.186733735714215,1.617501697426249e-05,0.0014789673657366
0.1063879156937381,2.1867499118132656,2.1867337357527235,1.6176060542161252e-05,0.0014789572005841
0.1063879156918452,2.186749910961918,2.186733735714215,1.6175247703031914e-05,0.0014789673657373
0.1063879156930503,2.1867499126497383,2.186733735738731,1.6176911007192984e-05,0.0014789612529901
0.1063879151940493,2.1867499095312293,2.186733725587238,1.618394399116596e-05,0.0014789507607079
0.106387915692201,2.186749910707284,2.186733735721454,1.6174985830286204e-05,0.0014789612279805
0.1063879156934649,2.18674991146858,2.1867337357471652,1.6175721414768418e-05,0.0014789589919808
0.1063879151815304,2.1867499106778854,2.1867337253325583,1.618534532710214e-05,0.0014789441791579
0.106387915692201,2.1867499103937096,2.186733735721454,1.6174672255786504e-05,0.0014789612279805
0.1063879156919308,2.1867499103370402,2.186733735715957,1.6174621083386853e-05,0.0014789640126676
0.1063879156929662,2.186749911940775,2.1867337357370205,1.617620375471418e-05,0.0014789558102562
0.1063879156903241,2.186749910438607,2.1867337356832706,1.6174755336439972e-05,0.0014789712916012
0.1063879156924877,2.186749909520384,2.186733735727286,1.6173793098150924e-05,0.001478964028468
0.1063879151724605,2.1867499100651484,2.186733725148043,1.618491710519976e-05,0.0014789510355001
0.1063879156934649,2.1867499114089455,2.1867337357471652,1.6175661780248873e-05,0.0014789589919808
0.1063879156924877,2.1867499100713266,2.186733735727286,1.6174344040553734e-05,0.0014789640284674
0.1063879151724605,2.1867499111880977,2.186733725148043,1.618604005448887e-05,0.0014789410297024
0.1063879156918452,2.1867499097847034,2.186733735714215,1.6174070488261805e-05,0.0014789673657373
0.1063879156919308,2.1867499110091178,2.186733735715957,1.6175293160891613e-05,0.0014789640126676
0.1063879151815304,2.1867499109786324,2.1867337253325583,1.6185646074085014e-05,0.0014789441791579
0.1063879156912473,2.1867499111175,2.1867337357020515,1.617541544840506e-05,0.0014789673483751
0.1063879156930503,2.1867499105783175,2.186733735738731,1.617483958638033e-05,0.0014789612529901
0.1063879156924877,2.1867499106044597,2.186733735727286,1.6174877173646962e-05,0.001478964028468
0.1063879151815304,2.186749910893826,2.1867337253325583,1.6185561267700876e-05,0.0014789439779364
0.1063879156918452,2.1867499121830773,2.186733735714215,1.6176468862205695e-05,0.0014789673657366
0.1063879152182727,2.1867499114048967,2.18673372608003,1.6185324866579975e-05,0.0014789410297024
0.1063879151940493,2.1867499115407885,2.186733725587238,1.6185953550351684e-05,0.0014789507607079
0.1063879151815304,2.1867499113504696,2.1867337253325583,1.618601791131269e-05,0.0014789441791579
0.1063879156924877,2.186749911177029,2.186733735727286,1.6175449743194292e-05,0.001478964028468
0.1063879156934649,2.186749911250553,2.1867337357471652,1.6175503387838575e-05,0.0014789589919801
0.1063879156934649,2.1867499111643935,2.1867337357471652,1.6175417228314615e-05,0.0014789589919801
0.106387915692201,2.1867499115864826,2.186733735721454,1.617586502877799e-05,0.0014789612279805
0.1063879156924877,2.186749911181178,2.186733735727286,1.617545389187569e-05,0.0014789640284674
0.1063879156924877,2.186749910944841,2.186733735727286,1.6175217555147725e-05,0.0014789640284674
0.1063879156937381,2.1867499109494233,2.1867337357527235,1.6175196699830252e-05,0.0014789572005848
0.1063879156919308,2.186749910811253,2.186733735715957,1.6175095296055986e-05,0.0014789640126676
0.1063879151724605,2.1867499114418685,2.186733725148043,1.6186293825271036e-05,0.0014789410297024
0.1063879156937381,2.1867499107093025,2.1867337357527235,1.617495657901813e-05,0.0014789572005848
0.1063879156930503,2.1867499112550877,2.186733735738731,1.617551635657577e-05,0.0014789612529901
0.1063879151724605,2.186749910916824,2.186733725148043,1.6185768780818677e-05,0.0014789410297024
0.1063879156938738,2.186749911251633,2.1867337357554844,1.6175496148740365e-05,0.0014789558360761
0.1063879156911469,2.186749910290364,2.186733735700009,1.6174590354633978e-05,0.0014789713158611
0.1063879151940493,2.186749910365594,2.186733725587238,1.618477835574339e-05,0.0014789669511468
0.1063879156929662,2.186749911773151,2.1867337357370205,1.6176036130577387e-05,0.0014789571848262
0.1063879156934649,2.186749911198481,2.1867337357471652,1.6175451315714184e-05,0.0014789589919801
0.1063879156924877,2.186749910881151,2.186733735727286,1.6175153864761427e-05,0.001478964028468
0.1063879156934649,2.186749911128663,2.1867337357471652,1.617538149778497e-05,0.0014789589919808
0.1063879156903241,2.1867499108014283,2.1867337356832706,1.617511815776851e-05,0.0014789712916012
0.1063879156918452,2.186749911572351,2.186733735714215,1.6175858136069365e-05,0.0014789673657373
0.1063879151815304,2.1867499106248,2.1867337253325583,1.6185292241566174e-05,0.0014789510355001
0.1063879156930503,2.186749911011026,2.186733735738731,1.6175272294916e-05,0.0014789612529911
0.1063879156937381,2.1867499111894695,2.1867337357527235,1.6175436746035388e-05,0.0014789572005841
0.1063879151885228,2.1867499110900823,2.1867337254748085,1.6185615273833776e-05,0.0014789507607079
0.1063879156930503,2.186749910704078,2.186733735738731,1.617496534711549e-05,0.0014789612529901
0.1063879149998591,2.186749912139747,2.1867337216367035,1.6190503043578275e-05,0.0014789410297024
0.1063879151815304,2.186749910233392,2.1867337253325583,1.618490083377111e-05,0.0014789441791579
0.1063879151724605,2.1867499110493327,2.186733725148043,1.618590128948938e-05,0.0014789403426105
0.1063879156919308,2.1867499115390747,2.186733735715957,1.6175823117858812e-05,0.0014789640126676
0.1063879151815304,2.1867499115159803,2.1867337253325583,1.6186183422028932e-05,0.0014789439779364
0.1063879156903241,2.1867499099540275,2.1867337356832706,1.6174270756952325e-05,0.0014789712916012
0.1063879156934649,2.186749911389922,2.1867337357471652,1.617564275679939e-05,0.0014789589919801
0.1063879156928567,2.186749911227066,2.186733735734793,1.617549227317383e-05,0.001478958974317
0.1063879156924877,2.186749910897026,2.186733735727286,1.61751697400625e-05,0.001478964028468
0.106387915692201,2.1867499107599655,2.186733735721454,1.617503851170099e-05,0.0014789612279805
0.1063879156930503,2.1867499104739685,2.186733735738731,1.6174735237406423e-05,0.0014789612529911
0.1063879151940493,2.1867499113401005,2.186733725587238,1.618575286244095e-05,0.0014789439779364
0.106387915692201,2.1867499114085853,2.186733735721454,1.6175687131525507e-05,0.0014789612279805
0.1063879156930503,2.1867499114920106,2.186733735738731,1.6175753279501492e-05,0.0014789612529911
0.106387915018485,2.186749910693791,2.186733722015622,1.618867816866043e-05,0.0014789510355001
0.1063879156918452,2.186749910834998,2.186733735714215,1.6175120782779828e-05,0.0014789673657373
0.1063879156918452,2.1867499106811255,2.186733735714215,1.6174966910309507e-05,0.0014789673657366
0.1063879156924877,2.186749911899834,2.186733735727286,1.6176172548121315e-05,0.001478964028468
0.1063879151724605,2.1867499109511863,2.186733725148043,1.6185803143109467e-05,0.0014789403426105
0.1063879151724605,2.1867499104565162,2.186733725148043,1.6185308473026794e-05,0.0014789510355001
0.1063879156919308,2.186749911008235,2.186733735715957,1.6175292278042264e-05,0.0014789640126676
0.1063879156937381,2.1867499117881968,2.1867337357527235,1.6176035473325356e-05,0.0014789572005841
0.1063879156911469,2.1867499107441373,2.186733735700009,1.6175044128097227e-05,0.0014789713158602
0.1063879151724605,2.1867499111936324,2.186733725148043,1.6186045589172693e-05,0.0014789410297024
0.1063879156930503,2.1867499109544304,2.186733735738731,1.6175215699298917e-05,0.0014789612529911
0.1063879156918452,2.1867499109173196,2.186733735714215,1.6175203104484837e-05,0.0014789673657373
0.1063879156934649,2.186749911023696,2.1867337357471652,1.6175276530638882e-05,0.0014789589919801
0.1063879156929662,2.1867499117097333,2.1867337357370205,1.6175972712861864e-05,0.0014789558102562
0.1063879156924877,2.186749910740081,2.186733735727286,1.6175012794938937e-05,0.001478964028468
0.1063879156919308,2.186749910892934,2.186733735715957,1.6175176976940264e-05,0.0014789640126676
0.1063879151885228,2.1867499105874466,2.1867337254748085,1.6185112638122945e-05,0.0014789528076878
0.1063879149795981,2.186749911762178,2.1867337212245213,1.619053765677947e-05,0.0014789403426105
0.1063879156912473,2.1867499111580697,2.1867337357020515,1.6175456018174827e-05,0.0014789673483751
0.1063879156903241,2.1867499107778747,2.1867337356832706,1.6175094604164997e-05,0.0014789712916012
0.1063879156919308,2.1867499120140685,2.186733735715957,1.6176298111680865e-05,0.0014789640126676
0.1063879151815304,2.1867499112173947,2.1867337253325583,1.6185884836428244e-05,0.0014789441791579
0.106387915692201,2.186749911128313,2.186733735721454,1.6175406859275654e-05,0.0014789612279805
0.1063879156928567,2.186749911073745,2.186733735734793,1.6175338952262308e-05,0.001478958974317
0.1063879156918452,2.1867499094363514,2.186733735714215,1.6173722136247903e-05,0.0014789673657373
0.106387915018485,2.186749910066418,2.186733722015622,1.618805079584007e-05,0.0014789507607079
0.1063879156937381,2.186749912041386,2.1867337357527235,1.6176288662350657e-05,0.0014789572005848
0.1063879156934649,2.1867499116440468,2.1867337357471652,1.6175896881520657e-05,0.0014789589919808
0.1063879156930503,2.18674991043614,2.186733735738731,1.617469740899935e-05,0.0014789612529911
0.1063879156937381,2.1867499120903386,2.1867337357527235,1.6176337615192438e-05,0.0014789572005841
0.1063879151940493,2.186749910142542,2.186733725587238,1.6184555303944137e-05,0.0014789507607079
0.1063879156919308,2.186749911346014,2.186733735715957,1.6175630057180257e-05,0.0014789640126676
0.1063879151815304,2.1867499111979583,2.1867337253325583,1.6185865399975796e-05,0.0014789410297024
0.1063879151724605,2.18674991058497,2.186733725148043,1.618543692671892e-05,0.0014789510355001
0.1063879151885228,2.1867499119488447,2.1867337254748085,1.6186474036228304e-05,0.0014789410297024
0.1063879156938731,2.186749911470866,2.1867337357554697,1.6175715396471446e-05,0.0014789548584034
0.1063879156930503,2.18674991083447,2.186733735738731,1.6175095738812928e-05,0.0014789612529911
0.1063879156928567,2.186749910872176,2.186733735734793,1.617513738327858e-05,0.001478958974317
0.1063879156928567,2.1867499117225218,2.186733735734793,1.6175987728850316e-05,0.001478958974317
0.1063879156937381,2.186749912151406,2.1867337357527235,1.6176398682343773e-05,0.0014789572005841
0.1063879156911469,2.1867499110024697,2.186733735700009,1.6175302460563756e-05,0.0014789713158602
0.1063879156934649,2.1867499107011614,2.1867337357471652,1.6174953996195285e-05,0.0014789589919808
0.1063879151815304,2.1867499107006054,2.1867337253325583,1.6185368047150206e-05,0.0014789510355001
0.1063879156928567,2.186749911085491,2.186733735734793,1.617535069797782e-05,0.001478958974317
0.1063879151885228,2.186749910402954,2.1867337254748085,1.6184928145701605e-05,0.0014789528076878
0.1063879152182727,2.1867499111581354,2.18673372608003,1.6185078105301898e-05,0.0014789507607079
0.1063879156937381,2.1867499122928615,2.1867337357527235,1.6176540138079787e-05,0.0014789572005848
0.1063879151940493,2.186749910998496,2.186733725587238,1.6185411257918503e-05,0.0014789441791579
0.1063879156928567,2.186749911196805,2.186733735734793,1.6175462012046893e-05,0.001478958974317
0.1063879156929662,2.1867499121496023,2.1867337357370205,1.6176412581891952e-05,0.0014789571848262
0.1063879156934649,2.1867499113980955,2.1867337357471652,1.6175650930261298e-05,0.0014789589919801
0.1063879156930503,2.1867499112278663,2.186733735738731,1.6175489135239474e-05,0.0014789612529901
0.106387915692201,2.1867499109277886,2.186733735721454,1.617520633478975e-05,0.0014789612279805
0.1063879156928567,2.1867499112024698,2.186733735734793,1.6175467676848854e-05,0.001478958974317
0.1063879151724605,2.186749911487112,2.186733725148043,1.6186339068635647e-05,0.0014789507607079
0.1063879156918452,2.1867499109787962,2.186733735714215,1.6175264581086424e-05,0.0014789673657366
0.106387915692201,2.186749910672737,2.186733735721454,1.6174951283254302e-05,0.0014789612279805
0.1063879156937381,2.1867499108935506,2.1867337357527235,1.6175140827190404e-05,0.0014789572005841
0.1063879156929662,2.1867499109457182,2.1867337357370205,1.6175208697788435e-05,0.0014789571848262
0.1063879156928567,2.186749911966528,2.186733735734793,1.6176231734998936e-05,0.001478958974317
0.1063879156930503,2.1867499111242785,2.186733735738731,1.6175385547434473e-05,0.0014789612529901
0.1063879149795981,2.1867499117675404,2.1867337212245213,1.6190543019156678e-05,0.0014789403426105
0.1063879156918452,2.18674991084716,2.186733735714215,1.617513294505102e-05,0.0014789673657366
0.1063879156930503,2.1867499106487145,2.186733735738731,1.6174909983401875e-05,0.0014789612529901
0.1063879156934649,2.1867499109591635,2.1867337357471652,1.6175211998259442e-05,0.0014789589919808
0.1063879156934649,2.186749911295131,2.1867337357471652,1.617554796595755e-05,0.0014789589919808
0.106387915692201,2.186749910079454,2.186733735721454,1.6174358000053957e-05,0.0014789612279805
0.1063879156930503,2.186749911381033,2.186733735738731,1.617564230205204e-05,0.0014789612529911
0.1063879156934649,2.1867499123042675,2.1867337357471652,1.6176557102287603e-05,0.0014789589919801
0.1063879156918452,2.1867499116159244,2.186733735714215,1.6175901709214457e-05,0.0014789673657366
0.1063879156928567,2.1867499115589326,2.186733735734793,1.6175824139708084e-05,0.001478958974317
0.1063879156929662,2.18674991218205,2.1867337357370205,1.617644502971416e-05,0.0014789558102562
0.1063879156929965,2.186749910806426,2.1867337357376364,1.6175068789703317e-05,0.0014789558102562
0.1063879156903241,2.1867499110579285,2.1867337356832706,1.617537465792296e-05,0.0014789712916012
0.1063879156930503,2.1867499114540085,2.186733735738731,1.6175715277455538e-05,0.0014789612529911
0.1063879156938737,2.1867499113147595,2.186733735755482,1.6175559277353813e-05,0.0014789548584034
0.1063879156937381,2.1867499109941293,2.1867337357527235,1.617524140584692e-05,0.0014789572005848
0.1063879149998591,2.1867499121466474,2.1867337216367035,1.6190509943836418e-05,0.0014789439779364
0.1063879156919308,2.1867499109875546,2.186733735715957,1.617527159769594e-05,0.0014789640126676
0.1063879151885228,2.1867499107079236,2.1867337254748085,1.6185233115084685e-05,0.0014789510355001
0.1063879156929662,2.1867499116288416,2.1867337357370205,1.617589182112411e-05,0.0014789571848262
0.1063879156930503,2.186749911927384,2.186733735738731,1.617618865301651e-05,0.0014789612529901
0.1063879156928567,2.186749909768637,2.186733735734793,1.6174033844240654e-05,0.001478958974317
0.1063879151724605,2.1867499114312112,2.186733725148043,1.618628316801818e-05,0.0014789439779364
0.1063879156937381,2.1867499115060194,2.1867337357527235,1.6175753295932793e-05,0.0014789572005848
0.1063879156924877,2.1867499105948403,2.186733735727286,1.6174867554230588e-05,0.0014789640284674
0.1063879151815304,2.1867499110417663,2.1867337253325583,1.6185709208027532e-05,0.0014789441791579
0.1063879156934649,2.186749910780237,2.1867337357471652,1.617503307160817e-05,0.0014789589919808
0.1063879156919308,2.18674991067252,2.186733735715957,1.6174956563030918e-05,0.0014789640126676
0.1063879156924877,2.1867499106839743,2.186733735727286,1.6174956688264075e-05,0.0014789640284674
0.1063879156930503,2.186749911659977,2.186733735738731,1.6175921246031066e-05,0.0014789612529911
0.1063879151724605,2.1867499119940903,2.186733725148043,1.618684604709486e-05,0.0014789397653969
0.1063879151885228,2.186749910844547,2.1867337254748085,1.6185369738686006e-05,0.0014789507607079
0.1063879156924877,2.1867499104534445,2.186733735727286,1.6174726158446617e-05,0.001478964028468
0.1063879151815304,2.1867499101810557,2.1867337253325583,1.618484849741364e-05,0.0014789507607079
0.106387915692201,2.186749911452056,2.186733735721454,1.617573060208599e-05,0.0014789612279805
0.106387915018485,2.1867499108690955,2.186733722015622,1.618885347332011e-05,0.0014789510355001
0.1063879156924877,2.186749911247359,2.186733735727286,1.6175520073158367e-05,0.001478964028468
0.1063879156929965,2.1867499112583095,2.1867337357376364,1.617552067312289e-05,0.0014789571848262
0.106387915018485,2.1867499100456764,2.186733722015622,1.6188030054209435e-05,0.0014789439779364
0.1063879151815304,2.186749912344058,2.1867337253325583,1.6187011499635418e-05,0.0014789441791579
0.1063879156918452,2.1867499109612396,2.186733735714215,1.61752470244636e-05,0.0014789673657373
0.1063879151724605,2.1867499112169706,2.186733725148043,1.6186068927392938e-05,0.0014789441791579
0.1063879156934649,2.1867499115452387,2.1867337357471652,1.6175798073447822e-05,0.0014789589919801
0.1063879156930503,2.186749911158642,2.186733735738731,1.617541991105753e-05,0.0014789612529901
0.1063879156937381,2.1867499112472233,2.1867337357527235,1.617549449983713e-05,0.0014789572005841
0.1063879156924877,2.186749911155617,2.186733735727286,1.617542833098895e-05,0.0014789640284674
0.1063879156937381,2.1867499106387425,2.1867337357527235,1.6174886019015844e-05,0.0014789572005841
0.1063879151885228,2.1867499116955993,2.1867337254748085,1.6186220790803674e-05,0.0014789507607079
0.1063879156930503,2.1867499109838873,2.186733735738731,1.6175245156180296e-05,0.0014789612529901
0.1063879156918452,2.1867499109531754,2.186733735714215,1.617523896024764e-05,0.0014789673657366
0.1063879156929662,2.18674991178018,2.1867337357370205,1.61760431596214e-05,0.0014789571848262
0.106387915692201,2.1867499104997306,2.186733735721454,1.6174778276756285e-05,0.0014789612279805
0.1063879156924877,2.186749911151434,2.186733735727286,1.6175424148112683e-05,0.001478964028468
0.1063879156924877,2.186749910469596,2.186733735727286,1.617474230997118e-05,0.001478964028468
0.1063879156918452,2.1867499103379933,2.186733735714215,1.617462377812018e-05,0.0014789673657366
0.1063879151940493,2.186749910905049,2.186733725587238,1.618531781089061e-05,0.0014789507607079
0.1063879156934649,2.186749911840246,2.1867337357471652,1.6176093080577658e-05,0.0014789589919808
0.1063879156924877,2.1867499108188673,2.186733735727286,1.6175091581249745e-05,0.001478964028468
0.1063879156929662,2.1867499116087026,2.1867337357370205,1.6175871682122533e-05,0.0014789571848262
0.1063879156930503,2.186749911202701,2.186733735738731,1.617546397003622e-05,0.0014789612529911
0.1063879156930503,2.1867499106240404,2.186733735738731,1.6174885309361287e-05,0.0014789612529911
0.1063879156934649,2.1867499107108412,2.1867337357471652,1.6174963676007792e-05,0.0014789589919808
0.106387915693873,2.186749911039639,2.186733735755468,1.6175284171193738e-05,0.0014789558360761
0.1063879156934649,2.1867499114379494,2.1867337357471652,1.6175690784159258e-05,0.0014789589919808
0.1063879151815304,2.1867499107240236,2.1867337253325583,1.618539146530651e-05,0.0014789510355001
0.1063879156929662,2.1867499122655087,2.1867337357370205,1.6176528488287545e-05,0.0014789571848262
0.106387915693873,2.186749911055971,2.186733735755468,1.617530050301852e-05,0.0014789558360761
0.1063879156938731,2.1867499113686097,2.1867337357554697,1.6175613140045897e-05,0.0014789558360751
0.1063879149998591,2.186749911529321,2.1867337216367035,1.618989261764625e-05,0.0014789510355001
0.106387915018485,2.1867499108167086,2.186733722015622,1.618880108633647e-05,0.0014789403426105
0.1063879156930503,2.186749911976655,2.186733735738731,1.6176237923826164e-05,0.0014789612529901
0.1063879156924877,2.186749911391153,2.186733735727286,1.617566386702407e-05,0.0014789640284674
0.1063879151885228,2.1867499110925306,2.1867337254748085,1.618561772209759e-05,0.0014789441791579
0.1063879156930503,2.1867499115318743,2.186733735738731,1.6175793143169415e-05,0.0014789612529901
0.1063879151724605,2.1867499109756103,2.186733725148043,1.618582756712783e-05,0.0014789439779364
0.1063879151885228,2.1867499110153097,2.1867337254748085,1.6185540501201245e-05,0.0014789439779364
0.1063879156930503,2.1867499115036244,2.186733735738731,1.617576489332251e-05,0.0014789612529901
0.1063879151815304,2.186749911341104,2.1867337253325583,1.6186008545915342e-05,0.0014789441791579
0.1063879156919308,2.186749911094468,2.186733735715957,1.6175378511285032e-05,0.0014789640126676
0.1063879156911469,2.186749910915477,2.186733735700009,1.617521546792844e-05,0.0014789713158602
0.1063879151724605,2.1867499113826434,2.186733725148043,1.6186234600201743e-05,0.0014789439779364
0.1063879156924877,2.186749910961788,2.186733735727286,1.6175234502036062e-05,0.0014789640284674
0.1063879151815304,2.186749911934654,2.1867337253325583,1.6186602095569214e-05,0.0014789441791579
0.106387915692201,2.1867499114928477,2.186733735721454,1.6175771393900362e-05,0.0014789612279805
0.1063879156924877,2.1867499104421078,2.186733735727286,1.6174714821737268e-05,0.001478964028468
0.1063879156918452,2.186749910815607,2.186733735714215,1.617510139206857e-05,0.0014789673657373
0.1063879151940493,2.186749910886087,2.186733725587238,1.6185298848725438e-05,0.0014789441791579
0.1063879151724605,2.1867499123681817,2.186733725148043,1.6187220138519365e-05,0.0014789403426105
0.1063879156930503,2.18674991128573,2.186733735738731,1.617554699873125e-05,0.0014789612529901
0.1063879152235156,2.1867499119265306,2.1867337261866893,1.6185739841301228e-05,0.0014789439779364
0.106387915018485,2.1867499108857413,2.186733722015622,1.618887011911596e-05,0.0014789507607079
0.1063879156930503,2.1867499113381244,2.186733735738731,1.6175599393264406e-05,0.0014789612529911
0.106387915692201,2.1867499115642968,2.186733735721454,1.6175842842969246e-05,0.0014789612279805
0.1063879156934649,2.1867499112188304,2.1867337357471652,1.6175471665214047e-05,0.0014789589919801
0.1063879156934649,2.18674991219733,2.1867337357471652,1.6176450164717693e-05,0.0014789589919801
0.106387915692201,2.186749910775588,2.186733735721454,1.6175054134315303e-05,0.0014789612279805
0.106387915692201,2.1867499109542914,2.186733735721454,1.6175232837589704e-05,0.0014789612279805
0.1063879151940493,2.1867499112249233,2.186733725587238,1.618563768523984e-05,0.0014789441791579
0.1063879151815304,2.1867499113696884,2.1867337253325583,1.6186037130161424e-05,0.0014789410297024
0.106387915692201,2.1867499106544708,2.186733735721454,1.6174933016976922e-05,0.0014789612279805
0.1063879156918452,2.1867499103109784,2.186733735714215,1.6174596763285365e-05,0.0014789673657366
0.1063879156912473,2.1867499100395595,2.1867337357020515,1.6174337508001457e-05,0.0014789673483751
0.1063879156919308,2.1867499110272672,2.186733735715957,1.617531131037353e-05,0.0014789640126676
0.1063879156930503,2.1867499108140023,2.186733735738731,1.6175075271185335e-05,0.0014789612529911
0.1063879151940493,2.1867499113293136,2.186733725587238,1.6185742075514042e-05,0.0014789507607079
0.106387915692201,2.1867499108989534,2.186733735721454,1.6175177499633264e-05,0.0014789612279805
0.1063879151885228,2.1867499106044845,2.1867337254748085,1.618512967604957e-05,0.0014789510355001
0.1063879156924877,2.1867499111765523,2.186733735727286,1.617544926624248e-05,0.0014789640284674
0.1063879156934649,2.1867499125628553,2.1867337357471652,1.6176815690105428e-05,0.0014789589919808
0.1063879156934649,2.186749912502471,2.1867337357471652,1.6176755305963297e-05,0.0014789589919801
0.1063879151815304,2.1867499105457346,2.1867337253325583,1.618521317636734e-05,0.0014789439779364
0.1063879156930503,2.186749911193976,2.186733735738731,1.6175455245015513e-05,0.0014789612529901
0.1063879156930503,2.1867499111856534,2.186733735738731,1.617544692233963e-05,0.0014789612529901
0.1063879156928567,2.1867499102909544,2.186733735734793,1.6174556161541176e-05,0.001478958974317
0.1063879156929662,2.18674991145795,2.1867337357370205,1.6175720929378912e-05,0.0014789558102562
0.1063879156938738,2.186749911405802,2.1867337357554844,1.6175650317862278e-05,0.0014789558360761
0.1063879156934649,2.186749912031843,2.1867337357471652,1.6176284677982267e-05,0.0014789589919808
0.1063879156911469,2.186749910670184,2.186733735700009,1.617497017480929e-05,0.0014789713158602
0.1063879151724605,2.186749911489148,2.186733725148043,1.6186341104784674e-05,0.0014789410297024
0.106387915693873,2.186749912067717,2.186733735755468,1.617631224926086e-05,0.0014789558360761
0.1063879156924877,2.186749911096111,2.186733735727286,1.6175368824811187e-05,0.0014789640284674
0.1063879151885228,2.186749911034003,2.1867337254748085,1.6185559194692445e-05,0.0014789439779364
0.1063879156934649,2.186749912333549,2.1867337357471652,1.6176586383753744e-05,0.0014789589919801
0.1063879156924877,2.1867499109163515,2.186733735727286,1.6175189065492646e-05,0.001478964028468
0.1063879151724605,2.186749910718216,2.186733725148043,1.6185570172577712e-05,0.0014789397653969
0.1063879156934649,2.186749912044884,2.1867337357471652,1.6176297718661914e-05,0.0014789589919808
0.1063879156918452,2.186749911180597,2.186733735714215,1.6175466381884718e-05,0.0014789673657373
0.1063879151885228,2.1867499105098114,2.1867337254748085,1.6185035002891368e-05,0.0014789528076878
0.1063879156934649,2.18674991133281,2.1867337357471652,1.6175585644706558e-05,0.0014789589919801
0.106387915692201,2.1867499103444863,2.186733735721454,1.6174623032494395e-05,0.0014789612279805
0.1063879156929662,2.1867499118653786,2.1867337357370205,1.617612835813631e-05,0.0014789571848262
0.1063879156934649,2.1867499128922296,2.1867337357471652,1.6177145064411036e-05,0.0014789589919801
0.1063879156919308,2.186749910689195,2.186733735715957,1.617497323813666e-05,0.0014789640126676
0.1063879151724605,2.1867499108016846,2.186733725148043,1.618565364136515e-05,0.0014789441791579
0.1063879156937381,2.18674991192177,2.1867337357527235,1.6176169046477895e-05,0.0014789572005848
0.1063879156930503,2.1867499119703484,2.186733735738731,1.6176231617315295e-05,0.0014789612529901
0.1063879151885228,2.1867499109109967,2.1867337254748085,1.6185436188198565e-05,0.0014789510355001
0.1063879151885228,2.1867499108601827,2.1867337254748085,1.6185385374178907e-05,0.0014789507607079
0.1063879156928567,2.1867499104968684,2.186733735734793,1.617476207549373e-05,0.001478958974317
0.1063879156912473,2.1867499110372166,2.1867337357020515,1.6175335165069527e-05,0.0014789673483751
0.1063879156928567,2.186749912119497,2.186733735734793,1.6176384704191804e-05,0.001478958974317
0.106387915692201,2.1867499114727385,2.186733735721454,1.6175751284652762e-05,0.0014789612279805
0.1063879156930503,2.1867499108014377,2.186733735738731,1.617506270656932e-05,0.0014789612529911
0.1063879156919308,2.1867499102265726,2.186733735715957,1.6174510615751814e-05,0.0014789640126676
0.1063879151815304,2.1867499118184606,2.1867337253325583,1.618648590229199e-05,0.0014789441791579
0.1063879156924877,2.186749910188156,2.186733735727286,1.6174460869766705e-05,0.0014789640284674
0.1063879156934649,2.1867499111562942,2.1867337357471652,1.6175409129015605e-05,0.0014789589919801
0.1063879156918452,2.1867499111170945,2.186733735714215,1.6175402879348155e-05,0.0014789673657373
0.1063879156930503,2.186749911296682,2.186733735738731,1.6175557950859343e-05,0.0014789612529901
0.1063879151724605,2.1867499114629005,2.186733725148043,1.6186314857336015e-05,0.0014789403426105
0.1063879156929662,2.186749910919338,2.1867337357370205,1.6175182317557102e-05,0.0014789571848262
0.1063879156930503,2.186749909532473,2.186733735738731,1.6173793742080278e-05,0.0014789612529901
0.1063879151940493,2.1867499108213915,2.186733725587238,1.6185234153365258e-05,0.0014789439779364
0.1063879156911469,2.186749911310065,2.186733735700009,1.6175610055846334e-05,0.0014789713158611
0.1063879156924877,2.186749911708674,2.186733735727286,1.6175981388144578e-05,0.001478964028468
0.1063879156934649,2.186749911376427,2.1867337357471652,1.6175629261816482e-05,0.0014789589919808
0.1063879156930503,2.1867499111279876,2.186733735738731,1.6175389256467554e-05,0.0014789612529911
0.1063879156930503,2.18674991137219,2.186733735738731,1.6175633458903604e-05,0.0014789612529901
0.1063879156911469,2.1867499110733184,2.186733735700009,1.6175373309224028e-05,0.0014789713158611
0.1063879156937381,2.186749911630326,2.1867337357527235,1.617587760271988e-05,0.0014789572005841
0.1063879156934649,2.1867499115528366,2.1867337357471652,1.6175805671370114e-05,0.0014789589919801
0.1063879156930503,2.1867499111576776,2.186733735738731,1.6175418946495768e-05,0.0014789612529911
0.1063879156934649,2.1867499099615357,2.1867337357471652,1.617421437050126e-05,0.0014789589919808
0.1063879156934649,2.1867499109111876,2.1867337357471652,1.6175164022413924e-05,0.0014789589919801
0.1063879156937381,2.1867499112934,2.1867337357527235,1.6175540676677258e-05,0.0014789572005848
0.1063879151724605,2.186749910809791,2.186733725148043,1.6185661747769586e-05,0.0014789403426105
0.1063879156911469,2.1867499107052213,2.186733735700009,1.617500521211568e-05,0.0014789713158611
0.1063879156912473,2.186749910626267,2.1867337357020515,1.6174924215572872e-05,0.0014789673483751
0.1063879156918452,2.186749910008982,2.186733735714215,1.6174294766635455e-05,0.0014789673657373
0.1063879156930503,2.1867499097000866,2.186733735738731,1.617396135555893e-05,0.0014789612529901
0.1063879156934649,2.186749911146,2.1867337357471652,1.6175398834583632e-05,0.0014789589919808
0.1063879151724605,2.186749912021584,2.186733725148043,1.6186873540657842e-05,0.0014789410297024
0.106387915692201,2.1867499109407387,2.186733735721454,1.6175219284875197e-05,0.0014789612279805
0.106387915692201,2.1867499109637536,2.186733735721454,1.6175242299798498e-05,0.0014789612279805
0.1063879156918452,2.186749909865272,2.186733735714215,1.6174151056702613e-05,0.0014789673657373
0.1063879152182727,2.18674991173566,2.18673372608003,1.618565562999663e-05,0.0014789441791579
0.1063879151724605,2.186749912630222,2.186733725148043,1.6187482178686707e-05,0.0014789410297024
0.1063879151815304,2.186749910932608,2.1867337253325583,1.6185600049567483e-05,0.0014789439779364
0.106387915693184,2.186749912106375,2.186733735741451,1.6176364924014308e-05,0.0014789548404062
0.106387915692201,2.1867499110124977,2.186733735721454,1.617529104391835e-05,0.0014789612279805
0.1063879149998591,2.186749910850002,2.1867337216367035,1.6189213298378746e-05,0.0014789441791579
0.1063879156924877,2.1867499105935204,2.186733735727286,1.6174866234397456e-05,0.0014789640284674
0.1063879156912473,2.1867499112669995,2.1867337357020515,1.6175564947928933e-05,0.0014789673483751
0.1063879151724605,2.1867499108021393,2.186733725148043,1.61856540961125e-05,0.0014789507607079
0.1063879151724605,2.186749910046644,2.186733725148043,1.6184898600890563e-05,0.0014789528076878
0.1063879156928567,2.1867499113616815,2.186733735734793,1.6175626888603745e-05,0.001478958974317
0.1063879156934649,2.1867499115826594,2.1867337357471652,1.6175835494181e-05,0.0014789589919801
0.106387915018485,2.1867499102324266,2.186733722015622,1.6188216804380318e-05,0.0014789510355001
0.1063879156937381,2.186749911234941,2.1867337357527235,1.6175482217661852e-05,0.0014789572005841
0.1063879156912473,2.1867499100315846,2.1867337357020515,1.6174329533047427e-05,0.0014789673483751
0.1063879156934649,2.186749910555065,2.1867337357471652,1.617480789972703e-05,0.0014789589919801
0.1063879156930503,2.186749910678504,2.186733735738731,1.6174939772906072e-05,0.0014789612529911
0.1063879156930503,2.186749911188347,2.186733735738731,1.617544961574069e-05,0.0014789612529901
0.1063879156930503,2.1867499114406574,2.186733735738731,1.6175701926357533e-05,0.0014789612529911
0.1063879156919308,2.1867499110732536,2.186733735715957,1.617535729669939e-05,0.0014789640126676
0.1063879156924877,2.1867499109432007,2.186733735727286,1.6175215914682184e-05,0.001478964028468
0.1063879156919308,2.186749910924022,2.186733735715957,1.617520806496131e-05,0.0014789640126676
0.1063879151940493,2.186749910774503,2.186733725587238,1.6185187265094214e-05,0.0014789507607079
0.1063879149998591,2.1867499110329387,2.1867337216367035,1.6189396235155584e-05,0.0014789403426105
0.1063879156937381,2.186749911067893,2.1867337357527235,1.6175315169508764e-05,0.0014789572005848
0.1063879151724605,2.1867499113911206,2.186733725148043,1.618624307742067e-05,0.0014789507607079
0.106387915692201,2.1867499107856863,2.186733735721454,1.6175064232459846e-05,0.0014789612279805
0.1063879156929965,2.1867499111160824,2.1867337357376364,1.617537844600392e-05,0.0014789571848262
0.1063879152182727,2.186749910711836,2.18673372608003,1.618463180586005e-05,0.0014789507607079
0.1063879156934649,2.1867499110426634,2.1867337357471652,1.6175295498133124e-05,0.0014789589919808
0.1063879156929662,2.186749912231411,2.1867337357370205,1.6176494390673923e-05,0.0014789571848262
0.1063879156919308,2.1867499112492355,2.186733735715957,1.617553327859511e-05,0.0014789640126676
0.106387915018485,2.1867499108880666,2.186733722015622,1.6188872444367064e-05,0.0014789403426105
0.1063879156918452,2.186749909968372,2.186733735714215,1.617425415689766e-05,0.0014789673657373
0.1063879156918452,2.1867499107772446,2.186733735714215,1.6175063029422176e-05,0.0014789673657366
0.1063879151815304,2.186749911890906,2.1867337253325583,1.6186558347897062e-05,0.0014789441791579
0.1063879156918452,2.186749910619457,2.186733735714215,1.617490524186138e-05,0.0014789673657373
0.1063879151815304,2.1867499117858293,2.1867337253325583,1.618645327106094e-05,0.0014789439779364
0.1063879156934649,2.186749912070256,2.1867337357471652,1.617632309081074e-05,0.0014789589919808
0.1063879156930503,2.186749911216245,2.186733735738731,1.617547751386894e-05,0.0014789612529901
0.1063879156918452,2.1867499109104376,2.186733735714215,1.617519622243435e-05,0.0014789673657366
0.1063879156924877,2.186749911295085,2.186733735727286,1.617556779898166e-05,0.001478964028468
0.1063879152235156,2.186749911176428,2.1867337261866893,1.6184989738654565e-05,0.0014789439779364
0.1063879151724605,2.1867499115636124,2.186733725148043,1.6186415569219292e-05,0.0014789507607079
0.1063879156912473,2.1867499117075213,2.1867337357020515,1.617600546977016e-05,0.0014789673483751
0.1063879156903241,2.1867499108612263,2.1867337356832706,1.6175177955712883e-05,0.0014789712916012
0.1063879151724605,2.1867499128936863,2.186733725148043,1.6187745643048146e-05,0.0014789403426105
0.1063879151940493,2.186749910367074,2.186733725587238,1.6184779835892726e-05,0.0014789510355001
0.1063879156928567,2.1867499126688994,2.186733735734793,1.6176934106493235e-05,0.001478958974317
0.1063879151815304,2.1867499105539423,2.1867337253325583,1.6185221384024118e-05,0.0014789441791579
0.1063879151724605,2.186749910166067,2.186733725148043,1.618501802358452e-05,0.0014789510355001
0.1063879156903998,2.186749911126671,2.1867337356848107,1.6175441860166728e-05,0.0014789759340898
0.1063879151885228,2.186749910404834,2.1867337254748085,1.618493002553123e-05,0.0014789507607079
0.1063879156924877,2.186749910997646,2.186733735727286,1.617527036001931e-05,0.001478964028468
0.1063879156929662,2.1867499113383606,2.1867337357370205,1.6175601340151502e-05,0.0014789548404062
0.1063879156919308,2.1867499124038217,2.186733735715957,1.6176687864799533e-05,0.0014789640126676
0.1063879156912473,2.186749910826195,2.1867337357020515,1.617512414364697e-05,0.0014789673483751
0.1063879156924877,2.186749910814452,2.186733735727286,1.617508716611482e-05,0.001478964028468
0.1063879156918452,2.1867499111735658,2.186733735714215,1.6175459350620258e-05,0.0014789673657373
0.106387915692201,2.1867499111286586,2.186733735721454,1.617540720477706e-05,0.0014789612279805
0.1063879156919308,2.186749910239681,2.186733735715957,1.617452372393302e-05,0.0014789640126676
0.106387915018485,2.186749909965902,2.186733722015622,1.6187950279800134e-05,0.0014789510355001
0.1063879156934649,2.1867499113263693,2.1867337357471652,1.6175579204080748e-05,0.0014789589919808
0.1063879156918452,2.186749910964218,2.186733735714215,1.6175250002969932e-05,0.0014789673657366
0.1063879156938731,2.186749912342345,2.1867337357554697,1.61765868753605e-05,0.0014789548584034
0.1063879156912473,2.186749910571047,2.1867337357020515,1.6174868995300073e-05,0.0014789673483751
0.1063879156924877,2.1867499116275173,2.186733735727286,1.6175900231285567e-05,0.001478964028468
0.1063879156934649,2.186749910619234,2.1867337357471652,1.6174872068841495e-05,0.0014789589919801
0.1063879156918452,2.1867499101138574,2.186733735714215,1.6174399642299164e-05,0.0014789673657366
0.1063879156930503,2.1867499116516007,2.186733735738731,1.617591286962039e-05,0.0014789612529901
0.1063879156924877,2.186749910603498,2.186733735727286,1.6174876212193823e-05,0.001478964028468
0.1063879156937381,2.186749911271057,2.1867337357527235,1.6175518333660932e-05,0.0014789572005841
0.1063879151815304,2.1867499107604496,2.1867337253325583,1.6185427891279858e-05,0.0014789439779364
0.1063879151724605,2.1867499108088513,2.186733725148043,1.6185660808076818e-05,0.0014789410297024
0.1063879156930503,2.186749911187278,2.186733735738731,1.617544854681796e-05,0.0014789612529911
0.1063879151885228,2.18674991108486,2.1867337254748085,1.6185610051344668e-05,0.0014789441791579
0.1063879156918452,2.1867499102503585,2.186733735714215,1.6174536143331864e-05,0.0014789673657366
0.1063879156930503,2.186749912554943,2.186733735738731,1.617681621191025e-05,0.0014789612529911
0.1063879156928567,2.1867499117287905,2.186733735734793,1.6175993997613602e-05,0.001478958974317
0.1063879151940493,2.186749910330864,2.186733725587238,1.6184743625746734e-05,0.0014789510355001
0.1063879156918452,2.1867499107599793,2.186733735714215,1.6175045764121876e-05,0.0014789673657366
0.1063879151724605,2.186749911003462,2.186733725148043,1.6185855418626716e-05,0.0014789441791579
0.1063879156934649,2.186749911866147,2.1867337357471652,1.6176118981636733e-05,0.0014789589919801
0.1063879156934649,2.186749911222092,2.1867337357471652,1.6175474926605204e-05,0.0014789589919801
0.1063879156919308,2.1867499108264807,2.186733735715957,1.617511052387499e-05,0.0014789640126676
0.1063879156930503,2.1867499108937962,2.186733735738731,1.617515506513456e-05,0.0014789612529901
0.1063879151724605,2.1867499113249256,2.186733725148043,1.6186176882371228e-05,0.0014789439779364
0.1063879156937381,2.1867499111574724,2.1867337357527235,1.617540474896373e-05,0.0014789572005848
0.1063879156934649,2.1867499123047796,2.1867337357471652,1.6176557614322462e-05,0.0014789589919808
0.106387915692201,2.1867499098128236,2.186733735721454,1.617409136978054e-05,0.0014789612279805
0.106387915018485,2.18674991110886,2.186733722015622,1.6189093237972685e-05,0.0014789410297024
0.1063879149795981,2.186749911760882,2.1867337212245213,1.6190536360927155e-05,0.0014789397653969
0.1063879156928567,2.1867499119112797,2.186733735734793,1.6176176486748517e-05,0.001478958974317
0.1063879151815304,2.1867499112417432,2.1867337253325583,1.618590918495144e-05,0.0014789441791579
0.106387915018485,2.186749911185074,2.186733722015622,1.61891694516747e-05,0.0014789403426105
0.1063879156911469,2.1867499106170567,2.186733735700009,1.6174917047528936e-05,0.0014789713158602
0.1063879156918452,2.1867499104788757,2.186733735714215,1.6174764660537022e-05,0.0014789673657373
0.106387915692201,2.186749911066896,2.186733735721454,1.617534544218202e-05,0.0014789612279805
0.1063879151724605,2.1867499112612565,2.186733725148043,1.6186113213301212e-05,0.0014789507607079
0.1063879156924877,2.1867499093983165,2.186733735727286,1.6173671030461634e-05,0.0014789640284674
0.1063879156924877,2.186749910818604,2.186733735727286,1.6175091317904844e-05,0.001478964028468
0.1063879156924877,2.1867499116690023,2.186733735727286,1.6175941716323194e-05,0.0014789640284674
0.1063879156930503,2.186749910803587,2.186733735738731,1.6175064855961097e-05,0.0014789612529901
0.1063879151815304,2.1867499119784557,2.1867337253325583,1.618664589742025e-05,0.0014789410297024
0.1063879156924877,2.1867499114718876,2.186733735727286,1.6175744601554243e-05,0.0014789640284674
0.1063879149795981,2.186749910423639,2.1867337212245213,1.6189199117722097e-05,0.0014789403426105
0.1063879156937381,2.1867499108350277,2.1867337357527235,1.617508230422615e-05,0.0014789572005848
0.1063879152182727,2.1867499116144016,2.18673372608003,1.6185534371437882e-05,0.0014789410297024
0.1063879151815304,2.18674991109865,2.1867337253325583,1.618576609185851e-05,0.0014789439779364
0.1063879156929965,2.1867499110798505,2.1867337357376364,1.6175342214097554e-05,0.0014789571848262
0.1063879156912473,2.186749911390493,2.1867337357020515,1.6175688441588676e-05,0.0014789673483751
0.1063879156937381,2.1867499112584374,2.1867337357527235,1.6175505713977856e-05,0.0014789572005848
0.1063879156937381,2.186749911631848,2.1867337357527235,1.61758791246136e-05,0.0014789572005848
0.1063879156928567,2.1867499116185436,2.186733735734793,1.61758837506909e-05,0.001478958974317
0.1063879151815304,2.1867499116187594,2.1867337253325583,1.6186286201147482e-05,0.0014789441791579
0.1063879156930503,2.1867499110510216,2.186733735738731,1.6175312290478416e-05,0.0014789612529911
0.1063879156918452,2.1867499110682322,2.186733735714215,1.6175354017100574e-05,0.0014789673657373
0.1063879156937381,2.186749910588437,2.1867337357527235,1.617483571347833e-05,0.0014789572005841
0.1063879156903241,2.1867499107108275,2.1867337356832706,1.617502755690836e-05,0.0014789712916012
0.106387915018485,2.1867499100960663,2.186733722015622,1.6188080444123898e-05,0.0014789510355001
0.1063879156930503,2.1867499113693976,2.186733735738731,1.6175630666470653e-05,0.0014789612529911
0.1063879156924877,2.186749911541747,2.186733735727286,1.6175814460783755e-05,0.0014789640284674
0.1063879156930503,2.1867499118088074,2.186733735738731,1.61760700763125e-05,0.0014789612529911
0.106387915018485,2.186749910812274,2.186733722015622,1.618879665166162e-05,0.0014789439779364
0.1063879151885228,2.1867499119307254,2.1867337254748085,1.6186455916944453e-05,0.0014789507607079
0.1063879156937381,2.1867499108876935,2.1867337357527235,1.6175134970097815e-05,0.0014789572005848
0.1063879156924877,2.186749911128104,2.186733735727286,1.6175400817886043e-05,0.001478964028468
0.1063879156930503,2.186749910652131,2.186733735738731,1.6174913399780166e-05,0.0014789612529901
0.1063879151815304,2.1867499111452697,2.1867337253325583,1.6185812711455583e-05,0.0014789410297024
0.1063879151940493,2.1867499108934374,2.186733725587238,1.618530619929004e-05,0.0014789439779364
0.1063879156930503,2.186749911065303,2.186733735738731,1.6175326571943316e-05,0.0014789612529901
0.1063879151815304,2.1867499117653644,2.1867337253325583,1.6186432806097883e-05,0.0014789441791579
0.1063879151940493,2.1867499108533424,2.186733725587238,1.618526610425164e-05,0.0014789507607079
0.1063879156930503,2.1867499104325803,2.186733735738731,1.6174693849180244e-05,0.0014789612529911
0.1063879156918452,2.1867499112796014,2.186733735714215,1.6175565386244983e-05,0.0014789673657366
0.1063879156929662,2.1867499113179187,2.1867337357370205,1.6175580898281083e-05,0.0014789571848262
0.1063879156937381,2.186749911710262,2.1867337357527235,1.6175957538333563e-05,0.0014789572005841
0.1063879156930503,2.1867499108326682,2.186733735738731,1.6175093937143004e-05,0.0014789612529911
0.1063879156937381,2.1867499114249953,2.1867337357527235,1.6175672271856456e-05,0.0014789572005848
0.1063879151815304,2.1867499110935045,2.1867337253325583,1.6185760946196837e-05,0.0014789507607079
0.1063879156898393,2.1867499100068035,2.186733735673408,1.6174333395735374e-05,0.0014789759182094
0.1063879156934649,2.1867499114218605,2.1867337357471652,1.6175674695251274e-05,0.0014789589919808
0.1063879156918452,2.1867499122646943,2.186733735714215,1.6176550479141127e-05,0.0014789673657366
0.1063879152182727,2.1867499113605646,2.18673372608003,1.6185280534486424e-05,0.0014789439779364
0.1063879151885228,2.1867499113892226,2.1867337254748085,1.6185914414101887e-05,0.0014789439779364
0.1063879156924877,2.1867499110113036,2.186733735727286,1.617528401753887e-05,0.001478964028468
0.1063879156928567,2.1867499105480697,2.186733735734793,1.617481327675918e-05,0.001478958974317
0.1063879156924877,2.186749911375234,2.186733735727286,1.6175647947758165e-05,0.001478964028468
0.1063879156937381,2.186749911506582,2.1867337357527235,1.6175753858593822e-05,0.0014789572005841
0.1063879151940493,2.186749910298649,2.186733725587238,1.6184711411071362e-05,0.0014789439779364
0.1063879156934649,2.1867499116762086,2.1867337357471652,1.6175929043349413e-05,0.0014789589919808
0.1063879156918452,2.1867499109073933,2.186733735714215,1.6175193178202818e-05,0.0014789673657373
0.1063879151724605,2.1867499113863724,2.186733725148043,1.618623832921884e-05,0.0014789410297024
0.1063879151724605,2.1867499113758875,2.186733725148043,1.6186227844272594e-05,0.0014789403426105
0.1063879156928567,2.186749910522801,2.186733735734793,1.617478800808314e-05,0.001478958974317
0.1063879151885228,2.1867499112584223,2.1867337254748085,1.6185783613842375e-05,0.0014789439779364
0.1063879151940493,2.18674991099092,2.186733725587238,1.6185403681756583e-05,0.0014789528076878
0.1063879149998591,2.1867499112245623,2.1867337216367035,1.6189587858761456e-05,0.0014789410297024
0.1063879151885228,2.186749910841146,2.1867337254748085,1.6185366337406748e-05,0.0014789441791579
0.1063879151940493,2.1867499115680373,2.186733725587238,1.618598079922151e-05,0.0014789507607079
0.1063879156928567,2.186749912002204,2.186733735734793,1.617626741090561e-05,0.001478958974317
0.1063879156912473,2.186749911060833,2.1867337357020515,1.6175358781289617e-05,0.0014789673483751
0.1063879156934649,2.186749912364076,2.1867337357471652,1.6176616910890118e-05,0.0014789589919808
0.1063879151815304,2.1867499112520314,2.1867337253325583,1.6185919473166166e-05,0.0014789410297024
0.1063879156924877,2.1867499111884676,2.186733735727286,1.617546118160007e-05,0.001478964028468
0.1063879156938731,2.186749911748442,2.1867337357554697,1.6175992972211617e-05,0.0014789548584034
0.1063879156930503,2.1867499108780453,2.186733735738731,1.6175139314178466e-05,0.0014789612529901
0.1063879156934649,2.18674991097823,2.1867337357471652,1.6175231064785578e-05,0.0014789589919808
0.1063879156934649,2.1867499116657654,2.1867337357471652,1.6175918600147554e-05,0.0014789589919808
0.106387915692201,2.1867499117711864,2.186733735721454,1.6176049732585795e-05,0.0014789612279805
0.1063879156918452,2.186749910687177,2.186733735714215,1.617497296191317e-05,0.0014789673657366
0.106387915693873,2.1867499112501525,2.186733735755468,1.617549468457824e-05,0.0014789558360761
0.106387915018485,2.186749910947873,2.186733722015622,1.6188932250749133e-05,0.0014789441791579
0.1063879156937381,2.1867499115293225,2.1867337357527235,1.617577659906999e-05,0.0014789572005848
0.1063879156928567,2.1867499112177957,2.186733735734793,1.6175483002811575e-05,0.001478958974317
0.106387915692201,2.1867499117138816,2.186733735721454,1.6175992427758246e-05,0.0014789612279805
0.1063879151815304,2.1867499112223685,2.1867337253325583,1.6185889810227394e-05,0.0014789441791579
0.1063879156903241,2.1867499104923263,2.1867337356832706,1.617480905569124e-05,0.0014789712916012
0.1063879156903998,2.1867499111094726,2.1867337356848107,1.61754246619239e-05,0.0014789759340898
0.1063879156924877,2.1867499111401574,2.186733735727286,1.6175412871355377e-05,0.001478964028468
0.1063879156919308,2.186749911793702,2.186733735715957,1.6176077745289064e-05,0.0014789640126676
0.106387915692201,2.186749910959118,2.186733735721454,1.6175237664395326e-05,0.0014789612279805
0.1063879156924877,2.1867499107682753,2.186733735727286,1.617504098927469e-05,0.001478964028468
0.1063879151815304,2.1867499107574204,2.1867337253325583,1.6185424862147357e-05,0.0014789441791579
0.1063879151940493,2.18674991096468,2.186733725587238,1.618537744185744e-05,0.0014789441791579
0.1063879151815304,2.186749910586875,2.1867337253325583,1.6185254316791742e-05,0.0014789441791579
0.1063879156919308,2.186749911082918,2.186733735715957,1.6175366960968773e-05,0.0014789640126676
0.1063879156929662,2.1867499133649626,2.1867337357370205,1.617762794214883e-05,0.0014789558102562
0.1063879156929662,2.1867499124506273,2.1867337357370205,1.617671360687467e-05,0.0014789558102562
0.1063879156912473,2.1867499106511725,2.1867337357020515,1.617494912098394e-05,0.0014789673483751
0.1063879156937381,2.1867499114818827,2.1867337357527235,1.617572915924015e-05,0.0014789572005848
0.1063879156918452,2.186749911067675,2.186733735714215,1.6175353459768615e-05,0.0014789673657366
0.1063879156934649,2.186749910628961,2.1867337357471652,1.6174881795727458e-05,0.0014789589919801
0.1063879156928567,2.1867499107138757,2.186733735734793,1.617497908279475e-05,0.001478958974317
0.1063879156930503,2.1867499106594437,2.186733735738731,1.6174920712597185e-05,0.0014789612529901
0.1063879156930503,2.186749911193889,2.186733735738731,1.6175455157974028e-05,0.0014789612529901
0.1063879151815304,2.1867499107738486,2.1867337253325583,1.6185441290339497e-05,0.0014789441791579
0.1063879156934649,2.186749911592582,2.1867337357471652,1.6175845416910306e-05,0.0014789589919808
0.1063879151724605,2.186749912137992,2.186733725148043,1.6186989948874242e-05,0.0014789403426105
0.1063879156903241,2.1867499110536017,2.1867337356832706,1.6175370331161787e-05,0.0014789712916012
0.1063879151724605,2.1867499111566717,2.186733725148043,1.6186008628515935e-05,0.0014789439779364
0.1063879156928567,2.186749910941154,2.186733735734793,1.6175206360991012e-05,0.001478958974317
0.1063879151885228,2.186749910834872,2.1867337254748085,1.618536006331439e-05,0.0014789510355001
0.1063879156934649,2.1867499124314183,2.1867337357471652,1.617668425302199e-05,0.0014789589919808
0.106387915693873,2.1867499119360763,2.186733735755468,1.6176180608340474e-05,0.0014789548584041
0.1063879156930503,2.186749910878374,2.186733735738731,1.617513964280448e-05,0.0014789612529911
0.1063879156934649,2.18674991082195,2.1867337357471652,1.617507478490765e-05,0.0014789589919801
0.1063879156930503,2.1867499112438917,2.186733735738731,1.61755051606427e-05,0.0014789612529901
0.106387915018485,2.1867499104193477,2.186733722015622,1.6188403725525546e-05,0.0014789441791579
0.1063879156934649,2.186749910575037,2.1867337357471652,1.6174827871751063e-05,0.0014789589919808
0.1063879156934649,2.186749910834229,2.1867337357471652,1.6175087063974303e-05,0.0014789589919801
0.1063879156938731,2.1867499117580222,2.1867337357554697,1.617600255254814e-05,0.001478954228981
0.1063879156934649,2.1867499110501187,2.1867337357471652,1.617530295350278e-05,0.0014789589919801
0.1063879156934649,2.186749911079857,2.1867337357471652,1.6175332691936717e-05,0.0014789589919808
0.1063879151724605,2.1867499100275505,2.186733725148043,1.6184879507274985e-05,0.0014789528076878
0.1063879156924877,2.1867499107399206,2.186733735727286,1.6175012634622732e-05,0.0014789640284674
0.1063879156924877,2.1867499108770327,2.186733735727286,1.6175149746722184e-05,0.0014789640284674
0.1063879151724605,2.186749912252808,2.186733725148043,1.6187104764586735e-05,0.0014789403426105
0.1063879156930503,2.1867499094042273,2.186733735738731,1.61736654962219e-05,0.0014789612529901
0.1063879156934649,2.1867499104294685,2.1867337357471652,1.6174682303304877e-05,0.0014789589919808
0.1063879156938731,2.1867499128942685,2.1867337357554697,1.6177138798756374e-05,0.0014789558360751
0.1063879156930503,2.186749911158964,2.186733735738731,1.617542023302221e-05,0.0014789612529901
0.1063879156924877,2.1867499111098714,2.186733735727286,1.6175382585359444e-05,0.001478964028468
0.1063879156930503,2.1867499104241226,2.186733735738731,1.6174685391501242e-05,0.0014789612529911
0.1063879151815304,2.1867499103110655,2.1867337253325583,1.618497850719436e-05,0.0014789441791579
0.1063879156924877,2.1867499107618666,2.186733735727286,1.6175034580623304e-05,0.0014789640284674
0.1063879156912473,2.1867499114962445,2.1867337357020515,1.6175794192996307e-05,0.0014789673483751
0.1063879151724605,2.186749911594382,2.186733725148043,1.6186446338828375e-05,0.0014789410297024
0.1063879156934649,2.1867499121164156,2.1867337357471652,1.617636925033139e-05,0.0014789589919801
0.1063879156924877,2.1867499108600756,2.186733735727286,1.6175132789619795e-05,0.001478964028468
0.1063879156937381,2.1867499110543047,2.1867337357527235,1.617530158126712e-05,0.0014789572005841
0.1063879156918452,2.1867499109950543,2.186733735714215,1.6175280839192396e-05,0.0014789673657366
0.1063879151940493,2.186749910880498,2.186733725587238,1.6185293259862732e-05,0.0014789441791579
0.1063879156929662,2.186749911304719,2.1867337357370205,1.61755676986175e-05,0.0014789558102562
0.106387915018485,2.1867499105363857,2.186733722015622,1.6188520763460446e-05,0.0014789625997043
0.1063879156934649,2.1867499109927255,2.1867337357471652,1.6175245560301477e-05,0.0014789589919808
0.1063879151724605,2.186749910665134,2.186733725148043,1.618551709059446e-05,0.0014789441791579
0.1063879156930503,2.186749911701384,2.186733735738731,1.6175962652908993e-05,0.0014789612529901
0.1063879156937381,2.1867499118325195,2.1867337357527235,1.6176079796093035e-05,0.0014789572005841
0.1063879156934649,2.1867499112242075,2.1867337357471652,1.61754770422462e-05,0.0014789589919808
0.1063879156918452,2.186749911192393,2.186733735714215,1.617547817778231e-05,0.0014789673657373
0.1063879156911469,2.18674991125941,2.186733735700009,1.6175559400810613e-05,0.0014789713158611
0.1063879156928567,2.1867499106793096,2.186733735734793,1.617494451666701e-05,0.001478958974317
0.1063879151940493,2.1867499108601938,2.186733725587238,1.618527295565997e-05,0.0014789441791579
0.1063879151940493,2.1867499116236715,2.186733725587238,1.6186036433385453e-05,0.0014789507607079
0.1063879156930503,2.1867499109333988,2.186733735738731,1.6175194667678028e-05,0.0014789612529901
0.1063879151815304,2.18674991175374,2.1867337253325583,1.6186421181618726e-05,0.0014789510355001
0.1063879156912473,2.1867499111561433,2.1867337357020515,1.6175454091715835e-05,0.0014789673483751
0.1063879151885228,2.186749911330425,2.1867337254748085,1.6185855616690503e-05,0.0014789507607079
0.1063879156934649,2.1867499128962367,2.1867337357471652,1.6177149071427976e-05,0.0014789589919808
0.1063879151815304,2.186749910665652,2.1867337253325583,1.6185333093776677e-05,0.0014789441791579
0.1063879156930503,2.1867499116377735,2.186733735738731,1.6175899042458752e-05,0.0014789612529911
0.1063879156912473,2.186749910335126,2.1867337357020515,1.6174633074239608e-05,0.0014789673483751
0.1063879156924877,2.186749911859609,2.186733735727286,1.6176132322964776e-05,0.0014789640284674
0.1063879151885228,2.186749911774566,2.1867337254748085,1.61862997574147e-05,0.0014789439779364
0.1063879156911469,2.186749910885587,2.186733735700009,1.617518557761599e-05,0.0014789713158611
0.1063879151815304,2.1867499111790147,2.1867337253325583,1.618584645646237e-05,0.0014789439779364
0.1063879156937381,2.186749910869589,2.1867337357527235,1.6175116865468908e-05,0.0014789572005848
0.1063879156930503,2.1867499112375137,2.186733735738731,1.617549878263347e-05,0.0014789612529911
0.1063879156918452,2.1867499104738894,2.186733735714215,1.6174759674303374e-05,0.0014789673657373
0.1063879151724605,2.1867499107919546,2.186733725148043,1.6185643911370562e-05,0.0014789441791579
0.1063879151940493,2.186749911335764,2.186733725587238,1.6185748525909815e-05,0.0014789441791579
0.1063879156934649,2.1867499118675644,2.1867337357471652,1.617612039916949e-05,0.0014789589919808
0.1063879156930503,2.186749911312735,2.186733735738731,1.61755740037961e-05,0.0014789612529901
0.106387915692201,2.186749910909726,2.186733735721454,1.6175188272349317e-05,0.0014789612279805
0.1063879151815304,2.1867499119264626,2.1867337253325583,1.6186593904343738e-05,0.0014789410297024
0.1063879156930503,2.1867499113082385,2.186733735738731,1.617556950739285e-05,0.0014789612529911
0.1063879156928567,2.1867499108946666,2.186733735734793,1.6175159873732525e-05,0.001478958974317
0.1063879156918452,2.186749911021214,2.186733735714215,1.6175306998711392e-05,0.0014789673657373
0.1063879156903998,2.186749910623222,2.1867337356848107,1.6174938411328554e-05,0.0014789759340898
0.1063879156930503,2.186749910776579,2.186733735738731,1.617503784778762e-05,0.0014789612529901
0.1063879156911469,2.186749910193394,2.186733735700009,1.6174493384646382e-05,0.0014789713158611
0.1063879151885228,2.1867499114767006,2.1867337254748085,1.618600189212671e-05,0.0014789507607079
0.1063879156930503,2.1867499098671592,2.186733735738731,1.6174128428136925e-05,0.0014789612529901
0.1063879156912473,2.1867499108328734,2.1867337357020515,1.6175130821860506e-05,0.0014789673483751
0.1063879156919308,2.186749911411964,2.186733735715957,1.6175696007092455e-05,0.0014789640126676
0.1063879156937381,2.1867499108068458,2.1867337357527235,1.6175054122324894e-05,0.0014789572005848
0.1063879156934649,2.1867499109360478,2.1867337357471652,1.617518888252789e-05,0.0014789589919808
0.1063879156930503,2.1867499107662853,2.186733735738731,1.6175027554243826e-05,0.0014789612529911
0.1063879156928567,2.1867499113019826,2.186733735734793,1.6175567189691265e-05,0.001478958974317
0.1063879156912473,2.186749909075582,2.1867337357020515,1.6173373530659063e-05,0.0014789673483751
0.1063879156924877,2.1867499105174915,2.186733735727286,1.617479020543655e-05,0.0014789640284674
0.1063879156924877,2.186749911175456,2.186733735727286,1.6175448169786222e-05,0.001478964028468
0.106387915692201,2.1867499105175394,2.186733735721454,1.617479608562178e-05,0.0014789612279805
0.1063879156928567,2.1867499113846534,2.186733735734793,1.6175649860450392e-05,0.001478958974317
0.1063879156918452,2.1867499106951396,2.186733735714215,1.6174980924432703e-05,0.0014789673657373
0.1063879156918452,2.1867499109450566,2.186733735714215,1.6175230841408705e-05,0.0014789673657373
0.1063879156919308,2.186749911398994,2.186733735715957,1.6175683037022992e-05,0.0014789640126676
0.1063879151940493,2.1867499100906462,2.186733725587238,1.6184503408123163e-05,0.0014789510355001
0.1063879156924877,2.1867499112087345,2.186733735727286,1.617548144849934e-05,0.0014789640284674
0.106387915693873,2.1867499119240295,2.186733735755468,1.6176168561532478e-05,0.0014789558360761
0.1063879152235156,2.186749911661261,2.1867337261866893,1.618547457171715e-05,0.0014789439779364
0.1063879156934649,2.186749911691448,2.1867337357471652,1.6175944282714738e-05,0.0014789589919801
0.1063879156919308,2.1867499108753568,2.186733735715957,1.617515939988934e-05,0.0014789640126676
0.1063879156918452,2.186749911088806,2.186733735714215,1.6175374590865488e-05,0.0014789673657366
0.1063879156896358,2.186749909938444,2.1867337356692675,1.6174269176438827e-05,0.0014789812795277
0.1063879156912473,2.186749910636431,2.1867337357020515,1.6174934379442618e-05,0.0014789673483751
0.1063879151724605,2.1867499115327185,2.186733725148043,1.618638467526523e-05,0.0014789403426105
0.1063879156929662,2.1867499126051126,2.1867337357370205,1.61768680921881e-05,0.0014789571848262
0.1063879156903241,2.1867499108750206,2.1867337356832706,1.617519175001192e-05,0.0014789712916012
0.1063879156930503,2.1867499115539797,2.186733735738731,1.6175815248598013e-05,0.0014789612529901
0.1063879156930503,2.18674991051727,2.186733735738731,1.617477853876892e-05,0.0014789612529901
0.1063879151940493,2.186749911370619,2.186733725587238,1.618578338069554e-05,0.0014789441791579
0.1063879156911469,2.186749910650311,2.186733735700009,1.6174950301817148e-05,0.0014789713158611
0.1063879156903998,2.18674991074608,2.1867337356848107,1.6175061269496638e-05,0.0014789759340898
0.1063879156934649,2.1867499108623907,2.1867337357471652,1.6175115225447456e-05,0.0014789589919808
0.1063879156924877,2.186749910648393,2.186733735727286,1.6174921106948403e-05,0.0014789640284674
0.106387915693184,2.1867499111109905,2.186733735741451,1.6175369539350726e-05,0.0014789571848262
0.1063879156928567,2.18674991088278,2.186733735734793,1.6175147987240734e-05,0.001478958974317
0.1063879156924877,2.1867499117168534,2.186733735727286,1.6175989567379645e-05,0.001478964028468
0.1063879151724605,2.1867499118543083,2.186733725148043,1.618670626513108e-05,0.0014789507607079
0.1063879156911469,2.186749911171287,2.186733735700009,1.6175471277968256e-05,0.0014789713158602
0.1063879156934649,2.1867499111557605,2.1867337357471652,1.6175408595220375e-05,0.0014789589919808
0.1063879156934649,2.1867499110211317,2.1867337357471652,1.6175273966467785e-05,0.0014789589919801
0.1063879156930503,2.1867499111200144,2.186733735738731,1.617538128328988e-05,0.0014789612529901
0.1063879156912473,2.1867499109361836,2.1867337357020515,1.617523413210975e-05,0.0014789673483751
0.1063879156912473,2.1867499115409434,2.1867337357020515,1.6175838891907546e-05,0.0014789673483751
0.1063879156912473,2.1867499112089157,2.1867337357020515,1.617550686416891e-05,0.0014789673483751
0.1063879152182727,2.1867499111129027,2.18673372608003,1.618503287259543e-05,0.0014789439779364
0.1063879156903998,2.1867499106864203,2.1867337356848107,1.6175001609664008e-05,0.0014789759340898
0.1063879156937381,2.186749911651325,2.1867337357527235,1.6175898601478167e-05,0.0014789572005841
0.1063879151885228,2.1867499115880378,2.1867337254748085,1.6186113229288424e-05,0.0014789439779364
0.1063879151885228,2.1867499117546836,2.1867337254748085,1.6186279875096687e-05,0.0014789410297024
0.1063879156929965,2.1867499114004505,2.1867337357376364,1.6175662814088554e-05,0.0014789571848262
0.1063879149795981,2.186749912163583,2.1867337212245213,1.6190939061910825e-05,0.0014789403426105
0.1063879156937381,2.1867499116948164,2.1867337357527235,1.6175942092910844e-05,0.0014789572005841
0.1063879151940493,2.1867499110492536,2.186733725587238,1.6185462015538832e-05,0.0014789441791579
0.106387915018485,2.186749909558112,2.186733722015622,1.6187542489998208e-05,0.0014789510355001
0.1063879156918452,2.1867499111664332,2.186733735714215,1.617545221810346e-05,0.0014789673657366
0.1063879151940493,2.1867499106467414,2.186733725587238,1.6185059503293076e-05,0.0014789507607079
0.106387915018485,2.186749910849401,2.186733722015622,1.618883377885183e-05,0.0014789528076878
0.1063879151815304,2.1867499111646294,2.1867337253325583,1.6185832071080597e-05,0.0014789441791579
0.1063879156928567,2.1867499117133504,2.186733735734793,1.6175978557519954e-05,0.001478958974317
0.1063879152182727,2.1867499105650623,2.18673372608003,1.618448503215575e-05,0.0014789439779364
0.1063879151940493,2.1867499096653913,2.186733725587238,1.6184078153180792e-05,0.0014789528076878
0.1063879156919308,2.186749910437146,2.186733735715957,1.617472118908836e-05,0.0014789640126676
0.1063879156934649,2.186749910941768,2.1867337357471652,1.6175194602841003e-05,0.0014789589919808
0.1063879156924877,2.186749912208813,2.186733735727286,1.617648152718587e-05,0.001478964028468
0.1063879156903241,2.18674991138447,2.1867337356832706,1.6175701199383496e-05,0.0014789712916012
0.1063879156930503,2.186749911260546,2.186733735738731,1.6175521814876248e-05,0.0014789612529911
0.1063879156903241,2.1867499110044055,2.1867337356832706,1.617532113495912e-05,0.0014789712916012
0.1063879156924877,2.186749910293827,2.186733735727286,1.617456654079419e-05,0.001478964028468
0.1063879156924877,2.1867499113071935,2.186733735727286,1.6175579907518056e-05,0.001478964028468
0.1063879156918452,2.186749911170882,2.186733735714215,1.6175456666989163e-05,0.0014789673657373
0.1063879156934649,2.1867499112213253,2.1867337357471652,1.6175474160107228e-05,0.0014789589919808
0.106387915692201,2.1867499104612818,2.186733735721454,1.6174739827956586e-05,0.0014789612279805
0.1063879151815304,2.186749911530544,2.1867337253325583,1.618619798593457e-05,0.0014789439779364
0.106387915692201,2.1867499106204025,2.186733735721454,1.617489894867319e-05,0.0014789612279805
0.1063879156930503,2.1867499111343105,2.186733735738731,1.6175395579409724e-05,0.0014789612529901
0.1063879156930503,2.186749910355292,2.186733735738731,1.617461656078234e-05,0.0014789612529901
0.1063879156938737,2.186749911448057,2.186733735755482,1.6175692574726952e-05,0.0014789558360751
0.1063879152182727,2.1867499105403794,2.18673372608003,1.6184460349233376e-05,0.0014789510355001
0.1063879156912473,2.186749911104625,2.1867337357020515,1.617540257337069e-05,0.0014789673483751
0.1063879149998591,2.186749911264308,2.1867337216367035,1.618962760430165e-05,0.0014789510355001
0.106387915693873,2.1867499115277056,2.186733735755468,1.617577223766986e-05,0.0014789558360761
0.106387915692201,2.1867499120863862,2.186733735721454,1.6176364932452003e-05,0.0014789612279805
0.1063879151724605,2.186749910738863,2.186733725148043,1.6185590819617346e-05,0.0014789507607079
0.1063879156911469,2.1867499108770416,2.186733735700009,1.6175177032451415e-05,0.0014789713158611
0.1063879156924877,2.186749911170508,2.186733735727286,1.6175443222188335e-05,0.001478964028468
0.1063879151940493,2.1867499103633112,2.186733725587238,1.618477607312485e-05,0.0014789507607079
0.1063879156911469,2.1867499106384782,2.186733735700009,1.617493846906015e-05,0.0014789713158611
0.1063879156924877,2.186749910863629,2.186733735727286,1.6175136342777563e-05,0.001478964028468
0.1063879156934649,2.1867499111827695,2.1867337357471652,1.617543560428203e-05,0.0014789589919801
0.1063879156924877,2.186749911236549,2.186733735727286,1.617550926313882e-05,0.001478964028468
0.1063879156918452,2.1867499109716593,2.186733735714215,1.6175257444128732e-05,0.0014789673657366
0.1063879156919308,2.186749910818423,2.186733735715957,1.6175102466320368e-05,0.0014789640126676
0.1063879156918452,2.1867499110624222,2.186733735714215,1.617534820708144e-05,0.0014789673657373
0.106387915692201,2.1867499113237394,2.186733735721454,1.617560228561743e-05,0.0014789612279805
0.1063879156934649,2.186749911932831,2.1867337357471652,1.6176185665628395e-05,0.0014789589919801
0.1063879156937381,2.1867499106915282,2.1867337357527235,1.6174938804791594e-05,0.0014789572005841
0.1063879151724605,2.1867499109914403,2.186733725148043,1.6185843397131805e-05,0.0014789410297024
0.1063879156903241,2.1867499111302755,2.1867337356832706,1.6175447004940224e-05,0.0014789712916012
0.1063879151815304,2.18674991147913,2.1867337253325583,1.61861465715063e-05,0.0014789441791579
0.1063879151940493,2.1867499110441075,2.186733725587238,1.6185456869433068e-05,0.0014789510355001
0.1063879156924877,2.1867499110545983,2.186733735727286,1.617532731224003e-05,0.0014789640284674
0.1063879156918452,2.1867499114134903,2.186733735714215,1.617569927514495e-05,0.0014789673657366
0.1063879151815304,2.186749911062247,2.1867337253325583,1.6185729688533712e-05,0.0014789441791579
0.1063879156912473,2.1867499109100508,2.1867337357020515,1.6175207999236108e-05,0.0014789673483751
0.1063879151940493,2.1867499108208213,2.186733725587238,1.6185233583154712e-05,0.0014789507607079
0.1063879156930503,2.1867499104097816,2.186733735738731,1.617467105052839e-05,0.0014789612529901
0.106387915018485,2.186749911357986,2.186733722015622,1.6189342363581716e-05,0.0014789410297024
0.1063879151940493,2.1867499112017366,2.186733725587238,1.6185614498454015e-05,0.0014789507607079
0.1063879151940493,2.1867499113944606,2.186733725587238,1.618580722251295e-05,0.0014789507607079
0.106387915692201,2.1867499107756125,2.186733735721454,1.617505415874021e-05,0.0014789612279805
0.1063879156924877,2.1867499106484436,2.186733735727286,1.6174921157574573e-05,0.0014789640284674
0.1063879156934649,2.1867499111900583,2.1867337357471652,1.617544289311823e-05,0.0014789589919801
0.1063879151724605,2.1867499111418636,2.186733725148043,1.6185993820361233e-05,0.0014789410297024
0.1063879156930503,2.186749911185118,2.186733735738731,1.6175446386768044e-05,0.0014789612529911
0.1063879156929662,2.186749911786329,2.1867337357370205,1.61760493084806e-05,0.0014789558102562
0.1063879156918452,2.186749910357785,2.186733735714215,1.6174643569843994e-05,0.0014789673657366
0.1063879151885228,2.186749911174994,2.1867337254748085,1.6185700185467056e-05,0.0014789439779364
0.1063879152182727,2.1867499113333393,2.18673372608003,1.6185253309153325e-05,0.0014789410297024
0.106387915692201,2.186749911797036,2.186733735721454,1.6176075582130522e-05,0.0014789612279805
0.1063879156930503,2.186749911858851,2.186733735738731,1.6176120119837378e-05,0.0014789612529911
0.1063879156928567,2.1867499118648426,2.186733735734793,1.617613004967211e-05,0.001478958974317
0.1063879156929965,2.1867499105854478,2.1867337357376364,1.6174847811356585e-05,0.0014789571848262
0.1063879156928567,2.1867499109548514,2.186733735734793,1.61752200584786e-05,0.001478958974317
0.1063879156928567,2.1867499110445774,2.186733735734793,1.6175309784483005e-05,0.001478958974317
0.106387915693873,2.186749911313718,2.186733735755468,1.617555825017547e-05,0.0014789558360761
0.1063879151940493,2.186749911910018,2.186733725587238,1.618632277988752e-05,0.0014789439779364
0.1063879156937381,2.1867499112602826,2.1867337357527235,1.6175507559168523e-05,0.0014789572005848
0.1063879156930503,2.1867499114601245,2.186733735738731,1.6175721393452136e-05,0.0014789612529901
0.1063879156929662,2.1867499111858923,2.1867337357370205,1.6175448871891263e-05,0.0014789571848262
0.1063879156934649,2.186749911715274,2.1867337357471652,1.6175968108989025e-05,0.0014789589919801
0.1063879156934649,2.186749911431317,2.1867337357471652,1.617568415168691e-05,0.0014789589919801
0.1063879156928567,2.1867499121553196,2.186733735734793,1.6176420526647917e-05,0.001478958974317
0.1063879156937381,2.1867499109275474,2.1867337357527235,1.6175174823995775e-05,0.0014789572005848
0.1063879156934649,2.1867499114910793,2.1867337357471652,1.6175743914104146e-05,0.0014789589919801
0.1063879156930503,2.186749910768029,2.186733735738731,1.6175029297738064e-05,0.0014789612529901
0.1063879156911469,2.1867499104009167,2.186733735700009,1.6174700907534145e-05,0.0014789713158611
0.1063879156929662,2.1867499121330174,2.1867337357370205,1.617639599693632e-05,0.0014789571848262
0.1063879151724605,2.1867499106656645,2.186733725148043,1.6185517621281065e-05,0.0014789439779364
0.1063879156934649,2.186749911683007,2.1867337357471652,1.6175935841911127e-05,0.0014789589919808
0.1063879156928567,2.1867499110696142,2.186733735734793,1.6175334821344478e-05,0.001478958974317
0.1063879156912473,2.1867499115386932,2.1867337357020515,1.617583664170752e-05,0.0014789673483751
0.1063879151940493,2.1867499111817654,2.186733725587238,1.618559452731816e-05,0.0014789510355001
0.106387915692201,2.186749911161828,2.186733735721454,1.6175440374244232e-05,0.0014789612279805
0.106387915692201,2.1867499108587123,2.186733735721454,1.6175137258489514e-05,0.0014789612279805
0.1063879156930503,2.1867499108973836,2.186733735738731,1.6175158652487198e-05,0.0014789612529901
0.1063879151940493,2.186749910847205,2.186733725587238,1.618525996693876e-05,0.0014789439779364
0.1063879156930503,2.1867499105905694,2.186733735738731,1.617485183835754e-05,0.0014789612529901
0.106387915692201,2.1867499103132104,2.186733735721454,1.6174591756623613e-05,0.0014789612279805
0.1063879156929662,2.1867499111753954,2.1867337357370205,1.617543837495461e-05,0.0014789542132586
0.106387915693873,2.186749911703668,2.186733735755468,1.6175948200025658e-05,0.0014789558360761
0.106387915692201,2.186749911170485,2.186733735721454,1.617544903131929e-05,0.0014789612279805
0.1063879151815304,2.1867499110105326,2.1867337253325583,1.6185677974345225e-05,0.0014789441791579
0.1063879156930503,2.186749910625997,2.186733735738731,1.6174887266018345e-05,0.0014789612529901
0.1063879156928567,2.186749910908455,2.186733735734793,1.6175173662258402e-05,0.001478958974317
0.1063879151724605,2.186749911551775,2.186733725148043,1.6186403731577315e-05,0.0014789403426105
0.1063879156930503,2.186749911860417,2.186733735738731,1.6176121685695932e-05,0.0014789612529911
0.1063879156924877,2.186749909674088,2.186733735727286,1.6173946801867345e-05,0.001478964028468
0.1063879156937381,2.1867499108094903,2.1867337357527235,1.617505676687614e-05,0.0014789572005841
0.1063879151940493,2.186749910209949,2.186733725587238,1.6184622710913033e-05,0.0014789528076878
0.1063879156928567,2.1867499115525324,2.186733735734793,1.617581773949439e-05,0.001478958974317
0.1063879151815304,2.18674991186063,2.1867337253325583,1.618652807167109e-05,0.0014789439779364
0.1063879151724605,2.186749910138878,2.186733725148043,1.6184990834666735e-05,0.0014789507607079
0.1063879156934649,2.186749911106053,2.1867337357471652,1.6175358887871027e-05,0.0014789589919801
0.106387915693873,2.1867499120131213,2.186733735755468,1.617625765337749e-05,0.0014789548584041
0.106387915693873,2.1867499113035103,2.186733735755468,1.6175548042340893e-05,0.0014789558360761
0.1063879156928567,2.1867499111161353,2.186733735734793,1.6175381342353745e-05,0.001478958974317
0.1063879156924877,2.1867499106473858,2.186733735727286,1.6174920099754075e-05,0.001478964028468
0.1063879156919308,2.186749910469657,2.186733735715957,1.6174753699971234e-05,0.0014789640126676
0.1063879156937381,2.1867499111281568,2.1867337357527235,1.617537543330272e-05,0.0014789572005841
0.1063879156903241,2.1867499108071766,2.1867337356832706,1.617512390605924e-05,0.0014789712916012
0.106387915692201,2.1867499123464333,2.186733735721454,1.6176624979546972e-05,0.0014789612279805
0.1063879156930503,2.1867499111167428,2.186733735738731,1.617537801168467e-05,0.0014789612529901
0.1063879156924877,2.1867499117223175,2.186733735727286,1.6175995031453283e-05,0.0014789640284674
0.1063879156924877,2.186749911176131,2.186733735727286,1.617544884480182e-05,0.0014789640284674
0.1063879156934649,2.186749910538472,2.1867337357471652,1.617479130677779e-05,0.0014789589919801
0.1063879156918452,2.186749910976861,2.186733735714215,1.6175262645745647e-05,0.0014789673657366
0.1063879156924877,2.186749911170358,2.186733735727286,1.6175443072086182e-05,0.0014789640284674
0.1063879156928567,2.1867499104873604,2.186733735734793,1.617475256754375e-05,0.001478958974317
0.1063879156930503,2.1867499111364044,2.186733735738731,1.6175397673290348e-05,0.0014789612529911
0.1063879156928567,2.1867499102707524,2.186733735734793,1.617453595947893e-05,0.001478958974317
0.1063879156911469,2.1867499100806693,2.186733735700009,1.617438066014998e-05,0.0014789713158611
0.1063879156934649,2.186749911289986,2.1867337357471652,1.6175542820739963e-05,0.0014789589919801
0.1063879156924877,2.1867499117930063,2.186733735727286,1.617606572024144e-05,0.0014789640284674
0.106387915692201,2.1867499118115674,2.186733735721454,1.6176090113617647e-05,0.0014789612279805
0.1063879156911469,2.1867499108968222,2.186733735700009,1.6175196813073e-05,0.0014789713158602
0.1063879156934649,2.1867499107725474,2.1867337357471652,1.61750253822035e-05,0.0014789589919808
0.1063879156903241,2.1867499096548713,2.1867337356832706,1.6173971600697e-05,0.0014789712916012
0.1063879151724605,2.1867499107548336,2.186733725148043,1.61856067903976e-05,0.0014789439779364
0.1063879156930503,2.1867499116065527,2.186733735738731,1.6175867821655032e-05,0.0014789612529901
0.1063879156918452,2.186749910977273,2.186733735714215,1.6175263057860434e-05,0.0014789673657366
0.1063879156924877,2.186749911482551,2.186733735727286,1.617575526502435e-05,0.001478964028468
0.1063879156912473,2.1867499107797492,2.1867337357020515,1.6175077697688778e-05,0.0014789673483751
0.1063879156937381,2.1867499114994486,2.1867337357527235,1.6175746725188844e-05,0.0014789572005841
0.1063879156924877,2.1867499113041844,2.186733735727286,1.617557689836957e-05,0.0014789640284674
0.1063879151724605,2.1867499113843727,2.186733725148043,1.6186236329485126e-05,0.0014789397653969
0.1063879156937381,2.18674991166465,2.1867337357527235,1.617591192637491e-05,0.0014789572005848
0.1063879151885228,2.1867499114759856,2.1867337254748085,1.6186001177143083e-05,0.0014789441791579
0.1063879156938731,2.1867499114047284,2.1867337357554697,1.6175649258709512e-05,0.0014789548584034
0.1063879156903241,2.186749911069635,2.1867337356832706,1.617538636455862e-05,0.0014789712916012
0.1063879151815304,2.186749911637201,2.1867337253325583,1.61863046428401e-05,0.0014789410297024
0.1063879156918452,2.186749911622196,2.186733735714215,1.617590798064228e-05,0.0014789673657366
0.1063879156937381,2.1867499111176074,2.1867337357527235,1.617536488396354e-05,0.0014789572005841
0.1063879156918452,2.186749911349701,2.186733735714215,1.6175635485726758e-05,0.0014789673657373
0.1063879156919308,2.186749910390534,2.186733735715957,1.6174674577040804e-05,0.0014789640126676
0.1063879151815304,2.1867499111086257,2.1867337253325583,1.6185776067434432e-05,0.0014789441791579
0.1063879156937381,2.186749911613971,2.1867337357527235,1.617586124735837e-05,0.0014789572005848
0.1063879156930503,2.1867499110233513,2.186733735738731,1.617528462016793e-05,0.0014789612529911
0.106387915692201,2.186749911164349,2.186733735721454,1.6175442895338676e-05,0.0014789612279805
0.1063879151885228,2.186749910869155,2.1867337254748085,1.6185394346557302e-05,0.0014789507607079
0.1063879156924877,2.186749911483793,2.186733735727286,1.617575650714187e-05,0.001478964028468
0.1063879151885228,2.186749910781111,2.1867337254748085,1.6185306302318736e-05,0.0014789528076878
0.1063879156924877,2.1867499110873423,2.186733735727286,1.617536005626974e-05,0.0014789640284674
0.1063879156930503,2.186749910768595,2.186733735738731,1.6175029863951806e-05,0.0014789612529911
0.1063879156930503,2.1867499107893207,2.186733735738731,1.617505058959523e-05,0.0014789612529911
0.1063879151724605,2.1867499123207854,2.186733725148043,1.6187172742210265e-05,0.0014789403426105
0.1063879156929965,2.186749911415973,2.1867337357376364,1.6175678336782795e-05,0.0014789558102562
0.1063879156929662,2.186749911350653,2.1867337357370205,1.617561363254083e-05,0.0014789571848262
0.1063879156934649,2.186749910819283,2.1867337357471652,1.6175072117707856e-05,0.0014789589919808
0.1063879151885228,2.1867499108310957,2.1867337254748085,1.618535628722384e-05,0.0014789507607079
0.1063879156903241,2.186749910042584,2.1867337356832706,1.617435931322575e-05,0.0014789712916012
0.1063879156934649,2.1867499114609728,2.1867337357471652,1.6175713807520253e-05,0.0014789589919801
0.1063879156928567,2.1867499114826106,2.186733735734793,1.61757478176483e-05,0.001478958974317
0.1063879151885228,2.186749911601494,2.1867337254748085,1.618612668563557e-05,0.0014789410297024
0.1063879156919308,2.1867499106966934,2.186733735715957,1.6174980736582967e-05,0.0014789640126676
0.1063879156928567,2.186749910998979,2.186733735734793,1.6175264186291116e-05,0.001478958974317
0.1063879156924877,2.186749910827208,2.186733735727286,1.6175099922133285e-05,0.0014789640284674
0.1063879151885228,2.1867499115743736,2.1867337254748085,1.6186099565107526e-05,0.0014789507607079
0.1063879151885228,2.1867499118430347,2.1867337254748085,1.6186368226200898e-05,0.0014789439779364
0.1063879156918452,2.1867499111372806,2.186733735714215,1.617542306542319e-05,0.0014789673657373
0.1063879156924877,2.186749911215574,2.186733735727286,1.617548828791726e-05,0.0014789640284674
0.106387915692201,2.1867499111057147,2.186733735721454,1.6175384260908032e-05,0.0014789612279805
0.1063879156912473,2.1867499108684187,2.1867337357020515,1.6175166367204952e-05,0.0014789673483751
0.1063879156903241,2.186749911763906,2.1867337356832706,1.617608063542164e-05,0.0014789712916012
0.1063879156924877,2.1867499109032367,2.186733735727286,1.61751759506501e-05,0.001478964028468
0.1063879156938731,2.1867499120512313,2.1867337357554697,1.6176295761560766e-05,0.0014789558360751
0.1063879149998591,2.186749911038781,2.1867337216367035,1.618940207759323e-05,0.0014789439779364
0.1063879156929965,2.1867499117256193,2.1867337357376364,1.6175987982869344e-05,0.0014789571848262
0.1063879156911469,2.186749910708551,2.186733735700009,1.6175008541896574e-05,0.0014789713158611
0.1063879149998591,2.1867499117173876,2.1867337216367035,1.6190080684097552e-05,0.0014789510355001
0.1063879156930503,2.186749910342999,2.186733735738731,1.6174604267948922e-05,0.0014789612529901
0.1063879151815304,2.1867499094427236,2.1867337253325583,1.6184110165351484e-05,0.0014789528076878
0.1063879156934649,2.186749911748495,2.1867337357471652,1.6176001329970546e-05,0.0014789589919808
0.1063879156934649,2.186749911359382,2.1867337357471652,1.617561221678443e-05,0.0014789589919801
0.1063879156924877,2.186749910486339,2.186733735727286,1.617475905302257e-05,0.0014789640284674
0.1063879156912473,2.1867499110308346,2.1867337357020515,1.6175328783063492e-05,0.0014789673483751
0.106387915692201,2.1867499112755513,2.186733735721454,1.617555409749727e-05,0.0014789612279805
0.1063879156890471,2.186749910766395,2.1867337356572913,1.61751091036777e-05,0.001478981262446
0.1063879156903241,2.186749911036019,2.1867337356832706,1.61753527483377e-05,0.0014789712916012
0.1063879156930503,2.1867499103240933,2.186733735738731,1.617458536218308e-05,0.0014789612529901
0.1063879152182727,2.186749911718185,2.18673372608003,1.6185638154642135e-05,0.0014789439779364
0.1063879156929662,2.1867499107709936,2.1867337357370205,1.6175033973109265e-05,0.0014789558102562
0.1063879156930503,2.1867499113921554,2.186733735738731,1.61756534242663e-05,0.0014789612529911
0.1063879156930503,2.1867499121678016,2.186733735738731,1.6176429070480225e-05,0.0014789612529911
0.1063879156930503,2.186749910422315,2.186733735738731,1.6174683584058158e-05,0.0014789612529901
0.1063879156903241,2.1867499104728156,2.1867337356832706,1.6174789545075896e-05,0.0014789712916012
0.1063879156930503,2.1867499108028556,2.186733735738731,1.6175064124546168e-05,0.0014789612529901
0.1063879151885228,2.1867499119114666,2.1867337254748085,1.618643665812769e-05,0.0014789439779364
0.1063879156911469,2.1867499107090858,2.186733735700009,1.6175009076579983e-05,0.0014789713158611
0.1063879156924877,2.1867499106747688,2.186733735727286,1.6174947482738844e-05,0.0014789640284674
0.1063879156930503,2.1867499108070327,2.186733735738731,1.6175068301649276e-05,0.0014789612529911
0.1063879151724605,2.1867499110759856,2.186733725148043,1.6185927942391487e-05,0.0014789507607079
0.1063879156912473,2.1867499109107893,2.1867337357020515,1.6175208737756464e-05,0.0014789673483751
0.1063879156912473,2.1867499106436066,2.1867337357020515,1.617494155503607e-05,0.0014789673483751
0.1063879156934649,2.1867499111908097,2.1867337357471652,1.6175443644517173e-05,0.0014789589919808
0.1063879156924877,2.186749911348756,2.186733735727286,1.6175621469827206e-05,0.0014789640284674
0.1063879156938737,2.186749912016436,2.186733735755482,1.6176260953848498e-05,0.0014789558360751
0.1063879151940493,2.186749910708992,2.186733725587238,1.6185121753942155e-05,0.0014789441791579
0.106387915692201,2.1867499112288624,2.186733735721454,1.617550740862228e-05,0.0014789612279805
0.106387915692201,2.18674991173788,2.186733735721454,1.6176016426339146e-05,0.0014789612279805
0.1063879156937381,2.1867499111765305,2.1867337357527235,1.617542380705217e-05,0.0014789572005841
0.1063879151815304,2.1867499103913106,2.1867337253325583,1.618505875233822e-05,0.0014789507607079
0.1063879151940493,2.1867499110891875,2.186733725587238,1.618550194937285e-05,0.0014789507607079
0.1063879156928567,2.1867499110797124,2.186733735734793,1.617534491948902e-05,0.001478958974317
0.1063879156918452,2.1867499108232455,2.186733735714215,1.617510903040298e-05,0.0014789673657366
0.1063879156924877,2.186749911454239,2.186733735727286,1.6175726953004954e-05,0.0014789640284674
0.1063879151815304,2.186749909663823,2.1867337253325583,1.618433126493457e-05,0.0014789441791579
0.1063879156937381,2.186749911861577,2.1867337357527235,1.6176108853738214e-05,0.0014789572005841
0.106387915692201,2.186749911663836,2.186733735721454,1.617594238201292e-05,0.0014789612279805
0.1063879156937381,2.186749911013816,2.1867337357527235,1.617526109276568e-05,0.0014789572005848
0.1063879156930503,2.1867499113864044,2.186733735738731,1.6175647673311033e-05,0.0014789612529911
0.1063879156919308,2.1867499107243713,2.186733735715957,1.617500841444297e-05,0.0014789640126676
0.1063879151724605,2.186749910843033,2.186733725148043,1.61856949896233e-05,0.0014789439779364
0.1063879156937381,2.1867499120214062,2.1867337357527235,1.6176268682777106e-05,0.0014789572005841
0.1063879156912473,2.186749911881001,2.1867337357020515,1.6176178949667275e-05,0.0014789673483751
0.1063879156919308,2.1867499104749815,2.186733735715957,1.617475902460086e-05,0.0014789640126676
0.1063879156928567,2.186749910594252,2.186733735734793,1.617485945892838e-05,0.001478958974317
0.1063879151724605,2.1867499108931963,2.186733725148043,1.6185745153052267e-05,0.0014789441791579
0.1063879156919308,2.18674991125076,2.186733735715957,1.617553480315337e-05,0.0014789640126676
0.106387915018485,2.186749910365806,2.186733722015622,1.618835018390996e-05,0.0014789507607079
0.1063879156938731,2.186749911958732,2.1867337357554697,1.6176203262219246e-05,0.0014789558360751
0.1063879156934649,2.1867499118474116,2.1867337357471652,1.6176100246401148e-05,0.0014789589919808
0.1063879156929662,2.1867499125005385,2.1867337357370205,1.6176763518060966e-05,0.0014789571848262
0.1063879151724605,2.186749911497804,2.186733725148043,1.6186349760971552e-05,0.0014789510355001
0.1063879156924877,2.1867499115703093,2.186733735727286,1.6175843023269465e-05,0.0014789640284674
0.1063879156898393,2.186749910056424,2.186733735673408,1.6174383016043237e-05,0.0014789759182094
0.1063879151940493,2.186749910769874,2.186733725587238,1.618518263590829e-05,0.0014789507607079
0.1063879156912473,2.186749911674403,2.1867337357020515,1.6175972351373247e-05,0.0014789673483751
0.1063879156930503,2.1867499108250192,2.186733735738731,1.6175086288150453e-05,0.0014789612529911
0.1063879156918452,2.1867499113985436,2.186733735714215,1.6175684328434414e-05,0.0014789673657366
0.1063879151885228,2.18674991123432,2.1867337254748085,1.61857595113446e-05,0.0014789439779364
0.1063879156934649,2.1867499119133056,2.1867337357471652,1.6176166140358106e-05,0.0014789589919801
0.106387915692201,2.186749910469172,2.186733735721454,1.6174747718089577e-05,0.0014789612279805
0.1063879156924877,2.186749910516772,2.186733735727286,1.617478948601203e-05,0.001478964028468
0.1063879156929662,2.1867499121120346,2.1867337357370205,1.6176375014165245e-05,0.0014789571848262
0.1063879151724605,2.18674991148411,2.186733725148043,1.6186336066592588e-05,0.0014789439779364
0.1063879156928567,2.18674991184198,2.186733735734793,1.617610718707141e-05,0.001478958974317
0.1063879151724605,2.1867499115871327,2.186733725148043,1.6186439089516114e-05,0.0014789441791579
0.1063879156937381,2.186749913534377,2.1867337357527235,1.617778165341477e-05,0.0014789572005841
0.1063879156937381,2.1867499125918006,2.1867337357527235,1.6176839077175487e-05,0.0014789572005841
0.106387915693873,2.186749911415727,2.186733735755468,1.617566025924333e-05,0.0014789548584041
0.1063879156924877,2.1867499118084543,2.186733735727286,1.6176081168328693e-05,0.0014789640284674
0.1063879156918452,2.1867499114743802,2.186733735714215,1.617576016510469e-05,0.0014789673657366
0.1063879156924877,2.1867499109132,2.186733735727286,1.6175185913791523e-05,0.0014789640284674
0.1063879151815304,2.186749911354508,2.1867337253325583,1.6186021949859963e-05,0.0014789441791579
0.1063879151724605,2.1867499113135547,2.186733725148043,1.618616551146701e-05,0.0014789441791579
0.1063879156937381,2.186749911839959,2.1867337357527235,1.6176087235475478e-05,0.0014789572005848
0.1063879151815304,2.1867499113718907,2.1867337253325583,1.6186039332399815e-05,0.0014789441791579
0.1063879156930503,2.1867499108456925,2.186733735738731,1.617510696139135e-05,0.0014789612529901
0.1063879156929965,2.1867499109139272,2.1867337357376364,1.6175176290822435e-05,0.0014789571848262
0.1063879156929662,2.186749911986237,2.1867337357370205,1.6176249216570682e-05,0.0014789571848262
0.1063879151940493,2.186749910994681,2.186733725587238,1.61854074427481e-05,0.0014789410297024
0.1063879156937381,2.1867499112027717,2.1867337357527235,1.617545004828358e-05,0.0014789572005841
0.1063879151724605,2.186749911419141,2.186733725148043,1.6186271097673455e-05,0.0014789507607079
0.1063879156930503,2.186749911970213,2.186733735738731,1.6176231481868086e-05,0.0014789612529901
0.1063879156918452,2.186749909860716,2.186733735714215,1.617414650079141e-05,0.0014789673657366
0.1063879156919308,2.1867499105312542,2.186733735715957,1.6174815297365086e-05,0.0014789640126676
0.1063879156934649,2.186749910658598,2.1867337357471652,1.6174911432909056e-05,0.0014789589919801
0.106387915693873,2.186749912687787,2.186733735755468,1.6176932319034165e-05,0.0014789558360761
0.1063879151815304,2.1867499107597745,2.1867337253325583,1.618542721626426e-05,0.0014789510355001
0.106387915018485,2.1867499116369293,2.186733722015622,1.6189621307116653e-05,0.0014789510355001
0.1063879156930503,2.1867499107825488,2.186733735738731,1.617504381767887e-05,0.0014789612529911
0.1063879156911469,2.1867499106490182,2.186733735700009,1.6174949009073458e-05,0.0014789713158602
0.1063879151885228,2.186749909903614,2.1867337254748085,1.61844288055768e-05,0.0014789510355001
0.1063879151885228,2.1867499115995255,2.1867337254748085,1.6186124716988104e-05,0.0014789507607079
0.1063879151724605,2.186749911113774,2.186733725148043,1.618596573083053e-05,0.0014789439779364
0.1063879156929662,2.186749911398937,2.1867337357370205,1.617566191658426e-05,0.0014789571848262
0.1063879156919308,2.1867499116701,2.186733735715957,1.6175954143271554e-05,0.0014789640126676
0.1063879156918452,2.186749911247289,2.186733735714215,1.6175533073869985e-05,0.0014789673657373
0.1063879156924877,2.1867499118421634,2.186733735727286,1.6176114877364256e-05,0.001478964028468
0.1063879151940493,2.186749910893629,2.186733725587238,1.618530639069249e-05,0.0014789507607079
0.1063879156930503,2.1867499112229285,2.186733735738731,1.617548419741155e-05,0.0014789612529911
0.1063879156924877,2.1867499108076305,2.186733735727286,1.617508034446047e-05,0.001478964028468
0.1063879156929662,2.1867499113781643,2.1867337357370205,1.617564114386738e-05,0.0014789571848262
0.1063879156924877,2.1867499113266162,2.186733735727286,1.6175599330203738e-05,0.001478964028468
0.1063879156934649,2.186749910392946,2.1867337357471652,1.617464578096417e-05,0.0014789589919808
0.1063879156912473,2.1867499111034965,2.1867337357020515,1.6175401444940007e-05,0.0014789673483751
0.1063879156929662,2.1867499121771194,2.1867337357370205,1.6176440098991662e-05,0.0014789542132586
0.1063879152182727,2.1867499117879867,2.18673372608003,1.618570795658414e-05,0.0014789439779364
0.1063879151724605,2.1867499109262716,2.186733725148043,1.6185778228372527e-05,0.0014789410297024
0.1063879151885228,2.1867499115337825,2.1867337254748085,1.6186058974021478e-05,0.0014789410297024
0.106387915018485,2.1867499107406125,2.186733722015622,1.6188724990318093e-05,0.0014789441791579
0.106387915018485,2.186749910630335,2.186733722015622,1.6188614712753235e-05,0.0014789439779364
0.1063879156930503,2.1867499110047772,2.186733735738731,1.6175266046136727e-05,0.0014789612529901
0.1063879156934649,2.1867499111055366,2.1867337357471652,1.6175358371395276e-05,0.0014789589919808
0.1063879156918452,2.1867499112057125,2.186733735714215,1.617549149734998e-05,0.0014789673657366
0.1063879156924877,2.1867499111182847,2.186733735727286,1.6175390998629524e-05,0.0014789640284674
0.106387915018485,2.1867499110496555,2.186733722015622,1.6189034033331495e-05,0.0014789397653969
0.1063879156930503,2.1867499113184357,2.186733735738731,1.6175579704569287e-05,0.0014789612529911
0.106387915693873,2.186749911563749,2.186733735755468,1.61758082812824e-05,0.0014789558360761
0.1063879156934649,2.1867499111946476,2.1867337357471652,1.6175447482336125e-05,0.0014789589919808
0.1063879156930503,2.1867499099039187,2.186733735738731,1.617416518762127e-05,0.0014789612529911
0.1063879151724605,2.186749910809126,2.186733725148043,1.618566108296804e-05,0.0014789441791579
0.1063879156934649,2.1867499112099686,2.1867337357471652,1.6175462803413865e-05,0.0014789589919801
0.106387915692201,2.186749911578412,2.186733735721454,1.617585695834478e-05,0.0014789612279805
0.1063879156918452,2.1867499105670967,2.186733735714215,1.6174852881523094e-05,0.0014789673657366
0.106387915018485,2.1867499111944797,2.186733722015622,1.6189178857484166e-05,0.0014789410297024
0.1063879151940493,2.1867499110577597,2.186733725587238,1.6185470521623557e-05,0.0014789507607079
0.1063879156928567,2.186749912030231,2.186733735734793,1.617629543826382e-05,0.001478958974317
0.1063879156930503,2.1867499114848648,2.186733735738731,1.6175746133662017e-05,0.0014789612529911
0.1063879151815304,2.186749911162648,2.1867337253325583,1.6185830089554543e-05,0.0014789439779364
0.1063879156930503,2.1867499110808515,2.186733735738731,1.617534212039473e-05,0.0014789612529911
0.1063879151724605,2.186749910583858,2.186733725148043,1.618543581471954e-05,0.0014789528076878
0.106387915018485,2.1867499107719137,2.186733722015622,1.618875629150196e-05,0.0014789403426105
0.1063879156924877,2.186749909909433,2.186733735727286,1.6174182146944105e-05,0.001478964028468
0.1063879156930503,2.1867499112493793,2.186733735738731,1.6175510648253066e-05,0.0014789612529901
0.1063879151724605,2.18674991050169,2.186733725148043,1.6185353646669398e-05,0.0014789507607079
0.1063879156918452,2.1867499109694375,2.186733735714215,1.6175255222350415e-05,0.0014789673657373
0.1063879156934649,2.1867499113228224,2.1867337357471652,1.617557565714023e-05,0.0014789589919808
0.1063879156918452,2.186749910794017,2.186733735714215,1.6175079801783454e-05,0.0014789673657366
0.1063879151940493,2.1867499114531843,2.186733725587238,1.6185865946205524e-05,0.0014789510355001
0.1063879151885228,2.186749910532583,2.1867337254748085,1.618505777445378e-05,0.0014789507607079
0.106387915692201,2.186749911100666,2.186733735721454,1.6175379212057805e-05,0.0014789612279805
0.1063879151885228,2.186749911565826,2.1867337254748085,1.6186091017722504e-05,0.0014789439779364
0.106387915692201,2.1867499115222553,2.186733735721454,1.617580080148784e-05,0.0014789612279805
0.1063879156924877,2.186749911170972,2.186733735727286,1.617544368581747e-05,0.001478964028468
0.1063879156924877,2.1867499111097084,2.186733735727286,1.6175382422378703e-05,0.001478964028468
0.1063879156929662,2.1867499117020768,2.1867337357370205,1.6175965056319797e-05,0.0014789571848262
0.1063879156919308,2.186749910652823,2.186733735715957,1.6174936866342193e-05,0.0014789640126676
0.1063879151815304,2.1867499097156435,2.1867337253325583,1.618438308526038e-05,0.0014789507607079
0.1063879156924877,2.1867499114559377,2.186733735727286,1.6175728651646182e-05,0.0014789640284674
0.1063879156903998,2.18674990934299,2.1867337356848107,1.617365817940808e-05,0.0014789759340898
0.106387915692201,2.1867499112860234,2.186733735721454,1.6175564569564926e-05,0.0014789612279805
0.1063879156903241,2.1867499116201166,2.1867337356832706,1.617593684599683e-05,0.0014789712916012
0.1063879156930503,2.186749911350927,2.186733735738731,1.6175612195912237e-05,0.0014789612529911
0.1063879156919308,2.1867499113467073,2.186733735715957,1.6175630750403514e-05,0.0014789640126676
0.1063879156934649,2.1867499112448345,2.1867337357471652,1.617549766930182e-05,0.0014789589919808
0.1063879156930503,2.186749911321429,2.186733735738731,1.617558269773056e-05,0.0014789612529911
0.1063879156930503,2.1867499104771424,2.186733735738731,1.6174738411312006e-05,0.0014789612529911
0.1063879151940493,2.1867499108831474,2.186733725587238,1.6185295909298958e-05,0.0014789510355001
0.1063879156912473,2.1867499113204536,2.1867337357020515,1.6175618402058944e-05,0.0014789673483751
0.1063879156919308,2.1867499108304003,2.186733735715957,1.6175114443406358e-05,0.0014789640126676
0.1063879156934649,2.1867499117629725,2.1867337357471652,1.6176015807278787e-05,0.0014789589919808
0.1063879151940493,2.186749911040609,2.186733725587238,1.6185453370898273e-05,0.0014789507607079
0.1063879156919308,2.186749911228705,2.186733735715957,1.617551274835094e-05,0.0014789640126676
0.1063879156912473,2.186749910532056,2.1867337357020515,1.617483000426745e-05,0.0014789673483751
0.1063879156930503,2.1867499113171767,2.186733735738731,1.6175578445576377e-05,0.0014789612529911
0.1063879156928567,2.186749911719342,2.186733735734793,1.6175984549171574e-05,0.001478958974317
0.1063879156924877,2.1867499103692483,2.186733735727286,1.6174641962241054e-05,0.0014789640284674
0.1063879156912473,2.186749910192436,2.1867337357020515,1.617449038437968e-05,0.0014789673483751
0.1063879156903999,2.1867499109754758,2.1867337356848124,1.6175290663333897e-05,0.0014789759340891
0.106387915692201,2.1867499109672304,2.186733735721454,1.6175245776572922e-05,0.0014789612279805
0.1063879151815304,2.186749911134215,2.1867337253325583,1.6185801656742882e-05,0.0014789441791579
0.1063879149998591,2.1867499112249744,2.1867337216367035,1.6189588270876243e-05,0.0014789510355001
0.1063879156924877,2.1867499114286706,2.186733735727286,1.6175701384568697e-05,0.0014789640284674
0.1063879156938731,2.186749911648325,2.1867337357554697,1.617589285540788e-05,0.0014789558360751
0.106387915693873,2.1867499114696343,2.186733735755468,1.6175714166344335e-05,0.0014789558360761
0.1063879156930503,2.186749911365024,2.186733735738731,1.6175626293080114e-05,0.0014789612529911
0.106387915018485,2.1867499105814163,2.186733722015622,1.6188565794106324e-05,0.0014789510355001
0.1063879156934649,2.1867499107705104,2.1867337357471652,1.6175023345166295e-05,0.0014789589919808
0.106387915692201,2.186749910669682,2.186733735721454,1.6174948228364627e-05,0.0014789612279805
0.1063879151815304,2.186749911580908,2.1867337253325583,1.618624834964777e-05,0.0014789441791579
0.106387915692201,2.1867499108728703,2.186733735721454,1.6175151416497613e-05,0.0014789612279805
0.106387915018485,2.1867499111653856,2.186733722015622,1.618914976342367e-05,0.0014789410297024
0.1063879151885228,2.1867499114654785,2.1867337254748085,1.618599066999238e-05,0.0014789410297024
0.106387915692201,2.1867499111156095,2.186733735721454,1.6175394155659717e-05,0.0014789612279805
0.106387915018485,2.1867499112113675,2.186733722015622,1.6189195745308638e-05,0.0014789441791579
0.1063879156929662,2.186749911705319,2.1867337357370205,1.6175968298615118e-05,0.0014789548404062
0.1063879156919308,2.186749911794892,2.186733735715957,1.6176078935004057e-05,0.0014789640126676
0.1063879151885228,2.186749911433218,2.1867337254748085,1.6185958409575818e-05,0.0014789510355001
0.1063879156930503,2.1867499096273857,2.186733735738731,1.6173888654602564e-05,0.0014789612529901
0.1063879151885228,2.18674991229186,2.1867337254748085,1.618681705162217e-05,0.0014789507607079
0.1063879156937381,2.186749912231319,2.1867337357527235,1.6176478595752997e-05,0.0014789572005841
0.1063879156930503,2.186749911091411,2.186733735738731,1.6175352679947963e-05,0.0014789612529901
0.1063879156930503,2.1867499111011495,2.186733735738731,1.6175362418380246e-05,0.0014789612529901
0.1063879156937381,2.1867499120843377,2.1867337357527235,1.6176331614214945e-05,0.0014789572005848
0.1063879156934649,2.186749912527071,2.1867337357471652,1.6176779905840988e-05,0.0014789589919801
0.1063879151724605,2.1867499108361206,2.186733725148043,1.618568807737475e-05,0.0014789441791579
0.1063879156930503,2.186749911433231,2.186733735738731,1.6175694499853677e-05,0.0014789612529911
0.1063879156930503,2.186749910148989,2.186733735738731,1.6174410257807637e-05,0.0014789612529901
0.1063879156924877,2.1867499111695876,2.186733735727286,1.6175442301591403e-05,0.0014789640284674
0.1063879156924877,2.186749910307079,2.186733735727286,1.61745797928603e-05,0.001478964028468
0.1063879156934649,2.1867499110306867,2.1867337357471652,1.6175283521491224e-05,0.0014789589919808
0.1063879156912473,2.1867499107471033,2.1867337357020515,1.6175045051802783e-05,0.0014789673483751
0.1063879156938737,2.1867499121028673,2.186733735755482,1.6176347385155054e-05,0.0014789558360751
0.1063879156930503,2.186749910189197,2.186733735738731,1.6174450466088786e-05,0.0014789612529901
0.1063879156903998,2.186749910505409,2.1867337356848107,1.6174820598457984e-05,0.0014789759340898
0.106387915018485,2.1867499112375297,2.186733722015622,1.618922190749217e-05,0.0014789439779364
0.1063879156929662,2.186749911436374,2.1867337357370205,1.617569935374874e-05,0.0014789548404062
0.1063879156938731,2.186749911364976,2.1867337357554697,1.6175609506507982e-05,0.0014789548584034
0.1063879156911469,2.186749910647851,2.186733735700009,1.6174947842007015e-05,0.0014789713158611
0.1063879156903241,2.1867499105600534,2.1867337356832706,1.6174876782848457e-05,0.0014789712916012
0.1063879156930503,2.1867499102862435,2.186733735738731,1.6174547512459725e-05,0.0014789612529901
0.1063879156937381,2.1867499122437506,2.1867337357527235,1.6176491027142248e-05,0.0014789572005841
0.1063879156918452,2.186749911912932,2.186733735714215,1.6176198716966184e-05,0.0014789673657366
0.1063879156912473,2.186749910555338,2.1867337357020515,1.6174853286532453e-05,0.0014789673483751
0.1063879156919308,2.1867499112333357,2.186733735715957,1.617551737886913e-05,0.0014789640126676
0.1063879152182727,2.186749911221073,2.18673372608003,1.6185141042956985e-05,0.0014789439779364
0.1063879151724605,2.1867499108594353,2.186733725148043,1.6185711392058266e-05,0.0014789510355001
0.1063879156930503,2.1867499116545823,2.186733735738731,1.6175915851235345e-05,0.0014789612529911
0.1063879156934649,2.1867499112146604,2.1867337357471652,1.6175467495216367e-05,0.0014789589919808
0.1063879156937381,2.186749910453211,2.1867337357527235,1.6174700487425753e-05,0.0014789572005848
0.1063879151815304,2.1867499123404652,2.1867337253325583,1.618700790695371e-05,0.0014789439779364
0.1063879151885228,2.1867499109037736,2.1867337254748085,1.6185428965087567e-05,0.0014789510355001
0.1063879156928567,2.18674991108659,2.186733735734793,1.6175351797098614e-05,0.001478958974317
0.1063879152182727,2.186749912024119,2.18673372608003,1.6185944089031068e-05,0.0014789410297024
0.1063879149998591,2.1867499108471296,2.1867337216367035,1.6189210426009737e-05,0.0014789510355001
0.106387915018485,2.186749910761382,2.186733722015622,1.618874575992635e-05,0.0014789410297024
0.1063879156911469,2.1867499106386643,2.186733735700009,1.617493865513353e-05,0.0014789713158611
0.1063879156919308,2.186749911247538,2.186733735715957,1.617553158128615e-05,0.0014789640126676
0.1063879156937381,2.186749911398313,2.1867337357527235,1.617564558964446e-05,0.0014789572005841
0.1063879156937381,2.1867499111281066,2.1867337357527235,1.6175375383120638e-05,0.0014789572005841
0.1063879156938731,2.1867499118866327,2.1867337357554697,1.617613116300376e-05,0.0014789558360751
0.1063879156911469,2.1867499115155273,2.186733735700009,1.6175815518160164e-05,0.0014789713158602
0.1063879156928567,2.186749911039233,2.186733735734793,1.6175304440313454e-05,0.001478958974317
0.1063879151815304,2.186749911448229,2.1867337253325583,1.61861156708909e-05,0.0014789439779364
0.1063879156929662,2.186749911327628,2.1867337357370205,1.617559060740348e-05,0.0014789571848262
0.1063879149998591,2.1867499121130916,2.1867337216367035,1.6190476388011632e-05,0.0014789403426105
0.106387915692201,2.1867499117316562,2.186733735721454,1.617601020242887e-05,0.0014789612279805
0.1063879156928567,2.186749911136453,2.186733735734793,1.6175401659879185e-05,0.001478958974317
0.106387915692201,2.186749911290293,2.186733735721454,1.617556883903859e-05,0.0014789612279805
0.1063879156930503,2.186749911240087,2.186733735738731,1.617550135613044e-05,0.0014789612529901
0.1063879156924877,2.1867499103986043,2.186733735727286,1.6174671318314182e-05,0.0014789640284674
0.1063879156929965,2.186749910854084,2.1867337357376364,1.617511644758096e-05,0.0014789558102562
0.1063879156924877,2.186749910354534,2.186733735727286,1.6174627247789175e-05,0.001478964028468
0.1063879156903999,2.1867499099803487,2.1867337356848124,1.6174295536242056e-05,0.0014789759340891
0.1063879151940493,2.1867499110811495,2.186733725587238,1.618549391135815e-05,0.0014789507607079
0.1063879156937381,2.1867499112706397,2.1867337357527235,1.6175517916217075e-05,0.0014789572005848
0.1063879151885228,2.186749911012187,2.1867337254748085,1.6185537378365922e-05,0.0014789439779364
0.106387915692201,2.186749910817401,2.186733735721454,1.6175095947090767e-05,0.0014789612279805
0.1063879156934649,2.1867499113616833,2.1867337357471652,1.6175614518054715e-05,0.0014789589919808
0.1063879151815304,2.186749911248153,2.1867337253325583,1.6185915594935096e-05,0.0014789507607079
0.106387915018485,2.1867499110161153,2.186733722015622,1.6189000493049832e-05,0.0014789410297024
0.1063879149998591,2.186749910875616,2.1867337216367035,1.6189238912556192e-05,0.0014789510355001
0.1063879156930503,2.186749911628575,2.186733735738731,1.617588984403895e-05,0.0014789612529911
0.106387915018485,2.186749909762834,2.186733722015622,1.6187747211571235e-05,0.0014789528076878
0.1063879156924877,2.1867499118949185,2.186733735727286,1.617616763249785e-05,0.0014789640284674
0.1063879156937381,2.186749910800725,2.1867337357527235,1.6175048001443315e-05,0.0014789572005841
0.1063879156934649,2.186749911282605,2.1867337357471652,1.6175535439977295e-05,0.0014789589919801
0.1063879151724605,2.1867499107086683,2.186733725148043,1.618556062510379e-05,0.0014789439779364
0.106387915018485,2.186749909421891,2.186733722015622,1.618740626874171e-05,0.0014789510355001
0.1063879156929662,2.186749911285905,2.1867337357370205,1.6175548884334034e-05,0.0014789571848262
0.1063879156934649,2.186749911142387,2.1867337357471652,1.617539522191791e-05,0.0014789589919808
0.1063879156930503,2.186749911996663,2.186733735738731,1.6176257931821425e-05,0.0014789612529901
0.1063879156930503,2.186749910776534,2.186733735738731,1.617503780293461e-05,0.0014789612529901
0.1063879156929965,2.1867499113600406,2.1867337357376364,1.6175622404190904e-05,0.0014789571848262
0.1063879156929965,2.186749911641725,2.1867337357376364,1.6175904088644444e-05,0.0014789571848262
0.1063879151724605,2.1867499109842363,2.186733725148043,1.6185836193116643e-05,0.0014789441791579
0.1063879156934649,2.1867499120553715,2.1867337357471652,1.6176308206272694e-05,0.0014789589919808
0.1063879156934649,2.1867499110561464,2.1867337357471652,1.6175308981125625e-05,0.0014789589919808
0.1063879151815304,2.1867499110617072,2.1867337253325583,1.6185729148965322e-05,0.0014789507607079
0.1063879156937381,2.1867499117357587,2.1867337357527235,1.6175983035271457e-05,0.0014789572005848
0.106387915692201,2.186749911063597,2.186733735721454,1.617534214304328e-05,0.0014789612279805
0.106387915692201,2.186749911159068,2.186733735721454,1.6175437614229793e-05,0.0014789612279805
0.1063879156924877,2.1867499107089854,2.186733735727286,1.6174981699368374e-05,0.001478964028468
0.1063879156930503,2.186749910494134,2.186733735738731,1.6174755403053354e-05,0.0014789612529911
0.1063879156924877,2.1867499119502503,2.186733735727286,1.617622296423704e-05,0.001478964028468
0.1063879151724605,2.1867499119726115,2.186733725148043,1.6186824568276137e-05,0.0014789397653969
0.1063879151940493,2.186749911478672,2.186733725587238,1.6185891433817545e-05,0.0014789410297024
0.1063879156929965,2.186749911005261,2.1867337357376364,1.617526762442978e-05,0.0014789571848262
0.106387915018485,2.1867499110475417,2.186733722015622,1.6189031919466856e-05,0.0014789410297024
0.1063879151724605,2.186749911066145,2.186733725148043,1.6185918101818686e-05,0.0014789507607079
0.1063879156928567,2.1867499104744454,2.186733735734793,1.6174739652541348e-05,0.001478958974317
0.1063879156934649,2.1867499120128024,2.1867337357471652,1.6176265637213305e-05,0.0014789589919801
0.1063879156937381,2.1867499113813333,2.1867337357527235,1.6175628609893522e-05,0.0014789572005841
0.1063879151885228,2.1867499115892777,2.1867337254748085,1.6186114469185497e-05,0.0014789439779364
0.1063879151815304,2.1867499101082295,2.1867337253325583,1.6184775671224116e-05,0.0014789528076878
0.1063879151885228,2.18674991179952,2.1867337254748085,1.618632471167558e-05,0.0014789410297024
0.1063879149795981,2.1867499113537363,2.1867337212245213,1.6190129215054583e-05,0.0014789397653969
0.1063879156937381,2.18674991106149,2.1867337357527235,1.6175308766630536e-05,0.0014789572005841
0.1063879151885228,2.186749910980304,2.1867337254748085,1.618550549542519e-05,0.0014789439779364
0.1063879156924877,2.186749911034119,2.186733735727286,1.6175306833066116e-05,0.0014789640284674
0.1063879156924877,2.1867499111838193,2.186733735727286,1.617545653331831e-05,0.0014789640284674
0.1063879156918452,2.1867499105620967,2.186733735714215,1.617484788152268e-05,0.0014789673657366
0.1063879156937381,2.1867499112466318,2.1867337357527235,1.61754939083103e-05,0.0014789572005841
0.1063879151940493,2.1867499104682566,2.186733725587238,1.6184881018510566e-05,0.0014789507607079
0.1063879151815304,2.1867499116660545,2.1867337253325583,1.618633349620424e-05,0.0014789439779364
0.1063879151724605,2.186749910922037,2.186733725148043,1.618577399398191e-05,0.0014789441791579
0.1063879156937381,2.1867499123182954,2.1867337357527235,1.6176565571957013e-05,0.0014789572005848
0.1063879156924877,2.1867499107030954,2.186733735727286,1.6174975809413183e-05,0.0014789640284674
0.1063879156929965,2.186749912141992,2.1867337357376364,1.617640435558343e-05,0.0014789571848262
0.1063879156934649,2.1867499112687447,2.1867337357471652,1.6175521579508967e-05,0.0014789589919808
0.1063879156912473,2.1867499101781216,2.1867337357020515,1.617447607005218e-05,0.0014789673483751
0.1063879156937381,2.186749911527514,2.1867337357527235,1.617577479073873e-05,0.0014789572005848
0.106387915018485,2.1867499109762933,2.186733722015622,1.6188960671126296e-05,0.0014789410297024
0.1063879156937381,2.1867499115621816,2.1867337357527235,1.6175809458118806e-05,0.0014789572005848
0.1063879156934649,2.1867499113431514,2.1867337357471652,1.6175595986211988e-05,0.0014789589919808
0.1063879151815304,2.1867499107944983,2.1867337253325583,1.6185461940043666e-05,0.0014789507607079
0.1063879156937381,2.186749910784447,2.1867337357527235,1.6175031723353328e-05,0.0014789572005848
0.1063879156934649,2.186749911142135,2.1867337357471652,1.617539496967524e-05,0.0014789589919808
0.1063879156930503,2.1867499105341133,2.186733735738731,1.617479538218447e-05,0.0014789612529911
0.1063879156928567,2.186749911729747,2.186733735734793,1.617599495418176e-05,0.001478958974317
0.1063879156930503,2.186749910938879,2.186733735738731,1.6175200147738877e-05,0.0014789612529911
0.1063879156924877,2.1867499106439285,2.186733735727286,1.6174916642519577e-05,0.0014789640284674
0.1063879156930503,2.186749910850403,2.186733735738731,1.61751116718456e-05,0.0014789612529911
0.1063879156930503,2.186749910442213,2.186733735738731,1.6174703481919295e-05,0.0014789612529911
0.1063879156930503,2.1867499115431306,2.186733735738731,1.6175804399498617e-05,0.0014789612529911
0.1063879149998591,2.186749912115735,2.1867337216367035,1.6190479031674698e-05,0.0014789507607079
0.1063879156937381,2.18674991126129,2.1867337357527235,1.617550856636285e-05,0.0014789572005841
0.1063879156912473,2.186749910978805,2.1867337357020515,1.6175276753571666e-05,0.0014789673483751
0.1063879151815304,2.1867499115450277,2.1867337253325583,1.618621246946006e-05,0.0014789410297024
0.1063879156930503,2.1867499119649296,2.186733735738731,1.6176226198538757e-05,0.0014789612529901
0.1063879156912473,2.186749911420137,2.1867337357020515,1.6175718085431612e-05,0.0014789673483751
0.1063879156934649,2.186749910789896,2.1867337357471652,1.6175042730548483e-05,0.0014789589919808
0.1063879156918452,2.186749910663859,2.186733735714215,1.617494964367694e-05,0.0014789673657366
0.1063879156911469,2.186749911481572,2.186733735700009,1.617578156265509e-05,0.0014789713158611
0.1063879156928567,2.1867499113664692,2.186733735734793,1.6175631676329516e-05,0.001478958974317
0.1063879151885228,2.186749911147554,2.1867337254748085,1.6185672745638868e-05,0.0014789441791579
0.1063879156934649,2.1867499110774644,2.1867337357471652,1.6175330299184054e-05,0.0014789589919801
0.1063879151885228,2.18674991153951,2.1867337254748085,1.6186064701440017e-05,0.0014789441791579
0.1063879156930503,2.186749911746162,2.186733735738731,1.617600743086811e-05,0.0014789612529901
0.1063879156911469,2.186749911639782,2.186733735700009,1.6175939772988812e-05,0.0014789713158602
0.1063879156912473,2.1867499099020336,2.1867337357020515,1.6174199982010862e-05,0.0014789673483751
0.106387915692201,2.186749910933414,2.186733735721454,1.617521196006777e-05,0.0014789612279805
0.1063879156898393,2.186749911033634,2.186733735673408,1.6175360226355906e-05,0.0014789759182094
0.1063879156918452,2.1867499109258333,2.186733735714215,1.617521161811908e-05,0.0014789673657366
0.1063879156924877,2.1867499114583344,2.186733735727286,1.6175731048395647e-05,0.0014789640284674
0.1063879156930503,2.1867499114052764,2.186733735738731,1.6175666545326095e-05,0.0014789612529901
0.1063879156930503,2.1867499111173685,2.186733735738731,1.6175378637406368e-05,0.0014789612529911
0.1063879156930503,2.186749910307995,2.186733735738731,1.6174569263949223e-05,0.0014789612529901
0.106387915693873,2.1867499115178766,2.186733735755468,1.617576240864338e-05,0.0014789558360761
0.1063879156930503,2.1867499106035084,2.186733735738731,1.617486477734076e-05,0.0014789612529911
0.1063879149998591,2.186749911755472,2.1867337216367035,1.619011876830001e-05,0.0014789507607079
0.1063879156924877,2.1867499117157267,2.186733735727286,1.617598844072532e-05,0.0014789640284674
0.1063879149998591,2.186749911681858,2.1867337216367035,1.619004515429623e-05,0.0014789403426105
0.1063879156930503,2.186749911783827,2.186733735738731,1.6176045095850355e-05,0.0014789612529911
0.1063879151885228,2.18674991051744,2.1867337254748085,1.6185042631455815e-05,0.0014789528076878
0.1063879151815304,2.186749911004279,2.1867337253325583,1.6185671720680972e-05,0.0014789441791579
0.1063879151940493,2.186749911323446,2.186733725587238,1.6185736207763313e-05,0.0014789507607079
0.1063879156930503,2.18674991111279,2.186733735738731,1.6175374058846614e-05,0.0014789612529911
0.106387915692201,2.186749911302,2.186733735721454,1.617558054611834e-05,0.0014789612279805
0.1063879156930503,2.1867499113255175,2.186733735738731,1.6175586786459917e-05,0.0014789612529901
0.106387915692201,2.1867499108560278,2.186733735721454,1.617513457397024e-05,0.0014789612279805
0.1063879149998591,2.186749912440083,2.1867337216367035,1.619080337933454e-05,0.0014789397653969
0.1063879151724605,2.1867499108706645,2.186733725148043,1.6185722621298027e-05,0.0014789441791579
0.1063879156924877,2.1867499106000072,2.186733735727286,1.6174872721208544e-05,0.001478964028468
0.1063879156918452,2.1867499111997826,2.186733735714215,1.617548556742676e-05,0.0014789673657373
0.1063879156937381,2.1867499121617504,2.1867337357527235,1.6176409026957828e-05,0.0014789572005841
0.1063879156930503,2.186749911133139,2.186733735738731,1.6175394407902388e-05,0.0014789612529901
0.1063879156938737,2.1867499121432625,2.186733735755482,1.617638778039776e-05,0.0014789558360751
0.1063879156903241,2.1867499100872414,2.1867337356832706,1.6174403970836693e-05,0.0014789712916012
0.1063879156934649,2.18674991061205,2.1867337357471652,1.6174864884810347e-05,0.0014789589919801
0.1063879156937381,2.1867499122095464,2.1867337357527235,1.6176456822947216e-05,0.0014789572005841
0.1063879151815304,2.1867499112994477,2.1867337253325583,1.618596688945928e-05,0.0014789507607079
0.1063879156938731,2.186749911296586,2.1867337357554697,1.6175541116325576e-05,0.0014789558360751
0.1063879151815304,2.1867499120125062,2.1867337253325583,1.6186679947960414e-05,0.0014789441791579
0.1063879156919308,2.186749910992909,2.186733735715957,1.6175276952079543e-05,0.0014789640126676
0.1063879156919308,2.186749911205964,2.186733735715957,1.6175490006986593e-05,0.0014789640126676
0.1063879156937381,2.1867499123103245,2.1867337357527235,1.6176557600999786e-05,0.0014789572005848
0.106387915692201,2.1867499101770207,2.186733735721454,1.617445556689745e-05,0.0014789612279805
0.1063879156912473,2.1867499109028268,2.1867337357020515,1.617520077523693e-05,0.0014789673483751
0.1063879149998591,2.1867499114128406,2.1867337216367035,1.618977613704331e-05,0.0014789439779364
0.1063879156912473,2.186749910552779,2.1867337357020515,1.6174850727246337e-05,0.0014789673483751
0.106387915692201,2.1867499107990973,2.186733735721454,1.6175077643509894e-05,0.0014789612279805
0.1063879156919308,2.18674991186908,2.186733735715957,1.6176153123215187e-05,0.0014789640126676
0.1063879151724605,2.1867499106747883,2.186733725148043,1.618552674509388e-05,0.0014789507607079
0.1063879151940493,2.1867499108148594,2.186733725587238,1.618522762125707e-05,0.0014789625997043
0.1063879156937381,2.186749911004928,2.1867337357527235,1.6175252204764234e-05,0.0014789572005848
0.1063879156924877,2.186749911425027,2.186733735727286,1.617569774081673e-05,0.0014789640284674
0.1063879151815304,2.1867499115908147,2.1867337253325583,1.6186258256389863e-05,0.0014789439779364
0.1063879156934649,2.1867499111126008,2.1867337357471652,1.6175365435522338e-05,0.0014789589919801
0.1063879156930503,2.186749910980385,2.186733735738731,1.6175241654092787e-05,0.0014789612529901
0.1063879156903998,2.186749910959928,2.1867337356848107,1.6175275117547017e-05,0.0014789759340898
0.1063879156912473,2.186749910382714,2.1867337357020515,1.6174680662395247e-05,0.0014789673483751
0.1063879156924877,2.1867499110538122,2.186733735727286,1.6175326526202127e-05,0.0014789640284674
0.1063879156912473,2.1867499104670847,2.1867337357020515,1.617476503312787e-05,0.0014789673483751
0.106387915018485,2.1867499103294223,2.186733722015622,1.6188313800125087e-05,0.0014789528076878
0.1063879149998591,2.186749911480993,2.1867337216367035,1.618984428963799e-05,0.0014789441791579
0.1063879156924877,2.186749910708006,2.186733735727286,1.6174980720151666e-05,0.0014789640284674
0.1063879156937381,2.1867499105227766,2.1867337357527235,1.6174770053112297e-05,0.0014789572005848
0.1063879156929965,2.1867499110061184,2.1867337357376364,1.6175268481966043e-05,0.0014789571848262
0.1063879151815304,2.186749910528344,2.1867337253325583,1.6185195785833884e-05,0.0014789507607079
0.1063879151815304,2.18674991062746,2.1867337253325583,1.618529490166054e-05,0.0014789410297024
0.1063879151815304,2.186749910401601,2.1867337253325583,1.6185069042773392e-05,0.0014789441791579
0.1063879156924877,2.1867499107198602,2.186733735727286,1.6174992574224945e-05,0.001478964028468
0.1063879151815304,2.186749911891519,2.1867337253325583,1.618655896074017e-05,0.0014789441791579
0.106387915018485,2.1867499108033748,2.186733722015622,1.6188787752557943e-05,0.0014789625997043
0.1063879156930503,2.186749911131263,2.186733735738731,1.6175392532069566e-05,0.0014789612529911
0.1063879156930503,2.1867499121288345,2.186733735738731,1.6176390103428417e-05,0.0014789612529911
0.1063879156919308,2.1867499113264137,2.186733735715957,1.617561045685889e-05,0.0014789640126676
0.1063879156938737,2.1867499120978104,2.186733735755482,1.6176342328311222e-05,0.0014789548584034
0.1063879156919308,2.186749911705581,2.186733735715957,1.6175989624223064e-05,0.0014789640126676
0.106387915692201,2.1867499100620913,2.186733735721454,1.617434063749812e-05,0.0014789612279805
0.1063879156919308,2.1867499097530567,2.186733735715957,1.617403709985865e-05,0.0014789640126676
0.1063879151940493,2.1867499109393846,2.186733725587238,1.6185352146536047e-05,0.0014789507607079
0.1063879156937381,2.1867499114795166,2.1867337357527235,1.617572679313284e-05,0.0014789572005848
0.1063879151815304,2.186749911772077,2.1867337253325583,1.618643951850629e-05,0.0014789439779364
0.1063879149795981,2.1867499118885365,2.1867337212245213,1.6190664015258704e-05,0.0014789403426105
0.1063879156930503,2.1867499116824387,2.186733735738731,1.617594370761921e-05,0.0014789612529911
0.1063879151940493,2.186749912015282,2.186733725587238,1.6186428043685197e-05,0.0014789439779364
0.1063879156930503,2.1867499111186133,2.186733735738731,1.6175379882188423e-05,0.0014789612529911
0.1063879156928567,2.186749911542047,2.186733735734793,1.6175807254104058e-05,0.001478958974317
0.1063879156911469,2.1867499103410437,2.186733735700009,1.6174641034538695e-05,0.0014789713158602
0.1063879151724605,2.1867499108835537,2.186733725148043,1.6185735510543253e-05,0.0014789410297024
0.1063879151885228,2.186749910856048,2.1867337254748085,1.6185381239708363e-05,0.0014789439779364
0.1063879156934649,2.186749911447509,2.1867337357471652,1.617570034362359e-05,0.0014789589919808
0.1063879156938737,2.1867499112509767,2.186733735755482,1.617549549459696e-05,0.0014789548584034
0.1063879156924877,2.18674991001671,2.186733735727286,1.617428942379817e-05,0.0014789640284674
0.1063879156924877,2.1867499107924733,2.186733735727286,1.6175065187251647e-05,0.0014789640284674
0.1063879156934649,2.186749910903692,2.1867337357471652,1.617515652663215e-05,0.0014789589919801
0.1063879156934649,2.1867499104642096,2.1867337357471652,1.6174717044403764e-05,0.0014789589919801
0.1063879156918452,2.186749910162767,2.186733735714215,1.617444855206429e-05,0.0014789673657373
0.1063879151815304,2.1867499111512303,2.1867337253325583,1.6185818672020957e-05,0.0014789441791579
0.1063879151940493,2.186749910646411,2.186733725587238,1.6185059172890703e-05,0.0014789510355001
0.1063879151885228,2.186749911278136,2.1867337254748085,1.618580332740649e-05,0.0014789510355001
0.1063879152182727,2.1867499108034365,2.18673372608003,1.618472340636501e-05,0.0014789528076878
0.1063879156930503,2.1867499112612334,2.186733735738731,1.6175522502326345e-05,0.0014789612529901
0.1063879156930503,2.1867499116692724,2.186733735738731,1.6175930541262318e-05,0.0014789612529911
0.1063879156938731,2.186749911362755,2.1867337357554697,1.6175607285173754e-05,0.0014789558360751
0.1063879156934649,2.186749910705463,2.1867337357471652,1.617495829764337e-05,0.0014789589919808
0.1063879156928567,2.1867499108581314,2.186733735734793,1.617512333851323e-05,0.001478958974317
0.1063879151815304,2.1867499113911,2.1867337253325583,1.6186058541922677e-05,0.0014789439779364
0.106387915693873,2.1867499116143794,2.186733735755468,1.6175858911449126e-05,0.0014789558360761
0.1063879156938731,2.186749912114734,2.1867337357554697,1.617635926409733e-05,0.0014789558360751
0.1063879156919308,2.1867499106795494,2.186733735715957,1.617496359251902e-05,0.0014789640126676
0.1063879156903241,2.1867499094796314,2.1867337356832706,1.617379636087435e-05,0.0014789712916012
0.1063879156903241,2.1867499105578987,2.1867337356832706,1.617487462812761e-05,0.0014789712916012
0.1063879149998591,2.186749910978195,2.1867337216367035,1.6189341491390508e-05,0.0014789410297024
0.1063879156924877,2.1867499117387865,2.186733735727286,1.617601150050163e-05,0.001478964028468
0.1063879151724605,2.18674991094626,2.186733725148043,1.6185798216827862e-05,0.0014789507607079
0.1063879156934649,2.1867499116888114,2.1867337357471652,1.61759416461571e-05,0.0014789589919808
0.1063879151724605,2.1867499110120123,2.186733725148043,1.6185863969120362e-05,0.0014789441791579
0.1063879156918452,2.1867499107929924,2.186733735714215,1.6175078777269647e-05,0.0014789673657366
0.1063879156929662,2.186749911730493,2.1867337357370205,1.6175993472700156e-05,0.0014789571848262
0.1063879156929965,2.186749911071137,2.1867337357376364,1.6175333500623168e-05,0.0014789571848262
0.106387915692201,2.186749911265576,2.186733735721454,1.6175544122365437e-05,0.0014789612279805
0.106387915692201,2.1867499105627037,2.186733735721454,1.617484124993851e-05,0.0014789612279805
0.106387915692201,2.1867499103354295,2.186733735721454,1.617461397573905e-05,0.0014789612279805
0.1063879156912473,2.1867499116024374,2.1867337357020515,1.6175900385828612e-05,0.0014789673483751
0.1063879156934649,2.1867499109478983,2.1867337357471652,1.6175200733048456e-05,0.0014789589919801
0.1063879156928567,2.1867499112261575,2.186733735734793,1.6175491364567307e-05,0.001478958974317
0.106387915692201,2.1867499107657764,2.186733735721454,1.61750443226083e-05,0.0014789612279805
0.1063879156924877,2.1867499107224493,2.186733735727286,1.6174995163265038e-05,0.0014789640284674
0.1063879156924877,2.186749911071225,2.186733735727286,1.6175343938940046e-05,0.0014789640284674
0.1063879156930503,2.186749911125173,2.186733735738731,1.6175386441830142e-05,0.0014789612529901
0.1063879156934649,2.1867499102351373,2.1867337357471652,1.6174487972087093e-05,0.0014789589919801
0.1063879156924877,2.186749911072429,2.186733735727286,1.6175345142865893e-05,0.0014789640284674
0.1063879151940493,2.186749910907895,2.186733725587238,1.6185320657058355e-05,0.0014789528076878
0.1063879156937381,2.1867499113606703,2.1867337357527235,1.6175607946866677e-05,0.0014789572005848
0.1063879156930503,2.186749911828188,2.186733735738731,1.6176089456809706e-05,0.0014789612529901
0.1063879156934649,2.186749912743064,2.1867337357471652,1.617699589884225e-05,0.0014789589919801
0.1063879151724605,2.186749911435783,2.186733725148043,1.6186287739916594e-05,0.0014789439779364
0.106387915018485,2.1867499105401023,2.186733722015622,1.6188524480043043e-05,0.0014789507607079
0.1063879151815304,2.18674991119683,2.1867337253325583,1.6185864271545114e-05,0.0014789510355001
0.1063879156930503,2.1867499112085693,2.186733735738731,1.6175469838231038e-05,0.0014789612529911
0.1063879156918452,2.186749911215757,2.186733735714215,1.617550154175973e-05,0.0014789673657366
0.1063879151724605,2.1867499108157054,2.186733725148043,1.6185667662149683e-05,0.0014789441791579
0.1063879156918452,2.1867499108388855,2.186733735714215,1.617512467033677e-05,0.0014789673657366
0.1063879156937381,2.186749911289699,2.1867337357527235,1.6175536975637783e-05,0.0014789572005841
0.1063879156924877,2.1867499110577264,2.186733735727286,1.6175330440404423e-05,0.001478964028468
0.1063879151940493,2.186749910759096,2.186733725587238,1.6185171857863168e-05,0.0014789510355001
0.1063879156934649,2.186749910935518,2.1867337357471652,1.6175188352729464e-05,0.0014789589919808
0.106387915692201,2.1867499105915793,2.186733735721454,1.6174870125507113e-05,0.0014789612279805
0.1063879156937381,2.186749911201839,2.1867337357527235,1.617544911569624e-05,0.0014789572005841
0.1063879156918452,2.1867499111898376,2.186733735714215,1.6175475622492996e-05,0.0014789673657366
0.1063879156911469,2.1867499099973733,2.186733735700009,1.6174297364113244e-05,0.0014789713158611
0.1063879151885228,2.1867499121683918,2.1867337254748085,1.6186693583275513e-05,0.0014789441791579
0.1063879156934649,2.1867499118077243,2.1867337357471652,1.6176060559036642e-05,0.0014789589919801
0.1063879151885228,2.1867499110282926,2.1867337254748085,1.6185553484149295e-05,0.0014789439779364
0.1063879156930503,2.186749911732797,2.186733735738731,1.617599406600334e-05,0.0014789612529911
0.1063879156919308,2.1867499116782665,2.186733735715957,1.6175962309628034e-05,0.0014789640126676
0.1063879156934649,2.186749910812101,2.1867337357471652,1.6175064935897154e-05,0.0014789589919801
0.1063879149998591,2.1867499124254706,2.1867337216367035,1.619078876702318e-05,0.0014789403426105
0.1063879149998591,2.18674991150768,2.1867337216367035,1.6189870976290877e-05,0.0014789410297024
0.106387915692201,2.186749911328882,2.186733735721454,1.617560742817048e-05,0.0014789612279805
0.106387915693873,2.1867499105606956,2.186733735755468,1.6174805227642253e-05,0.0014789558360761
0.1063879156903241,2.186749909866671,2.1867337356832706,1.6174183400607944e-05,0.0014789712916012
0.1063879156919308,2.186749910961111,2.186733735715957,1.617524515395985e-05,0.0014789640126676
0.1063879151724605,2.186749910584346,2.186733725148043,1.618543630277358e-05,0.0014789441791579
0.1063879156911469,2.186749911422491,2.186733735700009,1.617572248191479e-05,0.0014789713158611
0.1063879151815304,2.186749911979066,2.1867337253325583,1.6186646507598823e-05,0.0014789441791579
0.1063879156928567,2.1867499105842274,2.186733735734793,1.6174849434502647e-05,0.001478958974317
0.106387915018485,2.186749910266437,2.186733722015622,1.6188250814952454e-05,0.0014789410297024
0.1063879156924877,2.1867499109948167,2.186733735727286,1.6175267530726956e-05,0.0014789640284674
0.1063879156938731,2.186749911038249,2.1867337357554697,1.6175282779418154e-05,0.0014789558360751
0.1063879156918452,2.1867499104509687,2.186733735714215,1.6174736753526986e-05,0.0014789673657373
0.1063879156934649,2.1867499106333224,2.1867337357471652,1.6174886157127588e-05,0.0014789589919801
0.1063879156912473,2.1867499107034756,2.1867337357020515,1.617500142403472e-05,0.0014789673483751
0.1063879156911469,2.186749909282036,2.186733735700009,1.6173582026990374e-05,0.0014789713158611
0.1063879156924877,2.1867499116448514,2.186733735727286,1.6175917565419695e-05,0.0014789640284674
0.1063879156919308,2.1867499115230777,2.186733735715957,1.6175807120877295e-05,0.0014789640126676
0.1063879156934649,2.1867499108797137,2.1867337357471652,1.6175132548479354e-05,0.0014789589919801
0.1063879156934649,2.1867499111241293,2.1867337357471652,1.6175376964078225e-05,0.0014789589919808
0.1063879156937381,2.1867499109561295,2.1867337357527235,1.617520340602141e-05,0.0014789572005848
0.1063879156934649,2.1867499108781074,2.1867337357471652,1.6175130942208682e-05,0.0014789589919808
0.1063879156924877,2.1867499106226895,2.186733735727286,1.6174895403509026e-05,0.0014789640284674
0.1063879156934649,2.1867499114714777,2.1867337357471652,1.6175724312450512e-05,0.0014789589919801
0.1063879156930503,2.186749911024151,2.186733735738731,1.6175285419972596e-05,0.0014789612529911
0.1063879156912473,2.186749911557089,2.1867337357020515,1.6175855037658948e-05,0.0014789673483751
0.1063879156924877,2.186749911513247,2.186733735727286,1.6175785960914624e-05,0.001478964028468
0.106387915018485,2.186749911030492,2.186733722015622,1.6189014869993912e-05,0.0014789439779364
0.1063879151815304,2.1867499111139024,2.1867337253325583,1.6185781344102423e-05,0.0014789441791579
0.1063879156903241,2.1867499109708346,2.1867337356832706,1.61752875640353e-05,0.0014789712916012
0.1063879156937381,2.1867499120030165,2.1867337357527235,1.6176250293042926e-05,0.0014789572005841
0.1063879156911469,2.186749910128204,2.186733735700009,1.617442819501491e-05,0.0014789713158611
0.1063879156929965,2.1867499114547484,2.1867337357376364,1.6175717111988064e-05,0.0014789571848262
0.1063879156929662,2.18674991159706,2.1867337357370205,1.617586003943572e-05,0.0014789571848262
0.1063879156937381,2.186749910916086,2.1867337357527235,1.6175163362497358e-05,0.0014789572005841
0.1063879156934649,2.186749911266032,2.1867337357471652,1.6175518866567984e-05,0.0014789589919808
0.106387915692201,2.186749910424018,2.186733735721454,1.6174702563986898e-05,0.0014789612279805
0.106387915692201,2.186749910747353,2.186733735721454,1.617502589912334e-05,0.0014789612279805
0.1063879156924877,2.186749910084857,2.186733735727286,1.617435757106378e-05,0.001478964028468
0.1063879156929965,2.186749910751778,2.1867337357376364,1.617501414141742e-05,0.0014789571848262
0.1063879156937381,2.186749911353612,2.1867337357527235,1.6175600888512776e-05,0.0014789572005841
0.1063879156911469,2.1867499108162485,2.186733735700009,1.6175116239303122e-05,0.0014789713158611
0.106387915692201,2.1867499109632655,2.186733735721454,1.6175241811744456e-05,0.0014789612279805
0.1063879156930503,2.1867499116562534,2.186733735738731,1.6175917522343042e-05,0.0014789612529901
0.1063879151724605,2.1867499111874174,2.186733725148043,1.61860393741442e-05,0.0014789441791579
0.106387915018485,2.18674991126636,2.186733722015622,1.6189250737763672e-05,0.0014789510355001
0.1063879156911469,2.1867499107529533,2.186733735700009,1.617505294415622e-05,0.0014789713158611
0.1063879156928567,2.186749910816804,2.186733735734793,1.6175082011127273e-05,0.001478958974317
0.1063879149998591,2.186749911580715,2.1867337216367035,1.6189944011646418e-05,0.0014789439779364
0.1063879156918452,2.1867499110436297,2.186733735714215,1.6175329414558348e-05,0.0014789673657373
0.1063879156912473,2.18674991068156,2.1867337357020515,1.61749795086763e-05,0.0014789673483751
0.1063879149998591,2.186749911767672,2.1867337216367035,1.6190130968318783e-05,0.0014789439779364
0.1063879156929662,2.18674991159111,2.1867337357370205,1.6175854089528485e-05,0.0014789571848262
0.1063879156912473,2.1867499105146195,2.1867337357020515,1.6174812567992802e-05,0.0014789673483751
0.1063879152182727,2.1867499108831097,2.18673372608003,1.618480307952197e-05,0.0014789507607079
0.1063879156924877,2.186749909719193,2.186733735727286,1.617399190712021e-05,0.001478964028468
0.1063879156924877,2.186749909951646,2.186733735727286,1.6174224359843947e-05,0.001478964028468
0.106387915693873,2.1867499112465323,2.186733735755468,1.6175491064363e-05,0.0014789548584041
0.1063879156924877,2.1867499108141675,2.186733735727286,1.6175086881453637e-05,0.0014789640284674
0.1063879156934649,2.186749911414538,2.1867337357471652,1.6175667372664293e-05,0.0014789589919801
0.1063879156912473,2.186749911089731,2.1867337357020515,1.617538767950677e-05,0.0014789673483751
0.106387915018485,2.1867499111333704,2.186733722015622,1.6189117748144355e-05,0.0014789410297024
0.1063879152182727,2.1867499112919964,2.18673372608003,1.6185211966224244e-05,0.0014789528076878
0.1063879156930503,2.1867499112060855,2.186733735738731,1.6175467354440087e-05,0.0014789612529901
0.1063879156924877,2.186749910422891,2.186733735727286,1.617469560510898e-05,0.0014789640284674
0.1063879156929662,2.186749912111626,2.1867337357370205,1.6176374605603172e-05,0.0014789558102562
0.1063879156928567,2.186749911515472,2.186733735734793,1.6175780678917562e-05,0.001478958974317
0.1063879156934649,2.1867499105760517,2.1867337357471652,1.6174828886494907e-05,0.0014789589919801
0.106387915018485,2.1867499108299686,2.186733722015622,1.6188814346396185e-05,0.0014789441791579
0.1063879156934649,2.1867499114477473,2.1867337357471652,1.6175700582099495e-05,0.0014789589919801
0.1063879156930503,2.186749910582867,2.186733735738731,1.6174844136074285e-05,0.0014789612529911
0.1063879156912473,2.1867499102694024,2.1867337357020515,1.6174567350812907e-05,0.0014789673483751
0.1063879151815304,2.186749911695215,2.1867337253325583,1.6186362656878117e-05,0.0014789439779364
0.1063879156929662,2.186749911318468,2.1867337357370205,1.6175581447619436e-05,0.0014789571848262
0.1063879156912473,2.18674991152086,2.1867337357020515,1.617581880841712e-05,0.0014789673483751
0.106387915692201,2.18674991109632,2.186733735721454,1.6175374866200798e-05,0.0014789612279805
0.1063879156924877,2.1867499107757564,2.186733735727286,1.617504847040152e-05,0.001478964028468
0.1063879156934649,2.186749911373265,2.1867337357471652,1.6175626099901308e-05,0.0014789589919808
0.1063879156903999,2.1867499097253784,2.1867337356848124,1.6174040565974934e-05,0.0014789759340891
0.1063879151940493,2.1867499112061473,2.186733725587238,1.6185618909148047e-05,0.0014789410297024
0.1063879149998591,2.186749911117732,2.1867337216367035,1.6189481028661135e-05,0.0014789507607079
0.1063879156934649,2.1867499120236675,2.1867337357471652,1.6176276502299913e-05,0.0014789589919808
0.1063879152182727,2.186749912133266,2.18673372608003,1.6186053235944797e-05,0.0014789410297024
0.1063879156930503,2.1867499107900183,2.186733735738731,1.617505128725938e-05,0.0014789612529911
0.1063879156911469,2.1867499103500596,2.186733735700009,1.6174650050437833e-05,0.0014789713158602
0.1063879156924877,2.1867499115061952,2.186733735727286,1.617577890922206e-05,0.0014789640284674
0.1063879156929662,2.1867499116785094,2.1867337357370205,1.617594148894952e-05,0.0014789571848262
0.1063879156930503,2.1867499109603568,2.186733735738731,1.6175221625669423e-05,0.0014789612529911
0.1063879156937381,2.1867499117358364,2.1867337357527235,1.617598311298707e-05,0.0014789572005848
0.1063879156929662,2.1867499113433073,2.1867337357370205,1.617560628686121e-05,0.0014789571848262
0.1063879156924877,2.186749911313808,2.186733735727286,1.6175586521782748e-05,0.001478964028468
0.1063879156918452,2.186749911023346,2.186733735714215,1.6175309130783688e-05,0.0014789673657373
0.1063879156919308,2.186749912013286,2.186733735715957,1.6176297329195677e-05,0.0014789640126676
0.106387915018485,2.186749911297037,2.186733722015622,1.61892814150022e-05,0.0014789410297024
0.1063879151815304,2.1867499108069866,2.1867337253325583,1.6185474428276336e-05,0.0014789439779364
0.1063879151885228,2.1867499115501228,2.1867337254748085,1.6186075314283954e-05,0.0014789439779364
0.1063879151885228,2.186749911180854,2.1867337254748085,1.618570604566827e-05,0.0014789528076878
0.1063879156924877,2.1867499101658066,2.186733735727286,1.617443852053313e-05,0.0014789640284674
0.1063879156934649,2.186749911914481,2.1867337357471652,1.6176167315862244e-05,0.0014789589919808
0.1063879156919308,2.1867499105769004,2.186733735715957,1.617486094351861e-05,0.0014789640126676
0.1063879156911469,2.186749909961087,2.186733735700009,1.6174261078027996e-05,0.0014789713158602
0.1063879156930503,2.1867499107150064,2.186733735738731,1.6174976275262765e-05,0.0014789612529901
0.106387915018485,2.1867499104111427,2.186733722015622,1.6188395520533305e-05,0.0014789510355001
0.1063879156903241,2.1867499108107222,2.1867337356832706,1.6175127451667493e-05,0.0014789712916012
0.1063879156928567,2.186749912703531,2.186733735734793,1.6176968737902087e-05,0.001478958974317
0.1063879156898393,2.186749911045895,2.186733735673408,1.61753724872149e-05,0.0014789759182094
0.1063879156903241,2.1867499105070003,2.1867337356832706,1.6174823729731003e-05,0.0014789712916012
0.106387915018485,2.186749910083766,2.186733722015622,1.6188068143740963e-05,0.0014789507607079
0.1063879156937381,2.186749910379591,2.1867337357527235,1.617462686764881e-05,0.0014789572005841
0.1063879156924877,2.186749910854954,2.186733735727286,1.6175127667938938e-05,0.001478964028468
0.1063879156928567,2.186749910815533,2.186733735734793,1.6175080740143954e-05,0.001478958974317
0.1063879151940493,2.186749911157405,2.186733725587238,1.6185570166804553e-05,0.0014789439779364
0.1063879156911469,2.1867499090641918,2.186733735700009,1.6173364182581196e-05,0.0014789713158602
0.1063879156918452,2.1867499113640823,2.186733735714215,1.617564986711173e-05,0.0014789673657373
0.1063879151885228,2.1867499110617126,2.1867337254748085,1.6185586904082783e-05,0.0014789510355001
0.1063879156937381,2.186749911359028,2.1867337357527235,1.617560630462478e-05,0.0014789572005848
0.1063879156934649,2.186749911217992,2.1867337357471652,1.617547082677362e-05,0.0014789589919801
0.1063879156929662,2.186749911319651,2.1867337357370205,1.617558263067309e-05,0.0014789571848262
0.106387915692201,2.1867499117977958,2.186733735721454,1.617607634196716e-05,0.0014789612279805
0.1063879151815304,2.1867499121424,2.1867337253325583,1.618680984183385e-05,0.0014789410297024
0.1063879151815304,2.186749911792038,2.1867337253325583,1.6186459479872184e-05,0.0014789441791579
0.1063879156934649,2.1867499117951334,2.1867337357471652,1.6176047968219365e-05,0.0014789589919801
0.106387915692201,2.1867499110608657,2.186733735721454,1.617533941189464e-05,0.0014789612279805
0.1063879151940493,2.1867499104899895,2.186733725587238,1.6184902751348318e-05,0.0014789507607079
0.1063879156924877,2.1867499103054957,2.186733735727286,1.6174578209682267e-05,0.0014789640284674
0.1063879156934649,2.186749911166297,2.1867337357471652,1.6175419131680968e-05,0.0014789589919808
0.1063879156929662,2.186749911999222,2.1867337357370205,1.6176262201739178e-05,0.0014789571848262
0.1063879156918452,2.1867499112387363,2.186733735714215,1.6175524521155893e-05,0.0014789673657366
0.1063879151724605,2.1867499109434108,2.186733725148043,1.6185795367551492e-05,0.0014789410297024
0.1063879156930503,2.186749911213192,2.186733735738731,1.6175474460755623e-05,0.0014789612529901
0.1063879156918452,2.18674991017866,2.186733735714215,1.6174464444684844e-05,0.0014789673657366
0.1063879156924877,2.186749911457527,2.186733735727286,1.6175730241041464e-05,0.0014789640284674
0.1063879156924877,2.186749911002803,2.186733735727286,1.6175275516783216e-05,0.001478964028468
0.1063879156930503,2.1867499112644286,2.186733735738731,1.617552569754821e-05,0.0014789612529901
0.1063879156919308,2.1867499112608626,2.186733735715957,1.6175544905738803e-05,0.0014789640126676
0.1063879151815304,2.186749912185034,2.1867337253325583,1.6186852475730262e-05,0.0014789441791579
0.1063879151885228,2.1867499106994917,2.1867337254748085,1.6185224683162858e-05,0.0014789528076878
0.1063879156930503,2.1867499122474254,2.186733735738731,1.6176508694343283e-05,0.0014789612529901
0.1063879156934649,2.1867499116176345,2.1867337357471652,1.61758704693149e-05,0.0014789589919801
0.1063879156924877,2.186749911611361,2.186733735727286,1.6175884074876024e-05,0.001478964028468
0.1063879156930503,2.1867499107034716,2.186733735738731,1.6174964740489628e-05,0.0014789612529911
0.1063879156937381,2.1867499116003892,2.1867337357527235,1.6175847665778065e-05,0.0014789572005848
0.1063879151724605,2.1867499109863626,2.186733725148043,1.618583831941578e-05,0.0014789510355001
0.1063879156934649,2.18674991136273,2.1867337357471652,1.6175615564772983e-05,0.0014789589919808
0.106387915018485,2.1867499108180883,2.186733722015622,1.6188802466121643e-05,0.0014789441791579
0.106387915692201,2.1867499111849518,2.186733735721454,1.617546349796939e-05,0.0014789612279805
0.106387915693873,2.1867499110290574,2.186733735755468,1.6175273589436046e-05,0.0014789558360761
0.1063879156924877,2.1867499095574208,2.186733735727286,1.6173830134746936e-05,0.001478964028468
0.1063879156928567,2.186749911343311,2.186733735734793,1.61756085179654e-05,0.001478958974317
0.1063879156928567,2.1867499116058093,2.186733735734793,1.6175871016432808e-05,0.001478958974317
0.106387915018485,2.186749911639198,2.186733722015622,1.6189623575968426e-05,0.0014789441791579
0.1063879156924877,2.1867499106150725,2.186733735727286,1.61748877864909e-05,0.0014789640284674
0.1063879156918452,2.18674991150309,2.186733735714215,1.617578887502802e-05,0.0014789673657366
0.1063879156919308,2.18674991160075,2.186733735715957,1.6175884792968276e-05,0.0014789640126676
0.106387915692201,2.186749911186357,2.186733735721454,1.617546490306765e-05,0.0014789612279805
0.1063879156930503,2.1867499107841217,2.186733735738731,1.617504539064285e-05,0.0014789612529911
0.1063879156930503,2.1867499106618085,2.186733735738731,1.6174923077372227e-05,0.0014789612529901
0.1063879156930503,2.1867499107618698,2.186733735738731,1.6175023138664812e-05,0.0014789612529911
0.106387915693184,2.1867499106659674,2.186733735741451,1.6174924516221267e-05,0.0014789571848262
0.1063879156929965,2.1867499128144914,2.1867337357376364,1.6177076854972938e-05,0.0014789558102562
0.1063879156924877,2.1867499114254243,2.186733735727286,1.6175698138276573e-05,0.001478964028468
0.106387915692201,2.1867499115700717,2.186733735721454,1.617584861790533e-05,0.0014789612279805
0.1063879156937381,2.1867499110728725,2.1867337357527235,1.6175320149081074e-05,0.0014789572005841
0.1063879156924877,2.186749910317653,2.186733735727286,1.6174590367068475e-05,0.0014789640284674
0.1063879151724605,2.1867499120742027,2.186733725148043,1.618692615945605e-05,0.0014789410297024
0.1063879149795981,2.1867499118540246,2.1867337212245213,1.619062950330985e-05,0.0014789403426105
0.1063879156929662,2.1867499113329543,2.1867337357370205,1.617559593380946e-05,0.0014789558102562
0.1063879156924877,2.1867499106878965,2.186733735727286,1.6174960610459976e-05,0.0014789640284674
0.1063879151724605,2.1867499105421464,2.186733725148043,1.6185394103196415e-05,0.0014789507607079
0.106387914957037,2.1867499117548306,2.1867337207655466,1.6190989283959567e-05,0.0014789342586607
0.1063879156924877,2.186749911734068,2.186733735727286,1.6176006782053776e-05,0.001478964028468
0.1063879156934649,2.186749910188835,2.1867337357471652,1.6174441669569717e-05,0.0014789589919801
0.1063879151815304,2.1867499110799593,2.1867337253325583,1.6185747401031847e-05,0.0014789441791579
0.1063879156924877,2.186749910992528,2.186733735727286,1.6175265241891168e-05,0.0014789640284674
0.106387915018485,2.1867499105514883,2.186733722015622,1.6188535866046294e-05,0.0014789510355001
0.1063879156937381,2.1867499112036923,2.1867337357527235,1.617545096888051e-05,0.0014789572005841
0.1063879151815304,2.1867499112315394,2.1867337253325583,1.6185898981113667e-05,0.0014789441791579
0.1063879151940493,2.1867499116502755,2.186733725587238,1.6186063037437748e-05,0.0014789507607079
0.1063879156928567,2.1867499109997923,2.186733735734793,1.617526499941846e-05,0.001478958974317
0.1063879156890471,2.1867499101541283,2.1867337356572913,1.61744968369959e-05,0.001478981262446
0.1063879156918452,2.1867499108617183,2.186733735714215,1.6175147503183496e-05,0.0014789673657373
0.1063879156903998,2.1867499105240924,2.1867337356848107,1.617483928173513e-05,0.0014789759340898
0.1063879156937381,2.186749912007199,2.1867337357527235,1.6176254475475105e-05,0.0014789572005841
0.1063879156930503,2.1867499120075715,2.186733735738731,1.6176268840428776e-05,0.0014789612529901
0.1063879156929965,2.186749910973975,2.1867337357376364,1.6175236338789034e-05,0.0014789571848262
0.1063879149998591,2.1867499116281395,2.1867337216367035,1.6189991435933138e-05,0.0014789441791579
0.1063879156937381,2.1867499113770186,2.1867337357527235,1.617562429512276e-05,0.0014789572005841
0.1063879156930503,2.1867499117634486,2.186733735738731,1.6176024717484694e-05,0.0014789612529901
0.1063879156929965,2.186749912390016,2.1867337357376364,1.617665237940713e-05,0.0014789558102562
0.106387915018485,2.186749909179279,2.186733722015622,1.618716365658912e-05,0.0014789528076878
0.1063879156938731,2.186749911890652,2.1867337357554697,1.6176135182455198e-05,0.0014789558360751
0.1063879152182727,2.1867499104225936,2.18673372608003,1.6184342563452248e-05,0.0014789625997043
0.106387915693873,2.186749911197158,2.186733735755468,1.617544169008056e-05,0.0014789558360761
0.106387915018485,2.1867499107499997,2.186733722015622,1.618873437747581e-05,0.0014789397653969
0.1063879156919308,2.186749910755428,2.186733735715957,1.6175039470933683e-05,0.0014789640126676
0.1063879156924877,2.1867499111901774,2.186733735727286,1.617546289134353e-05,0.001478964028468
0.1063879156911469,2.1867499102947376,2.186733735700009,1.6174594728468605e-05,0.0014789713158611
0.1063879156918452,2.186749910148661,2.186733735714215,1.617443444601463e-05,0.0014789673657366
0.1063879156930503,2.1867499113463067,2.186733735738731,1.6175607575608097e-05,0.0014789612529901
0.1063879156918452,2.1867499109546835,2.186733735714215,1.6175240468374597e-05,0.0014789673657366
0.106387915692201,2.1867499117491467,2.186733735721454,1.61760276928824e-05,0.0014789612279805
0.1063879151724605,2.186749910937498,2.186733725148043,1.6185789454947752e-05,0.0014789439779364
0.1063879156911469,2.186749910754531,2.186733735700009,1.6175054522005183e-05,0.0014789713158611
0.1063879156912473,2.1867499105299375,2.1867337357020515,1.6174827885961918e-05,0.0014789673483751
0.1063879156937381,2.186749911122907,2.1867337357527235,1.617537018372417e-05,0.0014789572005841
0.1063879156930503,2.1867499104146404,2.186733735738731,1.6174675909308434e-05,0.0014789612529911
0.1063879151815304,2.186749910541244,2.1867337253325583,1.618520868573725e-05,0.0014789441791579
0.1063879156934649,2.186749911871632,2.1867337357471652,1.6176124466582564e-05,0.0014789589919801
0.1063879156937381,2.186749911337098,2.1867337357527235,1.6175584374611418e-05,0.0014789572005848
0.1063879151815304,2.186749910673101,2.1867337253325583,1.6185340542929083e-05,0.0014789441791579
0.1063879151815304,2.1867499112735564,2.1867337253325583,1.6185940998170167e-05,0.0014789507607079
0.1063879156934649,2.1867499109585387,2.1867337357471652,1.6175211373425924e-05,0.0014789589919801
0.1063879156919308,2.186749911030343,2.186733735715957,1.6175314386135398e-05,0.0014789640126676
0.1063879156938738,2.186749912044587,2.1867337357554844,1.6176289102443064e-05,0.0014789558360761
0.1063879156918452,2.186749910864505,2.186733735714215,1.6175150289843288e-05,0.0014789673657366
0.1063879152270851,2.186749911235934,2.186733726259306,1.6184976628252912e-05,0.0014789439779364
0.1063879156924877,2.186749912084074,2.186733735727286,1.6176356787855894e-05,0.0014789640284674
0.106387915018485,2.186749910762568,2.186733722015622,1.618874694564454e-05,0.0014789510355001
0.1063879156928567,2.186749910561135,2.186733735734793,1.6174826342307824e-05,0.001478958974317
0.1063879156919308,2.1867499107771198,2.186733735715957,1.6175061162915227e-05,0.0014789640126676
0.1063879156924877,2.1867499106348656,2.186733735727286,1.6174907579546982e-05,0.0014789640284674
0.106387915692201,2.1867499110737243,2.186733735721454,1.617535227049771e-05,0.0014789612279805
0.1063879156937381,2.1867499105798243,2.1867337357527235,1.6174827100812195e-05,0.0014789572005848
0.1063879156934649,2.1867499113400046,2.1867337357471652,1.6175592839395847e-05,0.0014789589919801
0.1063879151724605,2.186749911353851,2.186733725148043,1.6186205807677823e-05,0.0014789410297024
0.1063879156924877,2.1867499111554443,2.186733735727286,1.6175428158238248e-05,0.001478964028468
0.1063879156928567,2.1867499121365968,2.186733735734793,1.617640180384683e-05,0.001478958974317
0.1063879151815304,2.186749912059161,2.1867337253325583,1.6186726602640533e-05,0.0014789441791579
0.1063879151724605,2.186749912408908,2.186733725148043,1.6187260864608533e-05,0.0014789403426105
0.1063879156918452,2.186749910781843,2.186733735714215,1.6175067627965944e-05,0.0014789673657373
0.1063879156919308,2.1867499109161077,2.186733735715957,1.6175200150847502e-05,0.0014789640126676
0.1063879151940493,2.186749911011446,2.186733725587238,1.618542420800395e-05,0.0014789507607079
0.1063879156919308,2.1867499110901782,2.186733735715957,1.6175374221383265e-05,0.0014789640126676
0.1063879151724605,2.1867499107740573,2.186733725148043,1.6185626014131316e-05,0.0014789439779364
0.1063879156934649,2.1867499122380742,2.1867337357471652,1.6176490909014518e-05,0.0014789589919801
0.1063879156929662,2.1867499108496804,2.1867337357370205,1.617511265994409e-05,0.0014789571848262
0.1063879151724605,2.1867499107841883,2.186733725148043,1.618563614513846e-05,0.0014789510355001
0.1063879156934649,2.186749910186739,2.1867337357471652,1.6174439573912736e-05,0.0014789589919801
0.1063879156924877,2.1867499109933606,2.186733735727286,1.6175266074558436e-05,0.0014789640284674
0.106387915692201,2.186749911735863,2.186733735721454,1.6176014409285955e-05,0.0014789612279805
0.1063879156924877,2.186749909923887,2.186733735727286,1.6174196601159707e-05,0.001478964028468
0.1063879151724605,2.1867499111274364,2.186733725148043,1.6185979393235073e-05,0.0014789507607079
0.1063879151724605,2.186749910757956,2.186733725148043,1.6185609912788834e-05,0.0014789410297024
0.1063879151724605,2.1867499107392514,2.186733725148043,1.6185591208195405e-05,0.0014789510355001
0.1063879156928567,2.1867499113233912,2.186733735734793,1.6175588598343893e-05,0.001478958974317
0.1063879156937381,2.186749912045064,2.1867337357527235,1.6176292340741583e-05,0.0014789572005841
0.1063879151815304,2.186749910858451,2.1867337253325583,1.6185525892886687e-05,0.0014789441791579
0.1063879156903999,2.1867499095593783,2.1867337356848124,1.617387456587238e-05,0.0014789759340891
0.1063879156934649,2.1867499120794665,2.1867337357471652,1.6176332301220953e-05,0.0014789589919801
0.1063879156930503,2.1867499108759736,2.186733735738731,1.6175137242502302e-05,0.0014789612529911
0.1063879151815304,2.186749910588824,2.1867337253325583,1.6185256265899284e-05,0.0014789441791579
0.1063879156937381,2.1867499111509043,2.1867337357527235,1.6175398180884315e-05,0.0014789572005848
0.1063879156937381,2.1867499117090037,2.1867337357527235,1.617595628022883e-05,0.0014789572005841
0.1063879156911469,2.186749910375237,2.186733735700009,1.6174675227631496e-05,0.0014789713158602
0.1063879156918452,2.186749909065626,2.186733735714215,1.617335141101961e-05,0.0014789673657366
0.1063879156928567,2.1867499110187496,2.186733735734793,1.617528395669865e-05,0.001478958974317
0.1063879156934649,2.186749912244344,2.1867337357471652,1.6176497178665983e-05,0.0014789589919808
0.1063879151885228,2.1867499100793784,2.1867337254748085,1.618460456986881e-05,0.0014789507607079
0.1063879156930503,2.1867499107490946,2.186733735738731,1.6175010363550513e-05,0.0014789612529911
0.1063879156938731,2.1867499118851628,2.1867337357554697,1.6176129693068475e-05,0.0014789558360751
0.1063879156930503,2.186749911632782,2.186733735738731,1.6175894050896034e-05,0.0014789612529901
0.1063879152270851,2.1867499111431172,2.186733726259306,1.6184883811387607e-05,0.0014789439779364
0.1063879156911469,2.1867499106936243,2.186733735700009,1.6174993615170052e-05,0.0014789713158611
0.1063879156937381,2.186749911117869,2.1867337357527235,1.6175365145532083e-05,0.0014789572005848
0.1063879151815304,2.1867499103490657,2.1867337253325583,1.6185016507463956e-05,0.0014789441791579
0.1063879156934649,2.1867499116274574,2.1867337357471652,1.6175880292124134e-05,0.0014789589919808
0.1063879156934649,2.1867499119734677,2.1867337357471652,1.6176226302455632e-05,0.0014789589919808
0.106387915692201,2.186749910944624,2.186733735721454,1.6175223170211694e-05,0.0014789612279805
0.1063879156912473,2.1867499106962276,2.1867337357020515,1.6174994176054724e-05,0.0014789673483751
0.1063879156930503,2.186749910733774,2.186733735738731,1.6174995042916862e-05,0.0014789612529911
0.1063879152182727,2.1867499108989477,2.18673372608003,1.618481891751955e-05,0.0014789439779364
0.1063879151815304,2.1867499120174094,2.1867337253325583,1.618668485114938e-05,0.0014789410297024
0.1063879156934649,2.186749910944674,2.1867337357471652,1.6175197508960792e-05,0.0014789589919801
0.1063879156924877,2.1867499103274746,2.186733735727286,1.617460018854544e-05,0.001478964028468
0.106387915018485,2.186749911008562,2.186733722015622,1.618899293998055e-05,0.0014789403426105
0.1063879156934649,2.1867499102883308,2.1867337357471652,1.6174541165536738e-05,0.0014789589919808
0.1063879156928567,2.18674991128792,2.186733735734793,1.6175553127162345e-05,0.001478958974317
0.1063879156929965,2.186749911125471,2.1867337357376364,1.6175387834493904e-05,0.0014789571848262
0.1063879151724605,2.1867499113808857,2.186733725148043,1.618623284249665e-05,0.0014789439779364
0.1063879156930503,2.18674991166953,2.186733735738731,1.617593079883406e-05,0.0014789612529911
0.106387915692201,2.186749910429881,2.186733735721454,1.6174708427296736e-05,0.0014789612279805
0.1063879156911469,2.186749910593449,2.186733735700009,1.617489343974654e-05,0.0014789713158611
0.106387915018485,2.186749910400032,2.186733722015622,1.6188384409865364e-05,0.0014789410297024
0.1063879151815304,2.1867499096808176,2.1867337253325583,1.6184348259340453e-05,0.0014789528076878
0.106387915692201,2.1867499112521394,2.186733735721454,1.6175530685558215e-05,0.0014789612279805
0.1063879156912473,2.1867499111938717,2.1867337357020515,1.6175491820202836e-05,0.0014789673483751
0.106387915018485,2.1867499108337936,2.186733722015622,1.618881817133655e-05,0.0014789507607079
0.1063879156934649,2.1867499107969417,2.1867337357471652,1.6175049776467887e-05,0.0014789589919801
0.1063879156929662,2.1867499106599033,2.1867337357370205,1.6174922882861154e-05,0.0014789571848262
0.1063879156937381,2.186749911062335,2.1867337357527235,1.6175309611732303e-05,0.0014789572005848
0.106387915692201,2.186749910552562,2.186733735721454,1.6174831108273224e-05,0.0014789612279805
0.1063879151940493,2.186749911458061,2.186733725587238,1.6185870822749138e-05,0.0014789507607079
0.1063879156918452,2.186749910501942,2.186733735714215,1.617478772697467e-05,0.0014789673657366
0.1063879151724605,2.186749911442475,2.186733725148043,1.6186294431896897e-05,0.0014789410297024
0.1063879156924877,2.1867499113811193,2.186733735727286,1.6175653833272463e-05,0.001478964028468
0.1063879151815304,2.1867499109711854,2.1867337253325583,1.6185638627153054e-05,0.0014789441791579
0.1063879156937381,2.1867499115342115,2.1867337357527235,1.6175781488048102e-05,0.0014789572005848
0.1063879156919308,2.1867499112959914,2.186733735715957,1.617558003452757e-05,0.0014789640126676
0.1063879156912473,2.186749910728034,2.1867337357020515,1.6175025982612112e-05,0.0014789673483751
0.1063879156930503,2.186749912588829,2.186733735738731,1.6176850097693318e-05,0.0014789612529901
0.1063879156918452,2.186749911063118,2.186733735714215,1.6175348902969233e-05,0.0014789673657366
0.1063879151815304,2.186749912739973,2.1867337253325583,1.618740741493596e-05,0.0014789410297024
0.1063879156929662,2.186749911437867,2.1867337357370205,1.6175700846332575e-05,0.0014789558102562
0.1063879156929662,2.186749911378876,2.1867337357370205,1.6175641855742384e-05,0.0014789571848262
0.1063879151940493,2.186749909890796,2.186733725587238,1.618430355776468e-05,0.0014789510355001
0.1063879156924877,2.186749910697247,2.186733735727286,1.617496996075829e-05,0.001478964028468
0.1063879151724605,2.186749911575216,2.186733725148043,1.6186427172826257e-05,0.0014789441791579
0.106387915693873,2.186749911284882,2.186733735755468,1.6175529414130807e-05,0.0014789558360761
0.1063879156937381,2.186749911139108,2.1867337357527235,1.6175386384542634e-05,0.0014789572005841
0.1063879151724605,2.1867499113922855,2.186733725148043,1.6186244242266667e-05,0.0014789507607079
0.1063879156929662,2.1867499116391476,2.1867337357370205,1.6175902127102404e-05,0.0014789571848262
0.1063879156937381,2.186749910704941,2.1867337357527235,1.6174952217618e-05,0.0014789572005848
0.1063879156929965,2.1867499110299415,2.1867337357376364,1.6175292305131705e-05,0.0014789558102562
0.1063879156938738,2.1867499109348945,2.1867337357554844,1.6175179410105045e-05,0.0014789558360761
0.1063879151724605,2.186749911317137,2.186733725148043,1.6186169093934666e-05,0.0014789410297024
0.106387915692201,2.186749911926825,2.186733735721454,1.6176205371198904e-05,0.0014789612279805
0.106387915692201,2.1867499116501468,2.186733735721454,1.6175928692963026e-05,0.0014789612279805
0.1063879156918452,2.18674991141637,2.186733735714215,1.6175702155063476e-05,0.0014789673657366
0.1063879156898393,2.1867499108137176,2.186733735673408,1.6175140309826475e-05,0.0014789759182094
0.106387915018485,2.1867499107411863,2.186733722015622,1.6188725564081352e-05,0.0014789510355001
0.1063879156934649,2.186749911274032,2.1867337357471652,1.61755268668351e-05,0.0014789589919801
0.1063879156937381,2.186749910268797,2.1867337357527235,1.6174516073608203e-05,0.0014789572005841
0.1063879149795981,2.1867499111814457,2.1867337212245213,1.6189956924428373e-05,0.0014789403426105
0.1063879156924877,2.186749911569798,2.186733735727286,1.6175842512122784e-05,0.0014789640284674
0.106387915018485,2.186749910968898,2.186733722015622,1.6188953275708684e-05,0.0014789528076878
0.1063879156918452,2.186749911408866,2.186733735714215,1.6175694650844008e-05,0.0014789673657373
0.1063879156929965,2.1867499110620896,2.1867337357376364,1.6175324453193696e-05,0.0014789571848262
0.1063879156918452,2.1867499109147204,2.186733735714215,1.617520050523069e-05,0.0014789673657366
0.1063879156934649,2.1867499105869106,2.1867337357471652,1.6174839745364267e-05,0.0014789589919801
0.1063879156898393,2.1867499107572974,2.186733735673408,1.617508388962463e-05,0.0014789759182094
0.1063879156924877,2.186749910629569,2.186733735727286,1.6174902282894976e-05,0.001478964028468
0.1063879156924877,2.1867499113407582,2.186733735727286,1.6175613472224626e-05,0.0014789640284674
0.1063879151724605,2.1867499107898873,2.186733725148043,1.618564184413529e-05,0.0014789403426105
0.1063879156918452,2.1867499116278815,2.186733735714215,1.6175913666316433e-05,0.0014789673657366
0.106387915692201,2.186749911174185,2.186733735721454,1.6175452731026496e-05,0.0014789612279805
0.1063879156919308,2.1867499110512787,2.186733735715957,1.6175335321833018e-05,0.0014789640126676
0.1063879156934649,2.1867499105533468,2.1867337357471652,1.6174806181545875e-05,0.0014789589919808
0.1063879156930503,2.186749911401446,2.186733735738731,1.617566271505666e-05,0.0014789612529901
0.1063879156930503,2.186749911235108,2.186733735738731,1.617549637700222e-05,0.0014789612529901
0.1063879156928567,2.186749910410567,2.186733735734793,1.6174675774305314e-05,0.001478958974317
0.1063879156930503,2.186749910440129,2.186733735738731,1.6174701397808633e-05,0.0014789612529901
0.1063879152182727,2.1867499112861872,2.18673372608003,1.618520615709329e-05,0.0014789439779364
0.1063879156918452,2.186749910694225,2.186733735714215,1.617498001005302e-05,0.0014789673657366
0.1063879156930503,2.1867499109765856,2.186733735738731,1.6175237854465507e-05,0.0014789612529911
0.1063879156937381,2.186749911304461,2.1867337357527235,1.6175551737607208e-05,0.0014789572005848
0.1063879151940493,2.1867499108325887,2.186733725587238,1.6185245350630595e-05,0.0014789625997043
0.1063879156912473,2.186749911130632,2.1867337357020515,1.6175428580567086e-05,0.0014789673483751
0.1063879156934649,2.1867499115517908,2.1867337357471652,1.6175804625540025e-05,0.0014789589919801
0.1063879156924877,2.1867499110976016,2.186733735727286,1.6175370315618665e-05,0.001478964028468
0.106387915018485,2.186749911218937,2.186733722015622,1.618920331480922e-05,0.0014789507607079
0.1063879156930503,2.18674991159907,2.186733735738731,1.6175860338751846e-05,0.0014789612529911
0.1063879156903999,2.18674991072517,2.1867337356848124,1.6175040357779835e-05,0.0014789759340891
0.106387915692201,2.186749911693058,2.186733735721454,1.6175971604415196e-05,0.0014789612279805
0.1063879151885228,2.1867499119583584,2.1867337254748085,1.6186483549951447e-05,0.0014789439779364
0.1063879151940493,2.1867499113280586,2.186733725587238,1.6185740820517935e-05,0.0014789507607079
0.106387915692201,2.1867499110848176,2.186733735721454,1.6175363363846174e-05,0.0014789612279805
0.1063879156928567,2.18674991064667,2.186733735734793,1.6174911876998266e-05,0.001478958974317
0.1063879151815304,2.1867499114462454,2.1867337253325583,1.61861136871444e-05,0.0014789507607079
0.1063879152182727,2.1867499112651214,2.18673372608003,1.6185185091277532e-05,0.0014789439779364
0.1063879156930503,2.1867499113108377,2.186733735738731,1.6175572106646996e-05,0.0014789612529901
0.1063879156930503,2.186749911080426,2.186733735738731,1.6175341694957268e-05,0.0014789612529901
0.1063879151815304,2.186749910855434,2.1867337253325583,1.6185522875744596e-05,0.0014789528076878
0.106387915018485,2.186749911149688,2.186733722015622,1.618913406575828e-05,0.0014789410297024
0.1063879149998591,2.186749912408612,2.1867337216367035,1.6190771908508594e-05,0.0014789439779364
0.1063879156930503,2.1867499118453115,2.186733735738731,1.617610658044555e-05,0.0014789612529901
0.1063879156930503,2.186749911051455,2.186733735738731,1.6175312723909485e-05,0.0014789612529911
0.1063879156924877,2.1867499108667032,2.186733735727286,1.6175139417207163e-05,0.001478964028468
0.1063879151940493,2.186749911133709,2.186733725587238,1.6185546471092493e-05,0.0014789510355001
0.1063879152182727,2.186749910499384,2.18673372608003,1.6184419354026147e-05,0.0014789441791579
0.1063879151885228,2.1867499108194512,2.1867337254748085,1.618534464276067e-05,0.0014789439779364
0.1063879156929662,2.1867499112772157,2.1867337357370205,1.6175540195284555e-05,0.0014789558102562
0.1063879156919308,2.186749910618047,2.186733735715957,1.617490209016026e-05,0.0014789640126676
0.1063879156937381,2.186749911065013,2.1867337357527235,1.6175312289590238e-05,0.0014789572005848
0.1063879151815304,2.1867499109261788,2.1867337253325583,1.6185593620487992e-05,0.0014789507607079
0.1063879156918452,2.1867499113727336,2.186733735714215,1.6175658518413627e-05,0.0014789673657366
0.1063879156928567,2.186749911272958,2.186733735734793,1.6175538164908687e-05,0.001478958974317
0.1063879156918452,2.1867499110430537,2.186733735714215,1.6175328838574643e-05,0.0014789673657366
0.1063879156918452,2.186749910407221,2.186733735714215,1.6174693005854834e-05,0.0014789673657366
0.1063879151815304,2.186749911006851,2.1867337253325583,1.6185674292845675e-05,0.0014789507607079
0.1063879151885228,2.186749911869685,2.1867337254748085,1.618639487643847e-05,0.0014789439779364
0.1063879156918452,2.1867499100566703,2.186733735714215,1.6174342455155255e-05,0.0014789673657366
0.1063879156912473,2.1867499110695414,2.1867337357020515,1.6175367489879022e-05,0.0014789673483751
0.1063879151724605,2.1867499118973575,2.186733725148043,1.6186749314250903e-05,0.0014789410297024
0.106387915692201,2.1867499111661424,2.186733735721454,1.6175444688570906e-05,0.0014789612279805
0.1063879156903998,2.1867499105864696,2.1867337356848107,1.6174901658949636e-05,0.0014789759340898
0.1063879151724605,2.1867499113628277,2.186733725148043,1.618621478449711e-05,0.0014789410297024
0.1063879151940493,2.1867499105281976,2.186733725587238,1.6184940959451666e-05,0.0014789441791579
0.1063879156924877,2.186749911162329,2.186733735727286,1.6175435042953268e-05,0.0014789640284674
0.106387915692201,2.186749910759428,2.186733735721454,1.6175037974353046e-05,0.0014789612279805
0.1063879151815304,2.186749911529664,2.1867337253325583,1.6186197105749756e-05,0.0014789441791579
0.1063879156930503,2.1867499119680347,2.186733735738731,1.6176229303610512e-05,0.0014789612529911
0.1063879156903999,2.1867499100341647,2.1867337356848124,1.6174349352304773e-05,0.0014789759340891
0.1063879156930503,2.1867499110863764,2.186733735738731,1.617534764530859e-05,0.0014789612529901
0.1063879151724605,2.1867499114218627,2.186733725148043,1.6186273819496222e-05,0.0014789439779364
0.1063879156930503,2.186749911132171,2.186733735738731,1.617539343978791e-05,0.0014789612529901
0.1063879149795981,2.186749911136779,2.1867337212245213,1.6189912257935646e-05,0.0014789403426105
0.1063879156937381,2.1867499121837377,2.1867337357527235,1.6176431014258696e-05,0.0014789572005841
0.106387915692201,2.1867499104761077,2.186733735721454,1.6174754653874857e-05,0.0014789612279805
0.1063879151815304,2.1867499106844224,2.1867337253325583,1.618535186409531e-05,0.0014789441791579
0.1063879152182727,2.1867499116661695,2.18673372608003,1.6185586139361163e-05,0.0014789439779364
0.1063879156937381,2.1867499116044655,2.1867337357527235,1.6175851742072922e-05,0.0014789572005841
0.1063879156918452,2.186749910820401,2.186733735714215,1.617510618601159e-05,0.0014789673657366
0.1063879156934649,2.186749911501018,2.1867337357471652,1.6175753852820662e-05,0.0014789589919801
0.1063879156934649,2.186749911200274,2.1867337357471652,1.6175453108946414e-05,0.0014789589919801
0.1063879151724605,2.186749910491342,2.186733725148043,1.618534329894672e-05,0.0014789507607079
0.1063879156930503,2.186749910932393,2.186733735738731,1.6175193661815968e-05,0.0014789612529901
0.1063879156911469,2.186749911625819,2.186733735700009,1.6175925809935876e-05,0.0014789713158602
0.1063879156934649,2.1867499114247133,2.1867337357471652,1.6175677548080358e-05,0.0014789589919801
0.1063879151724605,2.1867499108593935,2.186733725148043,1.618571135031388e-05,0.0014789410297024
0.106387915018485,2.1867499108827677,2.186733722015622,1.6188867145494612e-05,0.0014789410297024
0.1063879151815304,2.186749911058894,2.1867337253325583,1.6185726335660178e-05,0.0014789441791579
0.1063879156934649,2.1867499112383255,2.1867337357471652,1.617549116028627e-05,0.0014789589919801
0.1063879149998591,2.1867499117451006,2.1867337216367035,1.6190108397040603e-05,0.0014789510355001
0.1063879156938731,2.1867499112698154,2.1867337357554697,1.6175514345739828e-05,0.0014789558360751
0.1063879156938888,2.186749911044885,2.186733735755789,1.6175289096143075e-05,0.0014789548584041
0.1063879156930503,2.1867499114489983,2.186733735738731,1.6175710267241072e-05,0.0014789612529911
0.1063879156934649,2.1867499105544996,2.1867337357471652,1.6174807334401464e-05,0.0014789589919808
0.1063879156912473,2.1867499112107778,2.1867337357020515,1.6175508726234966e-05,0.0014789673483751
0.1063879156938731,2.1867499133043244,2.1867337357554697,1.6177548854745538e-05,0.0014789558360751
0.1063879156934649,2.1867499122550207,2.1867337357471652,1.6176507855458766e-05,0.0014789589919801
0.1063879156930503,2.186749911324804,2.186733735738731,1.6175586072808557e-05,0.0014789612529901
0.1063879151885228,2.186749910776323,2.1867337254748085,1.6185301514592965e-05,0.0014789507607079
0.1063879156929965,2.1867499104097954,2.1867337357376364,1.6174672158975056e-05,0.0014789571848262
0.1063879156930503,2.186749910639421,2.186733735738731,1.617490068994698e-05,0.0014789612529901
0.106387915018485,2.1867499105184773,2.186733722015622,1.618850285511897e-05,0.0014789507607079
0.1063879156938731,2.186749911701129,2.1867337357554697,1.617594565939129e-05,0.0014789558360751
0.1063879156919308,2.186749911587212,2.186733735715957,1.6175871255352803e-05,0.0014789640126676
0.1063879156937381,2.186749911371251,2.1867337357527235,1.617561852773619e-05,0.0014789572005848
0.1063879156934649,2.1867499113563853,2.1867337357471652,1.617560922007044e-05,0.0014789589919801
0.106387915692201,2.186749911320761,2.186733735721454,1.61755993071111e-05,0.0014789612279805
0.1063879156918452,2.186749911258699,2.186733735714215,1.6175544483854054e-05,0.0014789673657373
0.106387915692201,2.1867499106621864,2.186733735721454,1.6174940732582854e-05,0.0014789612279805
0.1063879156924877,2.1867499111468542,2.186733735727286,1.617541956822066e-05,0.001478964028468
0.1063879156934649,2.186749912080808,2.1867337357471652,1.6176333642814456e-05,0.0014789589919808
0.1063879149998591,2.1867499117570324,2.1867337216367035,1.6190120328829494e-05,0.0014789403426105
0.1063879156918452,2.1867499113567646,2.186733735714215,1.617564254940973e-05,0.0014789673657373
0.1063879156930503,2.186749911664706,2.186733735738731,1.6175925974692973e-05,0.0014789612529911
0.1063879156924877,2.1867499111447852,2.186733735727286,1.6175417499209033e-05,0.0014789640284674
0.1063879156924877,2.1867499110928033,2.186733735727286,1.6175365517234752e-05,0.001478964028468
0.1063879151940493,2.186749910902799,2.186733725587238,1.6185315560690583e-05,0.0014789507607079
0.1063879151724605,2.1867499113892657,2.186733725148043,1.618624122246004e-05,0.0014789439779364
0.1063879156919308,2.18674991129263,2.186733735715957,1.617557667321634e-05,0.0014789640126676
0.1063879156924877,2.186749911286743,2.186733735727286,1.6175559456765853e-05,0.0014789640284674
0.1063879151815304,2.1867499111649735,2.1867337253325583,1.6185832415249735e-05,0.0014789441791579
0.1063879156934649,2.186749911335785,2.1867337357471652,1.6175588619660175e-05,0.0014789589919801
0.1063879156919308,2.186749910815693,2.186733735715957,1.6175099736059906e-05,0.0014789640126676
0.1063879156911469,2.1867499101891745,2.186733735700009,1.61744891653548e-05,0.0014789713158611
0.1063879156924877,2.186749911602508,2.186733735727286,1.6175875221957625e-05,0.0014789640284674
0.1063879156911469,2.1867499094868936,2.186733735700009,1.61737868844547e-05,0.0014789713158611
0.1063879156928567,2.186749911340681,2.186733735734793,1.61756058880691e-05,0.001478958974317
0.1063879156934649,2.1867499118880804,2.1867337357471652,1.6176140915202808e-05,0.0014789589919801
0.1063879156934649,2.186749911368101,2.1867337357471652,1.6175620935587887e-05,0.0014789589919801
0.1063879156934649,2.186749911000516,2.1867337357471652,1.6175253350958485e-05,0.0014789589919808
0.1063879156934649,2.1867499110557045,2.1867337357471652,1.617530853925686e-05,0.0014789589919801
0.1063879156924877,2.18674991045381,2.186733735727286,1.6174726523932037e-05,0.001478964028468
0.1063879156938738,2.186749912349322,2.1867337357554844,1.617659383779113e-05,0.0014789558360761
0.1063879149998591,2.1867499118895455,2.1867337216367035,1.619025284194109e-05,0.0014789397653969
0.1063879156919308,2.186749910278486,2.186733735715957,1.6174562529336356e-05,0.0014789640126676
0.1063879156924877,2.1867499117413365,2.186733735727286,1.6176014050461873e-05,0.0014789640284674
0.1063879156903241,2.186749910781483,2.1867337356832706,1.6175098212389827e-05,0.0014789712916012
0.1063879156903241,2.186749910982822,2.1867337356832706,1.6175299551335343e-05,0.0014789712916012
0.1063879156924877,2.186749911040468,2.186733735727286,1.617531318176546e-05,0.0014789640284674
0.1063879156937381,2.1867499121702814,2.1867337357527235,1.617641755791155e-05,0.0014789572005841
0.1063879156919308,2.186749910872678,2.186733735715957,1.6175156721143225e-05,0.0014789640126676
0.1063879156924877,2.1867499109425452,2.186733735727286,1.617521525920651e-05,0.0014789640284674
0.1063879156930503,2.1867499110743207,2.186733735738731,1.617533558961881e-05,0.0014789612529911
0.1063879156934649,2.186749910476403,2.1867337357471652,1.61747292377612e-05,0.0014789589919801
0.1063879156930503,2.1867499103962067,2.186733735738731,1.6174657475609422e-05,0.0014789612529901
0.1063879151815304,2.1867499104836865,2.1867337253325583,1.618515112822294e-05,0.0014789441791579
0.1063879156918452,2.1867499113693505,2.186733735714215,1.6175655135342026e-05,0.0014789673657366
0.1063879156930503,2.186749911321134,2.186733735738731,1.6175582402855326e-05,0.0014789612529901
0.1063879156924877,2.186749911077834,2.186733735727286,1.6175350547875667e-05,0.0014789640284674
0.1063879156924877,2.1867499090802394,2.186733735727286,1.6173352953341436e-05,0.001478964028468
0.1063879156930503,2.186749910738211,2.186733735738731,1.6174999479812158e-05,0.0014789612529911
0.1063879149998591,2.1867499113021287,2.1867337216367035,1.6189665425159205e-05,0.0014789510355001
0.1063879156924877,2.186749910049161,2.186733735727286,1.6174321875173092e-05,0.001478964028468
0.1063879156938731,2.186749911011738,2.1867337357554697,1.6175256268180505e-05,0.0014789558360751
0.1063879151724605,2.1867499122740206,2.186733725148043,1.6187125977396022e-05,0.0014789397653969
0.1063879156930503,2.186749910809179,2.186733735738731,1.6175070447932427e-05,0.0014789612529911
0.1063879156937381,2.1867499106588952,2.1867337357527235,1.6174906171784187e-05,0.0014789572005841
0.1063879156934649,2.186749910493187,2.1867337357471652,1.6174746021668795e-05,0.0014789589919808
0.1063879156930503,2.1867499107039605,2.186733735738731,1.6174965229431848e-05,0.0014789612529911
0.1063879151885228,2.18674991164833,2.1867337254748085,1.6186173521504088e-05,0.0014789507607079
0.1063879156918452,2.1867499107193935,2.186733735714215,1.61750051783649e-05,0.0014789673657373
0.1063879156934649,2.186749911648592,2.1867337357471652,1.617590142677372e-05,0.0014789589919801
0.1063879151885228,2.1867499125315453,2.1867337254748085,1.618705673678278e-05,0.0014789439779364
0.1063879156934649,2.1867499105714043,2.1867337357471652,1.6174824239101326e-05,0.0014789589919808
0.1063879156924877,2.186749910692091,2.186733735727286,1.6174964804882563e-05,0.001478964028468
0.1063879156911469,2.186749910427675,2.186733735700009,1.6174727665685396e-05,0.0014789713158611
0.1063879156937381,2.186749911596635,2.1867337357527235,1.6175843911447885e-05,0.0014789572005841
0.1063879151885228,2.186749910989152,2.1867337254748085,1.6185514343458607e-05,0.0014789441791579
0.1063879156924877,2.186749911281097,2.186733735727286,1.617555381105973e-05,0.001478964028468
0.1063879151885228,2.1867499103854167,2.1867337254748085,1.618491060817462e-05,0.0014789507607079
0.106387915018485,2.186749911490568,2.186733722015622,1.6189474945971227e-05,0.0014789507607079
0.1063879156930503,2.1867499119969787,2.186733735738731,1.6176258247568853e-05,0.0014789612529901
0.1063879156911469,2.1867499109038344,2.186733735700009,1.6175203825241624e-05,0.0014789713158602
0.1063879151885228,2.1867499115443385,2.1867337254748085,1.6186069530021996e-05,0.0014789510355001
0.1063879156918452,2.1867499115224844,2.186733735714215,1.617580826929199e-05,0.0014789673657366
0.1063879156924877,2.186749911195491,2.186733735727286,1.6175468204870924e-05,0.001478964028468
0.1063879156918452,2.1867499102745622,2.186733735714215,1.617456034708198e-05,0.0014789673657366
0.1063879151724605,2.1867499112839215,2.186733725148043,1.6186135878282215e-05,0.0014789441791579
0.1063879156918452,2.18674991205868,2.186733735714215,1.617634446482441e-05,0.0014789673657373
0.1063879156937381,2.1867499107891426,2.1867337357527235,1.6175036419152633e-05,0.0014789572005841
0.1063879156924877,2.1867499109166277,2.186733735727286,1.6175189341716134e-05,0.0014789640284674
0.106387915692201,2.1867499108747386,2.186733735721454,1.617515328478092e-05,0.0014789612279805
0.106387915692201,2.18674991169603,2.186733735721454,1.6175974576260188e-05,0.0014789612279805
0.1063879156924877,2.1867499112635254,2.186733735727286,1.6175536239337873e-05,0.0014789640284674
0.1063879156919308,2.186749911366629,2.186733735715957,1.6175650672245467e-05,0.0014789640126676
0.1063879156929662,2.186749910569837,2.1867337357370205,1.6174832816684415e-05,0.0014789571848262
0.1063879156918452,2.1867499110111313,2.186733735714215,1.617529691610997e-05,0.0014789673657373
0.1063879156930503,2.1867499113669364,2.186733735738731,1.6175628205328252e-05,0.0014789612529901
0.106387915692201,2.186749911860338,2.186733735721454,1.617613888438285e-05,0.0014789612279805
0.106387915018485,2.1867499104219705,2.186733722015622,1.618840634831642e-05,0.0014789510355001
0.1063879151885228,2.1867499105792865,2.1867337254748085,1.6185104477983714e-05,0.0014789528076878
0.1063879156930503,2.1867499110060797,2.186733735738731,1.617526734865038e-05,0.0014789612529901
0.1063879156930503,2.1867499120150904,2.186733735738731,1.6176276359303188e-05,0.0014789612529901
0.1063879156924877,2.186749911479057,2.186733735727286,1.6175751770930447e-05,0.001478964028468
0.1063879156937381,2.1867499118976443,2.1867337357527235,1.617614492088748e-05,0.0014789572005848
0.1063879156929662,2.1867499114724565,2.1867337357370205,1.617573543599704e-05,0.0014789558102562
0.1063879156924877,2.186749911003413,2.186733735727286,1.617527612696179e-05,0.001478964028468
0.1063879151885228,2.1867499109418227,2.1867337254748085,1.6185467014206978e-05,0.0014789507607079
0.1063879151724605,2.18674991142069,2.186733725148043,1.618627264665662e-05,0.0014789410297024
0.1063879156929965,2.1867499107020705,2.1867337357376364,1.6174964434068073e-05,0.0014789558102562
0.1063879156930503,2.1867499114187243,2.186733735738731,1.6175679993235548e-05,0.0014789612529901
0.1063879156928567,2.1867499112114435,2.186733735734793,1.6175476650559517e-05,0.001478958974317
0.1063879156934649,2.186749911145918,2.1867337357471652,1.6175398752871217e-05,0.0014789589919801
0.1063879156934649,2.1867499115586377,2.1867337357471652,1.6175811472507462e-05,0.0014789589919801
0.1063879151724605,2.1867499124152103,2.186733725148043,1.61872671671226e-05,0.0014789439779364
0.1063879156918452,2.186749910726575,2.186733735714215,1.617501235973151e-05,0.0014789673657366
0.1063879151815304,2.186749910720185,2.1867337253325583,1.618538762659938e-05,0.0014789507607079
0.106387915018485,2.1867499110571043,2.186733722015622,1.6189041482039812e-05,0.0014789507607079
0.1063879151815304,2.1867499112075057,2.1867337253325583,1.618587494744972e-05,0.0014789439779364
0.106387915018485,2.1867499107627366,2.186733722015622,1.618874711439844e-05,0.0014789441791579
0.1063879156924877,2.1867499111549304,2.186733735727286,1.6175427644427032e-05,0.001478964028468
0.1063879156918452,2.1867499111603546,2.186733735714215,1.6175446139410354e-05,0.0014789673657373
0.1063879156919308,2.186749911127693,2.186733735715957,1.6175411736263356e-05,0.0014789640126676
0.1063879156928567,2.186749911154623,2.186733735734793,1.6175419830233295e-05,0.001478958974317
0.1063879151724605,2.1867499122470306,2.186733725148043,1.6187098987430204e-05,0.0014789410297024
0.1063879152182727,2.186749911340909,2.18673372608003,1.6185260878653907e-05,0.0014789439779364
0.1063879156924877,2.1867499110270385,2.186733735727286,1.6175299752507755e-05,0.0014789640284674
0.1063879156918452,2.186749910143915,2.186733735714215,1.6174429700033244e-05,0.0014789673657373
0.1063879156924877,2.186749910881404,2.186733735727286,1.6175154117892276e-05,0.0014789640284674
0.1063879156928567,2.1867499110502053,2.186733735734793,1.617531541242556e-05,0.001478958974317
0.1063879156929662,2.1867499114548212,2.1867337357370205,1.617571780077043e-05,0.0014789558102562
0.1063879151815304,2.18674991103072,2.1867337253325583,1.6185698161752526e-05,0.0014789439779364
0.1063879156938731,2.1867499121521985,2.1867337357554697,1.617639672879534e-05,0.0014789548584034
0.1063879151815304,2.186749911105703,2.1867337253325583,1.6185773144883342e-05,0.0014789439779364
0.1063879156930503,2.1867499108924147,2.186733735738731,1.617515368357303e-05,0.0014789612529911
0.1063879156930503,2.1867499116574467,2.186733735738731,1.617591871561075e-05,0.0014789612529911
0.1063879156928567,2.1867499116347218,2.186733735734793,1.6175899928860815e-05,0.001478958974317
0.1063879151724605,2.186749911457957,2.186733725148043,1.618630991373493e-05,0.0014789441791579
0.1063879156930503,2.186749910570043,2.186733735738731,1.617483131211017e-05,0.0014789612529901
0.1063879156930503,2.186749911936718,2.186733735738731,1.6176197986883523e-05,0.0014789612529901
0.1063879156912473,2.1867499104130856,2.1867337357020515,1.6174711034100397e-05,0.0014789673483751
0.1063879151885228,2.1867499111575035,2.1867337254748085,1.6185682695013526e-05,0.0014789510355001
0.1063879151885228,2.18674991164466,2.1867337254748085,1.6186169851550858e-05,0.0014789439779364
0.1063879156937381,2.1867499118595943,2.1867337357527235,1.617610687087989e-05,0.0014789572005841
0.106387915018485,2.1867499107194313,2.186733722015622,1.618870380903914e-05,0.0014789439779364
0.1063879156911469,2.186749910446701,2.186733735700009,1.6174746691799413e-05,0.0014789713158611
0.1063879156918452,2.186749911256236,2.186733735714215,1.6175542020935296e-05,0.0014789673657373
0.1063879156930503,2.1867499107180093,2.186733735738731,1.6174979278194e-05,0.0014789612529911
0.1063879156924877,2.186749910613422,2.186733735727286,1.6174886135811306e-05,0.0014789640284674
0.1063879156929965,2.1867499110651965,2.1867337357376364,1.6175327560041808e-05,0.0014789571848262
0.1063879151815304,2.1867499101726118,2.1867337253325583,1.6184840053501404e-05,0.0014789528076878
0.106387915018485,2.1867499107180204,2.186733722015622,1.618870239816772e-05,0.0014789439779364
0.1063879156928567,2.1867499114829196,2.186733735734793,1.617574812673439e-05,0.001478958974317
0.1063879156912473,2.1867499108601627,2.1867337357020515,1.617515811114245e-05,0.0014789673483751
0.106387915692201,2.18674991057375,2.186733735721454,1.6174852296213516e-05,0.0014789612279805
0.1063879152182727,2.186749911258887,2.18673372608003,1.6185178856709115e-05,0.0014789439779364
0.1063879156930503,2.1867499108698105,2.186733735738731,1.6175131079432248e-05,0.0014789612529901
0.1063879156934649,2.1867499113780933,2.1867337357471652,1.6175630928039197e-05,0.0014789589919801
0.106387915018485,2.1867499107684845,2.186733722015622,1.618875286224508e-05,0.0014789507607079
0.1063879151724605,2.18674991131303,2.186733725148043,1.6186164986997653e-05,0.0014789403426105
0.1063879156934649,2.186749910959495,2.1867337357471652,1.6175212329549993e-05,0.0014789589919801
0.1063879156930503,2.186749911240768,2.186733735738731,1.6175502036919198e-05,0.0014789612529901
0.1063879156924877,2.186749911212717,2.186733735727286,1.6175485431091374e-05,0.001478964028468
0.1063879156930503,2.1867499111306987,2.186733735738731,1.617539196763218e-05,0.0014789612529911
0.1063879156934649,2.186749910407055,2.1867337357471652,1.6174659889678367e-05,0.0014789589919801
0.1063879156938738,2.186749911208069,2.1867337357554844,1.6175452584477057e-05,0.0014789558360761
0.1063879156924877,2.186749911228855,2.186733735727286,1.617550156884917e-05,0.001478964028468
0.1063879156924877,2.1867499119052463,2.186733735727286,1.6176177960236515e-05,0.0014789640284674
0.1063879156937381,2.1867499106380826,2.1867337357527235,1.6174885359099278e-05,0.0014789572005841
0.1063879156918452,2.18674991079881,2.186733735714215,1.6175084594838296e-05,0.0014789673657366
0.1063879156919308,2.1867499113684272,2.186733735715957,1.6175652470362678e-05,0.0014789640126676
0.1063879156911469,2.1867499107758452,2.186733735700009,1.617507583606681e-05,0.0014789713158602
0.1063879156898393,2.18674991045124,2.186733735673408,1.6174777832222986e-05,0.0014789759182094
0.1063879156934649,2.186749910368187,2.1867337357471652,1.6174621021658453e-05,0.0014789589919801
0.106387915692201,2.186749911718699,2.186733735721454,1.6175997245237994e-05,0.0014789612279805
0.1063879156934649,2.1867499118157423,2.1867337357471652,1.6176068577067326e-05,0.0014789589919801
0.1063879156924877,2.1867499116602183,2.186733735727286,1.6175932932238624e-05,0.001478964028468
0.106387915693873,2.18674991202916,2.186733735755468,1.6176273692103393e-05,0.0014789542289816
0.1063879156924877,2.186749911087383,2.186733735727286,1.6175360097125946e-05,0.001478964028468
0.1063879156929965,2.186749912425701,2.1867337357376364,1.6176688064639677e-05,0.0014789558102562
0.1063879156924877,2.186749910833891,2.186733735727286,1.6175106604787715e-05,0.0014789640284674
0.106387915692201,2.1867499111166646,2.186733735721454,1.617539521081568e-05,0.0014789612279805
0.1063879152182727,2.1867499119149723,2.18673372608003,1.618583494211734e-05,0.0014789441791579
0.1063879151940493,2.1867499105348345,2.186733725587238,1.6184947596364907e-05,0.0014789507607079
0.1063879156918452,2.186749910654468,2.186733735714215,1.6174940252966508e-05,0.0014789673657366
0.1063879156924877,2.1867499113194593,2.186733735727286,1.6175592173262032e-05,0.0014789640284674
0.1063879151940493,2.1867499113503124,2.186733725587238,1.618576307427233e-05,0.0014789410297024
0.1063879156918452,2.1867499110782043,2.186733735714215,1.617536398912378e-05,0.0014789673657366
0.1063879151940493,2.1867499111259994,2.186733725587238,1.618553876125972e-05,0.0014789507607079
0.1063879156918452,2.1867499109812947,2.186733735714215,1.617526707953232e-05,0.0014789673657366
0.1063879156919308,2.1867499102575754,2.186733735715957,1.6174541618507732e-05,0.0014789640126676
0.1063879156918452,2.1867499111555597,2.186733735714215,1.6175441344579156e-05,0.0014789673657366
0.1063879156924877,2.1867499104398247,2.186733735727286,1.617471253867464e-05,0.0014789640284674
0.1063879151724605,2.186749910680818,2.186733725148043,1.6185532774937172e-05,0.0014789528076878
0.1063879156924877,2.186749911251889,2.186733735727286,1.6175524602868308e-05,0.001478964028468
0.1063879152235156,2.186749911207164,2.1867337261866893,1.6185020474956957e-05,0.0014789507607079
0.1063879156934649,2.186749911038876,2.1867337357471652,1.6175291710940343e-05,0.0014789589919808
0.1063879156911469,2.1867499108684343,2.186733735700009,1.617516842511435e-05,0.0014789713158602
0.1063879151815304,2.186749910506197,2.1867337253325583,1.61851736386609e-05,0.0014789507607079
0.1063879156928567,2.1867499110960136,2.186733735734793,1.6175361220671647e-05,0.001478958974317
0.1063879156937381,2.186749911751065,2.1867337357527235,1.6175998341694253e-05,0.0014789572005848
0.1063879156918452,2.186749911202402,2.186733735714215,1.617548818666492e-05,0.0014789673657373
0.1063879156928567,2.1867499104057013,2.186733735734793,1.617467090841984e-05,0.001478958974317
0.1063879156928567,2.186749912349261,2.186733735734793,1.6176614467955375e-05,0.001478958974317
0.1063879156912473,2.1867499110027615,2.1867337357020515,1.617530070996409e-05,0.0014789673483751
0.1063879151724605,2.18674991109969,2.186733725148043,1.618595164698533e-05,0.0014789441791579
0.1063879156928567,2.1867499116922113,2.186733735734793,1.6175957418429476e-05,0.001478958974317
0.1063879152182727,2.1867499104564776,2.18673372608003,1.618437644745896e-05,0.0014789507607079
0.1063879156930503,2.1867499105703208,2.186733735738731,1.6174831589665928e-05,0.0014789612529911
0.1063879156930503,2.1867499115430578,2.186733735738731,1.6175804326667986e-05,0.0014789612529911
0.1063879151815304,2.186749912424064,2.1867337253325583,1.6187091505859286e-05,0.0014789410297024
0.1063879156924877,2.186749911049626,2.186733735727286,1.6175322339773146e-05,0.001478964028468
0.1063879156937381,2.1867499111510678,2.1867337357527235,1.6175398344309144e-05,0.0014789572005841
0.1063879156934649,2.186749910924824,2.1867337357471652,1.61751776586172e-05,0.0014789589919808
0.106387915018485,2.1867499109085218,2.186733722015622,1.618889289956016e-05,0.0014789410297024
0.106387915692201,2.1867499109283837,2.186733735721454,1.617520692986929e-05,0.0014789612279805
0.1063879156938737,2.186749911361742,2.186733735755482,1.617560625977177e-05,0.0014789558360751
0.1063879156929965,2.18674991108892,2.1867337357376364,1.6175351283731487e-05,0.0014789571848262
0.1063879151724605,2.1867499101323715,2.186733725148043,1.618498432831572e-05,0.0014789439779364
0.1063879151885228,2.186749910842079,2.1867337254748085,1.6185367270438178e-05,0.0014789507607079
0.1063879156937381,2.186749911048277,2.1867337357527235,1.6175295553644276e-05,0.0014789572005848
0.1063879151815304,2.1867499112066864,2.1867337253325583,1.6185874128105127e-05,0.0014789507607079
0.1063879151815304,2.1867499109969777,2.1867337253325583,1.6185664419410273e-05,0.0014789439779364
0.1063879156938738,2.1867499125802885,2.1867337357554844,1.6176824804148282e-05,0.0014789558360761
0.1063879156934649,2.1867499120044323,2.1867337357471652,1.6176257267019878e-05,0.0014789589919808
0.1063879156911469,2.1867499107545223,2.186733735700009,1.61750545131234e-05,0.0014789713158602
0.1063879151815304,2.186749911337607,2.1867337253325583,1.6186005048712815e-05,0.0014789441791579
0.1063879156934649,2.1867499113994557,2.1867337357471652,1.6175652290506548e-05,0.0014789589919808
0.1063879156911469,2.1867499104800245,2.186733735700009,1.6174780015365542e-05,0.0014789713158611
0.106387915692201,2.1867499113066837,2.186733735721454,1.6175585229927236e-05,0.0014789612279805
0.1063879156934649,2.1867499107804798,2.1867337357471652,1.6175033314524967e-05,0.0014789589919801
0.1063879151815304,2.1867499103422205,2.1867337253325583,1.6185009662272876e-05,0.0014789441791579
0.1063879156924877,2.1867499110773108,2.186733735727286,1.6175350024738577e-05,0.0014789640284674
0.1063879156934649,2.1867499115869555,2.1867337357471652,1.6175839790300017e-05,0.0014789589919808
0.1063879156924877,2.186749911330937,2.186733735727286,1.617560365119175e-05,0.0014789640284674
0.1063879156924877,2.18674991129274,2.186733735727286,1.6175565454190632e-05,0.0014789640284674
0.106387915692201,2.186749910735555,2.186733735721454,1.6175014101005303e-05,0.0014789612279805
0.106387915018485,2.1867499113944495,2.186733722015622,1.6189378827302647e-05,0.0014789439779364
0.1063879151724605,2.1867499112338318,2.186733725148043,1.6186085788572058e-05,0.0014789510355001
0.1063879151724605,2.1867499103624763,2.186733725148043,1.6185214433139805e-05,0.0014789510355001
0.1063879156919308,2.1867499107404895,2.186733735715957,1.6175024532660842e-05,0.0014789640126676
0.1063879156912473,2.186749911214424,2.1867337357020515,1.6175512372651468e-05,0.0014789673483751
0.1063879156938737,2.1867499118729676,2.186733735755482,1.6176117485500185e-05,0.0014789558360751
0.1063879151724605,2.1867499123867553,2.186733725148043,1.6187238712106478e-05,0.0014789403426105
0.1063879149998591,2.1867499119926066,2.1867337216367035,1.6190355903056286e-05,0.0014789439779364
0.1063879156937381,2.1867499124314516,2.1867337357527235,1.617667872810813e-05,0.0014789572005841
0.1063879156928567,2.1867499103261228,2.186733735734793,1.6174591329853882e-05,0.001478958974317
0.1063879156937381,2.186749911226386,2.1867337357527235,1.6175473662727313e-05,0.0014789572005848
0.106387915692201,2.186749911400168,2.186733735721454,1.6175678714258623e-05,0.0014789612279805
0.1063879156929965,2.1867499116722877,2.1867337357376364,1.6175934651307955e-05,0.0014789558102562
0.1063879156918452,2.1867499103028734,2.186733735714215,1.6174588658213196e-05,0.0014789673657366
0.1063879156937381,2.1867499110870745,2.1867337357527235,1.6175334351054005e-05,0.0014789572005841
0.1063879151885228,2.1867499105375487,2.1867337254748085,1.6185062740259326e-05,0.0014789507607079
0.1063879151940493,2.186749911352871,2.186733725587238,1.6185765632670268e-05,0.0014789439779364
0.1063879156918452,2.186749911177362,2.186733735714215,1.6175463146694824e-05,0.0014789673657366
0.106387915692201,2.186749911461432,2.186733735721454,1.617573997814148e-05,0.0014789612279805
0.106387915692201,2.186749911363986,2.186733735721454,1.617564253209025e-05,0.0014789612279805
0.1063879156930503,2.1867499105684116,2.186733735738731,1.6174829680526415e-05,0.0014789612529901
0.1063879156934649,2.1867499113075715,2.1867337357471652,1.6175560406228584e-05,0.0014789589919801
0.1063879156928567,2.186749911097025,2.186733735734793,1.6175362232306867e-05,0.001478958974317
0.1063879151815304,2.186749910556807,2.1867337253325583,1.618522424884361e-05,0.0014789441791579
0.1063879151885228,2.1867499112850526,2.1867337254748085,1.6185810244095933e-05,0.0014789410297024
0.106387915018485,2.186749911783444,2.186733722015622,1.6189767821916945e-05,0.0014789507607079
0.1063879151724605,2.1867499111531896,2.186733725148043,1.618600514641244e-05,0.0014789403426105
0.1063879151724605,2.1867499110757174,2.186733725148043,1.6185927674161604e-05,0.0014789510355001
0.1063879156930503,2.186749910857701,2.186733735738731,1.6175118970007674e-05,0.0014789612529911
0.106387915018485,2.1867499111849016,2.186733722015622,1.6189169279368087e-05,0.0014789507607079
0.1063879156928567,2.1867499107279085,2.186733735734793,1.617499311556969e-05,0.001478958974317
0.1063879156934649,2.1867499112090676,2.1867337357471652,1.6175461902356858e-05,0.0014789589919808
0.1063879151815304,2.1867499109748536,2.1867337253325583,1.6185642295329927e-05,0.0014789441791579
0.1063879156930503,2.1867499110814563,2.186733735738731,1.6175342725244235e-05,0.0014789612529911
0.1063879156937381,2.186749911696572,2.1867337357527235,1.617594384839549e-05,0.0014789572005848
0.1063879151815304,2.1867499113452835,2.1867337253325583,1.6186012725238896e-05,0.0014789528076878
0.106387915018485,2.1867499107283517,2.186733722015622,1.6188712729459098e-05,0.0014789625997043
0.1063879156911469,2.186749910752674,2.186733735700009,1.6175052664824108e-05,0.0014789713158611
0.1063879151815304,2.1867499109804567,2.1867337253325583,1.6185647898403488e-05,0.0014789439779364
0.1063879156911469,2.186749910589851,2.186733735700009,1.6174889841735762e-05,0.0014789713158602
0.1063879156919308,2.186749911236269,2.186733735715957,1.6175520312078362e-05,0.0014789640126676
0.1063879156934649,2.1867499112292967,2.1867337357471652,1.6175482131508545e-05,0.0014789589919801
0.1063879156924877,2.186749911210361,2.186733735727286,1.6175483075198116e-05,0.001478964028468
0.1063879156911469,2.1867499104397496,2.186733735700009,1.617473974047101e-05,0.0014789713158611
0.1063879156930503,2.1867499103269386,2.186733735738731,1.6174588207462648e-05,0.0014789612529911
0.1063879156903998,2.1867499105041808,2.1867337356848107,1.617481937010723e-05,0.0014789759340898
0.1063879156924877,2.1867499109309767,2.186733735727286,1.6175203690682594e-05,0.0014789640284674
0.1063879156911469,2.186749910194082,2.186733735700009,1.6174494072984658e-05,0.0014789713158602
0.1063879151815304,2.186749911267077,2.1867337253325583,1.6185934518908596e-05,0.0014789439779364
0.1063879156930503,2.186749910512236,2.186733735738731,1.6174773505017725e-05,0.0014789612529911
0.1063879156930503,2.186749911225417,2.186733735738731,1.617548668608748e-05,0.0014789612529901
0.1063879156929662,2.1867499108541053,2.1867337357370205,1.6175117084848978e-05,0.0014789571848262
0.1063879156937381,2.186749911652183,2.1867337357527235,1.617589945945852e-05,0.0014789572005841
0.1063879156937381,2.186749910436371,2.1867337357527235,1.6174683647562915e-05,0.0014789572005848
0.1063879156930503,2.18674991129187,2.186733735738731,1.6175553138708665e-05,0.0014789612529911
0.1063879156918452,2.18674991063781,2.186733735714215,1.6174923594736157e-05,0.0014789673657366
0.1063879151724605,2.1867499108105632,2.186733725148043,1.6185662520040722e-05,0.0014789439779364
0.1063879151724605,2.186749911954115,2.186733725148043,1.6186806071960547e-05,0.0014789410297024
0.1063879156919308,2.186749911025293,2.186733735715957,1.6175309335952903e-05,0.0014789640126676
0.1063879156903241,2.1867499097365193,2.1867337356832706,1.617405324871868e-05,0.0014789712916012
0.1063879156919308,2.186749910984591,2.186733735715957,1.6175268634288642e-05,0.0014789640126676
0.1063879156930503,2.1867499099413967,2.186733735738731,1.6174202665641957e-05,0.0014789612529901
0.106387915692201,2.1867499107693154,2.186733735721454,1.6175047861555214e-05,0.0014789612279805
0.1063879156918452,2.1867499103185484,2.186733735714215,1.6174604333230036e-05,0.0014789673657373
0.106387915692201,2.1867499109986768,2.186733735721454,1.617527722297396e-05,0.0014789612279805
0.106387915018485,2.1867499113804785,2.186733722015622,1.6189364856256105e-05,0.0014789403426105
0.1063879156919308,2.186749911082507,2.186733735715957,1.6175366550186254e-05,0.0014789640126676
0.1063879156928567,2.1867499110768884,2.186733735734793,1.6175342095525735e-05,0.001478958974317
0.1063879156912473,2.1867499106660886,2.1867337357020515,1.617496403705232e-05,0.0014789673483751
0.1063879156919308,2.186749910928118,2.186733735715957,1.6175212161240182e-05,0.0014789640126676
0.1063879156937381,2.1867499120000224,2.1867337357527235,1.6176247298993474e-05,0.0014789572005841
0.1063879156937381,2.186749911583054,2.1867337357527235,1.6175830330755758e-05,0.0014789572005848
0.1063879156924877,2.1867499101825403,2.186733735727286,1.6174455254258646e-05,0.001478964028468
0.1063879156918452,2.186749910829553,2.186733735714215,1.6175115337802026e-05,0.0014789673657366
0.1063879151815304,2.1867499111360247,2.1867337253325583,1.6185803466406412e-05,0.0014789441791579
0.1063879156938731,2.1867499120765035,2.1867337357554697,1.617632103378952e-05,0.0014789548584034
0.1063879156934649,2.1867499111931243,2.1867337357471652,1.6175445959110135e-05,0.0014789589919801
0.1063879152182727,2.1867499116129863,2.18673372608003,1.618553295612557e-05,0.0014789507607079
0.1063879151815304,2.1867499116583518,2.1867337253325583,1.6186325793476897e-05,0.0014789410297024
0.1063879151940493,2.186749910857509,2.186733725587238,1.6185270270696606e-05,0.0014789441791579
0.1063879156930503,2.186749911350983,2.186733735738731,1.6175612251867477e-05,0.0014789612529911
0.1063879156903241,2.186749911208068,2.1867337356832706,1.617552479737938e-05,0.0014789712916012
0.1063879151724605,2.1867499108219315,2.186733725148043,1.6185673888280405e-05,0.0014789439779364
0.1063879156918452,2.186749911402068,2.186733735714215,1.6175687852726384e-05,0.0014789673657373
0.1063879151724605,2.1867499112983095,2.186733725148043,1.6186150266328525e-05,0.0014789403426105
0.1063879149998591,2.1867499114219706,2.1867337216367035,1.6189785267073376e-05,0.0014789439779364
0.1063879156930503,2.1867499107631656,2.186733735738731,1.6175024434517127e-05,0.0014789612529911
0.1063879156929662,2.186749911181086,2.1867337357370205,1.6175444065513744e-05,0.0014789571848262
0.1063879156930503,2.1867499101807217,2.186733735738731,1.6174441990646216e-05,0.0014789612529911
0.1063879151724605,2.186749910768008,2.186733725148043,1.61856199647481e-05,0.0014789441791579
0.1063879156930503,2.1867499104116392,2.186733735738731,1.6174672908153553e-05,0.0014789612529911
0.1063879151724605,2.186749911084366,2.186733725148043,1.6185936322798966e-05,0.0014789439779364
0.1063879151724605,2.1867499108444806,2.186733725148043,1.6185696437354125e-05,0.0014789441791579
0.1063879156930503,2.1867499106143713,2.186733735738731,1.617487564020692e-05,0.0014789612529911
0.1063879156928567,2.186749912502827,2.186733735734793,1.617676803400414e-05,0.001478958974317
0.106387915693873,2.1867499113701157,2.186733735755468,1.6175614647728764e-05,0.0014789558360761
0.1063879156934649,2.186749911287105,2.1867337357471652,1.617553993993326e-05,0.0014789589919801
0.1063879151815304,2.186749911606555,2.1867337253325583,1.6186273996687817e-05,0.0014789441791579
0.1063879156929965,2.186749910977179,2.1867337357376364,1.6175239542448594e-05,0.0014789558102562
0.106387915018485,2.186749911663988,2.186733722015622,1.6189648365916298e-05,0.0014789441791579
0.1063879156937381,2.186749911211591,2.1867337357527235,1.6175458867451198e-05,0.0014789572005841
0.1063879156924877,2.1867499121073783,2.186733735727286,1.617638009232536e-05,0.001478964028468
0.1063879156930503,2.1867499109256823,2.186733735738731,1.6175186951183917e-05,0.0014789612529901
0.1063879149795981,2.1867499106166752,2.1867337212245213,1.6189392153975746e-05,0.0014789403426105
0.1063879156924877,2.1867499104763115,2.186733735727286,1.617474902548821e-05,0.001478964028468
0.1063879156930503,2.1867499109779653,2.186733735738731,1.6175239234250682e-05,0.0014789612529901
0.1063879149998591,2.186749912111417,2.1867337216367035,1.619047471335122e-05,0.0014789410297024
0.1063879151724605,2.186749910639984,2.186733725148043,1.6185491940934327e-05,0.0014789439779364
0.1063879156911469,2.1867499108810287,2.186733735700009,1.617518101948434e-05,0.0014789713158611
0.1063879156928567,2.18674991168996,2.186733735734793,1.6175955166897182e-05,0.001478958974317
0.1063879156918452,2.1867499110814514,2.186733735714215,1.6175367236304083e-05,0.0014789673657366
0.1063879156924877,2.1867499109005575,2.186733735727286,1.6175173271459897e-05,0.001478964028468
0.1063879156924877,2.1867499115340383,2.186733735727286,1.617580675228325e-05,0.001478964028468
0.1063879151724605,2.1867499112212645,2.186733725148043,1.6186073221291508e-05,0.0014789410297024
0.1063879156930503,2.1867499107527992,2.186733735738731,1.61750140681427e-05,0.0014789612529901
0.1063879156930503,2.186749910766742,2.186733735738731,1.6175028010767534e-05,0.0014789612529901
0.1063879152182727,2.1867499097171623,2.18673372608003,1.6183637132183293e-05,0.0014789507607079
0.1063879151815304,2.18674991132786,2.1867337253325583,1.6185995301842837e-05,0.0014789441791579
0.1063879156934649,2.186749912144169,2.1867337357471652,1.617639700368656e-05,0.0014789589919808
0.1063879152182727,2.1867499116875884,2.18673372608003,1.6185607558227844e-05,0.0014789507607079
0.1063879156934649,2.1867499132479287,2.1867337357471652,1.6177500763436825e-05,0.0014789589919808
0.1063879156903998,2.1867499098198677,2.1867337356848107,1.617413505705656e-05,0.0014789759340898
0.1063879156918452,2.186749911978839,2.186733735714215,1.6176264623801728e-05,0.0014789673657373
0.1063879151940493,2.1867499112945303,2.186733725587238,1.618570729222668e-05,0.0014789441791579
0.1063879156929965,2.1867499111410513,2.1867337357376364,1.6175403414919742e-05,0.0014789571848262
0.1063879156930503,2.1867499110999407,2.186733735738731,1.6175361209569417e-05,0.0014789612529901
0.1063879156930503,2.18674991070508,2.186733735738731,1.6174966348980746e-05,0.0014789612529911
0.106387915018485,2.1867499110377286,2.186733722015622,1.6189022106427586e-05,0.0014789439779364
0.1063879151724605,2.1867499113188114,2.186733725148043,1.6186170768150987e-05,0.0014789510355001
0.1063879156898393,2.186749910248371,2.186733735673408,1.6174574963390143e-05,0.0014789759182094
0.1063879156937381,2.186749910722887,2.1867337357527235,1.617497016370706e-05,0.0014789572005841
0.1063879156919308,2.186749910975003,2.186733735715957,1.6175259045958512e-05,0.0014789640126676
0.1063879156911469,2.186749911484108,2.186733735700009,1.6175784098848567e-05,0.0014789713158611
0.1063879151885228,2.1867499106961072,2.1867337254748085,1.618522129875899e-05,0.0014789510355001
0.1063879151940493,2.1867499110616277,2.186733725587238,1.6185474389640575e-05,0.0014789507607079
0.1063879151815304,2.1867499122067913,2.1867337253325583,1.618687423299292e-05,0.0014789441791579
0.1063879151724605,2.1867499101287255,2.186733725148043,1.618498068234331e-05,0.0014789510355001
0.1063879156938737,2.1867499112300828,2.186733735755482,1.6175474600643724e-05,0.0014789558360751
0.1063879156937381,2.186749911664956,2.1867337357527235,1.6175912232352374e-05,0.0014789572005841
0.1063879156928567,2.1867499110498185,2.186733735734793,1.617531502562386e-05,0.001478958974317
0.1063879156937381,2.186749911233322,2.1867337357527235,1.6175480598512593e-05,0.0014789572005841
0.106387915692201,2.1867499115259936,2.186733735721454,1.6175804539830807e-05,0.0014789612279805
0.1063879156934649,2.186749910986721,2.1867337357471652,1.617523955577127e-05,0.0014789589919801
0.1063879151885228,2.1867499113985844,2.1867337254748085,1.618592377594652e-05,0.0014789441791579
0.1063879151940493,2.1867499113800326,2.186733725587238,1.618579279449861e-05,0.0014789528076878
0.1063879156912473,2.186749910576735,2.1867337357020515,1.6174874683638762e-05,0.0014789673483751
0.1063879156919308,2.1867499106196107,2.186733735715957,1.6174903653798367e-05,0.0014789640126676
0.1063879151724605,2.186749910838055,2.186733725148043,1.6185690011827347e-05,0.0014789441791579
0.1063879156924877,2.1867499115383087,2.186733735727286,1.6175811022645092e-05,0.0014789640284674
0.1063879156924877,2.1867499107274395,2.186733735727286,1.617500015349549e-05,0.001478964028468
0.1063879156934649,2.1867499122512997,2.1867337357471652,1.6176504134435277e-05,0.0014789589919801
0.1063879156928567,2.186749910690605,2.186733735734793,1.6174955812076064e-05,0.001478958974317
0.1063879156918452,2.1867499105183215,2.186733735714215,1.6174804106316998e-05,0.0014789673657366
0.1063879156928567,2.18674991134579,2.186733735734793,1.617561099731546e-05,0.001478958974317
0.1063879156928567,2.1867499122238017,2.186733735734793,1.617648900875679e-05,0.001478958974317
0.1063879156928567,2.186749911023521,2.186733735734793,1.617528872799312e-05,0.001478958974317
0.1063879156934649,2.1867499105526984,2.1867337357471652,1.617480553317563e-05,0.0014789589919808
0.1063879156934649,2.1867499115179703,2.1867337357471652,1.617577080503807e-05,0.0014789589919801
0.1063879156918452,2.186749910463684,2.186733735714215,1.6174749468689242e-05,0.0014789673657366
0.1063879156929662,2.186749911374194,2.1867337357370205,1.6175637173709845e-05,0.0014789571848262
0.1063879156898393,2.1867499105811894,2.186733735673408,1.6174907781607573e-05,0.0014789759182094
0.1063879156930503,2.186749911033422,2.186733735738731,1.617529469077894e-05,0.0014789612529911
0.1063879156937381,2.186749911319808,2.1867337357527235,1.6175567084442122e-05,0.0014789572005848
0.1063879151940493,2.18674991109689,2.186733725587238,1.6185509652100194e-05,0.0014789510355001
0.1063879156934649,2.186749912011809,2.1867337357471652,1.6176264643785743e-05,0.0014789589919808
0.1063879156928567,2.186749911196324,2.186733735734793,1.617546153109828e-05,0.001478958974317
0.1063879156938737,2.186749911301722,2.186733735755482,1.617554623978279e-05,0.0014789558360751
0.1063879156938737,2.1867499117935965,2.186733735755482,1.6176038114323887e-05,0.0014789558360751
0.1063879156924877,2.1867499102886754,2.186733735727286,1.6174561389359354e-05,0.0014789640284674
0.1063879156890471,2.186749910489805,2.1867337356572913,1.6174832513815574e-05,0.001478981262446
0.1063879156928567,2.1867499112603146,2.186733735734793,1.6175525521688883e-05,0.001478958974317
0.1063879156919308,2.186749911219569,2.186733735715957,1.6175503612103626e-05,0.0014789640126676
0.1063879156924877,2.1867499109794495,2.186733735727286,1.6175252163463938e-05,0.0014789640284674
0.1063879156930503,2.186749911256367,2.186733735738731,1.6175517635996783e-05,0.0014789612529901
0.1063879151885228,2.1867499094872014,2.1867337254748085,1.6184012392894687e-05,0.0014789528076878
0.106387915692201,2.1867499121390606,2.186733735721454,1.6176417606761362e-05,0.0014789612279805
0.1063879156919308,2.1867499102298997,2.186733735715957,1.6174513942868174e-05,0.0014789640126676
0.1063879156937381,2.186749910601168,2.1867337357527235,1.61748484446278e-05,0.0014789572005841
0.1063879152182727,2.1867499119420737,2.18673372608003,1.6185862043549548e-05,0.0014789410297024
0.1063879156918452,2.186749911575686,2.186733735714215,1.6175861470735242e-05,0.0014789673657373
0.1063879156924877,2.1867499098393544,2.186733735727286,1.6174112068334523e-05,0.0014789640284674
0.1063879156934649,2.1867499111710558,2.1867337357471652,1.617542389054094e-05,0.0014789589919801
0.1063879156929662,2.1867499113726145,2.1867337357370205,1.6175635594084525e-05,0.0014789571848262
0.1063879156912473,2.186749911469827,2.1867337357020515,1.617576777546148e-05,0.0014789673483751
0.1063879156937381,2.1867499123651495,2.1867337357527235,1.6176612426033188e-05,0.0014789572005848
0.1063879156930503,2.1867499114098363,2.186733735738731,1.6175671105234102e-05,0.0014789612529901
0.1063879156924877,2.186749910939723,2.186733735727286,1.617521243701958e-05,0.0014789640284674
0.1063879156930503,2.186749911023255,2.186733735738731,1.617528452380057e-05,0.0014789612529901
0.1063879156918452,2.1867499114402347,2.186733735714215,1.6175726019529435e-05,0.0014789673657366
0.1063879156934649,2.186749911938665,2.1867337357471652,1.6176191499628345e-05,0.0014789589919801
0.1063879151815304,2.1867499109171193,2.1867337253325583,1.618558456106811e-05,0.0014789510355001
0.1063879151815304,2.186749911209714,2.1867337253325583,1.618587715590536e-05,0.0014789441791579
0.106387915018485,2.186749910384381,2.186733722015622,1.618836875882934e-05,0.0014789441791579
0.1063879151724605,2.1867499108843584,2.186733725148043,1.61857363152329e-05,0.0014789439779364
0.1063879149795981,2.186749910997337,2.1867337212245213,1.618977281570011e-05,0.0014789403426105
0.1063879156930503,2.1867499107984054,2.186733735738731,1.6175059674328196e-05,0.0014789612529901
0.1063879156937381,2.186749911703418,2.1867337357527235,1.617595069447475e-05,0.0014789572005848
0.1063879156911469,2.1867499109388473,2.186733735700009,1.6175238838123107e-05,0.0014789713158602
0.1063879152182727,2.1867499117000286,2.18673372608003,1.618561999849888e-05,0.0014789441791579
0.1063879156930503,2.186749910950438,2.186733735738731,1.617521170693692e-05,0.0014789612529901
0.1063879156930503,2.186749910652595,2.186733735738731,1.617491386385339e-05,0.0014789612529911
0.1063879151724605,2.1867499103089822,2.186733725148043,1.6185160939041765e-05,0.0014789439779364
0.1063879156930503,2.186749911224705,2.186733735738731,1.617548597376839e-05,0.0014789612529911
0.1063879156937381,2.1867499120944367,2.1867337357527235,1.6176341713247666e-05,0.0014789572005848
0.1063879156930503,2.1867499126168206,2.186733735738731,1.6176878089524394e-05,0.0014789612529911
0.1063879156924877,2.186749910677879,2.186733735727286,1.617495059313967e-05,0.001478964028468
0.1063879156937381,2.1867499123732426,2.1867337357527235,1.6176620519114948e-05,0.0014789572005848
0.1063879156938731,2.186749913151002,2.1867337357554697,1.6177395532501748e-05,0.0014789548584034
0.106387915692201,2.1867499107172756,2.186733735721454,1.6174995821849336e-05,0.0014789612279805
0.1063879156919308,2.186749910710274,2.186733735715957,1.6174994317275093e-05,0.0014789640126676
0.1063879156919308,2.186749910307632,2.186733735715957,1.6174591675355288e-05,0.0014789640126676
0.1063879156934649,2.1867499111570874,2.1867337357471652,1.6175409922158934e-05,0.0014789589919808
0.1063879156924877,2.1867499107018884,2.186733735727286,1.617497460237871e-05,0.0014789640284674
0.1063879156929662,2.1867499118757725,2.1867337357370205,1.6176138752044267e-05,0.0014789558102562
0.1063879156928567,2.1867499117760665,2.186733735734793,1.6176041273574526e-05,0.001478958974317
0.1063879156930503,2.186749910679602,2.186733735738731,1.61749408706946e-05,0.0014789612529901
0.1063879151885228,2.1867499119002924,2.1867337254748085,1.618642548395499e-05,0.0014789510355001
0.1063879149998591,2.1867499111423316,2.1867337216367035,1.6189505628094736e-05,0.0014789439779364
0.1063879156930503,2.1867499104138886,2.186733735738731,1.61746751574654e-05,0.0014789612529911
0.1063879151724605,2.186749910854785,2.186733725148043,1.618570674200015e-05,0.0014789410297024
0.1063879156934649,2.1867499117090023,2.1867337357471652,1.6175961837117114e-05,0.0014789589919801
0.1063879151940493,2.1867499103400387,2.186733725587238,1.618475280062981e-05,0.0014789439779364
0.1063879151724605,2.1867499108144095,2.186733725148043,1.618566636629737e-05,0.0014789439779364
0.1063879156912473,2.186749910657115,2.1867337357020515,1.6174955063341656e-05,0.0014789673483751
0.1063879156934649,2.1867499110174804,2.1867337357471652,1.61752703151663e-05,0.0014789589919801
0.1063879151885228,2.1867499113420727,2.1867337254748085,1.61858672642623e-05,0.0014789441791579
0.1063879156918452,2.186749911388533,2.186733735714215,1.6175674317775446e-05,0.0014789673657373
0.1063879156924877,2.1867499104978743,2.186733735727286,1.6174770588239795e-05,0.0014789640284674
0.106387915692201,2.1867499111091835,2.186733735721454,1.617538772968885e-05,0.0014789612279805
0.106387915018485,2.186749911180165,2.186733722015622,1.6189164542712575e-05,0.0014789439779364
0.1063879156918452,2.1867499091753553,2.186733735714215,1.6173461140134293e-05,0.0014789673657373
0.1063879156937381,2.1867499119438274,2.1867337357527235,1.617619110394486e-05,0.0014789572005848
0.1063879151815304,2.1867499114206894,2.1867337253325583,1.618608813114264e-05,0.0014789439779364
0.1063879156928567,2.1867499113670386,2.186733735734793,1.6175632245651883e-05,0.001478958974317
0.1063879156930503,2.186749909588444,2.186733735738731,1.617384971286384e-05,0.0014789612529911
0.1063879156911469,2.186749910941315,2.186733735700009,1.6175241305926846e-05,0.0014789713158602
0.1063879156934649,2.186749910251302,2.1867337357471652,1.617450413693433e-05,0.0014789589919808
0.1063879151815304,2.1867499110336808,2.1867337253325583,1.618570112249529e-05,0.0014789441791579
0.106387915692201,2.1867499116110687,2.186733735721454,1.6175889614888916e-05,0.0014789612279805
0.1063879156934649,2.186749910502202,2.1867337357471652,1.6174755036679755e-05,0.0014789589919801
0.106387915018485,2.1867499106226047,2.186733722015622,1.618860698249236e-05,0.0014789510355001
0.1063879156934649,2.1867499116706597,2.1867337357471652,1.6175923494454736e-05,0.0014789589919801
0.1063879151724605,2.1867499107819315,2.186733725148043,1.6185633888277096e-05,0.0014789397653969
0.106387915018485,2.1867499112838074,2.186733722015622,1.618926818514055e-05,0.0014789510355001
0.1063879156911469,2.1867499103957546,2.186733735700009,1.617469574544117e-05,0.0014789713158611
0.1063879156937381,2.18674991118117,2.1867337357527235,1.6175428446452145e-05,0.0014789572005848
0.1063879151724605,2.1867499109025688,2.186733725148043,1.618575452555504e-05,0.0014789510355001
0.106387915692201,2.1867499106794206,2.186733735721454,1.617495796679691e-05,0.0014789612279805
0.1063879156918452,2.1867499107530906,2.186733735714215,1.6175038875410053e-05,0.0014789673657366
0.1063879156919308,2.186749910808311,2.186733735715957,1.617509235396497e-05,0.0014789640126676
0.1063879156934649,2.186749911428188,2.1867337357471652,1.6175681022634336e-05,0.0014789589919801
0.1063879156934649,2.1867499116217464,2.1867337357471652,1.6175874581136895e-05,0.0014789589919808
0.1063879151815304,2.1867499109307875,2.1867337253325583,1.6185598229245812e-05,0.0014789441791579
0.1063879156929965,2.186749910969564,2.1867337357376364,1.6175231927650913e-05,0.0014789558102562
0.1063879156934649,2.1867499114134685,2.1867337357471652,1.6175666303297476e-05,0.0014789589919808
0.1063879156919308,2.186749910658343,2.186733735715957,1.6174942385926983e-05,0.0014789640126676
0.1063879156930503,2.1867499111529174,2.186733735738731,1.6175414186303527e-05,0.0014789612529901
0.1063879149998591,2.1867499112313817,2.1867337216367035,1.6189594678195363e-05,0.0014789410297024
0.1063879151885228,2.18674990931602,2.1867337254748085,1.6183841211603323e-05,0.0014789507607079
0.1063879151815304,2.186749910417307,2.1867337253325583,1.6185084748876477e-05,0.0014789510355001
0.1063879156924877,2.186749910351855,2.186733735727286,1.617462456904306e-05,0.0014789640284674
0.1063879156938737,2.1867499112229734,2.186733735755482,1.6175467491219564e-05,0.0014789558360751
0.1063879156937381,2.1867499110903013,2.1867337357527235,1.6175337577806204e-05,0.0014789572005841
0.1063879151940493,2.1867499117667375,2.186733725587238,1.6186179499388942e-05,0.0014789439779364
0.1063879156934649,2.1867499109818205,2.1867337357471652,1.617523465524684e-05,0.0014789589919808
0.1063879156937381,2.1867499115837625,2.1867337357527235,1.6175831039078048e-05,0.0014789572005841
0.1063879156912473,2.186749910784476,2.1867337357020515,1.6175082424574327e-05,0.0014789673483751
0.1063879156934649,2.1867499110999113,2.1867337357471652,1.6175352746117255e-05,0.0014789589919808
0.1063879156934649,2.186749910928331,2.1867337357471652,1.617518116558969e-05,0.0014789589919808
0.1063879156918452,2.1867499111342905,2.186733735714215,1.617542007537054e-05,0.0014789673657373
0.1063879156937381,2.1867499114301703,2.1867337357527235,1.617567744682802e-05,0.0014789572005848
0.1063879151815304,2.1867499122154714,2.1867337253325583,1.6186882913160616e-05,0.0014789507607079
0.1063879156924877,2.1867499105214607,2.186733735727286,1.617479417470591e-05,0.0014789640284674
0.106387915692201,2.186749910616385,2.186733735721454,1.6174894930998107e-05,0.0014789612279805
0.1063879156903241,2.1867499097992895,2.1867337356832706,1.6174116018952134e-05,0.0014789712916012
0.1063879151815304,2.186749912098567,2.1867337253325583,1.618676600889657e-05,0.0014789439779364
0.106387915692201,2.186749910836103,2.186733735721454,1.6175114649019662e-05,0.0014789612279805
0.1063879156930503,2.186749910999927,2.186733735738731,1.6175261195794377e-05,0.0014789612529911
0.1063879156934649,2.1867499114460194,2.1867337357471652,1.617569885414838e-05,0.0014789589919808
0.1063879151724605,2.186749911312161,2.186733725148043,1.618616411791507e-05,0.0014789410297024
0.1063879156924877,2.186749911908997,2.186733735727286,1.617618171101398e-05,0.001478964028468
0.1063879156919308,2.186749910217203,2.186733735715957,1.6174501246357664e-05,0.0014789640126676
0.1063879156912473,2.186749911040051,2.1867337357020515,1.6175337999246864e-05,0.0014789673483751
0.1063879156924877,2.186749910733227,2.186733735727286,1.6175005940866072e-05,0.0014789640284674
0.1063879151940493,2.186749911124591,2.186733725587238,1.6185537353052837e-05,0.0014789507607079
0.1063879151724605,2.1867499112623676,2.186733725148043,1.6186114324412415e-05,0.0014789410297024
0.1063879151815304,2.186749911790603,2.1867337253325583,1.6186458044575858e-05,0.0014789439779364
0.1063879156912473,2.186749911707946,2.1867337357020515,1.6176005894319445e-05,0.0014789673483751
0.1063879156937381,2.1867499111753053,2.1867337357527235,1.617542258181004e-05,0.0014789572005848
0.1063879156903998,2.186749911070352,2.1867337356848107,1.6175385541217224e-05,0.0014789759340898
0.1063879151940493,2.1867499113077185,2.186733725587238,1.6185720480343946e-05,0.0014789439779364
0.1063879156919308,2.186749911052733,2.186733735715957,1.617533677622518e-05,0.0014789640126676
0.1063879156937381,2.1867499113928455,2.1867337357527235,1.617564012201811e-05,0.0014789572005848
0.1063879156930503,2.186749911665201,2.186733735738731,1.6175926469852442e-05,0.0014789612529901
0.1063879156934649,2.186749911083061,2.1867337357471652,1.6175335895596277e-05,0.0014789589919801
0.1063879151724605,2.186749910904844,2.186733725148043,1.6185756800624063e-05,0.0014789507607079
0.1063879156918452,2.1867499111528135,2.186733735714215,1.6175438598331482e-05,0.0014789673657373
0.1063879151940493,2.1867499121104226,2.186733725587238,1.6186523184469337e-05,0.0014789441791579
0.1063879156930503,2.1867499111577042,2.186733735738731,1.617541897314112e-05,0.0014789612529911
0.1063879156930503,2.1867499110958555,2.186733735738731,1.6175357124392775e-05,0.0014789612529901
0.1063879156937381,2.1867499111132944,2.1867337357527235,1.6175360570969133e-05,0.0014789572005848
0.106387915018485,2.1867499109947532,2.186733722015622,1.618897913102657e-05,0.0014789439779364
0.1063879151815304,2.186749911667837,2.1867337253325583,1.618633527877833e-05,0.0014789441791579
0.1063879156924877,2.1867499108854047,2.186733735727286,1.6175158118691968e-05,0.001478964028468
0.1063879151885228,2.1867499106137176,2.1867337254748085,1.6185138909108332e-05,0.0014789510355001
0.1063879149998591,2.186749910926014,2.1867337216367035,1.618928931046426e-05,0.0014789507607079
0.1063879151724605,2.1867499110858537,2.186733725148043,1.618593781049782e-05,0.0014789403426105
0.1063879151885228,2.1867499121837617,2.1867337254748085,1.6186708953203066e-05,0.0014789410297024
0.1063879156919308,2.1867499116235027,2.186733735715957,1.6175907545878943e-05,0.0014789640126676
0.1063879151724605,2.186749912039477,2.186733725148043,1.6186891433900286e-05,0.0014789410297024
0.106387915692201,2.186749911377479,2.186733735721454,1.6175656025296803e-05,0.0014789612279805
0.1063879156919308,2.186749910927987,2.186733735715957,1.6175212030233865e-05,0.0014789640126676
0.1063879156930503,2.186749911137069,2.186733735738731,1.6175398338091895e-05,0.0014789612529901
0.1063879156912473,2.1867499105553825,2.1867337357020515,1.6174853330941374e-05,0.0014789673483751
0.1063879156928567,2.1867499112916886,2.186733735734793,1.617555689570338e-05,0.001478958974317
0.1063879156930503,2.1867499109056463,2.186733735738731,1.6175166915211037e-05,0.0014789612529911
0.1063879156924877,2.1867499107982824,2.186733735727286,1.61750709963826e-05,0.001478964028468
0.1063879151885228,2.1867499126800882,2.1867337254748085,1.6187205279738492e-05,0.0014789410297024
0.1063879156924877,2.1867499107198682,2.186733735727286,1.617499258221855e-05,0.0014789640284674
0.1063879156938731,2.186749911569777,2.1867337357554697,1.617581430712889e-05,0.0014789558360751
0.1063879156912473,2.186749911232938,2.1867337357020515,1.6175530886286538e-05,0.0014789673483751
0.1063879156937381,2.1867499114518916,2.1867337357527235,1.617569916811945e-05,0.0014789572005841
0.1063879151885228,2.1867499117434193,2.1867337254748085,1.618626861077388e-05,0.0014789507607079
0.1063879156937381,2.1867499114796396,2.1867337357527235,1.617572691614555e-05,0.0014789572005841
0.1063879156911469,2.1867499104975057,2.186733735700009,1.61747974964932e-05,0.0014789713158611
0.1063879156924877,2.186749911398863,2.186733735727286,1.6175671576856843e-05,0.001478964028468
0.1063879156930503,2.186749911745399,2.186733735738731,1.617600666792285e-05,0.0014789612529911
0.1063879152182727,2.186749911240665,2.18673372608003,1.6185160634840656e-05,0.0014789439779364
0.1063879156937381,2.1867499108691537,2.1867337357527235,1.6175116430261482e-05,0.0014789572005841
0.1063879156912473,2.1867499104756214,2.1867337357020515,1.617477356985475e-05,0.0014789673483751
0.1063879151724605,2.186749911763508,2.186733725148043,1.6186615464874876e-05,0.0014789397653969
0.1063879156934649,2.1867499121544958,2.1867337357471652,1.6176407330537046e-05,0.0014789589919808
0.1063879156924877,2.186749911078539,2.186733735727286,1.6175351253089332e-05,0.0014789640284674
0.106387915693873,2.1867499115713462,2.186733735755468,1.6175815878316513e-05,0.0014789548584041
0.106387915692201,2.1867499115409714,2.186733735721454,1.6175819517627588e-05,0.0014789612279805
0.1063879156934649,2.1867499112492843,2.1867337357471652,1.6175502119075702e-05,0.0014789589919808
0.1063879156928567,2.186749911759843,2.186733735734793,1.6176025050107512e-05,0.001478958974317
0.1063879156929662,2.1867499113485223,2.1867337357370205,1.6175611501800802e-05,0.0014789558102562
0.1063879156930503,2.1867499105889636,2.186733735738731,1.6174850232530957e-05,0.0014789612529911
0.1063879156934649,2.1867499118384335,2.1867337357471652,1.6176091268249593e-05,0.0014789589919801
0.1063879156924877,2.1867499108377975,2.186733735727286,1.6175110511440494e-05,0.001478964028468
0.1063879156937381,2.186749912519264,2.1867337357527235,1.6176766540532128e-05,0.0014789572005841
0.1063879156911469,2.186749911030617,2.186733735700009,1.6175330607826055e-05,0.0014789713158602
0.1063879156918452,2.186749910819889,2.186733735714215,1.617510567397673e-05,0.0014789673657366
0.1063879156924877,2.186749910470294,2.186733735727286,1.6174743008079417e-05,0.0014789640284674
0.1063879156930503,2.186749911642532,2.186733735738731,1.6175903800874636e-05,0.0014789612529901
0.1063879156934649,2.186749912341831,2.1867337357471652,1.6176594665573418e-05,0.0014789589919808
0.1063879156930503,2.1867499118378877,2.186733735738731,1.6176099156606227e-05,0.0014789612529911
0.1063879156911469,2.1867499106443957,2.186733735700009,1.6174944386548873e-05,0.0014789713158611
0.1063879156918452,2.1867499120772886,2.186733735714215,1.617636307349457e-05,0.0014789673657373
0.1063879156937381,2.186749910838246,2.1867337357527235,1.6175085522540655e-05,0.0014789572005848
0.1063879156918452,2.1867499113217277,2.186733735714215,1.617560751254743e-05,0.0014789673657366
0.1063879156934649,2.1867499114830906,2.1867337357471652,1.617573592538335e-05,0.0014789589919801
0.106387915693873,2.186749911947923,2.186733735755468,1.6176192454864236e-05,0.0014789548584041
0.1063879156930503,2.18674991103781,2.186733735738731,1.6175299078824423e-05,0.0014789612529901
0.1063879156929662,2.1867499114568973,2.1867337357370205,1.6175719876887484e-05,0.0014789558102562
0.1063879156934649,2.1867499109456046,2.1867337357471652,1.6175198439327687e-05,0.0014789589919808
0.1063879156930503,2.186749911327167,2.186733735738731,1.6175588435807242e-05,0.0014789612529911
0.1063879156918452,2.186749910158184,2.186733735714215,1.6174443969063645e-05,0.0014789673657373
0.1063879151940493,2.1867499115949554,2.186733725587238,1.6186007717244877e-05,0.0014789507607079
0.1063879156918452,2.1867499108001827,2.186733735714215,1.6175085967518044e-05,0.0014789673657373
0.1063879151815304,2.1867499110513218,2.1867337253325583,1.618571876349506e-05,0.0014789510355001
0.106387915692201,2.1867499112203688,2.186733735721454,1.6175498914972053e-05,0.0014789612279805
0.1063879156934649,2.1867499115238327,2.1867337357471652,1.617577666745973e-05,0.0014789589919801
0.1063879151815304,2.186749911421907,2.1867337253325583,1.6186089348835253e-05,0.0014789441791579
0.1063879156934649,2.1867499122473415,2.1867337357471652,1.617650017626815e-05,0.0014789589919801
0.1063879156918452,2.186749910886609,2.186733735714215,1.617517239393962e-05,0.0014789673657366
0.1063879156930503,2.1867499107643376,2.186733735738731,1.617502560646855e-05,0.0014789612529901
0.1063879156937381,2.186749911830932,2.1867337357527235,1.617607820847411e-05,0.0014789572005848
0.1063879156924877,2.186749911588684,2.186733735727286,1.6175861397904612e-05,0.0014789640284674
0.1063879156918452,2.186749911256798,2.186733735714215,1.6175542582708147e-05,0.0014789673657373
0.106387915018485,2.186749911192057,2.186733722015622,1.6189176434977526e-05,0.0014789441791579
0.1063879156937381,2.18674991134055,2.1867337357527235,1.6175587826516846e-05,0.0014789572005841
0.1063879156912473,2.186749909500283,2.1867337357020515,1.61737982313781e-05,0.0014789673483751
0.1063879156911469,2.186749911106291,2.186733735700009,1.617540628195968e-05,0.0014789713158602
0.106387915692201,2.1867499114626643,2.186733735721454,1.6175741210489036e-05,0.0014789612279805
0.106387915693873,2.1867499128644092,2.186733735755468,1.617710894130653e-05,0.0014789558360761
0.1063879156930503,2.1867499109764545,2.186733735738731,1.617523772345919e-05,0.0014789612529901
0.1063879151724605,2.18674991121893,2.186733725148043,1.6186070886714532e-05,0.0014789507607079
0.1063879156918452,2.1867499106475936,2.186733735714215,1.617493337846554e-05,0.0014789673657366
0.1063879151885228,2.1867499111562934,2.1867337254748085,1.618568148487043e-05,0.0014789507607079
0.1063879149998591,2.1867499118618388,2.1867337216367035,1.6190225135215286e-05,0.0014789441791579
0.1063879156924877,2.1867499110428414,2.186733735727286,1.6175315555422287e-05,0.0014789640284674
0.1063879156924877,2.1867499100588206,2.186733735727286,1.6174331534557496e-05,0.001478964028468
0.1063879156924877,2.186749910339438,2.186733735727286,1.6174612151864665e-05,0.0014789640284674
0.1063879156903241,2.186749910565215,2.1867337356832706,1.6174881944497344e-05,0.0014789712916012
0.1063879156930503,2.186749910976879,2.186733735738731,1.6175238148008475e-05,0.0014789612529911
0.1063879156919308,2.1867499106559873,2.186733735715957,1.6174940030477813e-05,0.0014789640126676
0.1063879156930503,2.186749910374449,2.186733735738731,1.6174635717902675e-05,0.0014789612529901
0.1063879151724605,2.1867499112600686,2.186733725148043,1.6186112025362576e-05,0.0014789410297024
0.1063879151815304,2.1867499114087905,2.1867337253325583,1.618607623221635e-05,0.0014789441791579
0.1063879156930503,2.1867499112587407,2.186733735738731,1.617552000965361e-05,0.0014789612529911
0.106387915692201,2.1867499114193887,2.186733735721454,1.6175697934883715e-05,0.0014789612279805
0.1063879156912473,2.1867499111282225,2.1867337357020515,1.6175426170939033e-05,0.0014789673483751
0.1063879156928567,2.1867499112966153,2.186733735734793,1.6175561822429074e-05,0.001478958974317
0.1063879156903999,2.186749910989527,2.1867337356848124,1.6175304714760586e-05,0.0014789759340891
0.1063879151940493,2.1867499111417987,2.186733725587238,1.618555456062154e-05,0.0014789507607079
0.1063879156924877,2.1867499116599447,2.186733735727286,1.617593265867967e-05,0.001478964028468
0.1063879156924877,2.1867499104466965,2.186733735727286,1.6174719410511074e-05,0.001478964028468
0.106387915692201,2.186749911350326,2.186733735721454,1.6175628872350245e-05,0.0014789612279805
0.106387915018485,2.1867499112266198,2.186733722015622,1.618921099755255e-05,0.0014789439779364
0.1063879156918452,2.1867499112226554,2.186733735714215,1.6175508440241515e-05,0.0014789673657373
0.1063879156912473,2.1867499112541915,2.1867337357020515,1.6175552139952032e-05,0.0014789673483751
0.106387915018485,2.1867499097869953,2.186733722015622,1.6187771373132875e-05,0.0014789441791579
0.1063879151815304,2.1867499119119906,2.1867337253325583,1.6186579432364567e-05,0.0014789441791579
0.1063879151885228,2.186749911547517,2.1867337254748085,1.618607270836847e-05,0.0014789439779364
0.1063879156937381,2.186749911647165,2.1867337357527235,1.6175894441694538e-05,0.0014789572005841
0.1063879156912473,2.186749910927489,2.1867337357020515,1.617522543728711e-05,0.0014789673483751
0.106387915692201,2.1867499113861757,2.186733735721454,1.61756647218958e-05,0.0014789612279805
0.1063879151815304,2.1867499109401356,2.1867337253325583,1.618560757732368e-05,0.0014789439779364
0.1063879156930503,2.1867499108921393,2.186733735738731,1.617515340823772e-05,0.0014789612529901
0.1063879156924877,2.186749911078534,2.186733735727286,1.617535124776026e-05,0.0014789640284674
0.1063879151724605,2.1867499110164017,2.186733725148043,1.6185868358498112e-05,0.0014789439779364
0.1063879156929965,2.1867499118509843,2.1867337357376364,1.6176113347921017e-05,0.0014789571848262
0.1063879156924877,2.1867499112269737,2.186733735727286,1.6175499687687278e-05,0.0014789640284674
0.1063879156928567,2.186749911090697,2.186733735734793,1.6175355904035627e-05,0.001478958974317
0.1063879156924877,2.1867499119987572,2.186733735727286,1.6176271471213255e-05,0.001478964028468
0.1063879156930503,2.186749910198374,2.186733735738731,1.6174459642748218e-05,0.0014789612529901
0.1063879151940493,2.1867499105254717,2.186733725587238,1.6184938233632096e-05,0.0014789507607079
0.1063879156924877,2.186749911136321,2.186733735727286,1.6175409034868693e-05,0.0014789640284674
0.1063879156903241,2.1867499106674098,2.1867337356832706,1.6174984139194493e-05,0.0014789712916012
0.106387915018485,2.1867499099087637,2.186733722015622,1.6187893141506038e-05,0.0014789625997043
0.1063879156930503,2.1867499106528525,2.186733735738731,1.6174914121425132e-05,0.0014789612529901
0.1063879156930503,2.186749910910837,2.186733735738731,1.617517210572572e-05,0.0014789612529911
0.1063879156930503,2.186749911078359,2.186733735738731,1.6175339627721996e-05,0.0014789612529901
0.1063879156912473,2.186749910095441,2.1867337357020515,1.617439338952309e-05,0.0014789673483751
0.106387915693873,2.1867499115561335,2.186733735755468,1.617580066559654e-05,0.0014789548584041
0.1063879156930503,2.1867499116723135,2.186733735738731,1.6175933582385227e-05,0.0014789612529901
0.1063879156928567,2.186749911119015,2.186733735734793,1.617538422227227e-05,0.001478958974317
0.1063879149998591,2.186749911642835,2.1867337216367035,1.619000613128918e-05,0.0014789410297024
0.1063879156930503,2.186749911730986,2.186733735738731,1.6175992255007543e-05,0.0014789612529901
0.1063879156937381,2.186749910722798,2.1867337357527235,1.6174970074445127e-05,0.0014789572005848
0.1063879156918452,2.1867499088079274,2.186733735714215,1.6173093712268383e-05,0.0014789673657366
0.1063879151724605,2.186749911452436,2.186733725148043,1.6186304392817874e-05,0.0014789507607079
0.1063879151815304,2.1867499109311916,2.1867337253325583,1.6185598633366993e-05,0.0014789441791579
0.1063879156934649,2.186749910903537,2.1867337357471652,1.6175156371645016e-05,0.0014789589919808
0.1063879151885228,2.186749910738612,2.1867337254748085,1.6185263803425443e-05,0.0014789510355001
0.1063879152182727,2.18674991101905,2.18673372608003,1.6184939019669997e-05,0.0014789441791579
0.1063879151815304,2.1867499113999247,2.1867337253325583,1.6186067366419365e-05,0.0014789439779364
0.1063879156937381,2.186749912290387,2.1867337357527235,1.617653766361471e-05,0.0014789572005848
0.1063879156912473,2.1867499091869824,2.1867337357020515,1.6173484930881443e-05,0.0014789673483751
0.1063879151940493,2.1867499112686626,2.186733725587238,1.6185681424474296e-05,0.0014789441791579
0.1063879156924877,2.1867499104011547,2.186733735727286,1.6174673868718514e-05,0.001478964028468
0.106387915692201,2.1867499109043296,2.186733735721454,1.617518287577724e-05,0.0014789612279805
0.1063879149998591,2.1867499117503684,2.1867337216367035,1.619011366482681e-05,0.0014789403426105
0.1063879151815304,2.186749910817894,2.1867337253325583,1.618548533555142e-05,0.0014789510355001
0.1063879156924877,2.186749910979127,2.186733735727286,1.617525184105517e-05,0.0014789640284674
0.1063879151724605,2.186749911319444,2.186733725148043,1.618617140097811e-05,0.0014789403426105
0.1063879151724605,2.1867499109231736,2.186733725148043,1.61857751304062e-05,0.0014789507607079
0.1063879156934649,2.1867499114348465,2.1867337357471652,1.617568768130795e-05,0.0014789589919808
0.1063879156928567,2.1867499115957214,2.186733735734793,1.6175860928502317e-05,0.001478958974317
0.1063879152182727,2.1867499113036026,2.18673372608003,1.6185223572495744e-05,0.0014789507607079
0.1063879156930503,2.1867499109221327,2.186733735738731,1.6175183401578863e-05,0.0014789612529901
0.1063879156918452,2.1867499097268843,2.186733735714215,1.617401266917895e-05,0.0014789673657373
0.1063879156934649,2.186749910882538,2.1867337357471652,1.617513537288673e-05,0.0014789589919808
0.1063879151815304,2.1867499118175378,2.1867337253325583,1.6186484979474614e-05,0.0014789441791579
0.1063879156918452,2.186749910897743,2.186733735714215,1.61751835277002e-05,0.0014789673657373
0.1063879156928567,2.186749910866573,2.186733735734793,1.617513178020502e-05,0.001478958974317
0.1063879156898393,2.186749910527819,2.186733735673408,1.6174854411410422e-05,0.0014789759182094
0.106387915692201,2.1867499106612014,2.186733735721454,1.6174939747592987e-05,0.0014789612279805
0.1063879156918452,2.1867499102670376,2.186733735714215,1.6174552822434407e-05,0.0014789673657373
0.1063879151940493,2.186749911296631,2.186733725587238,1.6185709392768644e-05,0.0014789441791579
0.106387915693184,2.186749911214044,2.186733735741451,1.6175472592916407e-05,0.0014789571848262
0.1063879156930503,2.186749910975994,2.186733735738731,1.617523726293868e-05,0.0014789612529911
0.1063879156937381,2.1867499112284268,2.1867337357527235,1.6175475703317233e-05,0.0014789572005848
0.1063879156934649,2.1867499120910043,2.1867337357471652,1.6176343839102714e-05,0.0014789589919808
0.106387915693873,2.186749911350993,2.186733735755468,1.6175595525247388e-05,0.0014789558360761
0.1063879156930503,2.186749911233506,2.186733735738731,1.617549477472835e-05,0.0014789612529901
0.1063879151940493,2.1867499106697164,2.186733725587238,1.6185082478248347e-05,0.0014789507607079
0.1063879152182727,2.1867499111692448,2.18673372608003,1.618508921463757e-05,0.0014789439779364
0.1063879156924877,2.1867499111423445,2.186733735727286,1.6175415058494735e-05,0.001478964028468
0.1063879156924877,2.186749911321066,2.186733735727286,1.6175593779976793e-05,0.0014789640284674
0.1063879156930503,2.1867499108669417,2.186733735738731,1.6175128210615952e-05,0.0014789612529901
0.1063879156924877,2.186749911256861,2.186733735727286,1.61755295748911e-05,0.001478964028468
0.1063879156924877,2.186749910801196,2.186733735727286,1.6175073910051907e-05,0.001478964028468
0.1063879151940493,2.1867499103324373,2.186733725587238,1.6184745199154804e-05,0.0014789625997043
0.1063879156930503,2.1867499108921304,2.186733735738731,1.6175153399355935e-05,0.0014789612529901
0.1063879156934649,2.1867499102690475,2.1867337357471652,1.6174521882295068e-05,0.0014789589919801
0.1063879156934649,2.1867499108484902,2.1867337357471652,1.61751013250111e-05,0.0014789589919808
0.1063879156934649,2.1867499110650277,2.1867337357471652,1.6175317862465732e-05,0.0014789589919801
0.1063879156937381,2.186749910984241,2.1867337357527235,1.6175231517756572e-05,0.0014789572005841
0.1063879156919308,2.186749911136479,2.186733735715957,1.6175420522124284e-05,0.0014789640126676
0.106387915692201,2.186749910492313,2.186733735721454,1.6174770859134213e-05,0.0014789612279805
0.1063879156937381,2.18674991105187,2.1867337357527235,1.6175299146770072e-05,0.0014789572005841
0.1063879156937381,2.186749911007713,2.1867337357527235,1.617525498964767e-05,0.0014789572005841
0.1063879156934649,2.186749911272545,2.1867337357471652,1.6175525379580336e-05,0.0014789589919808
0.1063879156937381,2.1867499110684236,2.1867337357527235,1.617531570019537e-05,0.0014789572005841
0.1063879151885228,2.186749911429319,2.1867337254748085,1.6185954510472556e-05,0.0014789439779364
0.1063879151815304,2.186749911737582,2.1867337253325583,1.6186405023876915e-05,0.0014789441791579
0.1063879156911469,2.1867499105812023,2.186733735700009,1.61748811930984e-05,0.0014789713158611
0.1063879156911469,2.18674991016223,2.186733735700009,1.617446222068608e-05,0.0014789713158602
0.1063879156929662,2.1867499124549914,2.1867337357370205,1.6176717970939336e-05,0.0014789571848262
0.1063879156924877,2.186749911165909,2.186733735727286,1.6175438623200478e-05,0.0014789640284674
0.1063879156928567,2.1867499104275194,2.186733735734793,1.617469272652272e-05,0.001478958974317
0.1063879156912473,2.186749911358758,2.1867337357020515,1.617565670652965e-05,0.0014789673483751
0.1063879149998591,2.1867499117566216,2.1867337216367035,1.6190119918046975e-05,0.0014789439779364
0.1063879156930503,2.186749911590929,2.186733735738731,1.617585219770845e-05,0.0014789612529911
0.1063879156918452,2.186749911215825,2.186733735714215,1.617550160970538e-05,0.0014789673657373
0.1063879156919308,2.186749909675771,2.186733735715957,1.6173959814125283e-05,0.0014789640126676
0.1063879156929662,2.186749912071641,2.1867337357370205,1.6176334620698896e-05,0.0014789571848262
0.1063879149998591,2.1867499120925724,2.1867337216367035,1.619045586886969e-05,0.0014789441791579
0.1063879156930503,2.186749911873452,2.186733735738731,1.617613472104651e-05,0.0014789612529901
0.1063879156930503,2.1867499106599038,2.186733735738731,1.6174921172673606e-05,0.0014789612529911
0.1063879151885228,2.1867499108925723,2.1867337254748085,1.6185417763825427e-05,0.0014789439779364
0.1063879156928567,2.1867499116964213,2.186733735734793,1.6175961628395186e-05,0.001478958974317
0.1063879151815304,2.1867499108940507,2.1867337253325583,1.6185561492410017e-05,0.0014789441791579
0.1063879156934649,2.1867499113891795,2.1867337357471652,1.6175642014282232e-05,0.0014789589919801
0.106387915692201,2.186749910947446,2.186733735721454,1.6175225992398623e-05,0.0014789612279805
0.1063879156930503,2.1867499112127256,2.186733735738731,1.6175473994461953e-05,0.0014789612529901
0.1063879151940493,2.186749911296517,2.186733725587238,1.6185709279081806e-05,0.0014789410297024
0.1063879156930503,2.1867499106230412,2.186733735738731,1.6174884310160564e-05,0.0014789612529911
0.1063879156924877,2.1867499113413973,2.186733735727286,1.6175614111269e-05,0.0014789640284674
0.1063879156919308,2.186749910585777,2.186733735715957,1.6174869819973736e-05,0.0014789640126676
0.1063879156924877,2.18674991002189,2.186733735727286,1.6174294604098804e-05,0.001478964028468
0.1063879156930503,2.1867499105323036,2.186733735738731,1.617479357252094e-05,0.0014789612529901
0.1063879151885228,2.1867499109005943,2.1867337254748085,1.6185425785852914e-05,0.0014789510355001
0.1063879156930503,2.1867499116146707,2.186733735738731,1.6175875939605788e-05,0.0014789612529911
0.1063879151724605,2.1867499106747292,2.186733725148043,1.6185526686030016e-05,0.0014789403426105
0.1063879151885228,2.1867499115073685,2.1867337254748085,1.6186032560039365e-05,0.0014789439779364
0.1063879151724605,2.1867499107006765,2.186733725148043,1.618555263327437e-05,0.0014789441791579
0.1063879149998591,2.1867499118256166,2.1867337216367035,1.6190188913078885e-05,0.0014789410297024
0.1063879156937381,2.186749911310696,2.1867337357527235,1.6175557972619714e-05,0.0014789572005848
0.1063879156911469,2.1867499094468656,2.186733735700009,1.617374685647377e-05,0.0014789713158611
0.1063879151940493,2.1867499106533583,2.186733725587238,1.6185066120222302e-05,0.0014789507607079
0.1063879149998591,2.186749911621882,2.1867337216367035,1.618998517827208e-05,0.0014789410297024
0.1063879156903241,2.186749911285643,2.1867337356832706,1.6175602372658915e-05,0.0014789712916012
0.1063879156934649,2.1867499115931706,2.1867337357471652,1.617584600532851e-05,0.0014789589919801
0.106387915018485,2.186749910222128,2.186733722015622,1.618820650595154e-05,0.0014789510355001
0.1063879151724605,2.1867499115669666,2.186733725148043,1.6186418923425094e-05,0.0014789410297024
0.1063879156924877,2.186749911614769,2.186733735727286,1.617588748281662e-05,0.0014789640284674
0.106387915018485,2.1867499110489246,2.186733722015622,1.6189033302360656e-05,0.0014789439779364
0.1063879152182727,2.186749912067002,2.18673372608003,1.6185986972061528e-05,0.0014789410297024
0.1063879151815304,2.1867499104990253,2.1867337253325583,1.618516646706425e-05,0.0014789439779364
0.1063879151815304,2.18674991132749,2.1867337253325583,1.6185994931916525e-05,0.0014789441791579
0.1063879156912473,2.186749911136082,2.1867337357020515,1.617543403042987e-05,0.0014789673483751
0.1063879156919308,2.186749910618837,2.186733735715957,1.6174902880194963e-05,0.0014789640126676
0.1063879156937381,2.18674991151669,2.1867337357527235,1.6175763966508327e-05,0.0014789572005841
0.106387915692201,2.186749909675096,2.186733735721454,1.6173953642173444e-05,0.0014789612279805
0.1063879151724605,2.1867499120646565,2.186733725148043,1.6186916613314395e-05,0.0014789403426105
0.106387915692201,2.1867499110671513,2.186733735721454,1.6175345697533317e-05,0.0014789612279805
0.1063879156934649,2.186749911524041,2.1867337357471652,1.617577687573757e-05,0.0014789589919801
0.1063879156937381,2.186749911812991,2.1867337357527235,1.617606026771412e-05,0.0014789572005841
0.1063879151885228,2.1867499118245974,2.1867337254748085,1.6186349788949173e-05,0.0014789439779364
0.1063879156924877,2.18674991044055,2.186733735727286,1.617471326387232e-05,0.001478964028468
0.1063879156918452,2.1867499105853976,2.186733735714215,1.6174871182439432e-05,0.0014789673657366
0.1063879156929662,2.186749911827368,2.1867337357370205,1.617609034765266e-05,0.0014789558102562
0.1063879156912473,2.1867499102701347,2.1867337357020515,1.6174568083116014e-05,0.0014789673483751
0.1063879156924877,2.186749911156913,2.186733735727286,1.6175429626841265e-05,0.0014789640284674
0.1063879151815304,2.1867499113117184,2.1867337253325583,1.6185979160088237e-05,0.0014789410297024
0.1063879156918452,2.186749911320634,2.186733735714215,1.6175606418755706e-05,0.0014789673657366
0.1063879156934649,2.18674991155122,2.1867337357471652,1.617580405488539e-05,0.0014789589919808
0.1063879151724605,2.186749912390848,2.186733725148043,1.6187242804832636e-05,0.0014789403426105
0.1063879151815304,2.1867499108481403,2.1867337253325583,1.6185515582023413e-05,0.0014789510355001
0.1063879156924877,2.186749910524714,2.186733735727286,1.617479742810346e-05,0.001478964028468
0.1063879151815304,2.1867499117216878,2.1867337253325583,1.6186389129480006e-05,0.0014789439779364
0.1063879156918452,2.1867499112932616,2.186733735714215,1.6175579046429078e-05,0.0014789673657366
0.106387915018485,2.1867499103951324,2.186733722015622,1.6188379510229112e-05,0.0014789510355001
0.1063879156930503,2.186749910811835,2.186733735738731,1.617507310402999e-05,0.0014789612529901
0.1063879151940493,2.186749910984196,2.186733725587238,1.6185396957801856e-05,0.0014789410297024
0.1063879156918452,2.186749909924129,2.186733735714215,1.617420991406604e-05,0.0014789673657366
0.1063879156919308,2.1867499098366743,2.186733735715957,1.6174120717415974e-05,0.0014789640126676
0.1063879156912473,2.1867499109926016,2.1867337357020515,1.6175290550091148e-05,0.0014789673483751
0.1063879156934649,2.1867499115834876,2.1867337357471652,1.6175836322407378e-05,0.0014789589919808
0.1063879151815304,2.1867499112244912,2.1867337253325583,1.6185891932973817e-05,0.0014789441791579
0.1063879156929662,2.1867499119293874,2.1867337357370205,1.6176192366934572e-05,0.0014789571848262
0.1063879156934649,2.1867499113913422,2.1867337357471652,1.6175644176996684e-05,0.0014789589919801
0.1063879156929662,2.1867499110630075,2.1867337357370205,1.6175325987077827e-05,0.0014789571848262
0.1063879156911469,2.186749910814049,2.186733735700009,1.6175114039729266e-05,0.0014789713158602
0.1063879156924877,2.1867499102883645,2.186733735727286,1.6174561078496907e-05,0.001478964028468
0.1063879156918452,2.186749910811779,2.186733735714215,1.617509756401958e-05,0.0014789673657366
0.1063879156890471,2.186749910545574,2.1867337356572913,1.6174888282538546e-05,0.001478981262446
0.1063879151885228,2.18674991226746,2.1867337254748085,1.6186792651584625e-05,0.0014789439779364
0.1063879151724605,2.1867499112876065,2.186733725148043,1.618613956333448e-05,0.0014789441791579
0.1063879156924877,2.1867499121902596,2.186733735727286,1.6176462973582773e-05,0.001478964028468
0.1063879151940493,2.18674991088317,2.186733725587238,1.6185295931947508e-05,0.0014789441791579
0.1063879156918452,2.1867499107816477,2.186733735714215,1.6175067432566692e-05,0.0014789673657366
0.1063879151724605,2.186749910886085,2.186733725148043,1.618573804185175e-05,0.0014789439779364
0.1063879156918452,2.1867499117691067,2.186733735714215,1.6176054891570146e-05,0.0014789673657366
0.1063879156934649,2.186749910890726,2.1867337357471652,1.617514356055949e-05,0.0014789589919808
0.106387915692201,2.1867499115978837,2.186733735721454,1.6175876429880276e-05,0.0014789612279805
0.1063879156929662,2.186749912618607,2.1867337357370205,1.617688158672692e-05,0.0014789571848262
0.1063879156937381,2.186749911456373,2.1867337357527235,1.6175703649423667e-05,0.0014789572005848
0.106387915692201,2.1867499099872996,2.186733735721454,1.6174265845769753e-05,0.0014789612279805
0.106387915018485,2.1867499108411663,2.186733722015622,1.6188825544105612e-05,0.0014789439779364
0.1063879156924877,2.186749911619229,2.186733735727286,1.6175891942804554e-05,0.001478964028468
0.1063879151724605,2.186749910968713,2.186733725148043,1.6185820669978312e-05,0.0014789439779364
0.106387915692201,2.1867499116113667,2.186733735721454,1.6175889912872776e-05,0.0014789612279805
0.106387915692201,2.1867499119681786,2.186733735721454,1.6176246724786125e-05,0.0014789612279805
0.1063879156930503,2.186749910609522,2.186733735738731,1.617487079075275e-05,0.0014789612529901
0.1063879156903241,2.1867499113518636,2.1867337356832706,1.617566859302144e-05,0.0014789712916012
0.1063879156934649,2.18674991166137,2.1867337357471652,1.6175914204552555e-05,0.0014789589919801
0.1063879156937381,2.186749911885823,2.1867337357527235,1.6176133099676804e-05,0.0014789572005841
0.1063879156937381,2.186749911236653,2.1867337357527235,1.6175483929625756e-05,0.0014789572005841
0.1063879149998591,2.186749911311803,2.1867337216367035,1.6189675099642642e-05,0.0014789410297024
0.106387915692201,2.1867499109991586,2.186733735721454,1.6175277704810753e-05,0.0014789612279805
0.1063879156928567,2.1867499112292332,2.186733735734793,1.6175494440329174e-05,0.001478958974317
0.106387915018485,2.1867499108139152,2.186733722015622,1.618879829301534e-05,0.0014789397653969
0.1063879156903241,2.18674991034287,2.1867337356832706,1.6174659599244023e-05,0.0014789712916012
0.106387915692201,2.186749911350126,2.186733735721454,1.617562867206601e-05,0.0014789612279805
0.1063879156924877,2.1867499110180826,2.186733735727286,1.617529079656066e-05,0.001478964028468
0.106387915692201,2.1867499108945583,2.186733735721454,1.6175173104482354e-05,0.0014789612279805
0.1063879151885228,2.1867499112814466,2.1867337254748085,1.618580663809155e-05,0.0014789528076878
0.106387915693873,2.1867499111563884,2.186733735755468,1.617540092047065e-05,0.0014789558360761
0.1063879151885228,2.1867499121818823,2.1867337254748085,1.618670707381753e-05,0.0014789410297024
0.1063879151940493,2.186749910782619,2.186733725587238,1.6185195380824524e-05,0.0014789528076878
0.1063879156903241,2.1867499112868627,2.1867337356832706,1.6175603592127885e-05,0.0014789712916012
0.106387915692201,2.186749910327531,2.186733735721454,1.6174606077168363e-05,0.0014789612279805
0.1063879156929662,2.1867499128863765,2.1867337357370205,1.617714935608916e-05,0.0014789571848262
0.1063879151724605,2.1867499113354145,2.186733725148043,1.6186187371314276e-05,0.0014789397653969
0.1063879156928567,2.1867499114549913,2.186733735734793,1.6175720198408072e-05,0.001478958974317
0.1063879156928567,2.186749911000215,2.186733735734793,1.6175265422191387e-05,0.001478958974317
0.106387915692201,2.186749911112573,2.186733735721454,1.617539111942179e-05,0.0014789612279805
0.1063879156919308,2.186749911145861,2.186733735715957,1.617542990395293e-05,0.0014789640126676
0.1063879151940493,2.186749911426602,2.186733725587238,1.61858393639136e-05,0.0014789441791579
0.1063879156938738,2.186749911052292,2.1867337357554844,1.6175296807752204e-05,0.0014789558360761
0.1063879156930503,2.186749910957772,2.186733735738731,1.617521904107022e-05,0.0014789612529901
0.1063879156937381,2.18674991157161,2.1867337357527235,1.617581888657682e-05,0.0014789572005841
0.1063879156930503,2.186749910424765,2.186733735738731,1.617468603409833e-05,0.0014789612529911
0.1063879156912473,2.186749910570177,2.1867337357020515,1.617486812532931e-05,0.0014789673483751
0.1063879149998591,2.186749912687326,2.1867337216367035,1.619105062244941e-05,0.0014789410297024
0.106387915692201,2.186749911226038,2.186733735721454,1.6175504584214906e-05,0.0014789612279805
0.1063879156924877,2.186749911758825,2.186733735727286,1.6176031539139046e-05,0.001478964028468
0.1063879156924877,2.186749912260827,2.186733735727286,1.6176533541134575e-05,0.0014789640284674
0.1063879156918452,2.1867499113567646,2.186733735714215,1.617564254940973e-05,0.0014789673657373
0.106387915692201,2.186749910986492,2.186733735721454,1.617526503805422e-05,0.0014789612279805
0.1063879151815304,2.186749911311222,2.1867337253325583,1.61859786635965e-05,0.0014789441791579
0.1063879151724605,2.186749910909307,2.186733725148043,1.618576126372062e-05,0.0014789510355001
0.1063879156929662,2.1867499109706623,2.1867337357370205,1.6175233641835263e-05,0.0014789571848262
0.1063879156937381,2.1867499112872624,2.1867337357527235,1.617553453892029e-05,0.0014789572005841
0.1063879156911469,2.1867499103347274,2.186733735700009,1.6174634718257863e-05,0.0014789713158602
0.1063879156928567,2.1867499111916295,2.186733735734793,1.617545683663124e-05,0.001478958974317
0.1063879156930503,2.186749911497326,2.186733735738731,1.6175758594805245e-05,0.0014789612529911
0.1063879156930503,2.186749910836349,2.186733735738731,1.6175097617754375e-05,0.0014789612529911
0.1063879156930503,2.1867499111120234,2.186733735738731,1.6175373292348638e-05,0.0014789612529901
0.1063879151940493,2.186749911146491,2.186733725587238,1.618555925286813e-05,0.0014789507607079
0.1063879151815304,2.18674991116451,2.1867337253325583,1.61858319516206e-05,0.0014789441791579
0.1063879156924877,2.1867499107630586,2.186733735727286,1.6175035772558743e-05,0.001478964028468
0.106387915692201,2.1867499118553795,2.186733735721454,1.6176133925682734e-05,0.0014789612279805
0.1063879151815304,2.1867499115821065,2.1867337253325583,1.6186249548244547e-05,0.0014789410297024
0.106387915018485,2.186749910809384,2.186733722015622,1.618879376197313e-05,0.0014789410297024
0.1063879156930503,2.186749911763267,2.186733735738731,1.6176024535852207e-05,0.0014789612529901
0.1063879156934649,2.186749911702182,2.1867337357471652,1.617595501679503e-05,0.0014789589919801
0.1063879151815304,2.1867499117932225,2.1867337253325583,1.6186460664258107e-05,0.0014789441791579
0.1063879156924877,2.1867499109634596,2.186733735727286,1.6175236173587848e-05,0.001478964028468
0.1063879156918452,2.1867499112275914,2.186733735714215,1.6175513376293083e-05,0.0014789673657373
0.1063879151940493,2.18674991108611,2.186733725587238,1.6185498871834625e-05,0.0014789507607079
0.1063879156912473,2.1867499106702013,2.1867337357020515,1.6174968149762492e-05,0.0014789673483751
0.1063879156924877,2.1867499099476952,2.186733735727286,1.6174220409226336e-05,0.0014789640284674
0.1063879156930503,2.1867499102440564,2.186733735738731,1.6174505325317057e-05,0.0014789612529911
0.1063879156938731,2.1867499118053852,2.1867337357554697,1.617604991555055e-05,0.0014789558360751
0.1063879151724605,2.186749910830869,2.186733725148043,1.6185682825575753e-05,0.0014789441791579
0.1063879156938731,2.186749912467818,2.1867337357554697,1.617671234832585e-05,0.0014789558360751
0.1063879156934649,2.1867499113430515,2.1867337357471652,1.6175595886291916e-05,0.0014789589919801
0.1063879156912473,2.1867499104451937,2.1867337357020515,1.617474314219436e-05,0.0014789673483751
0.1063879156929662,2.1867499113494464,2.1867337357370205,1.6175612425950447e-05,0.0014789558102562
0.106387915692201,2.1867499110497217,2.186733735721454,1.617532826792001e-05,0.0014789612279805
0.1063879156937381,2.1867499111125173,2.1867337357527235,1.6175359793813016e-05,0.0014789572005848
0.1063879151940493,2.1867499107951818,2.186733725587238,1.618520794366418e-05,0.0014789528076878
0.1063879156934649,2.1867499118857667,2.1867337357471652,1.6176138601498025e-05,0.0014789589919801
0.1063879156937381,2.1867499131284163,2.1867337357527235,1.6177375692816298e-05,0.0014789572005848
0.1063879156924877,2.1867499107500814,2.186733735727286,1.6175022795383853e-05,0.001478964028468
0.1063879156919308,2.186749911364824,2.186733735715957,1.617564886702283e-05,0.0014789640126676
0.1063879156924877,2.1867499111231665,2.186733735727286,1.6175395880502208e-05,0.001478964028468
0.106387915018485,2.1867499111039765,2.186733722015622,1.6189088354323644e-05,0.0014789439779364
0.1063879156930503,2.1867499109634556,2.186733735738731,1.617522472452393e-05,0.0014789612529901
0.1063879156919308,2.1867499110645534,2.186733735715957,1.617534859654768e-05,0.0014789640126676
0.1063879156930503,2.18674991148312,2.186733735738731,1.617574438883551e-05,0.0014789612529901
0.1063879156912473,2.1867499113463285,2.1867337357020515,1.6175644276916756e-05,0.0014789673483751
0.1063879156924877,2.1867499110533224,2.186733735727286,1.617532603637173e-05,0.0014789640284674
0.106387915018485,2.1867499106644344,2.186733722015622,1.6188648812143214e-05,0.0014789507607079
0.1063879156918452,2.1867499109356285,2.186733735714215,1.617522141339478e-05,0.0014789673657373
0.1063879156934649,2.1867499116122726,2.1867337357471652,1.617586510738178e-05,0.0014789589919801
0.1063879156924877,2.1867499100396617,2.186733735727286,1.6174312375660804e-05,0.001478964028468
0.1063879156924877,2.1867499104897368,2.186733735727286,1.6174762450749114e-05,0.0014789640284674
0.1063879156919308,2.186749910346364,2.186733735715957,1.6174630407039814e-05,0.0014789640126676
0.1063879156937381,2.186749912221994,2.1867337357527235,1.6176469270767768e-05,0.0014789572005848
0.106387915692201,2.186749911164052,2.186733735721454,1.6175442598242995e-05,0.0014789612279805
0.1063879156934649,2.1867499116319333,2.1867337357471652,1.617588476809928e-05,0.0014789589919808
0.1063879156924877,2.1867499096017267,2.186733735727286,1.6173874440639224e-05,0.0014789640284674
0.1063879156934649,2.1867499121585228,2.1867337357471652,1.6176411357538e-05,0.0014789589919808
0.106387915692201,2.186749911276892,2.186733735721454,1.6175555438202593e-05,0.0014789612279805
0.1063879151885228,2.186749911213627,2.1867337254748085,1.6185738818563777e-05,0.0014789439779364
0.106387915018485,2.186749910749635,2.186733722015622,1.618873401287857e-05,0.0014789510355001
0.1063879156912473,2.1867499102007755,2.1867337357020515,1.6174498723930952e-05,0.0014789673483751
0.1063879156937381,2.186749911120543,2.1867337357527235,1.6175367819393216e-05,0.0014789572005841
0.1063879151815304,2.1867499110187367,2.1867337253325583,1.6185686178449288e-05,0.0014789410297024
0.1063879149795981,2.1867499118442666,2.1867337212245213,1.6190619745337642e-05,0.0014789403426105
0.1063879156934649,2.186749911353168,2.1867337357471652,1.6175606002644116e-05,0.0014789589919801
0.1063879156911469,2.1867499106946187,2.186733735700009,1.6174994609485793e-05,0.0014789713158602
0.1063879156929662,2.186749911129119,2.1867337357370205,1.6175392098638497e-05,0.0014789571848262
0.1063879151940493,2.186749910421668,2.186733725587238,1.618483442999974e-05,0.0014789510355001
0.1063879151815304,2.1867499109272663,2.1867337253325583,1.6185594708062467e-05,0.0014789441791579
0.1063879156912473,2.186749909409775,2.1867337357020515,1.6173707723332598e-05,0.0014789673483751
0.1063879156929662,2.186749911062986,2.1867337357370205,1.6175325965761544e-05,0.0014789548404062
0.1063879156937381,2.1867499109458217,2.1867337357527235,1.617519309826676e-05,0.0014789572005841
0.1063879156937381,2.1867499111750552,2.1867337357527235,1.6175422331787814e-05,0.0014789572005841
0.1063879156912473,2.186749910745801,2.1867337357020515,1.617504374928913e-05,0.0014789673483751
0.1063879151815304,2.1867499113129547,2.1867337253325583,1.6185980396432598e-05,0.0014789441791579
0.1063879156924877,2.186749910799242,2.186733735727286,1.6175071956059384e-05,0.001478964028468
0.1063879156930503,2.1867499101078187,2.186733735738731,1.617436908762926e-05,0.0014789612529911
0.1063879151885228,2.1867499114414577,2.1867337254748085,1.6185966649207018e-05,0.0014789439779364
0.1063879156918452,2.186749910570312,2.186733735714215,1.6174856096728973e-05,0.0014789673657366
0.1063879156937381,2.186749911629425,2.1867337357527235,1.6175876701662872e-05,0.0014789572005848
0.1063879156937381,2.1867499119895597,2.1867337357527235,1.617623683625169e-05,0.0014789572005841
0.1063879156918452,2.1867499109222455,2.186733735714215,1.6175208030322352e-05,0.0014789673657373
0.1063879156924877,2.186749911866615,2.186733735727286,1.617613932891615e-05,0.0014789640284674
0.1063879156924877,2.186749910810919,2.186733735727286,1.6175083632941067e-05,0.0014789640284674
0.1063879156934649,2.186749911441804,2.1867337357471652,1.61756946388536e-05,0.0014789589919801
0.1063879156929662,2.186749912099566,2.1867337357370205,1.61763625454725e-05,0.0014789571848262
0.1063879151885228,2.1867499110786417,2.1867337254748085,1.618560383320755e-05,0.0014789528076878
0.1063879156903999,2.186749910922791,2.1867337356848124,1.6175237978366397e-05,0.0014789759340891
0.1063879151940493,2.18674991035952,2.186733725587238,1.6184772281935267e-05,0.0014789507607079
0.1063879151724605,2.1867499109566375,2.186733725148043,1.6185808594304518e-05,0.0014789410297024
0.1063879156890471,2.1867499106693464,2.1867337356572913,1.6175012055086313e-05,0.001478981262446
0.1063879156929965,2.1867499122560994,2.1867337357376364,1.6176518462973632e-05,0.0014789558102562
0.1063879156924877,2.1867499103278605,2.186733735727286,1.6174600574458964e-05,0.0014789640284674
0.1063879156930503,2.1867499106709913,2.186733735738731,1.617493226024891e-05,0.0014789612529911
0.1063879156937381,2.186749910697411,2.1867337357527235,1.6174944687641357e-05,0.0014789572005848
0.1063879156930503,2.1867499112217117,2.186733735738731,1.6175482980607114e-05,0.0014789612529911
0.1063879156930503,2.1867499111593633,2.186733735738731,1.6175420632258408e-05,0.0014789612529901
0.1063879156934649,2.186749911745175,2.1867337357471652,1.6175998009959613e-05,0.0014789589919801
0.106387915692201,2.1867499112719755,2.186733735721454,1.617555052169095e-05,0.0014789612279805
0.106387915692201,2.1867499109916633,2.186733735721454,1.617527020947307e-05,0.0014789612279805
0.1063879151885228,2.1867499111887554,2.1867337254748085,1.618571394690349e-05,0.0014789441791579
0.1063879151885228,2.1867499117411136,2.1867337254748085,1.6186266305062702e-05,0.0014789507607079
0.106387915692201,2.1867499104717796,2.186733735721454,1.6174750325781417e-05,0.0014789612279805
0.1063879156934649,2.1867499106301387,2.1867337357471652,1.6174882973452043e-05,0.0014789589919801
0.106387915692201,2.1867499106430595,2.186733735721454,1.6174921605660586e-05,0.0014789612279805
0.1063879156937381,2.1867499113238247,2.1867337357527235,1.6175571101229025e-05,0.0014789572005848
0.1063879151815304,2.1867499109742545,2.1867337253325583,1.6185641696253583e-05,0.0014789441791579
0.1063879151940493,2.186749910666032,2.186733725587238,1.6185078794084262e-05,0.0014789439779364
0.1063879156912473,2.1867499105132144,2.1867337357020515,1.6174811162894542e-05,0.0014789673483751
0.1063879151815304,2.1867499113782407,2.1867337253325583,1.6186045682431427e-05,0.0014789439779364
0.1063879156928567,2.1867499122117082,2.186733735734793,1.6176476915319427e-05,0.001478958974317
0.1063879156938731,2.186749911492805,2.1867337357554697,1.617573733536659e-05,0.0014789558360751
0.1063879156924877,2.186749910696249,2.186733735727286,1.6174968962889835e-05,0.001478964028468
0.1063879156934649,2.1867499115484264,2.1867337357471652,1.617580126112017e-05,0.0014789589919801
0.1063879156934649,2.186749911203852,2.1867337357471652,1.6175456686973178e-05,0.0014789589919801
0.1063879156929662,2.186749910852374,2.1867337357370205,1.617511535334515e-05,0.0014789558102562
0.1063879156937381,2.1867499114868534,2.1867337357527235,1.6175734129930674e-05,0.0014789572005848
0.1063879156929662,2.186749911628014,2.1867337357370205,1.6175890993341824e-05,0.0014789558102562
0.1063879156928567,2.186749911308922,2.186733735734793,1.6175574129029258e-05,0.001478958974317
0.1063879156934649,2.1867499117041485,2.1867337357471652,1.617595698322205e-05,0.0014789589919808
0.1063879156937381,2.186749911111102,2.1867337357527235,1.6175358378500704e-05,0.0014789572005841
0.1063879156938731,2.186749912628894,2.1867337357554697,1.6176873424367244e-05,0.0014789558360751
0.1063879151724605,2.1867499115983113,2.186733725148043,1.6186450268129704e-05,0.0014789403426105
0.1063879151815304,2.1867499111217477,2.1867337253325583,1.6185789189382405e-05,0.0014789439779364
0.1063879151815304,2.1867499121240446,2.1867337253325583,1.618679148629454e-05,0.0014789410297024
0.1063879156934649,2.186749910688676,2.1867337357471652,1.617494151062715e-05,0.0014789589919808
0.1063879156918452,2.1867499109724347,2.186733735714215,1.6175258219508493e-05,0.0014789673657366
0.1063879156911469,2.1867499107563924,2.186733735700009,1.6175056383183062e-05,0.0014789713158611
0.1063879156937381,2.1867499108756046,2.1867337357527235,1.6175122881101345e-05,0.0014789572005841
0.1063879156918452,2.18674991070138,2.186733735714215,1.617498716477428e-05,0.0014789673657366
0.1063879156918452,2.1867499116015505,2.186733735714215,1.6175887335379002e-05,0.0014789673657366
0.1063879156930503,2.1867499112532025,2.186733735738731,1.6175514471417074e-05,0.0014789612529911
0.1063879156924877,2.186749911578562,2.186733735727286,1.617585127577925e-05,0.0014789640284674
0.1063879151815304,2.1867499114039406,2.1867337253325583,1.618607138231809e-05,0.0014789441791579
0.1063879156937381,2.1867499109910873,2.1867337357527235,1.617523836383583e-05,0.0014789572005841
0.1063879156938731,2.1867499118211873,2.1867337357554697,1.6176065717576904e-05,0.0014789558360751
0.1063879156934649,2.1867499110756485,2.1867337357471652,1.6175328483303275e-05,0.0014789589919808
0.1063879151885228,2.1867499109784774,2.1867337254748085,1.618550366888627e-05,0.0014789507607079
0.1063879151724605,2.186749910749512,2.186733725148043,1.6185601468876598e-05,0.0014789441791579
0.1063879156918452,2.186749911249278,2.186733735714215,1.6175535062945556e-05,0.0014789673657366
0.1063879156937381,2.1867499118131724,2.1867337357527235,1.617606044890252e-05,0.0014789572005848
0.1063879156911469,2.18674991073777,2.186733735700009,1.6175037760746136e-05,0.0014789713158611
0.1063879156934649,2.1867499110131843,2.1867337357471652,1.6175266019047285e-05,0.0014789589919808
0.1063879156924877,2.1867499095796767,2.186733735727286,1.6173852390721777e-05,0.001478964028468
0.1063879156934649,2.1867499115296556,2.1867337357471652,1.617578249035745e-05,0.0014789589919801
0.1063879151815304,2.1867499121600757,2.1867337253325583,1.618682751747258e-05,0.0014789441791579
0.1063879151885228,2.1867499112157205,2.1867337254748085,1.6185740912000313e-05,0.0014789439779364
0.1063879156890471,2.1867499105650343,2.1867337356572913,1.617490774297181e-05,0.001478981262446
0.1063879151724605,2.1867499108464963,2.186733725148043,1.6185698453075048e-05,0.0014789441791579
0.1063879151815304,2.186749910502915,2.1867337253325583,1.6185170356841638e-05,0.0014789441791579
0.1063879156934649,2.1867499112512423,2.1867337357471652,1.6175504077065028e-05,0.0014789589919808
0.1063879156934649,2.1867499112311486,2.1867337357471652,1.617548398336055e-05,0.0014789589919801
0.1063879156937381,2.1867499117505043,2.1867337357527235,1.617599778080958e-05,0.0014789572005841
0.106387915693873,2.18674991219276,2.186733735755468,1.6176437291903767e-05,0.0014789548584041
0.1063879156918452,2.186749911018752,2.186733735714215,1.6175304536680812e-05,0.0014789673657366
0.1063879151815304,2.186749910555305,2.1867337253325583,1.6185222746933903e-05,0.0014789441791579
0.1063879156929965,2.186749911104487,2.1867337357376364,1.617536685039056e-05,0.0014789571848262
0.1063879156929662,2.1867499113747395,2.1867337357370205,1.6175637719051394e-05,0.0014789571848262
0.106387915692201,2.1867499106196826,2.186733735721454,1.617489822880458e-05,0.0014789612279805
0.1063879156928567,2.1867499112822486,2.186733735734793,1.6175547455699046e-05,0.001478958974317
0.1063879156929965,2.186749912557423,2.1867337357376364,1.61768197863843e-05,0.0014789558102562
0.106387915018485,2.18674991022491,2.186733722015622,1.6188209287726352e-05,0.0014789507607079
0.1063879156918452,2.1867499109518365,2.186733735714215,1.6175237621318672e-05,0.0014789673657373
0.1063879156912473,2.1867499117096383,2.1867337357020515,1.6176007586743424e-05,0.0014789673483751
0.1063879156924877,2.1867499107526682,2.186733735727286,1.61750253822035e-05,0.001478964028468
0.1063879156924877,2.186749910709133,2.186733735727286,1.617498184680599e-05,0.001478964028468
0.1063879156912473,2.18674991061577,2.1867337357020515,1.617491371863622e-05,0.0014789673483751
0.1063879156930503,2.186749911156977,2.186733735738731,1.6175418245722994e-05,0.0014789612529911
0.1063879156934649,2.18674991116993,2.1867337357471652,1.6175422764774794e-05,0.0014789589919808
0.106387915693873,2.1867499120618934,2.186733735755468,1.6176306425474962e-05,0.0014789558360761
0.1063879156934649,2.18674991174986,2.1867337357471652,1.6176002694656688e-05,0.0014789589919801
0.1063879156924877,2.1867499113200286,2.186733735727286,1.61755927425844e-05,0.001478964028468
0.1063879156924877,2.186749910899264,2.186733735727286,1.617517197782803e-05,0.001478964028468
0.1063879156934649,2.186749911208322,2.1867337357471652,1.6175461156731075e-05,0.0014789589919801
0.106387915018485,2.1867499106944357,2.186733722015622,1.6188678813477964e-05,0.0014789441791579
0.1063879156934649,2.186749911581834,2.1867337357471652,1.617583466861916e-05,0.0014789589919801
0.1063879156919308,2.1867499116269373,2.186733735715957,1.617591098046489e-05,0.0014789640126676
0.1063879156934649,2.1867499104751396,2.1867337357471652,1.6174727974327396e-05,0.0014789589919801
0.1063879156912473,2.186749910888366,2.1867337357020515,1.617518631435999e-05,0.0014789673483751
0.1063879151815304,2.1867499111844313,2.1867337253325583,1.6185851873018464e-05,0.0014789410297024
0.1063879156924877,2.1867499106655375,2.186733735727286,1.617493825145644e-05,0.0014789640284674
0.1063879156937381,2.1867499106690986,2.1867337357527235,1.6174916375177872e-05,0.0014789572005841
0.1063879156930503,2.186749910018987,2.186733735738731,1.6174280256020523e-05,0.0014789612529901
0.1063879156924877,2.1867499105444983,2.186733735727286,1.617481721227776e-05,0.0014789640284674
0.1063879156934649,2.1867499113779405,2.1867337357471652,1.617563077527251e-05,0.0014789589919808
0.1063879156912473,2.186749910124835,2.1867337357020515,1.61744227833438e-05,0.0014789673483751
0.1063879151940493,2.1867499114399234,2.186733725587238,1.618585268525763e-05,0.0014789507607079
0.1063879156930503,2.186749910732337,2.186733735738731,1.617499360584418e-05,0.0014789612529901
0.1063879156903241,2.186749911043105,2.1867337356832706,1.6175359834225134e-05,0.0014789712916012
0.1063879156934649,2.186749911244884,2.1867337357471652,1.617549771859572e-05,0.0014789589919801
0.1063879156924877,2.18674991097148,2.186733735727286,1.6175244193838978e-05,0.0014789640284674
0.1063879149795981,2.1867499115824804,2.1867337212245213,1.6190357959189328e-05,0.0014789403426105
0.1063879156924877,2.1867499108133304,2.186733735727286,1.6175086044345477e-05,0.001478964028468
0.1063879156911469,2.186749910786646,2.186733735700009,1.6175086636760483e-05,0.0014789713158602
0.1063879156928567,2.1867499123006784,2.186733735734793,1.6176565885483996e-05,0.001478958974317
0.1063879156934649,2.186749911590769,2.1867337357471652,1.6175843603694062e-05,0.0014789589919801
0.1063879156928567,2.18674991165192,2.186733735734793,1.6175917127103645e-05,0.001478958974317
0.1063879156911469,2.1867499103060686,2.186733735700009,1.6174606059404795e-05,0.0014789713158602
0.1063879156918452,2.1867499112220767,2.186733735714215,1.6175507861593275e-05,0.0014789673657366
0.1063879156924877,2.1867499102901085,2.186733735727286,1.6174562822435234e-05,0.001478964028468
0.1063879156919308,2.18674991094809,2.186733735715957,1.6175232133264217e-05,0.0014789640126676
0.1063879156918452,2.1867499098922147,2.186733735714215,1.6174177999594974e-05,0.0014789673657373
0.106387915692201,2.186749912023452,2.186733735721454,1.617630199834963e-05,0.0014789612279805
0.1063879156928567,2.1867499124541623,2.186733735734793,1.6176719369376258e-05,0.001478958974317
0.1063879156911469,2.18674991060251,2.186733735700009,1.6174902500942778e-05,0.0014789713158611
0.106387915693873,2.186749911805951,2.186733735755468,1.617605048309656e-05,0.0014789558360761
0.1063879156937381,2.18674991104584,2.1867337357527235,1.6175293116482692e-05,0.0014789572005848
0.106387915692201,2.1867499106876434,2.186733735721454,1.617496618955272e-05,0.0014789612279805
0.1063879156930503,2.186749912004644,2.186733735738731,1.6176265912992704e-05,0.0014789612529901
0.1063879156918452,2.1867499095083427,2.186733735714215,1.6173794127549712e-05,0.0014789673657373
0.1063879151724605,2.186749911857209,2.186733725148043,1.6186709165921798e-05,0.0014789410297024
0.1063879156930503,2.186749911227685,2.186733735738731,1.6175488954051076e-05,0.0014789612529911
0.1063879156919308,2.1867499115337448,2.186733735715957,1.6175817787900115e-05,0.0014789640126676
0.1063879156898393,2.1867499107300494,2.186733735673408,1.6175056641642982e-05,0.0014789759182094
0.1063879151724605,2.186749911587082,2.186733725148043,1.6186439038889944e-05,0.0014789403426105
0.1063879156903241,2.186749911227727,2.1867337356832706,1.6175544456320523e-05,0.0014789712916012
0.1063879156930503,2.18674991072464,2.186733735738731,1.6174985908889994e-05,0.0014789612529911
0.1063879156912473,2.1867499111698923,2.1867337357020515,1.6175467840717772e-05,0.0014789673483751
0.1063879156929662,2.1867499110709816,2.1867337357370205,1.617533396114368e-05,0.0014789571848262
0.106387915693873,2.186749910979622,2.186733735755468,1.6175224153869294e-05,0.0014789548584041
0.1063879156911469,2.1867499103860757,2.186733735700009,1.617468606651684e-05,0.0014789713158611
0.1063879156918452,2.186749910124084,2.186733735714215,1.617440986878549e-05,0.0014789673657366
0.1063879156918452,2.1867499116462357,2.186733735714215,1.6175932020523476e-05,0.0014789673657373
0.1063879156934649,2.186749911963499,2.1867337357471652,1.617621633398514e-05,0.0014789589919801
0.1063879156937381,2.186749911455415,2.1867337357527235,1.617570269152324e-05,0.0014789572005848
0.1063879156929662,2.1867499111808955,2.1867337357370205,1.6175443874999473e-05,0.0014789558102562
0.1063879156938738,2.186749910727825,2.1867337357554844,1.6174972340632365e-05,0.0014789558360761
0.106387915692201,2.1867499107421344,2.186733735721454,1.6175020680631036e-05,0.0014789612279805
0.1063879156930503,2.186749910864125,2.186733735738731,1.6175125393758094e-05,0.0014789612529911
0.1063879151815304,2.1867499110081328,2.1867337253325583,1.6185675574487135e-05,0.0014789439779364
0.1063879156918452,2.186749911160278,2.186733735714215,1.617544606302701e-05,0.0014789673657373
0.1063879156919308,2.1867499110116406,2.186733735715957,1.6175295683762414e-05,0.0014789640126676
0.1063879151940493,2.1867499103580506,2.186733725587238,1.618477081244407e-05,0.0014789439779364
0.1063879156938737,2.186749910745125,2.186733735755482,1.617498964279207e-05,0.0014789558360751
0.1063879156919308,2.186749911096074,2.186733735715957,1.6175380117111615e-05,0.0014789640126676
0.1063879156928567,2.1867499114989215,2.186733735734793,1.617576412860089e-05,0.001478958974317
0.1063879156903999,2.186749910662989,2.1867337356848124,1.6174978176408672e-05,0.0014789759340891
0.106387915692201,2.186749911858302,2.186733735721454,1.6176136848233824e-05,0.0014789612279805
0.1063879156912473,2.186749910132058,2.1867337357020515,1.61744300064548e-05,0.0014789673483751
0.1063879156919308,2.1867499116500135,2.186733735715957,1.6175934056672503e-05,0.0014789640126676
0.1063879156930503,2.186749911312508,2.186733735738731,1.6175573776866514e-05,0.0014789612529911
0.1063879156919308,2.186749910862438,2.186733735715957,1.6175146481334224e-05,0.0014789640126676
0.1063879156911469,2.186749910693995,2.186733735700009,1.6174993985984543e-05,0.0014789713158611
0.1063879151885228,2.186749911136874,2.1867337254748085,1.618566206529337e-05,0.0014789510355001
0.1063879156930503,2.186749911518975,2.186733735738731,1.6175780243710136e-05,0.0014789612529901
0.1063879156924877,2.186749911379079,2.186733735727286,1.6175651793126633e-05,0.0014789640284674
0.1063879152182727,2.1867499109876927,2.18673372608003,1.618490766253089e-05,0.0014789441791579
0.106387915692201,2.1867499102649894,2.186733735721454,1.617454353564085e-05,0.0014789612279805
0.1063879156929965,2.1867499110503257,2.1867337357376364,1.6175312689270527e-05,0.0014789558102562
0.1063879156929662,2.1867499116183864,2.1867337357370205,1.6175881365931843e-05,0.0014789548404062
0.1063879156929662,2.1867499116599336,2.1867337357370205,1.617592291314196e-05,0.0014789571848262
0.1063879151815304,2.1867499109552417,2.1867337253325583,1.6185622683462242e-05,0.0014789441791579
0.106387915692201,2.1867499108510264,2.186733735721454,1.617512957263756e-05,0.0014789612279805
0.1063879156924877,2.1867499116367464,2.186733735727286,1.6175909460347526e-05,0.001478964028468
0.1063879151815304,2.1867499111493465,2.1867337253325583,1.618581678819453e-05,0.0014789439779364
0.1063879156930503,2.1867499116254847,2.186733735738731,1.6175886753622137e-05,0.0014789612529901
0.1063879156903241,2.1867499104251333,2.1867337356832706,1.6174741862773345e-05,0.0014789712916012
0.1063879151940493,2.1867499111227846,2.186733725587238,1.618553554649793e-05,0.0014789507607079
0.1063879149998591,2.186749911967524,2.1867337216367035,1.6190330820453624e-05,0.0014789410297024
0.1063879152182727,2.186749910703906,2.18673372608003,1.618462387575903e-05,0.0014789507607079
0.106387915693873,2.1867499128600474,2.186733735755468,1.617710457946231e-05,0.0014789558360761
0.106387915018485,2.1867499105997905,2.186733722015622,1.6188584168297382e-05,0.0014789510355001
0.106387915018485,2.1867499109654163,2.186733722015622,1.618894979404928e-05,0.0014789439779364
0.1063879156934649,2.1867499109679795,2.1867337357471652,1.6175220814318436e-05,0.0014789589919808
0.1063879156918452,2.1867499102103776,2.186733735714215,1.617449616242439e-05,0.0014789673657373
0.1063879156930503,2.1867499105831447,2.186733735738731,1.617484441363004e-05,0.0014789612529901
0.1063879156934649,2.1867499109020025,2.1867337357471652,1.6175154837316796e-05,0.0014789589919801
0.1063879156918452,2.1867499109108146,2.186733735714215,1.617519659946609e-05,0.0014789673657366
0.1063879156930503,2.1867499108586217,2.186733735738731,1.6175119890604606e-05,0.0014789612529911
0.1063879151885228,2.186749910636709,2.1867337254748085,1.6185161900494904e-05,0.0014789528076878
0.106387915693873,2.186749911985697,2.186733735755468,1.6176230229092425e-05,0.0014789558360761
0.1063879156903241,2.186749911082566,2.1867337356832706,1.6175399295548232e-05,0.0014789712916012
0.1063879156930503,2.1867499121597023,2.186733735738731,1.6176420971181216e-05,0.0014789612529901
0.1063879156938731,2.186749911462622,2.1867337357554697,1.6175707152399355e-05,0.0014789558360751
0.1063879151815304,2.1867499110492052,2.1867337253325583,1.6185716646965886e-05,0.0014789439779364
0.106387915693873,2.18674991126422,2.186733735755468,1.617550875199214e-05,0.0014789558360761
0.1063879156934649,2.1867499127920684,2.1867337357471652,1.617704490319838e-05,0.0014789589919808
0.1063879151885228,2.1867499105039623,2.1867337254748085,1.6185029153792385e-05,0.0014789507607079
0.1063879149998591,2.1867499111350894,2.1867337216367035,1.61894983858879e-05,0.0014789403426105
0.1063879151815304,2.1867499112612343,2.1867337253325583,1.6185928676026862e-05,0.0014789441791579
0.1063879156929662,2.1867499135201784,2.1867337357370205,1.6177783157989012e-05,0.0014789571848262
0.1063879156924877,2.18674991013465,2.186733735727286,1.6174407364122345e-05,0.001478964028468
0.1063879151815304,2.186749910141833,2.1867337253325583,1.6184809274566447e-05,0.0014789528076878
0.1063879156929662,2.186749911489547,2.1867337357370205,1.6175752526326193e-05,0.0014789558102562
0.1063879156919308,2.186749911406183,2.186733735715957,1.617569022593912e-05,0.0014789640126676
0.1063879156934649,2.186749910950021,2.1867337357471652,1.617520285579488e-05,0.0014789589919801
0.1063879151724605,2.1867499114014177,2.186733725148043,1.618625337451718e-05,0.0014789507607079
0.1063879156903999,2.1867499103365042,2.1867337356848124,1.6174651691791553e-05,0.0014789759340891
0.1063879156928567,2.1867499112498856,2.186733735734793,1.617551509269788e-05,0.001478958974317
0.1063879156934649,2.1867499110431274,2.1867337357471652,1.617529596220635e-05,0.0014789589919808
0.1063879156937381,2.1867499120321967,2.1867337357527235,1.6176279473256727e-05,0.0014789572005841
0.1063879156930503,2.186749911293844,2.186733735738731,1.6175555113129292e-05,0.0014789612529911
0.1063879152182727,2.186749910919731,2.18673372608003,1.618483970089457e-05,0.0014789441791579
0.1063879156934649,2.1867499112606925,2.1867337357471652,1.6175513527283414e-05,0.0014789589919801
0.1063879156918452,2.1867499109682877,2.186733735714215,1.617525407260345e-05,0.0014789673657366
0.1063879156918452,2.186749911259561,2.186733735714215,1.617554534583121e-05,0.0014789673657373
0.106387915018485,2.186749910338853,2.186733722015622,1.6188323230803547e-05,0.0014789439779364
0.1063879151724605,2.1867499109294966,2.186733725148043,1.618578145334837e-05,0.0014789410297024
0.1063879156924877,2.1867499107447217,2.186733735727286,1.617501743567118e-05,0.001478964028468
0.1063879156918452,2.186749910729814,2.186733735714215,1.6175015598918208e-05,0.0014789673657366
0.1063879156934649,2.186749911408775,2.1867337357471652,1.6175661609718617e-05,0.0014789589919801
0.1063879156930503,2.18674991119344,2.186733735738731,1.6175454708999837e-05,0.0014789612529901
0.1063879152182727,2.1867499107730044,2.18673372608003,1.6184692974263726e-05,0.0014789507607079
0.1063879156903999,2.1867499107924235,2.1867337356848124,1.6175107611093864e-05,0.0014789759340891
0.1063879156934649,2.186749911905771,2.1867337357471652,1.617615860594057e-05,0.0014789589919808
0.106387915018485,2.1867499104040786,2.186733722015622,1.6188388456406244e-05,0.0014789439779364
0.1063879156912473,2.186749911627514,2.1867337357020515,1.6175925462658114e-05,0.0014789673483751
0.1063879156930503,2.1867499113963755,2.186733735738731,1.6175657644446062e-05,0.0014789612529911
0.106387915692201,2.186749912035489,2.186733735721454,1.6176314035387662e-05,0.0014789612279805
0.1063879151815304,2.1867499096645187,2.1867337253325583,1.6184331960378273e-05,0.0014789510355001
0.1063879156912473,2.1867499113865114,2.1867337357020515,1.617568445988482e-05,0.0014789673483751
0.1063879156929662,2.186749911244835,2.1867337357370205,1.617550781451982e-05,0.0014789558102562
0.1063879156934649,2.1867499114209124,2.1867337357471652,1.617567374712081e-05,0.0014789589919808
0.1063879151724605,2.1867499118953324,2.186733725148043,1.6186747289204106e-05,0.0014789410297024
0.1063879156918452,2.186749911739046,2.186733735714215,1.6176024830727442e-05,0.0014789673657373
0.1063879156928567,2.1867499109631625,2.186733735734793,1.6175228369608163e-05,0.001478958974317
0.1063879156934649,2.1867499112561446,2.1867337357471652,1.6175508979365816e-05,0.0014789589919808
0.1063879156924877,2.186749911345474,2.186733735727286,1.6175618188007945e-05,0.001478964028468
0.1063879156930503,2.1867499109036967,2.186733735738731,1.6175164965659405e-05,0.0014789612529911
0.1063879156934649,2.1867499116042364,2.1867337357471652,1.617585707114344e-05,0.0014789589919808
0.1063879156928567,2.186749911958588,2.186733735734793,1.6176223795127953e-05,0.001478958974317
0.1063879156918452,2.186749911492246,2.186733735714215,1.6175778030813603e-05,0.0014789673657366
0.1063879151724605,2.186749910875302,2.186733725148043,1.6185727258921645e-05,0.0014789510355001
0.1063879156919308,2.1867499116965043,2.186733735715957,1.6175980547483704e-05,0.0014789640126676
0.1063879151885228,2.1867499106438473,2.1867337254748085,1.6185169038784863e-05,0.0014789510355001
0.1063879156930503,2.1867499107387802,2.186733735738731,1.6175000049134525e-05,0.0014789612529901
0.106387915018485,2.1867499113688305,2.186733722015622,1.618935320824022e-05,0.0014789410297024
0.106387915692201,2.1867499120985396,2.186733735721454,1.617637708584141e-05,0.0014789612279805
0.1063879156930503,2.1867499108977184,2.186733735738731,1.6175158987330462e-05,0.0014789612529911
0.1063879156929662,2.186749911819374,2.1867337357370205,1.6176082353602794e-05,0.0014789558102562
0.1063879151815304,2.1867499110918107,2.1867337253325583,1.618575925244059e-05,0.0014789439779364
0.1063879156918452,2.1867499111778703,2.186733735714215,1.617546365517697e-05,0.0014789673657366
0.1063879156930503,2.18674991095916,2.186733735738731,1.6175220428849002e-05,0.0014789612529911
0.1063879151940493,2.1867499114703732,2.186733725587238,1.618588313512248e-05,0.0014789507607079
0.1063879156929965,2.186749911284858,2.1867337357376364,1.6175547221664033e-05,0.0014789571848262
0.1063879151940493,2.1867499108211406,2.186733725587238,1.6185233902454854e-05,0.0014789441791579
0.1063879156938738,2.1867499111680955,2.1867337357554844,1.61754126111191e-05,0.0014789548584041
0.1063879156924877,2.1867499108767277,2.186733735727286,1.6175149441632897e-05,0.0014789640284674
0.1063879151815304,2.186749911298969,2.1867337253325583,1.6185966410731112e-05,0.0014789441791579
0.1063879156918452,2.1867499097633103,2.186733735714215,1.61740490951523e-05,0.0014789673657373
0.1063879156938737,2.1867499109552546,2.186733735755482,1.6175199772483495e-05,0.0014789558360751
0.1063879156912473,2.1867499117059745,2.1867337357020515,1.6176003923007443e-05,0.0014789673483751
0.106387915692201,2.1867499106483783,2.186733735721454,1.6174926924517052e-05,0.0014789612279805
0.1063879156929965,2.186749911710712,2.1867337357376364,1.6175973075682748e-05,0.0014789558102562
0.1063879151885228,2.186749910716196,2.1867337254748085,1.6185241387578486e-05,0.0014789441791579
0.106387915018485,2.186749911121936,2.186733722015622,1.618910631373538e-05,0.0014789507607079
0.106387915692201,2.186749910946206,2.186733735721454,1.617522475205746e-05,0.0014789612279805
0.1063879156912473,2.186749910104304,2.1867337357020515,1.617440225265554e-05,0.0014789673483751
0.1063879156919308,2.1867499114577775,2.186733735715957,1.617574182066761e-05,0.0014789640126676
0.1063879151885228,2.1867499112324538,2.1867337254748085,1.618575764528174e-05,0.0014789507607079
0.1063879151815304,2.1867499104914128,2.1867337253325583,1.6185158854487014e-05,0.0014789441791579
0.1063879156930503,2.1867499122572833,2.186733735738731,1.6176518552235564e-05,0.0014789612529911
0.1063879156934649,2.1867499110709745,2.1867337357471652,1.617532380926434e-05,0.0014789589919801
0.1063879151815304,2.186749909655532,2.1867337253325583,1.6184322973789023e-05,0.0014789507607079
0.1063879156924877,2.1867499109292945,2.186733735727286,1.6175202008472667e-05,0.001478964028468
0.1063879151885228,2.1867499112717765,2.1867337254748085,1.6185796968049004e-05,0.0014789507607079
0.1063879156934649,2.1867499116905047,2.1867337357471652,1.6175943339469256e-05,0.0014789589919808
0.1063879156934649,2.1867499099235417,2.1867337357471652,1.6174176376448912e-05,0.0014789589919801
0.1063879156918452,2.1867499108397523,2.186733735714215,1.617512553719891e-05,0.0014789673657373
0.1063879151724605,2.186749911092246,2.186733725148043,1.6185944202717906e-05,0.0014789410297024
0.1063879151724605,2.1867499109388184,2.186733725148043,1.6185790775224973e-05,0.0014789507607079
0.1063879156930503,2.1867499111026714,2.186733735738731,1.6175363940273968e-05,0.0014789612529901
0.1063879156934649,2.1867499116797493,2.1867337357471652,1.6175932584072683e-05,0.0014789589919808
0.1063879156924877,2.1867499098707954,2.186733735727286,1.617414350940649e-05,0.001478964028468
0.1063879156898393,2.18674991063264,2.186733735673408,1.617495923200707e-05,0.0014789759182094
0.1063879156919308,2.186749910772574,2.186733735715957,1.6175056617218075e-05,0.0014789640126676
0.1063879156928567,2.1867499116595597,2.186733735734793,1.6175924766770322e-05,0.001478958974317
0.1063879156903998,2.1867499104157044,2.1867337356848107,1.6174730893769862e-05,0.0014789759340898
0.1063879156919308,2.1867499109451685,2.186733735715957,1.6175229211601305e-05,0.0014789640126676
0.1063879151724605,2.1867499113843683,2.186733725148043,1.6186236325044234e-05,0.0014789410297024
0.106387915018485,2.1867499107925377,2.186733722015622,1.6188776915448955e-05,0.0014789510355001
0.1063879151885228,2.1867499116319387,2.1867337254748085,1.6186157130171352e-05,0.0014789441791579
0.1063879156919308,2.1867499105869226,2.186733735715957,1.6174870965723898e-05,0.0014789640126676
0.1063879156930503,2.186749911140443,2.186733735738731,1.6175401711837623e-05,0.0014789612529911
0.1063879151815304,2.186749910754823,2.1867337253325583,1.618542226466957e-05,0.0014789439779364
0.1063879156903998,2.1867499107720736,2.1867337356848107,1.617508726292627e-05,0.0014789759340898
0.1063879156928567,2.186749910839485,2.186733735734793,1.6175104692095488e-05,0.001478958974317
0.1063879156930503,2.186749911244435,2.186733735738731,1.6175505703763804e-05,0.0014789612529911
0.1063879156911469,2.1867499111625945,2.186733735700009,1.6175462585366063e-05,0.0014789713158602
0.106387915692201,2.18674991046251,2.186733735721454,1.617474105630734e-05,0.0014789612279805
0.1063879151940493,2.186749910952325,2.186733725587238,1.6185365086851533e-05,0.0014789528076878
0.1063879156919308,2.186749910800209,2.186733735715957,1.6175084252001426e-05,0.0014789640126676
0.1063879156903998,2.1867499110132025,2.1867337356848107,1.6175328391820898e-05,0.0014789759340898
0.1063879151724605,2.1867499103419195,2.186733725148043,1.618519387625028e-05,0.0014789528076878
0.1063879156924877,2.186749910028805,2.186733735727286,1.617430151901189e-05,0.001478964028468
0.1063879156934649,2.186749911612631,2.1867337357471652,1.6175865465761774e-05,0.0014789589919808
0.1063879156918452,2.186749911065652,2.186733735714215,1.6175351436942265e-05,0.0014789673657366
0.106387915692201,2.1867499108791866,2.186733735721454,1.6175157732778445e-05,0.0014789612279805
0.1063879156937381,2.1867499113010136,2.1867337357527235,1.6175548290142672e-05,0.0014789572005841
0.1063879156929662,2.186749911198659,2.1867337357370205,1.6175461638567867e-05,0.0014789571848262
0.1063879156930503,2.1867499108847257,2.186733735738731,1.617514599461245e-05,0.0014789612529911
0.1063879156924877,2.186749910272043,2.186733735727286,1.6174544756886178e-05,0.0014789640284674
0.106387915692201,2.1867499104569577,2.186733735721454,1.617473550385995e-05,0.0014789612279805
0.1063879151724605,2.1867499107616637,2.186733725148043,1.6185613620489647e-05,0.0014789441791579
0.1063879151724605,2.186749911014525,2.186733725148043,1.618586648177711e-05,0.0014789410297024
0.1063879156918452,2.186749910907932,2.186733735714215,1.617519371688303e-05,0.0014789673657366
0.1063879156918452,2.1867499109327087,2.186733735714215,1.6175218493508225e-05,0.0014789673657373
0.1063879156938731,2.1867499123581613,2.1867337357554697,1.6176602691597708e-05,0.0014789548584034
0.106387915693873,2.186749911669089,2.186733735755468,1.6175913621019333e-05,0.0014789548584041
0.106387915693873,2.1867499122443363,2.186733735755468,1.61764888684246e-05,0.0014789558360761
0.1063879151815304,2.1867499110975785,2.1867337253325583,1.6185765020271248e-05,0.0014789507607079
0.1063879156911469,2.1867499111058786,2.186733735700009,1.6175405869400805e-05,0.0014789713158611
0.1063879156911469,2.1867499117154336,2.186733735700009,1.617601542447389e-05,0.0014789713158611
0.1063879156911469,2.186749910312753,2.186733735700009,1.617461274383558e-05,0.0014789713158611
0.1063879151885228,2.186749911173753,2.1867337254748085,1.6185698944681803e-05,0.0014789528076878
0.1063879156930503,2.186749911438216,2.186733735738731,1.6175699484755057e-05,0.0014789612529901
0.1063879156937381,2.186749911060098,2.1867337357527235,1.6175307374410863e-05,0.0014789572005848
0.1063879156934649,2.186749910683615,2.1867337357471652,1.6174936449786514e-05,0.0014789589919808
0.1063879156928567,2.1867499117444553,2.186733735734793,1.617600966241639e-05,0.001478958974317
0.1063879156938731,2.1867499112765074,2.1867337357554697,1.617552103772013e-05,0.0014789558360751
0.1063879151885228,2.186749911162428,2.1867337254748085,1.6185687619518774e-05,0.0014789507607079
0.1063879156919308,2.186749910611436,2.186733735715957,1.6174895479004192e-05,0.0014789640126676
0.1063879156930503,2.1867499104304016,2.186733735738731,1.617469167047858e-05,0.0014789612529901
0.1063879156937381,2.186749912253837,2.1867337357527235,1.617650111374047e-05,0.0014789572005848
0.1063879149998591,2.186749911249412,2.1867337216367035,1.6189612708661372e-05,0.0014789510355001
0.1063879156928567,2.18674991120571,2.186733735734793,1.617547091692373e-05,0.001478958974317
0.1063879151885228,2.1867499106196244,2.1867337254748085,1.6185144815938912e-05,0.0014789441791579
0.1063879156937381,2.1867499110907156,2.1867337357527235,1.6175337992141436e-05,0.0014789572005848
0.1063879156919308,2.186749911268238,2.186733735715957,1.61755522811724e-05,0.0014789640126676
0.1063879156930503,2.186749909801508,2.186733735738731,1.6174062777096765e-05,0.0014789612529911
0.1063879156937381,2.186749911539751,2.1867337357527235,1.6175787027616906e-05,0.0014789572005848
0.1063879156924877,2.1867499099349184,2.186733735727286,1.617420763233568e-05,0.0014789640284674
0.106387915692201,2.1867499114598,2.186733735721454,1.6175738346113633e-05,0.0014789612279805
0.1063879156934649,2.1867499121780867,2.1867337357471652,1.617643092144405e-05,0.0014789589919801
0.1063879156934649,2.186749912388177,2.1867337357471652,1.6176641011611537e-05,0.0014789589919801
0.1063879156924877,2.1867499102102728,2.186733735727286,1.6174482986741623e-05,0.0014789640284674
0.1063879156919308,2.1867499116508693,2.186733735715957,1.617593491243241e-05,0.0014789640126676
