A,v,vprep,delta,resid
0.1286200693091989,4.110906218203697,4.111183338057388,-0.00027711985369105463,0.0002658620103872
0.1286200687453511,4.110906218200927,4.111183338057404,-0.00027711985647727033,0.0002658617756858
0.1286200693397242,4.110906218149719,4.111183338057396,-0.0002771199076772035,0.0002658602470377
0.1286200689198613,4.110906218294236,4.111183338057344,-0.00027711976310840214,0.0002658606125664
0.1286200689198613,4.110906218286995,4.111183338057381,-0.0002771197703861361,0.0002658608462711
0.1286200691064573,4.110906218208573,4.111183338057356,-0.0002771198487829807,0.0002658608281509
0.1286200690484157,4.1109062182735405,4.1111833380573595,-0.00027711978381894653,0.0002658602470377
0.1286200692130541,4.110906218254082,4.111183338057397,-0.00027711980331446284,0.0002658606803832
0.1286200687696346,4.110906218116614,4.111183338057386,-0.0002771199407725078,0.0002658606803832
0.1286200690919358,4.11090621826818,4.111183338057359,-0.0002771197891782151,0.0002658602470377
0.1286200691064573,4.110906218271166,4.111183338057348,-0.0002771197861815011,0.0002658606803832
0.128620068785716,4.11090621822094,4.11118333805734,-0.00027711983639999715,0.0002658625317353
0.1286200690919358,4.110906218171605,4.1111833380573355,-0.00027711988573031476,0.0002658602466982
0.1286200691308835,4.110906218211887,4.111183338057344,-0.0002771198454576407,0.000265860295005
0.1286200691407685,4.110906218210344,4.111183338057336,-0.000277119846992413,0.0002658608462711
0.1286200693612195,4.110906218257817,4.111183338057369,-0.00027711979955213906,0.0002658602722175
0.1286200688711321,4.110906218272804,4.111183338057347,-0.00027711978454281194,0.0002658605387104
0.1286200689095337,4.110906218110763,4.11118333805736,-0.00027711994659718187,0.0002658620103872
0.1286200689100014,4.110906218217457,4.111183338057359,-0.0002771198399011965,0.0002658606125664
0.1286200691407685,4.110906218244112,4.111183338057369,-0.00027711981325762025,0.0002658606803832
0.1286200690533391,4.110906218211568,4.111183338057385,-0.00027711984581735294,0.0002658611660287
0.1286200691308835,4.1109062182235725,4.111183338057365,-0.0002771198337923053,0.0002658610224641
0.1286200691064573,4.110906218185727,4.1111833380573675,-0.0002771198716402523,0.0002658602905383
0.1286200689095337,4.110906218254436,4.111183338057358,-0.000277119802921888,0.0002658608462711
0.1286200690322544,4.110906218227206,4.111183338057346,-0.00027711983014011565,0.0002658611098237
0.1286200687949469,4.110906218187016,4.111183338057372,-0.0002771198703559463,0.0002658606125664
0.1286200690919358,4.1109062181721825,4.111183338057358,-0.00027711988517520325,0.0002658608462711
0.1286200691025899,4.110906218243041,4.111183338057398,-0.00027711981435629696,0.0002658620103872
0.1286200688711321,4.110906218215883,4.111183338057392,-0.0002771198415096876,0.0002658600285024
0.1286200689100014,4.110906218215663,4.111183338057375,-0.0002771198417113041,0.0002658606803832
0.1286200690919358,4.110906218270529,4.111183338057356,-0.00027711978682720684,0.0002658602905383
0.1286200689095337,4.110906218253076,4.111183338057375,-0.00027711980429856453,0.0002658608462711
0.1286200690919358,4.11090621820905,4.111183338057357,-0.00027711984830691705,0.0002658610224641
0.1286200691352324,4.1109062183121985,4.111183338057356,-0.0002771197451574281,0.0002658606125664
0.1286200689198613,4.110906218246263,4.111183338057383,-0.0002771198111197748,0.0002658614600079
0.1286200691352324,4.11090621825445,4.111183338057369,-0.00027711980291922345,0.0002658625317353
0.1286200687949469,4.110906218234932,4.111183338057357,-0.0002771198224245097,0.000265860295005
0.1286200689095337,4.110906218264179,4.111183338057345,-0.0002771197931661362,0.000265860295005
0.1286200691308835,4.110906218197151,4.111183338057362,-0.0002771198602111724,0.0002658608281509
0.1286200693009225,4.110906218263987,4.111183338057364,-0.0002771197933766345,0.000265860295005
0.1286200693234346,4.110906218212449,4.11118333805734,-0.00027711984489098285,0.0002658606803832
0.1286200692750439,4.1109062181672185,4.111183338057346,-0.0002771198901276861,0.0002658608462711
0.1286200687949469,4.110906218286529,4.111183338057347,-0.0002771197708177908,0.0002658606125664
0.1286200688711321,4.1109062182479486,4.1111833380573675,-0.0002771198094189131,0.0002658608052017
0.1286200691407685,4.110906218234377,4.111183338057394,-0.0002771198230169247,0.0002658605517821
0.1286200690533391,4.1109062182656615,4.11118333805738,-0.0002771197917184054,0.0002658610359488
0.1286200690484157,4.1109062181541205,4.1111833380573755,-0.00027711990325496316,0.0002658606125664
0.1286200691064573,4.1109062181824285,4.111183338057333,-0.000277119874904308,0.0002658605517821
0.1286200692716405,4.1109062182723894,4.111183338057378,-0.0002771197849886775,0.0002658614600079
0.1286200691025899,4.110906218218094,4.1111833380573595,-0.00027711983926526074,0.0002658602722175
0.1286200687973817,4.110906218132911,4.111183338057375,-0.00027711992446377565,0.0002658613638448
0.1286200691308835,4.110906218305631,4.11118333805738,-0.00027711975174860015,0.0002658602722175
0.1286200690533391,4.110906218197778,4.111183338057372,-0.0002771198595938884,0.000265860295005
0.1286200691352324,4.110906218186659,4.111183338057364,-0.00027711987070500044,0.000265860295005
0.1286200692750439,4.110906218159117,4.111183338057361,-0.0002771198982438605,0.0002658606803832
0.1286200690484157,4.110906218234945,4.111183338057356,-0.00027711982241118704,0.0002658598834377
0.1286200691308835,4.110906218183082,4.111183338057374,-0.0002771198742914649,0.0002658602722175
0.1286200689198613,4.1109062182448115,4.111183338057345,-0.00027711981253375484,0.0002658608281509
0.1286200687973817,4.110906218220386,4.11118333805738,-0.0002771198369941885,0.0002658606803832
0.1286200690533391,4.110906218236805,4.111183338057364,-0.00027711982055933504,0.0002658608052017
0.1286200693091989,4.110906218210518,4.111183338057371,-0.000277119846852969,0.0002658610359488
0.1286200688711321,4.110906218180434,4.111183338057348,-0.00027711987691425577,0.0002658613638448
0.1286200690322544,4.110906218133199,4.1111833380573835,-0.0002771199241848876,0.0002658605387104
0.1286200689198613,4.110906218199978,4.111183338057379,-0.0002771198574009759,0.0002658623211155
0.128620068785716,4.1109062181652805,4.111183338057377,-0.0002771198920967777,0.0002658611098237
0.1286200690919358,4.110906218215722,4.111183338057374,-0.00027711984165179615,0.0002658613638448
0.1286200692750439,4.11090621820599,4.111183338057388,-0.00027711985139777795,0.0002658602470377
0.1286200692130541,4.110906218223816,4.111183338057363,-0.00027711983354716807,0.0002658611098237
0.1286200690322544,4.110906218262068,4.111183338057365,-0.00027711979529687625,0.0002658606125664
0.1286200690919358,4.11090621824755,4.111183338057371,-0.00027711980982125795,0.0002658608052017
0.1286200687603389,4.110906218278313,4.111183338057351,-0.0002771197790378821,0.0002658613638448
0.1286200692750439,4.11090621819168,4.111183338057406,-0.0002771198657258722,0.0002658598834377
0.1286200689100014,4.110906218212941,4.1111833380573755,-0.00027711984443445914,0.0002658610224641
0.1286200690533391,4.110906218145751,4.111183338057349,-0.00027711991159762306,0.0002658608052017
0.1286200690533391,4.110906218135081,4.111183338057366,-0.000277119922285074,0.0002658606803832
0.1286200691407685,4.110906218197549,4.111183338057359,-0.00027711985980971576,0.0002658605387104
0.1286200690919358,4.110906218244302,4.111183338057366,-0.00027711981306399736,0.000265860295005
0.1286200687973817,4.110906218194197,4.11118333805735,-0.00027711986315281933,0.0002658610224641
0.1286200692716405,4.110906218249211,4.11118333805739,-0.00027711980817901605,0.0002658606125664
0.1286200691025899,4.110906218259422,4.111183338057321,-0.000277119797899239,0.0002658600285024
0.1286200689100014,4.110906218193441,4.111183338057351,-0.00027711986390954735,0.0002658606803832
0.1286200687973817,4.110906218221375,4.111183338057383,-0.0002771198360074223,0.0002658608052017
0.1286200690322544,4.110906218261697,4.111183338057377,-0.0002771197956805693,0.0002658608462711
0.1286200689198613,4.110906218209434,4.111183338057375,-0.00027711984794098754,0.0002658614111018
0.1286200691064573,4.1109062182062885,4.111183338057356,-0.0002771198510673756,0.0002658606125664
0.1286200691064573,4.110906218225854,4.111183338057373,-0.00027711983151856856,0.0002658608052017
0.1286200691025899,4.110906218201088,4.111183338057351,-0.00027711985626233115,0.0002658605517821
0.1286200689100014,4.110906218202497,4.111183338057366,-0.0002771198548687792,0.0002658608052017
0.128620068785716,4.1109062181559635,4.111183338057329,-0.00027711990136580766,0.0002658610224641
0.1286200687821212,4.110906218190119,4.111183338057368,-0.0002771198672490982,0.0002658605387104
0.1286200692130541,4.110906218249152,4.111183338057348,-0.00027711980819589144,0.0002658606803832
0.1286200691352324,4.110906218144109,4.111183338057368,-0.0002771199132594049,0.0002658598834377
0.1286200690533391,4.110906218212162,4.1111833380573595,-0.0002771198451974044,0.0002658600845884
0.1286200691352324,4.110906218261503,4.111183338057352,-0.0002771197958493232,0.0002658605387104
0.1286200690919358,4.110906218206262,4.111183338057377,-0.0002771198511153372,0.0002658602470377
0.1286200691308835,4.110906218292655,4.111183338057385,-0.00027711976473021593,0.0002658613638448
0.1286200690322544,4.1109062182796245,4.111183338057352,-0.00027711977772781893,0.0002658608052017
0.1286200690484157,4.1109062182131115,4.111183338057374,-0.0002771198442621525,0.0002658608281509
0.1286200691352324,4.1109062182687115,4.11118333805735,-0.00027711978863820264,0.000265860295005
0.1286200689198613,4.110906218248847,4.111183338057384,-0.00027711980853695195,0.0002658600845884
0.1286200689100014,4.110906218215624,4.111183338057361,-0.0002771198417370613,0.0002658610224641
0.1286200691025899,4.1109062182555896,4.111183338057358,-0.0002771198017681442,0.0002658614111018
0.1286200689198613,4.110906218213685,4.111183338057339,-0.0002771198436537503,0.0002658602722175
0.1286200692716405,4.110906218205135,4.111183338057371,-0.0002771198522362184,0.0002658620310416
0.1286200691407685,4.1109062182861065,4.1111833380573515,-0.00027711977124500464,0.0002658600405576
0.1286200689095337,4.110906218162959,4.111183338057377,-0.00027711989441847606,0.0002658611660287
0.1286200692130541,4.110906218283932,4.111183338057344,-0.00027711977341216,0.0002658611660287
0.1286200692716405,4.1109062181823965,4.11118333805737,-0.0002771198749735859,0.0002658598834377
0.1286200687846308,4.110906218155511,4.11118333805735,-0.0002771199018383186,0.0002658608281509
0.1286200688711321,4.110906218261245,4.111183338057325,-0.0002771197960802496,0.0002658611098237
0.1286200687696346,4.1109062182110545,4.111183338057343,-0.0002771198462880875,0.0002658608281509
0.1286200691352324,4.110906218221332,4.111183338057332,-0.00027711983600031687,0.0002658610224641
0.1286200691308835,4.1109062182557015,4.111183338057376,-0.0002771198016748855,0.0002658602722175
0.1286200689095337,4.110906218283263,4.11118333805735,-0.0002771197740862874,0.0002658608462711
0.1286200693397242,4.110906218221983,4.111183338057349,-0.0002771198353661575,0.0002658602905383
0.1286200689198613,4.11090621823552,4.111183338057382,-0.0002771198218614046,0.0002658606125664
0.1286200687384193,4.110906218222012,4.111183338057327,-0.0002771198353146431,0.0002658610224641
0.1286200691308835,4.11090621828828,4.111183338057378,-0.0002771197690982774,0.0002658596770356
0.1286200692130541,4.110906218241538,4.111183338057352,-0.0002771198158146859,0.0002658602363048
0.1286200689100014,4.1109062182016,4.111183338057361,-0.0002771198557613985,0.0002658623965811
0.1286200691407685,4.110906218233539,4.111183338057366,-0.00027711982382694345,0.0002658620310416
0.1286200690484157,4.110906218282496,4.111183338057354,-0.00027711977485811445,0.0002658606125664
0.1286200690919358,4.1109062183014435,4.111183338057325,-0.00027711975588129434,0.0002658602905383
0.1286200693339135,4.110906218229799,4.111183338057341,-0.0002771198275421938,0.0002658600845884
0.1286200689198613,4.1109062181808325,4.1111833380573515,-0.00027711987651901637,0.0002658605387104
0.1286200693397242,4.110906218218329,4.111183338057327,-0.00027711983899791903,0.0002658602722175
0.1286200691407685,4.110906218231213,4.111183338057372,-0.0002771198261593,0.000265860295005
0.1286200692750439,4.110906218296146,4.111183338057374,-0.00027711976122724025,0.0002658610359488
0.1286200689095337,4.110906218213567,4.11118333805738,-0.00027711984381273425,0.0002658614111018
0.1286200691064573,4.11090621825349,4.111183338057376,-0.00027711980388644974,0.0002658606803832
0.1286200691352324,4.110906218249046,4.111183338057373,-0.00027711980832645366,0.0002658602905383
0.1286200690533391,4.110906218286736,4.11118333805739,-0.0002771197706534778,0.0002658611098237
0.1286200690484157,4.1109062182173615,4.111183338057367,-0.00027711984000511336,0.0002658624196473
0.1286200693009225,4.110906218247424,4.111183338057395,-0.0002771198099713601,0.0002658600285024
0.1286200691025899,4.110906218196204,4.111183338057359,-0.0002771198611544179,0.0002658602722175
0.1286200689100014,4.110906218283453,4.111183338057374,-0.0002771197739210862,0.0002658621028331
0.1286200691407685,4.110906218293796,4.111183338057361,-0.00027711976356492585,0.0002658605517821
0.1286200687973817,4.1109062182623815,4.1111833380573595,-0.0002771197949780202,0.0002658613638448
0.1286200688711321,4.110906218249311,4.111183338057322,-0.0002771198080111503,0.0002658606803832
0.1286200690484157,4.110906218233837,4.111183338057388,-0.00027711982355071996,0.0002658605517821
0.1286200687973817,4.110906218203182,4.111183338057377,-0.00027711985419553997,0.0002658605387104
0.1286200687846308,4.110906218162262,4.111183338057347,-0.0002771198950846099,0.0002658613638448
0.1286200690533391,4.110906218250262,4.11118333805738,-0.00027711980711764284,0.0002658606803832
0.1286200691025899,4.110906218244732,4.11118333805733,-0.00027711981259859186,0.0002658606125664
0.1286200692716405,4.110906218250408,4.111183338057342,-0.0002771198069337899,0.0002658600845884
0.1286200688711321,4.110906218259604,4.111183338057378,-0.00027711979777400586,0.0002658605517821
0.1286200690919358,4.110906218148459,4.111183338057365,-0.00027711990890555427,0.0002658605517821
0.1286200693339135,4.110906218271563,4.111183338057354,-0.0002771197857907026,0.0002658602470377
0.1286200693009225,4.110906218294997,4.111183338057374,-0.0002771197623765431,0.0002658600285024
0.1286200690484157,4.110906218118061,4.111183338057357,-0.0002771199392954671,0.0002658620103872
0.1286200691308835,4.110906218204319,4.111183338057349,-0.0002771198530302499,0.0002658611098237
0.1286200692130541,4.110906218271458,4.111183338057355,-0.00027711978589728403,0.0002658602722175
0.1286200690919358,4.110906218241225,4.111183338057351,-0.00027711981612554837,0.0002658605517821
0.1286200692716405,4.110906218157493,4.1111833380573515,-0.0002771198998585689,0.0002658608052017
0.1286200690919358,4.110906218244867,4.111183338057345,-0.0002771198124786878,0.0002658617756858
0.1286200688711321,4.110906218280529,4.111183338057328,-0.0002771197767996725,0.0002658606803832
0.1286200690322544,4.110906218214958,4.111183338057361,-0.0002771198424031951,0.0002658610224641
0.1286200692716405,4.1109062182239695,4.111183338057383,-0.00027711983341305313,0.0002658605387104
0.1286200690533391,4.110906218242068,4.111183338057351,-0.00027711981528266705,0.0002658600405576
0.1286200690919358,4.110906218295669,4.111183338057389,-0.00027711976172017927,0.0002658608281509
0.128620068785716,4.110906218223972,4.111183338057345,-0.0002771198333730851,0.0002658602363048
0.1286200691025899,4.110906218200903,4.111183338057384,-0.0002771198564817112,0.0002658611660287
0.1286200692716405,4.110906218246412,4.111183338057334,-0.000277119810921711,0.0002658602363048
0.1286200687696346,4.110906218179355,4.1111833380573675,-0.0002771198780120443,0.0002658608462711
0.1286200690919358,4.1109062182605465,4.1111833380573435,-0.0002771197967970096,0.0002658600285024
0.1286200691064573,4.110906218267863,4.111183338057365,-0.00027711978950151206,0.000265860295005
0.1286200692750439,4.110906218238365,4.111183338057378,-0.0002771198190130164,0.0002658602905383
0.128620068785716,4.110906218241542,4.111183338057326,-0.0002771198157835997,0.0002658606125664
0.1286200691064573,4.11090621821204,4.1111833380573675,-0.00027711984532707845,0.0002658608462711
0.1286200691352324,4.110906218209749,4.111183338057367,-0.0002771198476176906,0.0002658606125664
0.1286200690919358,4.110906218131422,4.111183338057372,-0.00027711992594969814,0.0002658602905383
0.1286200691025899,4.110906218315541,4.111183338057336,-0.0002771197417956728,0.0002658608281509
0.1286200692130541,4.110906218287131,4.111183338057327,-0.00027711977019517775,0.0002658602466982
0.1286200691352324,4.110906218117889,4.1111833380573595,-0.0002771199394704382,0.0002658610224641
0.1286200691308835,4.110906218214193,4.1111833380574,-0.00027711984320699656,0.0002658608052017
0.1286200691352324,4.110906218235545,4.111183338057365,-0.0002771198218196602,0.0002658606803832
0.1286200692750439,4.110906218266443,4.111183338057388,-0.000277119790944802,0.0002658606125664
0.1286200688711321,4.110906218249934,4.111183338057346,-0.00027711980741251807,0.0002658608462711
0.1286200692716405,4.110906218302798,4.111183338057363,-0.0002771197545650139,0.0002658605387104
0.1286200691025899,4.11090621826886,4.111183338057365,-0.00027711978850497587,0.0002658618429636
0.1286200690533391,4.110906218239063,4.11118333805738,-0.00027711981831668453,0.0002658610359488
0.1286200691308835,4.110906218130031,4.111183338057354,-0.000277119927322822,0.0002658610224641
0.1286200687425704,4.110906218238352,4.111183338057368,-0.0002771198190165691,0.0002658608462711
0.1286200690484157,4.110906218261187,4.111183338057367,-0.0002771197961797256,0.0002658608281509
0.1286200692750439,4.110906218253178,4.111183338057349,-0.00027711980417066684,0.0002658602470377
0.1286200692130541,4.110906218289923,4.111183338057363,-0.0002771197674400483,0.0002658608281509
0.1286200689095337,4.110906218303846,4.11118333805735,-0.0002771197535036407,0.0002658610224641
0.1286200691407685,4.110906218248514,4.111183338057388,-0.00027711980887357157,0.0002658621028331
0.1286200687973817,4.1109062182546765,4.11118333805735,-0.000277119802673198,0.0002658610224641
0.1286200690533391,4.110906218235881,4.111183338057358,-0.00027711982147682335,0.0002658611098237
0.1286200691064573,4.11090621826563,4.111183338057345,-0.0002771197917148527,0.0002658602905383
0.1286200687603389,4.110906218201499,4.111183338057385,-0.0002771198558866317,0.0002658613638448
0.1286200691025899,4.11090621822885,4.111183338057385,-0.00027711982853517725,0.0002658602722175
0.1286200691064573,4.110906218203415,4.111183338057373,-0.00027711985395750816,0.0002658608462711
0.1286200693009225,4.110906218222336,4.111183338057361,-0.00027711983502509696,0.0002658608052017
0.1286200690322544,4.110906218256219,4.111183338057355,-0.0002771198011357612,0.0002658608052017
0.1286200691407685,4.110906218237697,4.111183338057334,-0.00027711981963651766,0.0002658610359488
0.1286200690484157,4.110906218161497,4.111183338057352,-0.00027711989585554875,0.0002658602905383
0.1286200688711321,4.110906218268693,4.111183338057372,-0.00027711978867905884,0.0002658611660287
0.1286200690322544,4.110906218243505,4.111183338057352,-0.0002771198138473707,0.0002658608462711
0.1286200687973817,4.1109062181774245,4.111183338057348,-0.00027711987992340426,0.0002658617756858
0.128620068785716,4.110906218092688,4.111183338057317,-0.00027711996462898014,0.0002658608462711
0.1286200689100014,4.110906218215823,4.111183338057369,-0.0002771198415461029,0.0002658608462711
0.1286200690533391,4.110906218227039,4.1111833380573435,-0.00027711983030442866,0.0002658620103872
0.1286200690919358,4.110906218198885,4.111183338057337,-0.00027711985845257914,0.0002658606125664
0.1286200691407685,4.11090621810277,4.111183338057319,-0.00027711995454904326,0.0002658610359488
0.1286200690533391,4.11090621818637,4.111183338057375,-0.00027711987100431656,0.0002658611660287
0.1286200689198613,4.110906218238139,4.111183338057382,-0.0002771198192430546,0.0002658610224641
0.1286200693009225,4.110906218294453,4.111183338057362,-0.0002771197629094502,0.0002658608052017
0.1286200687821212,4.1109062182735485,4.111183338057364,-0.0002771197838153938,0.0002658618429636
0.1286200687949469,4.110906218223605,4.111183338057342,-0.0002771198337363501,0.0002658602722175
0.128620069359937,4.110906218267105,4.111183338057344,-0.0002771197902395883,0.0002658602363048
0.1286200689100014,4.110906218275265,4.111183338057336,-0.0002771197820710114,0.0002658602905383
0.1286200692716405,4.110906218281489,4.111183338057369,-0.0002771197758804078,0.0002658608052017
0.1286200693009225,4.1109062182378375,4.111183338057361,-0.000277119819523719,0.0002658610359488
0.1286200690322544,4.110906218135378,4.111183338057371,-0.0002771199219928633,0.0002658608462711
0.1286200690322544,4.110906218291266,4.111183338057355,-0.0002771197660891289,0.0002658605517821
0.1286200690484157,4.1109062182786875,4.11118333805736,-0.00027711977867284077,0.000265860295005
0.1286200691064573,4.110906218277081,4.111183338057329,-0.0002771197802484693,0.0002658602722175
0.1286200687949469,4.110906218155012,4.111183338057358,-0.00027711990234546846,0.0002658605387104
0.1286200690322544,4.11090621820708,4.111183338057353,-0.00027711985027334407,0.0002658605387104
0.1286200692130541,4.110906218249193,4.111183338057369,-0.0002771198081763515,0.0002658611098237
0.1286200691352324,4.1109062183096565,4.111183338057352,-0.000277119747695842,0.0002658602470377
0.1286200689198613,4.1109062183004115,4.111183338057386,-0.000277119756974642,0.0002658614111018
0.1286200690533391,4.110906218287215,4.1111833380573675,-0.0002771197701525452,0.0002658620310416
0.128620068785716,4.110906218255271,4.111183338057324,-0.0002771198020532495,0.0002658602470377
0.1286200693650315,4.110906218242277,4.111183338057366,-0.00027711981508904415,0.0002658606803832
0.1286200688711321,4.1109062181856775,4.111183338057344,-0.00027711987166689767,0.0002658605517821
0.1286200691025899,4.110906218274346,4.11118333805736,-0.0002771197830142569,0.0002658614600079
0.128620069359937,4.110906218225081,4.111183338057367,-0.0002771198322859547,0.0002658602470377
0.1286200687973817,4.110906218169972,4.1111833380573675,-0.0002771198873956493,0.0002658610224641
0.1286200691025899,4.110906218218762,4.111183338057366,-0.0002771198386035678,0.0002658608052017
0.1286200691352324,4.110906218133416,4.111183338057345,-0.00027711992392909224,0.0002658611660287
0.1286200690533391,4.110906218169731,4.111183338057362,-0.0002771198876310166,0.0002658605387104
0.1286200691064573,4.11090621821119,4.111183338057365,-0.00027711984617440066,0.0002658608052017
0.1286200688711321,4.1109062182031435,4.111183338057355,-0.0002771198542115272,0.0002658602470377
0.1286200691308835,4.110906218167805,4.111183338057363,-0.00027711988955836375,0.0002658605387104
0.1286200690322544,4.110906218231294,4.111183338057306,-0.00027711982601186236,0.0002658608052017
0.1286200691407685,4.110906218283332,4.11118333805735,-0.00027711977401789767,0.0002658620310416
0.1286200689095337,4.110906218263177,4.111183338057368,-0.0002771197941910941,0.0002658602722175
0.1286200692716405,4.110906218218004,4.111183338057391,-0.0002771198393869412,0.0002658605517821
0.1286200690322544,4.11090621832436,4.111183338057339,-0.0002771197329787256,0.0002658600285024
0.1286200687949469,4.110906218203615,4.11118333805736,-0.0002771198537452335,0.0002658608281509
0.128620068785716,4.1109062182854865,4.111183338057366,-0.00027711977187916403,0.0002658621028331
0.1286200692130541,4.110906218178635,4.111183338057399,-0.0002771198787643314,0.0002658605387104
0.1286200689095337,4.110906218253405,4.11118333805732,-0.00027711980391575963,0.0002658608281509
0.1286200691407685,4.110906218168743,4.111183338057421,-0.00027711988867817894,0.0002658614111018
0.1286200691407685,4.110906218161966,4.111183338057354,-0.0002771198953883669,0.000265860295005
0.1286200692130541,4.110906218249466,4.1111833380573675,-0.0002771198079019044,0.0002658617756858
0.128620068785716,4.110906218164192,4.111183338057351,-0.0002771198931581509,0.0002658602470377
0.1286200691064573,4.110906218259624,4.111183338057378,-0.00027711979775446594,0.0002658606125664
0.1286200691064573,4.110906218232026,4.111183338057334,-0.00027711982530753687,0.0002658602722175
0.1286200691064573,4.110906218145347,4.1111833380573435,-0.00027711991199641517,0.0002658614111018
0.1286200691308835,4.1109062182603795,4.111183338057377,-0.0002771197969977379,0.0002658602363048
0.1286200691352324,4.110906218160328,4.111183338057343,-0.0002771198970146216,0.0002658606803832
0.1286200693234346,4.110906218144205,4.111183338057364,-0.0002771199131590407,0.0002658608281509
0.1286200691064573,4.1109062182910705,4.111183338057355,-0.00027711976628452817,0.0002658598834377
0.1286200691407685,4.110906218310162,4.111183338057354,-0.00027711974719224486,0.0002658611098237
0.1286200690919358,4.110906218183688,4.111183338057365,-0.00027711987367684543,0.0002658608281509
0.1286200691407685,4.110906218182678,4.111183338057321,-0.00027711987464318355,0.0002658610359488
0.1286200691352324,4.1109062181737235,4.111183338057337,-0.0002771198836137856,0.0002658606803832
0.1286200687821212,4.110906218209551,4.111183338057329,-0.0002771198477784509,0.0002658606803832
0.1286200692130541,4.110906218258725,4.111183338057388,-0.00027711979866307246,0.0002658608281509
0.1286200690322544,4.110906218227508,4.111183338057352,-0.00027711982984435224,0.0002658614111018
0.1286200689100014,4.1109062181404585,4.111183338057358,-0.00027711991689916005,0.0002658610359488
0.1286200690484157,4.1109062181834615,4.111183338057363,-0.00027711987390155457,0.0002658620103872
0.1286200690533391,4.110906218195853,4.11118333805739,-0.0002771198615363346,0.0002658605517821
0.1286200692130541,4.1109062182684815,4.111183338057361,-0.00027711978887978717,0.0002658606125664
0.1286200687846308,4.110906218113045,4.1111833380573435,-0.0002771199442985761,0.0002658617756858
0.1286200689100014,4.11090621818673,4.111183338057382,-0.00027711987065170973,0.0002658602470377
0.1286200691308835,4.110906218249304,4.111183338057371,-0.00027711980806710557,0.0002658610224641
0.1286200689198613,4.110906218236294,4.111183338057338,-0.00027711982104428046,0.0002658602905383
0.1286200693688851,4.110906218235359,4.111183338057396,-0.00027711982203726393,0.0002658602470377
0.1286200691064573,4.110906218268653,4.111183338057361,-0.00027711978870836873,0.0002658602905383
0.1286200691064573,4.110906218171618,4.111183338057369,-0.00027711988575163105,0.0002658602466982
0.1286200687973817,4.110906218225058,4.111183338057339,-0.00027711983228062564,0.0002658608281509
0.1286200691064573,4.110906218202538,4.11118333805738,-0.00027711985484213386,0.0002658620103872
0.1286200691352324,4.110906218213825,4.111183338057319,-0.0002771198434938782,0.0002658610359488
0.1286200691308835,4.110906218267792,4.111183338057369,-0.0002771197895770072,0.0002658608281509
0.1286200689198613,4.110906218252409,4.111183338057366,-0.00027711980495670474,0.0002658617756858
0.1286200689100014,4.110906218292015,4.111183338057347,-0.0002771197653324009,0.0002658613638448
0.1286200693009225,4.110906218180723,4.111183338057352,-0.0002771198766291505,0.0002658608281509
0.1286200694462345,4.110906218191176,4.11118333805739,-0.00027711986621348217,0.0002658605387104
0.1286200691352324,4.1109062182314835,4.1111833380573355,-0.00027711982585199024,0.0002658620103872
0.128620068785716,4.110906218193912,4.111183338057381,-0.00027711986346901085,0.0002658606803832
0.1286200692716405,4.110906218243925,4.11118333805733,-0.00027711981340505787,0.0002658602466982
0.1286200692130541,4.1109062181694815,4.111183338057393,-0.00027711988791168096,0.0002658608462711
0.1286200691352324,4.110906218267874,4.111183338057381,-0.00027711978950684113,0.0002658606125664
0.1286200692130541,4.110906218274643,4.111183338057341,-0.00027711978269806536,0.0002658610224641
0.1286200687973817,4.11090621825951,4.111183338057332,-0.0002771197978219675,0.0002658606803832
0.1286200691407685,4.1109062182446365,4.11118333805738,-0.00027711981274336495,0.000265860295005
0.1286200693339135,4.110906218206589,4.111183338057327,-0.0002771198507378614,0.0002658602722175
0.1286200691308835,4.110906218228428,4.11118333805739,-0.0002771198289615029,0.000265860295005
0.1286200690484157,4.110906218180761,4.111183338057345,-0.0002771198765838534,0.0002658608462711
0.1286200691308835,4.1109062182827465,4.111183338057406,-0.0002771197746591625,0.0002658605517821
0.1286200690484157,4.1109062181798794,4.111183338057364,-0.0002771198774844663,0.0002658602905383
0.1286200691064573,4.110906218253965,4.111183338057378,-0.00027711980341305065,0.0002658602722175
0.1286200687973817,4.11090621825609,4.111183338057362,-0.00027711980127254066,0.0002658610359488
0.1286200690484157,4.110906218221097,4.111183338057368,-0.0002771198362712113,0.0002658602905383
0.1286200687846308,4.11090621823885,4.1111833380573275,-0.0002771198184774448,0.0002658606803832
0.1286200692750439,4.110906218171317,4.111183338057353,-0.00027711988603584814,0.0002658602722175
0.1286200690484157,4.110906218204421,4.111183338057367,-0.00027711985294587294,0.0002658611660287
0.128620068785716,4.110906218267336,4.111183338057349,-0.00027711979001310283,0.0002658613638448
0.1286200693234346,4.110906218179634,4.11118333805735,-0.0002771198777153927,0.0002658606803832
0.1286200690484157,4.1109062182695135,4.111183338057378,-0.00027711978786459923,0.0002658608281509
0.1286200687384193,4.110906218303363,4.111183338057327,-0.00027711975396371713,0.0002658606125664
0.1286200689198613,4.110906218231269,4.111183338057358,-0.0002771198260891339,0.0002658620103872
0.1286200691025899,4.110906218179931,4.111183338057359,-0.0002771198774276229,0.0002658610224641
0.1286200693009225,4.1109062181289815,4.11118333805733,-0.00027711992834866805,0.0002658611660287
0.1286200690484157,4.110906218278883,4.111183338057359,-0.00027711977847566516,0.0002658611098237
0.1286200690919358,4.110906218196334,4.111183338057373,-0.0002771198610389547,0.0002658602470377
0.1286200693009225,4.110906218241971,4.111183338057367,-0.0002771198153954657,0.0002658608281509
0.1286200692130541,4.110906218305312,4.11118333805735,-0.00027711975203725814,0.0002658611098237
0.1286200691025899,4.110906218155267,4.1111833380573435,-0.0002771199020763504,0.0002658605387104
0.1286200693339135,4.110906218312605,4.1111833380573195,-0.00027711974471422707,0.0002658602470377
0.1286200692130541,4.110906218225545,4.111183338057339,-0.00027711983179390387,0.0002658595413033
0.1286200691064573,4.11090621823907,4.111183338057359,-0.0002771198182882628,0.0002658605387104
0.128620069359937,4.1109062182222225,4.1111833380573435,-0.00027711983512102023,0.000265860295005
0.1286200691064573,4.110906218259319,4.1111833380573435,-0.0002771197980244722,0.0002658600845884
0.1286200691407685,4.110906218226957,4.111183338057348,-0.00027711983039058197,0.0002658600285024
0.1286200692130541,4.1109062182129374,4.11118333805733,-0.00027711984439271475,0.0002658602470377
0.1286200689095337,4.110906218242218,4.111183338057342,-0.0002771198151236831,0.0002658608281509
0.1286200689100014,4.110906218270242,4.111183338057348,-0.00027711978710609486,0.0002658611660287
0.1286200690484157,4.110906218190708,4.111183338057373,-0.0002771198666646768,0.0002658608462711
0.1286200687973817,4.1109062181565665,4.111183338057383,-0.0002771199008160252,0.0002658606803832
0.1286200690533391,4.1109062180927465,4.111183338057362,-0.00027711996461565747,0.0002658608052017
0.1286200689198613,4.110906218278036,4.11118333805736,-0.0002771197793247637,0.0002658608462711
0.1286200692130541,4.110906218197148,4.111183338057385,-0.0002771198602369296,0.000265860295005
0.1286200690484157,4.110906218279179,4.1111833380573515,-0.0002771197781727963,0.0002658605387104
0.1286200691025899,4.1109062181939935,4.111183338057359,-0.000277119863365094,0.0002658617756858
0.1286200690533391,4.110906218227035,4.111183338057369,-0.0002771198303346267,0.0002658611098237
0.1286200690484157,4.110906218232741,4.111183338057396,-0.00027711982465472573,0.0002658611660287
0.1286200693009225,4.110906218256592,4.111183338057334,-0.00027711980074140996,0.0002658611660287
0.1286200692130541,4.110906218196296,4.111183338057331,-0.000277119861035402,0.0002658606803832
0.1286200692750439,4.1109062182411575,4.111183338057317,-0.00027711981615929915,0.0002658608052017
0.1286200688711321,4.110906218122709,4.1111833380573435,-0.00027711993463430673,0.0002658606803832
0.1286200690322544,4.110906218326911,4.111183338057335,-0.0002771197304234363,0.0002658611098237
0.1286200691025899,4.110906218263454,4.111183338057362,-0.0002771197939077652,0.0002658605517821
0.1286200691352324,4.110906218182555,4.11118333805734,-0.0002771198747852921,0.0002658610359488
0.1286200690919358,4.110906218229571,4.11118333805739,-0.00027711982781841726,0.0002658600405576
0.1286200691308835,4.1109062182284255,4.11118333805734,-0.00027711982891442943,0.0002658602722175
0.1286200690533391,4.110906218173936,4.1111833380573755,-0.0002771198834397026,0.0002658606803832
0.1286200687846308,4.110906218284787,4.111183338057379,-0.0002771197725923713,0.0002658606125664
0.1286200692716405,4.110906218213351,4.111183338057362,-0.00027711984401079803,0.0002658608052017
0.1286200691025899,4.1109062182246605,4.111183338057368,-0.00027711983270783946,0.0002658618429636
0.1286200691064573,4.110906218182299,4.111183338057354,-0.00027711987505529834,0.0002658602363048
0.1286200690919358,4.110906218169738,4.111183338057359,-0.00027711988762035844,0.0002658606125664
0.1286200691025899,4.110906218176903,4.111183338057363,-0.000277119880459864,0.0002658610359488
0.1286200690533391,4.110906218201082,4.1111833380573914,-0.0002771198563094046,0.0002658608052017
0.1286200691025899,4.110906218080263,4.111183338057372,-0.0002771199771087751,0.0002658610359488
0.1286200688711321,4.110906218076924,4.111183338057364,-0.00027711998044033237,0.0002658611098237
0.1286200687949469,4.110906218260247,4.111183338057389,-0.0002771197971416228,0.0002658605387104
0.1286200688711321,4.1109062182406815,4.111183338057348,-0.000277119816666449,0.0002658610224641
0.1286200691352324,4.110906218290812,4.111183338057378,-0.00027711976656608073,0.0002658614111018
0.1286200691025899,4.1109062183058365,4.111183338057384,-0.00027711975154787183,0.0002658610224641
0.1286200689095337,4.1109062182535405,4.111183338057339,-0.0002771198037985201,0.0002658602722175
0.1286200690322544,4.110906218238454,4.111183338057332,-0.0002771198188780133,0.0002658606803832
0.1286200689100014,4.1109062181615705,4.111183338057369,-0.00027711989579870533,0.0002658617756858
0.1286200691064573,4.110906218300095,4.111183338057353,-0.0002771197572579709,0.0002658605387104
0.1286200691407685,4.110906218283927,4.111183338057353,-0.00027711977342637084,0.0002658611098237
0.1286200687846308,4.110906218258393,4.111183338057423,-0.0002771197990307783,0.0002658602905383
0.1286200691352324,4.1109062182437635,4.111183338057375,-0.00027711981361111526,0.0002658605517821
0.1286200692750439,4.110906218190721,4.111183338057349,-0.0002771198666273733,0.0002658606803832
0.1286200689198613,4.110906218149863,4.111183338057351,-0.0002771199074880215,0.0002658608462711
0.1286200688711321,4.110906218086976,4.111183338057376,-0.0002771199704003635,0.0002658614600079
0.1286200691025899,4.11090621824507,4.111183338057402,-0.00027711981233213834,0.0002658602363048
0.1286200690533391,4.110906218211195,4.111183338057368,-0.0002771198461735125,0.0002658614600079
0.1286200690533391,4.110906218266544,4.111183338057317,-0.0002771197907724954,0.000265860295005
0.1286200689100014,4.110906218181958,4.111183338057346,-0.00027711987538836524,0.000265860295005
0.1286200692130541,4.11090621813342,4.111183338057375,-0.0002771199239548494,0.0002658606125664
0.1286200691025899,4.110906218219232,4.111183338057377,-0.00027711983814526775,0.0002658605387104
0.1286200691352324,4.11090621813247,4.111183338057336,-0.00027711992486612047,0.0002658614111018
0.1286200687846308,4.110906218230076,4.111183338057373,-0.00027711982729705653,0.0002658613638448
0.1286200690484157,4.110906218187955,4.1111833380573755,-0.00027711986942069444,0.0002658608052017
0.1286200692716405,4.110906218203178,4.111183338057361,-0.0002771198541831055,0.0002658608052017
0.1286200691352324,4.110906218256741,4.111183338057356,-0.0002771198006152886,0.0002658608052017
0.1286200691064573,4.110906218257821,4.111183338057371,-0.0002771197995503627,0.0002658602722175
0.1286200692716405,4.110906218195138,4.111183338057338,-0.0002771198621998039,0.0002658605517821
0.1286200689100014,4.110906218106879,4.111183338057359,-0.00027711995047940974,0.0002658613638448
0.1286200687973817,4.110906218132924,4.111183338057378,-0.0002771199244540057,0.0002658621028331
0.1286200690484157,4.110906218258594,4.1111833380573435,-0.00027711979874922577,0.0002658605517821
0.1286200691407685,4.110906218222704,4.111183338057367,-0.00027711983466272017,0.000265860295005
0.1286200688711321,4.110906218199901,4.11118333805737,-0.0002771198574693656,0.0002658606803832
0.1286200693612195,4.11090621826586,4.111183338057358,-0.00027711979149813715,0.0002658602722175
0.1286200687949469,4.11090621824026,4.111183338057371,-0.0002771198171114264,0.0002658613638448
0.1286200691407685,4.110906218133245,4.111183338057331,-0.0002771199240862998,0.0002658608281509
0.1286200690322544,4.110906218205543,4.111183338057363,-0.0002771198518196627,0.0002658610359488
0.1286200690484157,4.110906218227907,4.111183338057341,-0.0002771198294340138,0.0002658602466982
0.1286200690919358,4.110906218295916,4.111183338057366,-0.00027711976144928485,0.0002658608281509
0.1286200691064573,4.110906218133908,4.11118333805732,-0.0002771199234121724,0.0002658610224641
0.1286200687821212,4.11090621813861,4.111183338057355,-0.0002771199187447948,0.0002658608281509
0.1286200690533391,4.110906218180723,4.111183338057361,-0.0002771198766380323,0.0002658602363048
0.1286200690322544,4.1109062182231355,4.111183338057359,-0.00027711983422307185,0.0002658602363048
0.1286200690919358,4.110906218209332,4.111183338057365,-0.0002771198480324699,0.0002658608052017
0.1286200693009225,4.110906218140761,4.11118333805734,-0.00027711991657852764,0.0002658602470377
0.1286200692130541,4.110906218142593,4.1111833380573595,-0.00027711991476664366,0.0002658597675085
0.1286200692130541,4.110906218237244,4.111183338057369,-0.0002771198201250158,0.0002658600845884
0.1286200691025899,4.110906218233534,4.111183338057343,-0.0002771198238082917,0.0002658610224641
0.1286200692750439,4.11090621821782,4.111183338057353,-0.0002771198395334906,0.0002658614600079
0.1286200687425704,4.110906218150869,4.111183338057344,-0.0002771199064754981,0.0002658610224641
0.1286200692750439,4.11090621826479,4.111183338057385,-0.0002771197925950375,0.0002658602466982
0.1286200689095337,4.110906218222691,4.111183338057327,-0.00027711983463518663,0.0002658617756858
0.1286200691064573,4.110906218212613,4.111183338057343,-0.0002771198447293344,0.000265860295005
0.1286200690484157,4.11090621821783,4.111183338057359,-0.00027711983952816155,0.0002658608281509
0.1286200693091989,4.110906218240766,4.11118333805736,-0.0002771198165945066,0.0002658602722175
0.1286200690919358,4.110906218211793,4.111183338057373,-0.0002771198455802093,0.0002658608281509
0.1286200691407685,4.110906218283249,4.111183338057354,-0.00027711977410493915,0.0002658606125664
0.1286200691025899,4.110906218224071,4.111183338057337,-0.0002771198332665037,0.0002658608281509
0.1286200691064573,4.110906218236649,4.11118333805734,-0.00027711982069078545,0.0002658608462711
0.1286200692716405,4.110906218247782,4.111183338057366,-0.0002771198095841143,0.0002658602466982
0.1286200688711321,4.110906218260414,4.111183338057348,-0.0002771197969337891,0.0002658600845884
0.1286200691308835,4.110906218174709,4.111183338057347,-0.0002771198826376775,0.0002658614111018
0.1286200691352324,4.110906218261206,4.111183338057324,-0.0002771197961175531,0.0002658602905383
0.1286200687821212,4.110906218214257,4.111183338057358,-0.00027711984310041515,0.0002658605387104
0.1286200691352324,4.110906218270605,4.111183338057387,-0.00027711978678190974,0.0002658605387104
0.1286200690533391,4.110906218194543,4.11118333805739,-0.0002771198628463978,0.0002658620103872
0.1286200693339135,4.110906218243989,4.111183338057374,-0.00027711981338462977,0.0002658605387104
0.1286200691308835,4.110906218223999,4.111183338057355,-0.0002771198333562097,0.0002658602905383
0.1286200689100014,4.110906218265739,4.111183338057358,-0.0002771197916189294,0.0002658611660287
0.1286200691407685,4.1109062182281715,4.111183338057382,-0.00027711982921019285,0.0002658602905383
0.1286200692130541,4.110906218194367,4.111183338057369,-0.000277119863001829,0.0002658608052017
0.1286200690919358,4.110906218248069,4.111183338057334,-0.0002771198092643701,0.0002658624196473
0.1286200691308835,4.11090621820937,4.11118333805737,-0.0002771198480004955,0.0002658602363048
0.1286200689100014,4.110906218196404,4.1111833380573435,-0.0002771198609394787,0.0002658605517821
0.128620068785716,4.110906218215879,4.111183338057353,-0.00027711984147416047,0.0002658618429636
0.1286200689198613,4.110906218281586,4.111183338057372,-0.0002771197757862609,0.0002658610224641
0.1286200690484157,4.110906218068623,4.111183338057349,-0.00027711998872614885,0.0002658602470377
0.1286200690484157,4.110906218259852,4.111183338057366,-0.0002771197975137696,0.0002658602470377
0.1286200689095337,4.110906218269877,4.11118333805737,-0.00027711978749334065,0.0002658606803832
0.1286200692130541,4.110906218276841,4.111183338057376,-0.0002771197805353509,0.000265860295005
0.1286200691064573,4.110906218118084,4.111183338057352,-0.00027711993926793355,0.0002658608462711
0.1286200688711321,4.110906218173875,4.111183338057346,-0.00027711988347078886,0.0002658606125664
0.1286200690322544,4.110906218194213,4.11118333805738,-0.0002771198631670302,0.0002658611098237
0.1286200692716405,4.11090621826217,4.1111833380573515,-0.00027711979518141305,0.0002658606125664
0.1286200691064573,4.110906218142693,4.111183338057385,-0.0002771199146920367,0.0002658614600079
0.1286200689198613,4.110906218202619,4.111183338057356,-0.0002771198547373288,0.0002658602470377
0.1286200693009225,4.110906218148245,4.111183338057318,-0.0002771199090725318,0.0002658608281509
0.1286200687973817,4.110906218221731,4.111183338057364,-0.000277119835632611,0.000265860295005
0.1286200691352324,4.110906218140004,4.111183338057376,-0.00027711991737255914,0.0002658611660287
0.1286200689198613,4.110906218316642,4.111183338057325,-0.0002771197406827852,0.000265860295005
0.1286200692130541,4.1109062181573925,4.111183338057349,-0.0002771198999562685,0.000265860295005
0.1286200692130541,4.110906218107082,4.111183338057356,-0.0002771199502742405,0.000265860295005
0.1286200691308835,4.110906218193315,4.111183338057331,-0.00027711986401612876,0.0002658602905383
0.1286200690533391,4.11090621815148,4.111183338057405,-0.0002771199059248275,0.0002658606125664
0.1286200691308835,4.110906218246746,4.11118333805736,-0.0002771198106144013,0.0002658614111018
0.1286200690533391,4.110906218257048,4.1111833380573435,-0.0002771198002955444,0.0002658610224641
0.1286200691308835,4.110906218281442,4.1111833380573515,-0.0002771197759097177,0.0002658608281509
0.1286200690919358,4.110906218236274,4.111183338057371,-0.000277119821096683,0.0002658611660287
0.1286200692130541,4.1109062181860665,4.11118333805737,-0.0002771198713036327,0.0002658602470377
0.1286200690919358,4.110906218182968,4.111183338057368,-0.00027711987440071084,0.0002658608281509
0.1286200693612195,4.110906218298633,4.111183338057378,-0.00027711975874478156,0.0002658606803832
0.1286200691025899,4.110906218324973,4.111183338057338,-0.0002771197323649943,0.0002658602466982
0.1286200691308835,4.11090621819479,4.111183338057342,-0.00027711986255152254,0.000265860295005
0.1286200691025899,4.11090621821074,4.111183338057378,-0.0002771198466380298,0.0002658608052017
0.1286200691064573,4.110906218203901,4.111183338057327,-0.0002771198534254893,0.0002658602470377
0.1286200692716405,4.110906218244215,4.111183338057382,-0.00027711981316702605,0.0002658602466982
0.1286200690484157,4.11090621826714,4.111183338057361,-0.0002771197902209366,0.0002658608052017
0.1286200693612195,4.110906218225759,4.111183338057361,-0.00027711983160205733,0.0002658600405576
0.1286200690533391,4.1109062182901965,4.1111833380573515,-0.000277119767154943,0.0002658605387104
0.1286200690533391,4.110906218229459,4.111183338057355,-0.0002771198278956888,0.0002658608462711
0.1286200689095337,4.110906218172347,4.11118333805734,-0.0002771198849931267,0.0002658614111018
0.1286200691308835,4.110906218265363,4.1111833380573435,-0.00027711979198041803,0.0002658602470377
0.1286200688711321,4.1109062182261615,4.11118333805735,-0.0002771198311881662,0.0002658602363048
0.1286200690919358,4.11090621827724,4.111183338057336,-0.0002771197800965908,0.0002658608281509
0.1286200693009225,4.110906218238546,4.111183338057347,-0.00027711981880074177,0.0002658608462711
0.1286200691064573,4.110906218214102,4.111183338057346,-0.00027711984324430006,0.0002658602905383
0.1286200690919358,4.110906218223549,4.111183338057352,-0.00027711983380296346,0.0002658605387104
0.128620068785716,4.110906218236702,4.111183338057365,-0.00027711982066236374,0.0002658608052017
0.1286200690919358,4.110906218208956,4.111183338057333,-0.00027711984837708314,0.0002658613638448
0.1286200692130541,4.1109062182446765,4.111183338057375,-0.00027711981269806785,0.0002658600845884
0.1286200692130541,4.110906218253029,4.111183338057373,-0.00027711980434386163,0.0002658598834377
0.1286200690322544,4.110906218273392,4.111183338057361,-0.0002771197839690487,0.0002658602363048
0.1286200693397242,4.110906218201532,4.111183338057345,-0.0002771198558129129,0.0002658611098237
0.1286200693234346,4.110906218216379,4.111183338057394,-0.0002771198410149722,0.0002658608462711
0.1286200691407685,4.110906218195235,4.11118333805738,-0.00027711986214473683,0.0002658608052017
0.1286200691407685,4.110906218260264,4.1111833380573515,-0.00027711979708744394,0.000265860295005
0.1286200692716405,4.110906218210113,4.111183338057386,-0.00027711984727307737,0.0002658611098237
0.1286200691064573,4.110906218191921,4.111183338057349,-0.00027711986542744427,0.0002658610224641
0.1286200687973817,4.110906218139972,4.111183338057334,-0.000277119917361901,0.0002658606125664
0.1286200690533391,4.11090621824499,4.11118333805736,-0.00027711981237033,0.0002658602722175
0.1286200691064573,4.110906218187516,4.111183338057359,-0.0002771198698425792,0.0002658600845884
0.1286200690484157,4.110906218215705,4.111183338057359,-0.0002771198416535725,0.0002658602470377
0.1286200688711321,4.110906218223746,4.111183338057354,-0.0002771198336084524,0.0002658613638448
0.1286200690322544,4.110906218217048,4.111183338057412,-0.00027711984036393744,0.0002658608462711
0.1286200691352324,4.110906218237571,4.111183338057387,-0.0002771198198159297,0.0002658610224641
0.1286200691308835,4.110906218229753,4.1111833380573675,-0.00027711982761413623,0.0002658600405576
0.1286200691407685,4.110906218195508,4.111183338057354,-0.0002771198618463089,0.000265860295005
0.1286200693009225,4.1109062182239136,4.111183338057339,-0.00027711983342548763,0.0002658602363048
0.1286200691064573,4.110906218225577,4.1111833380573355,-0.00027711983175837673,0.000265860295005
0.1286200688711321,4.110906218275163,4.111183338057389,-0.00027711978222555445,0.0002658608052017
0.1286200689198613,4.110906218213555,4.111183338057341,-0.0002771198437860889,0.0002658611660287
0.1286200692130541,4.110906218234247,4.111183338057363,-0.0002771198231164007,0.0002658602905383
0.1286200690533391,4.110906218218156,4.111183338057365,-0.0002771198392084173,0.0002658614111018
0.1286200690533391,4.1109062182250256,4.111183338057347,-0.00027711983232148185,0.0002658606125664
0.1286200691025899,4.11090621820933,4.111183338057369,-0.00027711984803957534,0.0002658605517821
0.1286200691025899,4.110906218266926,4.111183338057377,-0.0002771197904509748,0.0002658600285024
0.1286200690484157,4.110906218154275,4.111183338057363,-0.0002771199030879856,0.0002658611098237
0.1286200692130541,4.110906218276461,4.111183338057366,-0.00027711978090483314,0.0002658602470377
0.1286200689198613,4.110906218205993,4.1111833380573755,-0.0002771198513826789,0.0002658610359488
0.1286200693091989,4.110906218149593,4.111183338057328,-0.0002771199077358233,0.0002658606803832
0.1286200692716405,4.110906218273889,4.1111833380573595,-0.0002771197834707806,0.0002658608462711
0.1286200691064573,4.110906218219117,4.111183338057354,-0.0002771198382367501,0.000265860295005
0.1286200692716405,4.11090621828984,4.111183338057358,-0.0002771197675173198,0.0002658605387104
0.1286200689095337,4.110906218256048,4.11118333805734,-0.0002771198012920806,0.0002658608052017
0.1286200687696346,4.110906218243299,4.111183338057349,-0.0002771198140498754,0.0002658613638448
0.1286200692750439,4.110906218298432,4.111183338057357,-0.0002771197589250818,0.0002658602466982
0.1286200691025899,4.110906218294684,4.111183338057393,-0.00027711976270961003,0.0002658600845884
0.1286200691025899,4.11090621819166,4.111183338057368,-0.00027711986570810865,0.0002658605387104
0.1286200690322544,4.1109062182138185,4.1111833380573835,-0.00027711984356493247,0.0002658610224641
0.128620068785716,4.110906218107549,4.111183338057329,-0.0002771199497804133,0.0002658621028331
0.1286200691407685,4.110906218145566,4.11118333805735,-0.0002771199117841405,0.0002658608462711
0.1286200691352324,4.110906218213128,4.111183338057359,-0.0002771198442301781,0.0002658602905383
0.1286200690484157,4.110906218223257,4.111183338057342,-0.000277119834084516,0.0002658608281509
0.1286200690919358,4.1109062182158125,4.111183338057373,-0.0002771198415603138,0.000265860295005
0.1286200691352324,4.11090621825684,4.111183338057352,-0.00027711980051225993,0.0002658606125664
0.1286200693091989,4.1109062181935405,4.1111833380573515,-0.00027711986381095954,0.0002658594979901
0.1286200691407685,4.110906218270195,4.111183338057354,-0.00027711978715938557,0.0002658606803832
0.1286200691025899,4.110906218286571,4.111183338057356,-0.0002771197707849282,0.0002658597675085
0.1286200690533391,4.110906218172229,4.1111833380574,-0.00027711988517165054,0.0002658600845884
0.1286200690322544,4.110906218247788,4.111183338057346,-0.00027711980955835713,0.0002658620103872
0.1286200691025899,4.110906218220845,4.111183338057344,-0.00027711983649947314,0.0002658602466982
0.1286200690533391,4.110906218233137,4.111183338057371,-0.00027711982423372916,0.0002658602466982
0.1286200688711321,4.110906218286648,4.111183338057357,-0.0002771197707085449,0.0002658602466982
0.1286200691064573,4.110906218218884,4.111183338057361,-0.0002771198384774465,0.0002658610224641
0.1286200693009225,4.110906218268723,4.111183338057344,-0.00027711978862132725,0.0002658605517821
0.1286200691308835,4.110906218265884,4.11118333805734,-0.0002771197914555046,0.0002658611098237
0.1286200690322544,4.1109062180977745,4.111183338057333,-0.00027711995955836954,0.0002658614600079
0.1286200688711321,4.110906218185374,4.111183338057355,-0.0002771198719813128,0.0002658611098237
0.1286200693688851,4.11090621829369,4.111183338057358,-0.00027711976366795454,0.0002658596770356
0.1286200691025899,4.110906218186164,4.111183338057373,-0.0002771198712085976,0.0002658602722175
0.1286200692716405,4.110906218221613,4.111183338057324,-0.0002771198357107707,0.0002658600845884
0.1286200688711321,4.110906218195143,4.111183338057361,-0.00027711986221845564,0.0002658613638448
0.1286200689100014,4.11090621826732,4.111183338057349,-0.00027711979002909004,0.0002658606125664
0.1286200691064573,4.110906218239163,4.1111833380573355,-0.0002771198181727996,0.0002658608281509
0.1286200690322544,4.11090621824092,4.111183338057372,-0.00027711981645150985,0.0002658608052017
0.1286200691025899,4.110906218225125,4.111183338057387,-0.0002771198322619739,0.0002658611660287
0.1286200690919358,4.110906218226903,4.11118333805736,-0.00027711983045719535,0.0002658611098237
0.1286200691352324,4.110906218295122,4.111183338057344,-0.0002771197622220001,0.0002658606125664
0.1286200690484157,4.110906218296109,4.111183338057347,-0.0002771197612378984,0.0002658608052017
0.1286200693688851,4.110906218218942,4.111183338057346,-0.00027711983840372767,0.0002658602363048
0.1286200691308835,4.110906218260753,4.111183338057357,-0.0002771197966033867,0.0002658600405576
0.1286200690484157,4.110906218169096,4.111183338057366,-0.00027711988826961687,0.0002658611098237
0.1286200691352324,4.110906218265082,4.111183338057372,-0.0002771197922895041,0.0002658605517821
0.1286200692130541,4.1109062182627785,4.111183338057358,-0.0002771197945792281,0.000265860295005
0.1286200691025899,4.110906218171164,4.111183338057351,-0.00027711988618683847,0.0002658602722175
0.1286200691064573,4.110906218293509,4.111183338057363,-0.00027711976385358383,0.0002658614600079
0.1286200687696346,4.110906218169282,4.111183338057367,-0.00027711988808487575,0.0002658605387104
0.1286200687846308,4.110906218265926,4.111183338057329,-0.00027711979140310206,0.0002658608462711
0.1286200691025899,4.110906218222417,4.111183338057387,-0.0002771198349700299,0.0002658608281509
0.1286200691407685,4.110906218223422,4.111183338057351,-0.0002771198339281966,0.000265860295005
0.128620068785716,4.110906218250079,4.111183338057369,-0.00027711980728994945,0.0002658608052017
0.1286200691352324,4.110906218244114,4.111183338057382,-0.0002771198132673902,0.0002658611660287
0.1286200692750439,4.110906218265587,4.111183338057344,-0.00027711979175748525,0.0002658600845884
0.1286200691352324,4.110906218216061,4.111183338057322,-0.00027711984126099765,0.0002658610359488
0.1286200691064573,4.110906218196583,4.1111833380573,-0.00027711986071654593,0.0002658602722175
0.1286200691064573,4.110906218269469,4.111183338057359,-0.00027711978788946823,0.0002658602470377
0.1286200690484157,4.110906218222565,4.111183338057363,-0.0002771198347977233,0.0002658606803832
0.1286200693091989,4.110906218274774,4.11118333805736,-0.0002771197825861549,0.000265860295005
0.1286200689095337,4.110906218272579,4.1111833380573675,-0.00027711978478883736,0.0002658608052017
0.1286200693009225,4.110906218325953,4.111183338057366,-0.00027711973141286705,0.0002658611660287
0.1286200690533391,4.110906218232281,4.1111833380573675,-0.00027711982508638044,0.0002658610359488
0.1286200689198613,4.110906218258891,4.1111833380573515,-0.0002771197984605678,0.0002658608281509
0.1286200690533391,4.1109062182605065,4.111183338057357,-0.0002771197968503003,0.0002658618429636
0.1286200693009225,4.110906218216436,4.111183338057359,-0.00027711984092260167,0.0002658602905383
0.1286200691308835,4.110906218198929,4.111183338057388,-0.0002771198584587964,0.000265860295005
0.1286200692750439,4.1109062182793545,4.11118333805739,-0.00027711977803512866,0.0002658605517821
0.1286200690322544,4.11090621822635,4.111183338057358,-0.00027711983100786597,0.0002658608052017
0.1286200691064573,4.110906218296477,4.111183338057396,-0.00027711976091904233,0.0002658598834377
0.1286200693009225,4.110906218107301,4.111183338057364,-0.00027711995006285406,0.0002658602905383
0.1286200689095337,4.110906218228116,4.111183338057357,-0.0002771198292403909,0.0002658610359488
0.1286200687949469,4.1109062181504425,4.111183338057374,-0.00027711990693113364,0.0002658611660287
0.1286200687949469,4.1109062182522225,4.1111833380573595,-0.00027711980513700496,0.0002658611098237
0.1286200691407685,4.110906218238325,4.111183338057349,-0.00027711981902367455,0.0002658608052017
0.1286200691064573,4.110906218141423,4.1111833380573275,-0.0002771199159044002,0.0002658608052017
0.1286200690533391,4.11090621825608,4.1111833380573835,-0.0002771198013036269,0.0002658617756858
0.1286200691352324,4.110906218197153,4.111183338057338,-0.00027711986018541523,0.0002658605517821
0.128620068785716,4.110906218282377,4.1111833380573515,-0.0002771197749744658,0.0002658602470377
0.1286200693339135,4.110906218280052,4.111183338057355,-0.00027711977730326964,0.0002658610224641
0.1286200692130541,4.110906218288236,4.111183338057358,-0.00027711976912137004,0.0002658608281509
0.1286200690322544,4.11090621821158,4.111183338057347,-0.00027711984576672677,0.0002658606803832
0.1286200692750439,4.110906218141455,4.111183338057368,-0.000277119915913282,0.0002658606803832
0.1286200693234346,4.110906218193642,4.11118333805738,-0.0002771198637381289,0.0002658600405576
0.1286200691308835,4.110906218236677,4.111183338057376,-0.00027711982069966723,0.0002658593538532
0.1286200687973817,4.110906218201976,4.111183338057324,-0.0002771198553475074,0.0002658611660287
0.1286200687949469,4.110906218278308,4.111183338057368,-0.00027711977906008656,0.0002658621028331
0.1286200689198613,4.11090621822821,4.111183338057375,-0.00027711982916489575,0.0002658621028331
0.1286200691308835,4.110906218300018,4.1111833380573675,-0.00027711975734945327,0.000265860295005
0.1286200690533391,4.11090621823752,4.1111833380573675,-0.0002771198198479041,0.0002658620310416
0.1286200690919358,4.1109062182801885,4.111183338057354,-0.000277119777165602,0.0002658606803832
0.1286200690322544,4.110906218215229,4.11118333805736,-0.0002771198421314125,0.0002658602722175
0.1286200692750439,4.110906218272566,4.1111833380573755,-0.00027711978480926547,0.0002658605387104
0.1286200693234346,4.1109062182528255,4.111183338057354,-0.00027711980452860274,0.0002658602470377
0.1286200689198613,4.110906218160455,4.1111833380573675,-0.00027711989691248107,0.0002658602722175
0.1286200692130541,4.11090621823495,4.111183338057346,-0.000277119822396088,0.0002658602470377
0.1286200691407685,4.110906218263445,4.111183338057364,-0.0002771197939193115,0.0002658600285024
0.1286200692130541,4.110906218262456,4.1111833380573515,-0.0002771197948954196,0.0002658606125664
0.1286200691407685,4.110906218151168,4.11118333805739,-0.0002771199062214791,0.000265860295005
0.1286200693091989,4.110906218216734,4.111183338057352,-0.00027711984061795647,0.0002658602363048
0.1286200690533391,4.110906218165204,4.1111833380573986,-0.0002771198921944773,0.0002658608052017
0.1286200690484157,4.110906218231199,4.111183338057376,-0.00027711982617706354,0.0002658602905383
0.1286200691308835,4.110906218285154,4.111183338057385,-0.0002771197722308827,0.0002658605387104
0.1286200691352324,4.110906218249561,4.111183338057356,-0.00027711980779532297,0.0002658606803832
0.1286200689198613,4.110906218248934,4.11118333805738,-0.0002771198084454696,0.0002658602470377
0.1286200690919358,4.110906218257251,4.1111833380573595,-0.00027711980010813875,0.0002658620103872
0.1286200691407685,4.110906218203453,4.11118333805735,-0.000277119853897112,0.0002658608281509
0.1286200691407685,4.1109062182069875,4.111183338057378,-0.0002771198503905836,0.0002658608462711
0.1286200690484157,4.110906218261234,4.111183338057384,-0.0002771197961504157,0.0002658602905383
0.1286200690919358,4.110906218174729,4.111183338057333,-0.0002771198826039267,0.0002658610224641
0.1286200687973817,4.1109062182758205,4.111183338057321,-0.00027711978150080085,0.0002658605517821
0.1286200692716405,4.11090621830306,4.111183338057339,-0.00027711975427902047,0.0002658602363048
0.1286200693009225,4.110906218238848,4.111183338057388,-0.0002771198185396173,0.0002658610224641
0.1286200687696346,4.110906218212187,4.111183338057387,-0.00027711984520006894,0.0002658605387104
0.1286200692716405,4.110906218267784,4.111183338057367,-0.0002771197895823363,0.0002658606803832
0.1286200691308835,4.110906218204335,4.111183338057368,-0.0002771198530329144,0.0002658605517821
0.1286200689100014,4.110906218277444,4.111183338057358,-0.000277119779913626,0.0002658608462711
0.1286200690919358,4.110906218234254,4.1111833380573755,-0.0002771198231217298,0.0002658623965811
0.1286200691407685,4.110906218178803,4.111183338057377,-0.00027711987857426124,0.0002658614111018
0.1286200690484157,4.110906218181838,4.111183338057371,-0.0002771198755331383,0.0002658606125664
0.1286200692130541,4.110906218221884,4.111183338057362,-0.00027711983547806796,0.000265860295005
0.1286200690484157,4.110906218243566,4.111183338057383,-0.0002771198138162845,0.0002658610359488
0.1286200687949469,4.110906218267636,4.11118333805736,-0.00027711978972444484,0.0002658614600079
0.1286200692130541,4.1109062182088,4.111183338057362,-0.00027711984856182426,0.0002658602363048
0.1286200687821212,4.110906218157489,4.111183338057371,-0.0002771198998816615,0.0002658618429636
0.1286200693009225,4.110906218135652,4.1111833380573195,-0.00027711992166779,0.0002658600845884
0.1286200689095337,4.110906218262305,4.111183338057363,-0.00027711979505795625,0.0002658608281509
0.1286200693009225,4.1109062182921,4.111183338057335,-0.0002771197652347013,0.0002658602466982
0.1286200691352324,4.110906218217066,4.111183338057338,-0.00027711984027245506,0.0002658602363048
0.1286200687846308,4.110906218170545,4.111183338057358,-0.00027711988681300426,0.0002658608052017
0.1286200690533391,4.110906218188562,4.111183338057394,-0.00027711986883183215,0.0002658610224641
0.1286200693091989,4.110906218292496,4.111183338057374,-0.00027711976487765355,0.000265860295005
0.1286200691308835,4.110906218266362,4.111183338057363,-0.00027711979100075723,0.0002658605387104
0.1286200691308835,4.110906218179005,4.111183338057369,-0.00027711987836465113,0.0002658608281509
0.1286200691308835,4.110906218235061,4.111183338057346,-0.0002771198222850657,0.0002658602466982
0.1286200690484157,4.110906218262628,4.111183338057344,-0.00027711979471600756,0.0002658611098237
0.1286200689198613,4.110906218152613,4.111183338057373,-0.0002771199047595374,0.0002658605517821
0.1286200691352324,4.110906218210085,4.111183338057356,-0.000277119847271301,0.0002658608281509
0.1286200692130541,4.110906218195891,4.111183338057329,-0.000277119861438635,0.0002658602470377
0.1286200693091989,4.1109062182212375,4.111183338057378,-0.00027711983614064906,0.0002658597675085
0.1286200691308835,4.110906218269431,4.11118333805736,-0.00027711978792943626,0.0002658610224641
0.1286200687821212,4.1109062181509834,4.111183338057372,-0.00027711990638845663,0.0002658614600079
0.1286200691308835,4.110906218207242,4.111183338057366,-0.0002771198501241301,0.0002658605517821
0.128620068785716,4.110906218288937,4.111183338057356,-0.0002771197684188209,0.0002658605517821
0.1286200687846308,4.110906218254861,4.111183338057354,-0.0002771198024928978,0.0002658610224641
0.1286200691407685,4.110906218254387,4.111183338057349,-0.000277119802961856,0.0002658608052017
0.1286200690322544,4.110906218202487,4.111183338057366,-0.0002771198548785492,0.0002658608462711
0.1286200690533391,4.110906218214509,4.111183338057374,-0.00027711984286504787,0.0002658610359488
0.128620068785716,4.11090621828033,4.111183338057373,-0.00027711977704303337,0.0002658605387104
0.1286200690322544,4.110906218237858,4.111183338057335,-0.00027711981947664555,0.0002658608052017
0.1286200691025899,4.110906218219264,4.11118333805737,-0.0002771198381061879,0.0002658610224641
0.1286200692716405,4.110906218224549,4.111183338057379,-0.0002771198328304081,0.0002658602722175
0.1286200693234346,4.110906218257018,4.111183338057376,-0.00027711980035860506,0.0002658602905383
0.1286200690919358,4.11090621824558,4.1111833380573595,-0.00027711981177969136,0.0002658602363048
0.1286200693650315,4.110906218226265,4.111183338057338,-0.00027711983107359117,0.0002658608462711
0.1286200687973817,4.110906218248323,4.111183338057364,-0.0002771198090405491,0.0002658610359488
0.1286200690533391,4.11090621823885,4.111183338057365,-0.0002771198185147483,0.000265860295005
0.1286200687949469,4.110906218214429,4.111183338057356,-0.00027711984292722036,0.0002658617756858
0.1286200692130541,4.110906218100077,4.111183338057357,-0.0002771199572801919,0.0002658608462711
0.1286200692130541,4.110906218205058,4.111183338057346,-0.0002771198522877327,0.0002658605387104
0.1286200691025899,4.110906218264184,4.1111833380573595,-0.0002771197931759062,0.0002658610224641
0.1286200690484157,4.110906218223379,4.1111833380573675,-0.00027711983398859275,0.0002658620103872
0.1286200688711321,4.110906218278996,4.111183338057341,-0.00027711977834510293,0.0002658610224641
0.1286200687949469,4.110906218108739,4.1111833380573275,-0.0002771199485884779,0.0002658610359488
0.1286200691308835,4.110906218199162,4.111183338057343,-0.00027711985818079654,0.0002658606125664
0.1286200691064573,4.110906218156632,4.111183338057365,-0.00027711990073253645,0.0002658602722175
0.1286200689198613,4.110906218232872,4.111183338057325,-0.00027711982445310923,0.0002658605517821
0.1286200691308835,4.110906218193551,4.111183338057357,-0.0002771198638056305,0.0002658602905383
0.1286200690484157,4.110906218298143,4.111183338057367,-0.00027711975922350973,0.0002658617756858
0.1286200691352324,4.110906218254317,4.111183338057385,-0.0002771198030684374,0.0002658602466982
0.1286200690919358,4.11090621822083,4.1111833380573435,-0.000277119836513684,0.0002658608052017
0.1286200694462345,4.110906218226567,4.111183338057374,-0.00027711983080624947,0.0002658602722175
0.1286200691352324,4.110906218261925,4.111183338057366,-0.00027711979544076115,0.0002658608052017
0.128620068785716,4.11090621830668,4.111183338057358,-0.000277119750677457,0.000265860295005
0.1286200690322544,4.110906218267936,4.111183338057368,-0.00027711978943223414,0.0002658611098237
0.1286200693650315,4.110906218206193,4.111183338057356,-0.00027711985116329885,0.0002658610224641
0.1286200690322544,4.110906218102222,4.111183338057347,-0.00027711995512547105,0.0002658608052017
0.1286200692130541,4.110906218226942,4.111183338057389,-0.0002771198304465372,0.0002658596770356
0.1286200691025899,4.110906218275516,4.111183338057331,-0.000277119781815216,0.0002658602470377
0.1286200689095337,4.110906218164444,4.1111833380573595,-0.0002771198929156782,0.0002658608281509
0.1286200692716405,4.110906218287719,4.1111833380573515,-0.00027711976963207263,0.0002658620103872
0.1286200691352324,4.110906218146213,4.111183338057387,-0.00027711991117396195,0.0002658602722175
0.1286200692130541,4.11090621830427,4.111183338057353,-0.0002771197530835323,0.000265860295005
0.1286200692716405,4.110906218211107,4.111183338057343,-0.000277119846235685,0.000265860295005
0.1286200692130541,4.110906218298238,4.111183338057356,-0.0002771197591178165,0.0002658602905383
0.1286200691064573,4.110906218300841,4.111183338057385,-0.00027711975654387544,0.0002658602363048
0.1286200690533391,4.1109062182088945,4.111183338057341,-0.00027711984844636106,0.0002658608052017
0.1286200690484157,4.110906218214479,4.111183338057365,-0.000277119842885476,0.0002658618429636
0.1286200693009225,4.110906218245804,4.111183338057357,-0.00027711981155320586,0.0002658605387104
0.1286200691025899,4.110906218190489,4.111183338057356,-0.0002771198668671815,0.0002658620103872
0.1286200687696346,4.110906218175285,4.111183338057348,-0.00027711988206302607,0.0002658611098237
0.1286200692750439,4.110906218279597,4.111183338057394,-0.00027711977779709684,0.0002658605517821
0.1286200690533391,4.110906218261389,4.111183338057339,-0.0002771197959496874,0.0002658608281509
0.1286200690533391,4.110906218228457,4.1111833380573595,-0.0002771198289028831,0.0002658600285024
0.128620069359937,4.110906218250687,4.111183338057357,-0.0002771198066700009,0.0002658595413033
0.1286200691308835,4.110906218199113,4.111183338057387,-0.0002771198582740553,0.0002658606125664
0.1286200689095337,4.110906218262795,4.111183338057391,-0.0002771197945952153,0.0002658611098237
0.1286200692130541,4.1109062182135085,4.111183338057354,-0.00027711984384559685,0.0002658602470377
0.1286200690484157,4.110906218249509,4.111183338057372,-0.00027711980786282453,0.0002658608052017
0.1286200688711321,4.110906218134306,4.111183338057383,-0.00027711992307644095,0.0002658608052017
0.1286200691352324,4.110906218264298,4.111183338057339,-0.00027711979304090306,0.0002658608052017
0.1286200691064573,4.110906218296975,4.111183338057365,-0.000277119760389688,0.0002658608052017
0.1286200692750439,4.110906218248859,4.111183338057371,-0.00027711980851208295,0.0002658602905383
0.1286200690484157,4.110906218277806,4.11118333805735,-0.0002771197795441438,0.0002658600845884
0.1286200692130541,4.110906218198954,4.111183338057354,-0.0002771198584001766,0.0002658611098237
0.1286200690484157,4.110906218248305,4.111183338057392,-0.00027711980908762257,0.0002658608281509
0.1286200691308835,4.110906218254169,4.111183338057362,-0.0002771198031927824,0.0002658602466982
0.1286200691308835,4.110906218288927,4.111183338057342,-0.00027711976841438,0.0002658600285024
0.1286200691308835,4.110906218231586,4.111183338057349,-0.0002771198257631724,0.0002658608462711
0.1286200692750439,4.110906218246364,4.111183338057343,-0.0002771198109785544,0.0002658614111018
0.1286200687949469,4.110906218186383,4.111183338057378,-0.0002771198709954348,0.0002658602470377
0.1286200689095337,4.110906218284818,4.111183338057355,-0.00027711977253730424,0.0002658606125664
0.1286200690322544,4.110906218208259,4.111183338057371,-0.0002771198491116067,0.0002658605387104
0.1286200692716405,4.110906218245853,4.111183338057364,-0.0002771198115105733,0.0002658602905383
0.1286200692716405,4.110906218249233,4.11118333805736,-0.0002771198081275017,0.0002658600845884
0.1286200687603389,4.110906218286722,4.111183338057362,-0.00027711977064015514,0.0002658608462711
0.1286200689095337,4.110906218292127,4.111183338057378,-0.0002771197652506885,0.0002658608052017
0.128620068785716,4.110906218216127,4.111183338057376,-0.0002771198412494513,0.0002658617756858
0.1286200687949469,4.110906218247074,4.111183338057351,-0.0002771198102768935,0.0002658608052017
0.1286200691025899,4.110906218264825,4.11118333805736,-0.00027711979253552954,0.0002658600405576
0.1286200692130541,4.1109062180940334,4.111183338057351,-0.0002771199633171406,0.0002658617756858
0.1286200691064573,4.110906218242475,4.111183338057371,-0.00027711981489630944,0.000265860295005
0.1286200691407685,4.110906218267353,4.11118333805734,-0.00027711978998734565,0.0002658606125664
0.1286200689095337,4.110906218101785,4.111183338057337,-0.00027711995555268487,0.0002658610224641
0.1286200693234346,4.110906218159405,4.111183338057398,-0.000277119897992506,0.0002658608462711
0.1286200689100014,4.110906218181655,4.111183338057364,-0.00027711987570899765,0.0002658611660287
0.1286200689198613,4.110906218252001,4.11118333805737,-0.00027711980536881953,0.0002658602905383
0.1286200692750439,4.110906218170347,4.111183338057373,-0.0002771198870261671,0.0002658618429636
0.1286200693650315,4.110906218232333,4.111183338057374,-0.00027711982504108335,0.0002658608281509
0.1286200690484157,4.110906218222306,4.11118333805736,-0.00027711983505440685,0.0002658613638448
0.1286200689100014,4.110906218151266,4.111183338057355,-0.0002771199060891405,0.0002658611660287
0.1286200687973817,4.110906218265097,4.111183338057348,-0.00027711979225131245,0.0002658605387104
0.1286200691308835,4.110906218271011,4.111183338057345,-0.0002771197863342678,0.0002658606803832
0.1286200690484157,4.1109062181543194,4.11118333805736,-0.00027711990304091216,0.0002658620310416
0.1286200692130541,4.110906218212917,4.111183338057372,-0.00027711984445488724,0.0002658600285024
0.1286200690484157,4.110906218159316,4.111183338057373,-0.00027711989805645487,0.0002658611660287
0.1286200687973817,4.110906218240386,4.1111833380573675,-0.00027711981698175236,0.0002658610359488
0.1286200691308835,4.110906218254326,4.11118333805739,-0.00027711980306399653,0.000265860295005
0.1286200691352324,4.110906218267985,4.111183338057378,-0.0002771197893931543,0.0002658608281509
0.1286200690919358,4.11090621826021,4.111183338057369,-0.0002771197971593864,0.0002658608052017
0.1286200689198613,4.110906218218534,4.111183338057373,-0.0002771198388389351,0.0002658602470377
0.1286200689095337,4.110906218130834,4.111183338057338,-0.0002771199265039215,0.0002658620103872
0.1286200693009225,4.110906218191957,4.111183338057354,-0.0002771198653972462,0.0002658608052017
0.1286200691064573,4.110906218255314,4.111183338057374,-0.00027711980205946674,0.0002658608281509
0.1286200692716405,4.110906218177646,4.111183338057365,-0.0002771198797191232,0.0002658602466982
0.1286200689198613,4.110906218256592,4.111183338057358,-0.0002771198007653908,0.0002658614111018
0.1286200689198613,4.110906218274481,4.1111833380573275,-0.00027711978284639116,0.0002658620103872
0.1286200692750439,4.110906218301805,4.111183338057367,-0.0002771197555615501,0.0002658608281509
0.1286200687973817,4.110906218178603,4.111183338057353,-0.00027711987875012056,0.0002658608052017
0.1286200692750439,4.1109062182716425,4.111183338057347,-0.0002771197857045493,0.0002658596770356
0.1286200693009225,4.110906218248457,4.111183338057384,-0.00027711980892775046,0.0002658602470377
0.1286200690919358,4.1109062182505225,4.111183338057402,-0.000277119806879611,0.0002658610224641
0.1286200691025899,4.110906218256058,4.111183338057389,-0.00027711980133116043,0.0002658610224641
0.1286200691407685,4.110906218271514,4.111183338057355,-0.0002771197858413288,0.0002658611098237
0.1286200690919358,4.110906218193167,4.111183338057346,-0.0002771198641795536,0.0002658605387104
0.1286200689198613,4.110906218222908,4.111183338057385,-0.0002771198344770909,0.0002658611660287
0.1286200691025899,4.110906218232364,4.1111833380573595,-0.00027711982499578625,0.0002658610359488
0.1286200689095337,4.110906218252199,4.111183338057349,-0.00027711980514943946,0.000265860295005
0.1286200691308835,4.110906218187576,4.111183338057385,-0.0002771198698088284,0.0002658611098237
0.1286200691025899,4.110906218166157,4.111183338057343,-0.0002771198911855066,0.0002658614600079
0.1286200687973817,4.1109062182317855,4.111183338057334,-0.0002771198255482332,0.0002658618429636
0.1286200690322544,4.1109062181191,4.111183338057329,-0.000277119938229653,0.0002658600845884
0.1286200690533391,4.110906218191192,4.11118333805737,-0.00027711986617795503,0.0002658614600079
0.1286200690484157,4.110906218235939,4.111183338057372,-0.0002771198214333026,0.0002658608052017
0.1286200687603389,4.110906218287527,4.111183338057375,-0.0002771197698479,0.0002658611660287
0.1286200693234346,4.11090621821033,4.111183338057379,-0.0002771198470492564,0.0002658610224641
0.1286200693091989,4.1109062182662965,4.111183338057331,-0.000277119791034508,0.0002658605387104
0.1286200691352324,4.110906218306091,4.111183338057355,-0.00027711975126365473,0.0002658593538532
0.1286200689100014,4.1109062182784575,4.111183338057377,-0.00027711977891975437,0.0002658610359488
0.1286200691025899,4.110906218100296,4.111183338057337,-0.0002771199570412719,0.0002658610224641
0.1286200689095337,4.110906218266353,4.111183338057367,-0.00027711979101319173,0.000265860295005
0.1286200691407685,4.110906218222013,4.111183338057347,-0.00027711983533418305,0.0002658608052017
0.1286200693688851,4.11090621827527,4.111183338057378,-0.0002771197821083149,0.0002658602363048
0.1286200691352324,4.110906218262346,4.111183338057382,-0.0002771197950357518,0.0002658611098237
0.1286200689095337,4.110906218271764,4.111183338057361,-0.0002771197855970797,0.0002658623965811
0.1286200690919358,4.110906218121258,4.111183338057379,-0.0002771199361211174,0.0002658606125664
0.1286200689198613,4.110906218308014,4.111183338057363,-0.00027711974934874206,0.0002658602363048
0.1286200693009225,4.110906218210914,4.111183338057378,-0.00027711984646394683,0.0002658602905383
0.1286200690919358,4.110906218245691,4.111183338057351,-0.0002771198116597873,0.0002658611098237
0.1286200690322544,4.110906218295052,4.111183338057342,-0.00027711976228950164,0.0002658610224641
0.1286200690484157,4.1109062181540965,4.111183338057327,-0.00027711990323009417,0.0002658613638448
0.1286200687846308,4.110906218277054,4.111183338057412,-0.00027711978035771523,0.0002658602905383
0.1286200690322544,4.110906218153889,4.11118333805733,-0.00027711990344148063,0.0002658611660287
0.1286200690533391,4.110906218200629,4.111183338057378,-0.00027711985674905293,0.0002658617756858
0.1286200693091989,4.110906218228145,4.111183338057379,-0.00027711982923417366,0.0002658605517821
0.1286200693009225,4.110906218293899,4.1111833380573755,-0.000277119763476108,0.0002658600845884
0.1286200689100014,4.110906218203345,4.111183338057337,-0.0002771198539921471,0.0002658611098237
0.1286200688711321,4.110906218275376,4.111183338057369,-0.0002771197819928517,0.0002658623211155
0.1286200691064573,4.1109062182150415,4.111183338057392,-0.00027711984235079257,0.0002658602905383
0.1286200687821212,4.110906218202102,4.1111833380573515,-0.00027711985524980776,0.0002658621028331
0.1286200691407685,4.110906218127678,4.111183338057359,-0.0002771199296809357,0.0002658614111018
0.1286200691407685,4.110906218250906,4.111183338057331,-0.00027711980642486367,0.0002658600845884
0.1286200690919358,4.110906218206374,4.111183338057337,-0.0002771198509634587,0.0002658605387104
0.128620068785716,4.1109062182969565,4.111183338057367,-0.0002771197604101161,0.0002658610359488
0.1286200689100014,4.110906218207818,4.111183338057377,-0.0002771198495592486,0.0002658602466982
0.1286200692716405,4.110906218173854,4.111183338057383,-0.00027711988352852046,0.0002658610359488
0.1286200691352324,4.110906218279029,4.111183338057377,-0.00027711977834865564,0.0002658608052017
0.1286200690919358,4.110906218221836,4.11118333805736,-0.00027711983552425323,0.0002658606803832
0.1286200690322544,4.110906218204795,4.111183338057358,-0.00027711985256306804,0.0002658605387104
0.1286200689198613,4.110906218177542,4.111183338057346,-0.00027711987980438835,0.0002658605387104
0.1286200691308835,4.110906218239274,4.1111833380573675,-0.00027711981809375175,0.0002658605517821
0.1286200691308835,4.110906218271102,4.111183338057396,-0.0002771197862942998,0.0002658605517821
0.1286200693091989,4.110906218254022,4.1111833380573515,-0.0002771198033295619,0.0002658605517821
0.1286200690484157,4.110906218124513,4.111183338057345,-0.0002771199328321927,0.000265860295005
0.1286200691407685,4.110906218224769,4.1111833380573675,-0.0002771198325985935,0.0002658596770356
0.1286200693091989,4.110906218199734,4.111183338057338,-0.00027711985760436875,0.0002658610359488
0.1286200688711321,4.110906218195149,4.111183338057365,-0.0002771198622157911,0.0002658611660287
0.1286200692750439,4.110906218280809,4.111183338057342,-0.0002771197765323308,0.0002658605387104
0.1286200688711321,4.110906218253757,4.111183338057374,-0.0002771198036164435,0.0002658610224641
0.1286200693091989,4.110906218127548,4.111183338057382,-0.00027711992983370237,0.0002658608052017
0.1286200691025899,4.110906218251956,4.1111833380573275,-0.00027711980537148406,0.0002658595413033
0.1286200689198613,4.110906218254714,4.111183338057331,-0.0002771198026172428,0.0002658606125664
0.1286200691407685,4.110906218156892,4.11118333805736,-0.00027711990046874746,0.0002658606125664
0.1286200687846308,4.110906218241354,4.111183338057368,-0.00027711981601452607,0.0002658602722175
0.1286200693339135,4.110906218146204,4.111183338057338,-0.0002771199111339939,0.0002658600845884
0.1286200691064573,4.110906218240895,4.111183338057386,-0.0002771198164914779,0.0002658602905383
0.1286200691025899,4.1109062182564635,4.111183338057343,-0.0002771198008790776,0.0002658606803832
0.1286200690484157,4.110906218143621,4.111183338057348,-0.00027711991372658673,0.0002658610224641
0.1286200691308835,4.110906218228854,4.111183338057332,-0.00027711982847833383,0.0002658602363048
0.1286200690533391,4.1109062181573535,4.111183338057353,-0.00027711989999978925,0.0002658613638448
0.1286200691352324,4.110906218259712,4.111183338057382,-0.000277119797670089,0.000265860295005
0.128620068785716,4.110906218245259,4.111183338057383,-0.0002771198121234164,0.0002658611098237
0.1286200690322544,4.110906218252289,4.111183338057347,-0.0002771198050579571,0.0002658605387104
0.1286200690322544,4.1109062182808245,4.111183338057362,-0.00027711977653765985,0.0002658608052017
0.1286200691308835,4.110906218160783,4.111183338057405,-0.0002771198966220467,0.0002658605387104
0.1286200690919358,4.110906218280408,4.111183338057389,-0.0002771197769808609,0.0002658602905383
0.1286200690322544,4.110906218249956,4.111183338057389,-0.0002771198074329462,0.0002658618429636
0.1286200691025899,4.110906218236654,4.111183338057362,-0.000277119820708549,0.0002658613638448
0.1286200687425704,4.110906218191526,4.1111833380573435,-0.0002771198658173546,0.0002658606803832
0.1286200691308835,4.110906218195573,4.111183338057363,-0.00027711986179035364,0.0002658600405576
0.1286200691352324,4.1109062182444545,4.111183338057338,-0.00027711981288369714,0.0002658608052017
0.1286200692750439,4.110906218115278,4.111183338057379,-0.0002771199421012227,0.0002658617756858
0.1286200690919358,4.11090621829238,4.111183338057349,-0.00027711976496913593,0.0002658602470377
0.1286200693234346,4.110906218260495,4.111183338057365,-0.00027711979686984023,0.0002658602466982
0.1286200687949469,4.1109062181861376,4.111183338057369,-0.00027711987123169024,0.0002658605387104
0.1286200687949469,4.1109062183189105,4.111183338057357,-0.00027711973844635196,0.000265860295005
0.1286200689095337,4.1109062182177505,4.111183338057356,-0.00027711983960543307,0.0002658618429636
0.1286200691407685,4.110906218196672,4.111183338057405,-0.00027711986073253314,0.0002658605517821
0.1286200690919358,4.110906218232081,4.111183338057367,-0.0002771198252853324,0.0002658600285024
0.1286200688711321,4.110906218112798,4.111183338057343,-0.00027711994454460154,0.0002658620103872
0.1286200690919358,4.110906218299392,4.111183338057364,-0.00027711975797206634,0.0002658613638448
0.1286200690533391,4.110906218281451,4.111183338057326,-0.00027711977587507874,0.0002658620103872
0.1286200692750439,4.110906218268599,4.111183338057375,-0.0002771197887758703,0.0002658606125664
0.1286200691352324,4.11090621819377,4.111183338057334,-0.00027711986356404594,0.0002658606125664
0.1286200691064573,4.11090621820749,4.1111833380573755,-0.0002771198498852101,0.0002658606125664
0.1286200689100014,4.11090621833119,4.111183338057343,-0.0002771197261521863,0.0002658608281509
0.1286200690322544,4.110906218139244,4.111183338057401,-0.0002771199181568207,0.0002658608052017
0.1286200691407685,4.110906218218131,4.111183338057364,-0.0002771198392332863,0.0002658602905383
0.1286200689100014,4.110906218259622,4.111183338057347,-0.00027711979772515605,0.0002658610224641
0.1286200690484157,4.110906218273053,4.111183338057358,-0.0002771197843047801,0.0002658606803832
0.1286200691025899,4.110906218226963,4.111183338057399,-0.00027711983043676724,0.0002658600845884
0.1286200689100014,4.110906218170601,4.111183338057319,-0.00027711988671796917,0.0002658611098237
0.1286200691352324,4.1109062182521106,4.11118333805736,-0.0002771198052498036,0.0002658610224641
0.1286200693974061,4.110906218218948,4.111183338057371,-0.0002771198384232676,0.0002658602470377
0.1286200687973817,4.110906218224321,4.111183338057363,-0.00027711983304179455,0.0002658610224641
0.1286200691308835,4.110906218158597,4.11118333805736,-0.0002771198987634449,0.0002658605517821
0.1286200692716405,4.110906218228966,4.111183338057353,-0.00027711982838685145,0.0002658610359488
0.1286200692130541,4.110906218280675,4.111183338057365,-0.00027711977668953836,0.0002658602466982
0.1286200687973817,4.110906218215924,4.1111833380573755,-0.00027711984145106783,0.0002658617756858
0.1286200690919358,4.110906218272819,4.111183338057325,-0.00027711978450550845,0.0002658608052017
0.1286200691025899,4.110906218248958,4.111183338057339,-0.00027711980838063255,0.0002658610224641
0.128620069359937,4.110906218163129,4.1111833380573515,-0.00027711989422218863,0.0002658602470377
0.1286200687949469,4.110906218234883,4.111183338057413,-0.00027711982253020295,0.0002658605517821
0.1286200690919358,4.11090621823916,4.1111833380573675,-0.0002771198182074386,0.0002658608052017
0.1286200688711321,4.110906218243919,4.111183338057367,-0.00027711981344769043,0.0002658617756858
0.1286200690919358,4.110906218246942,4.111183338057343,-0.0002771198104003503,0.000265860295005
0.1286200688711321,4.11090621817613,4.1111833380573835,-0.00027711988125389553,0.0002658611660287
0.1286200691025899,4.1109062182396645,4.1111833380573755,-0.00027711981771094685,0.000265860295005
0.1286200690533391,4.110906218260106,4.111183338057354,-0.00027711979724820424,0.0002658610359488
0.1286200693339135,4.110906218249613,4.111183338057353,-0.0002771198077402559,0.0002658606803832
0.1286200691407685,4.1109062181925635,4.111183338057381,-0.0002771198648172657,0.0002658608281509
0.1286200693612195,4.110906218168847,4.1111833380573435,-0.00027711988849610236,0.0002658606125664
0.1286200689100014,4.1109062181732385,4.111183338057342,-0.0002771198841031719,0.0002658611098237
0.1286200689095337,4.110906218232824,4.111183338057351,-0.00027711982452682804,0.0002658610224641
0.1286200690322544,4.110906218262615,4.1111833380573275,-0.00027711979471245485,0.0002658602466982
0.1286200689095337,4.110906218284627,4.111183338057362,-0.00027711977273536803,0.0002658605517821
0.1286200692716405,4.110906218267537,4.111183338057396,-0.0002771197898585598,0.0002658608281509
0.1286200693091989,4.110906218270472,4.111183338057332,-0.00027711978686006944,0.0002658614111018
0.1286200692750439,4.1109062182304745,4.1111833380573435,-0.00027711982686895453,0.0002658605387104
0.1286200693974061,4.110906218222889,4.1111833380573435,-0.0002771198344548864,0.0002658602905383
0.1286200691308835,4.110906218283985,4.111183338057395,-0.00027711977341038363,0.0002658608052017
0.1286200692716405,4.110906218206849,4.1111833380573355,-0.0002771198504865069,0.0002658614600079
0.1286200688711321,4.11090621825017,4.111183338057387,-0.0002771198072171188,0.0002658608281509
0.1286200691064573,4.110906218165657,4.111183338057381,-0.00027711989172374274,0.0002658602905383
0.1286200689095337,4.110906218196714,4.111183338057315,-0.00027711986060108273,0.0002658614111018
0.1286200692130541,4.110906218210012,4.111183338057356,-0.00027711984734413164,0.0002658620103872
0.1286200689100014,4.110906218245758,4.111183338057349,-0.00027711981159050936,0.0002658600405576
0.1286200691025899,4.11090621822679,4.111183338057346,-0.00027711983055578315,0.0002658605517821
0.1286200690533391,4.1109062182073925,4.111183338057343,-0.0002771198499500471,0.0002658605387104
0.1286200690322544,4.110906218211417,4.111183338057368,-0.0002771198459514679,0.0002658602470377
0.1286200690919358,4.110906218297079,4.111183338057329,-0.000277119760250244,0.0002658608462711
0.1286200690322544,4.110906218233837,4.111183338057359,-0.00027711982352141007,0.000265860295005
0.1286200692750439,4.110906218202746,4.111183338057346,-0.00027711985460054933,0.0002658606125664
0.1286200691352324,4.110906218289146,4.111183338057344,-0.00027711976819855266,0.0002658602722175
0.1286200692750439,4.110906218285406,4.111183338057374,-0.0002771197719679819,0.0002658608281509
0.1286200692750439,4.110906218183095,4.111183338057348,-0.0002771198742532732,0.0002658610359488
0.1286200690322544,4.110906218263449,4.111183338057368,-0.0002771197939193115,0.0002658611098237
0.1286200690919358,4.110906218264237,4.111183338057379,-0.0002771197931421554,0.0002658608052017
0.1286200691064573,4.110906218181502,4.111183338057346,-0.0002771198758440008,0.0002658608281509
0.1286200692750439,4.1109062182341685,4.111183338057374,-0.00027711982320521855,0.0002658608462711
0.1286200687973817,4.110906218186634,4.111183338057356,-0.00027711987072187583,0.0002658611660287
0.1286200692716405,4.11090621825365,4.1111833380573675,-0.00027711980371769585,0.0002658600845884
0.1286200689198613,4.1109062182942795,4.111183338057374,-0.0002771197630941913,0.0002658613638448
0.1286200691064573,4.1109062183114515,4.111183338057342,-0.0002771197458901753,0.0002658610224641
0.1286200691308835,4.110906218260616,4.1111833380573355,-0.0002771197967197381,0.0002658610359488
0.1286200693091989,4.110906218299696,4.111183338057349,-0.0002771197576532103,0.0002658606803832
0.1286200691352324,4.110906218121422,4.111183338057351,-0.0002771199359283827,0.0002658608052017
0.1286200690919358,4.110906218099768,4.111183338057396,-0.00027711995762746966,0.0002658606803832
0.1286200693091989,4.110906218294026,4.111183338057359,-0.0002771197633322231,0.0002658608052017
0.1286200693009225,4.110906218220568,4.11118333805737,-0.000277119836802342,0.0002658611098237
0.1286200691025899,4.110906218189911,4.111183338057374,-0.000277119867462261,0.0002658608281509
0.1286200691407685,4.110906218166172,4.111183338057356,-0.00027711989118373026,0.0002658611660287
0.1286200691064573,4.110906218117984,4.111183338057385,-0.0002771199394011603,0.0002658600845884
0.128620068785716,4.110906218298596,4.111183338057351,-0.0002771197587545515,0.0002658610359488
0.1286200691064573,4.110906218259002,4.111183338057367,-0.0002771197983646445,0.0002658606125664
0.1286200689095337,4.110906218253756,4.111183338057373,-0.0002771198036164435,0.0002658602905383
0.1286200690919358,4.110906218153403,4.11118333805737,-0.00027711990396728226,0.0002658602905383
0.1286200693397242,4.110906218201948,4.111183338057361,-0.0002771198554132326,0.0002658602470377
0.1286200690484157,4.110906218182487,4.1111833380573755,-0.0002771198748883208,0.0002658608462711
0.1286200690533391,4.110906218223149,4.111183338057335,-0.00027711983418576835,0.0002658610359488
0.1286200691407685,4.1109062182273055,4.111183338057392,-0.00027711983008682495,0.0002658614111018
0.1286200690533391,4.110906218256961,4.111183338057345,-0.00027711980038436224,0.000265860295005
0.1286200690919358,4.110906218196097,4.11118333805738,-0.00027711986128320376,0.0002658605387104
0.1286200689198613,4.110906218209334,4.11118333805738,-0.0002771198480457926,0.0002658608281509
0.1286200687973817,4.110906218246601,4.111183338057378,-0.0002771198107769379,0.0002658608281509
0.1286200690919358,4.11090621821394,4.111183338057324,-0.00027711984338374407,0.0002658600285024
0.1286200690484157,4.110906218239395,4.111183338057361,-0.00027711981796585405,0.0002658600285024
0.128620068785716,4.110906218270319,4.111183338057328,-0.0002771197870092834,0.0002658610359488
0.1286200691064573,4.110906218196406,4.1111833380573595,-0.00027711986095368957,0.0002658608462711
0.1286200693339135,4.110906218286483,4.1111833380573595,-0.0002771197708764106,0.000265860295005
0.1286200690919358,4.110906218304404,4.111183338057352,-0.0002771197529485292,0.0002658608281509
0.1286200690533391,4.110906218178535,4.111183338057388,-0.00027711987885314926,0.0002658605517821
0.1286200693009225,4.11090621825251,4.111183338057361,-0.0002771198048510115,0.0002658602905383
0.1286200689198613,4.110906218259258,4.1111833380573355,-0.0002771197980777629,0.0002658611098237
0.1286200691308835,4.110906218249327,4.111183338057388,-0.0002771198080608883,0.000265860295005
0.1286200692750439,4.110906218216176,4.111183338057387,-0.00027711984121125965,0.0002658608052017
0.1286200691064573,4.110906218256703,4.111183338057376,-0.0002771198006730202,0.0002658602466982
0.1286200691352324,4.110906218195162,4.111183338057375,-0.0002771198622122384,0.0002658608462711
0.1286200693974061,4.110906218244279,4.111183338057338,-0.00027711981305955646,0.0002658602722175
0.1286200690919358,4.110906218229043,4.111183338057375,-0.0002771198283317844,0.0002658608052017
0.1286200689095337,4.1109062182404745,4.1111833380573675,-0.0002771198168929345,0.0002658624196473
0.1286200689198613,4.110906218214136,4.11118333805738,-0.00027711984324430006,0.000265860295005
0.1286200691025899,4.110906218129845,4.111183338057374,-0.00027711992752887937,0.0002658606803832
0.1286200690919358,4.110906218292507,4.111183338057355,-0.00027711976484834366,0.0002658606125664
0.1286200689100014,4.110906218277637,4.111183338057356,-0.00027711977971911494,0.0002658608281509
0.1286200689100014,4.11090621814747,4.111183338057358,-0.0002771199098878796,0.0002658614600079
0.1286200693234346,4.110906218278987,4.1111833380573595,-0.00027711977837263646,0.0002658602905383
0.1286200693612195,4.110906218226444,4.111183338057337,-0.00027711983089329095,0.0002658605387104
0.1286200689198613,4.11090621827864,4.111183338057329,-0.00027711977868971616,0.0002658610224641
0.1286200691064573,4.110906218216533,4.111183338057364,-0.0002771198408311193,0.0002658605387104
0.1286200691064573,4.1109062181969085,4.111183338057357,-0.00027711986044831605,0.0002658600405576
0.1286200690919358,4.1109062183094665,4.11118333805736,-0.0002771197478939058,0.0002658614111018
0.1286200693650315,4.1109062181784255,4.111183338057345,-0.00027711987891976264,0.0002658598834377
0.1286200691308835,4.110906218319936,4.111183338057387,-0.00027711973745070395,0.000265860295005
0.1286200690484157,4.110906218203287,4.111183338057374,-0.000277119854086294,0.0002658610224641
0.1286200690919358,4.110906218262023,4.111183338057357,-0.00027711979533417974,0.0002658611660287
0.1286200688711321,4.110906218239884,4.111183338057354,-0.0002771198174702505,0.0002658608462711
0.1286200690533391,4.110906218252013,4.111183338057368,-0.00027711980535549685,0.0002658606803832
0.1286200691407685,4.110906218202311,4.1111833380573355,-0.00027711985502421044,0.0002658606125664
0.1286200691308835,4.110906218248911,4.111183338057355,-0.0002771198084436932,0.0002658602722175
0.1286200690322544,4.110906218227553,4.111183338057381,-0.00027711982982747685,0.000265860295005
0.1286200689095337,4.110906218269897,4.111183338057378,-0.00027711978748090615,0.0002658606125664
0.1286200692130541,4.110906218243174,4.111183338057353,-0.00027711981417954945,0.0002658602363048
0.1286200693009225,4.110906218258145,4.111183338057353,-0.000277119799208414,0.0002658602466982
0.1286200693612195,4.110906218241938,4.111183338057347,-0.0002771198154087884,0.0002658600405576
0.1286200690919358,4.110906218264004,4.111183338057354,-0.00027711979334998915,0.0002658606803832
0.1286200692750439,4.110906218211289,4.111183338057353,-0.00027711984606426654,0.0002658605387104
0.1286200691407685,4.11090621821457,4.1111833380573675,-0.0002771198427975463,0.000265860295005
0.1286200693091989,4.110906218243248,4.11118333805738,-0.0002771198141315878,0.0002658602905383
0.1286200690919358,4.110906218158742,4.1111833380573515,-0.00027711989860979003,0.0002658602470377
0.1286200691407685,4.110906218258926,4.111183338057349,-0.0002771197984223761,0.0002658605387104
0.1286200690484157,4.110906218226787,4.111183338057351,-0.00027711983056377676,0.0002658610224641
0.1286200687846308,4.110906218089976,4.111183338057346,-0.00027711996736989875,0.0002658617756858
0.1286200691407685,4.110906218288955,4.111183338057383,-0.0002771197684277027,0.000265860295005
0.1286200687821212,4.110906218273518,4.111183338057364,-0.0002771197838455919,0.0002658611098237
0.1286200687973817,4.110906218187999,4.111183338057369,-0.00027711986937006827,0.0002658620103872
0.1286200687846308,4.110906218304524,4.111183338057378,-0.0002771197528543823,0.0002658606803832
0.1286200692130541,4.1109062182019365,4.111183338057382,-0.000277119855445207,0.0002658608052017
0.1286200691025899,4.110906218233936,4.111183338057374,-0.0002771198234379213,0.0002658608281509
0.1286200687973817,4.110906218180733,4.111183338057365,-0.00027711987663181503,0.0002658610359488
0.1286200690322544,4.110906218211571,4.111183338057412,-0.0002771198458404456,0.0002658606803832
0.1286200688711321,4.110906218256712,4.111183338057376,-0.00027711980066413844,0.0002658606125664
0.1286200692716405,4.110906218230135,4.111183338057384,-0.0002771198272490949,0.000265860295005
0.128620068785716,4.110906218275334,4.111183338057339,-0.0002771197820052862,0.000265860295005
0.1286200691064573,4.110906218205937,4.111183338057346,-0.00027711985140932427,0.0002658620103872
0.1286200687949469,4.110906218253729,4.111183338057361,-0.0002771198036324307,0.0002658606125664
0.1286200689100014,4.110906218221121,4.111183338057366,-0.00027711983624456593,0.0002658606803832
0.1286200693091989,4.110906218244339,4.111183338057371,-0.00027711981303202293,0.0002658602466982
0.1286200690919358,4.110906218295817,4.111183338057348,-0.00027711976153099727,0.0002658608052017
0.1286200687949469,4.110906218268041,4.111183338057356,-0.0002771197893149946,0.0002658610359488
0.1286200691352324,4.110906218233669,4.111183338057382,-0.00027711982371236843,0.0002658602905383
0.1286200690322544,4.1109062182132226,4.111183338057341,-0.0002771198441182676,0.0002658608281509
0.1286200691308835,4.1109062182758125,4.11118333805737,-0.0002771197815576443,0.0002658610224641
0.1286200690322544,4.110906218241652,4.111183338057392,-0.00027711981574007893,0.0002658602470377
0.1286200689198613,4.11090621823374,4.1111833380573835,-0.0002771198236430905,0.0002658606803832
0.1286200693091989,4.110906218254441,4.111183338057347,-0.00027711980290590077,0.0002658600845884
0.1286200691352324,4.110906218254944,4.111183338057354,-0.0002771198024102972,0.0002658610359488
0.1286200692130541,4.110906218110254,4.111183338057356,-0.0002771199471016672,0.0002658608281509
0.1286200690484157,4.110906218230015,4.111183338057334,-0.0002771198273183728,0.0002658606125664
0.1286200687973817,4.110906218240269,4.11118333805736,-0.0002771198170909983,0.0002658602722175
0.1286200689198613,4.110906218217197,4.111183338057383,-0.0002771198401854136,0.0002658602905383
0.1286200690533391,4.110906218284358,4.11118333805739,-0.0002771197730320196,0.0002658608052017
0.1286200691308835,4.110906218207819,4.111183338057411,-0.0002771198495921112,0.0002658606125664
0.1286200690919358,4.110906218240805,4.111183338057356,-0.00027711981655098583,0.0002658613638448
0.1286200691352324,4.110906218250361,4.111183338057371,-0.00027711980701017325,0.0002658602466982
0.1286200690484157,4.110906218149319,4.1111833380573595,-0.0002771199080404685,0.0002658606125664
0.1286200689100014,4.11090621824139,4.11118333805738,-0.00027711981598965707,0.0002658602905383
0.1286200692716405,4.110906218286122,4.111183338057332,-0.0002771197712103657,0.0002658620310416
0.1286200691407685,4.110906218227079,4.111183338057384,-0.00027711983030531684,0.0002658605517821
0.1286200687821212,4.110906218176827,4.111183338057312,-0.0002771198804856212,0.0002658608462711
0.1286200691407685,4.110906218237815,4.111183338057384,-0.0002771198195690161,0.0002658605387104
0.1286200691025899,4.110906218186521,4.111183338057358,-0.00027711987083645084,0.0002658600285024
0.1286200687973817,4.110906218181732,4.111183338057383,-0.0002771198756503779,0.0002658608281509
0.1286200690919358,4.11090621829351,4.111183338057365,-0.000277119763854472,0.0002658608052017
0.1286200690484157,4.110906218264827,4.111183338057377,-0.0002771197925506286,0.0002658614111018
0.1286200690484157,4.110906218226267,4.111183338057376,-0.0002771198311091183,0.000265860295005
0.1286200693009225,4.1109062182668925,4.1111833380573914,-0.0002771197904989364,0.0002658606125664
0.1286200691025899,4.110906218246053,4.1111833380573595,-0.00027711981130629226,0.0002658606803832
0.128620068785716,4.11090621826923,4.111183338057363,-0.0002771197881328291,0.0002658606125664
0.1286200690484157,4.110906218188062,4.111183338057368,-0.0002771198693061194,0.0002658608052017
0.1286200689198613,4.110906218107053,4.111183338057339,-0.00027711995028578684,0.0002658624196473
0.1286200690322544,4.110906218210848,4.111183338057356,-0.00027711984650835575,0.0002658620310416
0.1286200690322544,4.110906218236981,4.111183338057344,-0.0002771198203630476,0.0002658602905383
0.1286200687973817,4.110906218264979,4.11118333805734,-0.0002771197923605584,0.0002658606125664
0.1286200692130541,4.110906218265435,4.111183338057361,-0.00027711979192623915,0.0002658605387104
0.1286200691308835,4.110906218208145,4.111183338057331,-0.0002771198491862137,0.0002658611098237
0.1286200692130541,4.110906218261793,4.111183338057338,-0.0002771197955455662,0.0002658608462711
0.1286200691308835,4.110906218215361,4.111183338057332,-0.0002771198419706522,0.0002658602905383
0.1286200689100014,4.1109062183026355,4.111183338057364,-0.00027711975472843875,0.0002658608462711
0.1286200687696346,4.110906218320929,4.11118333805735,-0.000277119736420417,0.0002658613638448
0.1286200689198613,4.110906218317092,4.111183338057378,-0.00027711974028576947,0.0002658598834377
0.1286200687973817,4.110906218147895,4.111183338057339,-0.0002771199094437904,0.0002658611660287
0.1286200689198613,4.110906218197159,4.111183338057391,-0.0002771198602316005,0.0002658608281509
0.1286200689095337,4.110906218170218,4.111183338057362,-0.0002771198871442948,0.0002658598834377
0.1286200691064573,4.110906218291965,4.111183338057357,-0.00027711976539190886,0.000265860295005
0.1286200692750439,4.110906218263042,4.111183338057352,-0.00027711979431011,0.0002658600285024
0.1286200690484157,4.110906218089778,4.111183338057375,-0.00027711996759638424,0.0002658608462711
0.1286200689198613,4.110906218262889,4.111183338057347,-0.0002771197944584358,0.0002658602466982
0.1286200692130541,4.1109062182408795,4.11118333805738,-0.00027711981650035966,0.0002658605387104
0.1286200690919358,4.110906218275006,4.111183338057358,-0.0002771197823516758,0.0002658596770356
0.1286200689095337,4.110906218269157,4.11118333805735,-0.00027711978819233707,0.0002658608052017
0.1286200693091989,4.110906218192603,4.111183338057345,-0.0002771198647426587,0.0002658606803832
0.128620068785716,4.110906218240749,4.111183338057337,-0.0002771198165882893,0.0002658608281509
0.1286200693009225,4.110906218180513,4.111183338057376,-0.0002771198768636296,0.0002658605517821
0.128620068785716,4.110906218274994,4.111183338057343,-0.00027711978234901125,0.0002658608462711
0.1286200691308835,4.110906218157094,4.111183338057358,-0.00027711990026357824,0.0002658602722175
0.1286200692130541,4.110906218236921,4.111183338057367,-0.0002771198204456482,0.0002658606803832
0.1286200690533391,4.110906218167492,4.111183338057359,-0.00027711988986656166,0.000265860295005
0.1286200692716405,4.11090621826726,4.11118333805738,-0.00027711979011968424,0.0002658610224641
0.1286200691064573,4.110906218231842,4.111183338057373,-0.00027711982553046965,0.000265860295005
0.1286200691064573,4.11090621821947,4.111183338057378,-0.0002771198379081241,0.0002658606125664
0.1286200691025899,4.110906218242609,4.111183338057361,-0.00027711981475242453,0.0002658608052017
0.1286200691064573,4.110906218220229,4.1111833380573435,-0.0002771198371140926,0.0002658602466982
0.1286200692130541,4.110906218218588,4.111183338057354,-0.00027711983876610446,0.0002658614111018
0.1286200692716405,4.110906218233395,4.111183338057388,-0.0002771198239930328,0.0002658611098237
0.1286200687973817,4.110906218174097,4.111183338057356,-0.0002771198832585142,0.0002658608052017
0.1286200687384193,4.110906218294958,4.111183338057368,-0.0002771197624102939,0.0002658610224641
0.1286200690322544,4.1109062182457,4.111183338057361,-0.00027711981166156363,0.0002658610359488
0.1286200693234346,4.1109062181902996,4.111183338057338,-0.0002771198670385999,0.0002658602905383
0.1286200687453511,4.110906218224678,4.111183338057364,-0.000277119832685635,0.0002658618429636
0.1286200690322544,4.110906218280103,4.111183338057403,-0.00027711977729971693,0.0002658602466982
0.1286200691064573,4.110906218301715,4.111183338057341,-0.00027711975562549895,0.0002658606803832
0.1286200691308835,4.11090621828166,4.111183338057349,-0.0002771197756885613,0.0002658608281509
0.1286200690484157,4.110906218204019,4.111183338057381,-0.00027711985336154044,0.0002658608462711
0.1286200693009225,4.1109062182341,4.11118333805737,-0.0002771198232700556,0.0002658606803832
0.1286200692750439,4.110906218142063,4.111183338057342,-0.0002771199152791226,0.0002658605387104
0.1286200690322544,4.1109062182885205,4.11118333805738,-0.0002771197688593574,0.0002658618429636
0.1286200692130541,4.110906218252008,4.111183338057358,-0.0002771198053492796,0.0002658610224641
0.1286200691308835,4.1109062181065825,4.1111833380573914,-0.00027711995080892393,0.0002658605387104
0.1286200687973817,4.110906218276928,4.1111833380573835,-0.00027711978045541485,0.0002658611098237
0.1286200692716405,4.110906218193088,4.111183338057341,-0.0002771198642523842,0.0002658605517821
0.1286200691025899,4.110906218305681,4.111183338057353,-0.0002771197516722168,0.000265860295005
0.1286200691308835,4.1109062182720475,4.111183338057343,-0.00027711978529509906,0.0002658611098237
0.1286200690533391,4.110906218283232,4.111183338057365,-0.0002771197741324727,0.0002658602722175
0.1286200690322544,4.1109062182142475,4.111183338057385,-0.00027711984313771865,0.0002658611098237
0.1286200691407685,4.110906218247379,4.111183338057354,-0.0002771198099749128,0.0002658606125664
0.1286200691352324,4.110906218237167,4.11118333805736,-0.00027711982019340553,0.0002658617756858
0.1286200691308835,4.110906218207108,4.111183338057329,-0.00027711985022094154,0.0002658610359488
0.1286200691064573,4.11090621813292,4.1111833380573914,-0.00027711992447176925,0.0002658608462711
0.1286200691025899,4.110906218231631,4.111183338057404,-0.00027711982577294236,0.0002658606125664
0.1286200691308835,4.11090621804997,4.111183338057379,-0.0002771200074089819,0.0002658611098237
0.1286200691064573,4.110906218213373,4.1111833380573835,-0.00027711984401079803,0.0002658596770356
0.1286200691352324,4.110906218275555,4.1111833380573755,-0.0002771197818205451,0.0002658610224641
0.1286200690919358,4.110906218171683,4.111183338057378,-0.0002771198856947876,0.0002658606125664
0.1286200689198613,4.110906218264289,4.111183338057389,-0.00027711979309952284,0.0002658608052017
0.1286200693397242,4.110906218206267,4.111183338057347,-0.0002771198510798101,0.0002658611098237
0.1286200691064573,4.110906218116691,4.111183338057394,-0.00027711994070322987,0.0002658608052017
0.1286200690322544,4.11090621813594,4.111183338057352,-0.0002771199214119946,0.000265860295005
0.1286200690484157,4.110906218208492,4.1111833380573675,-0.00027711984887535124,0.0002658608052017
0.1286200690322544,4.110906218143415,4.111183338057344,-0.0002771199139290914,0.0002658623965811
0.1286200694426028,4.110906218283529,4.111183338057347,-0.0002771197738180575,0.0002658605517821
0.1286200689198613,4.110906218270475,4.111183338057391,-0.0002771197869151365,0.0002658602466982
0.1286200689198613,4.1109062182381635,4.111183338057352,-0.00027711981918887574,0.000265860295005
0.1286200692750439,4.110906218230569,4.11118333805737,-0.000277119826801453,0.0002658605517821
0.1286200691025899,4.110906218248409,4.111183338057356,-0.0002771198089472904,0.0002658610224641
0.1286200690533391,4.11090621817099,4.1111833380573595,-0.0002771198863698032,0.0002658600845884
0.1286200693009225,4.110906218203471,4.111183338057347,-0.00027711985387579574,0.0002658600845884
0.1286200694426028,4.110906218189387,4.1111833380573595,-0.00027711986797207544,0.0002658611660287
0.1286200691064573,4.110906218182318,4.111183338057373,-0.00027711987505441016,0.0002658614600079
0.1286200691064573,4.110906218184494,4.111183338057337,-0.0002771198728428459,0.0002658614600079
0.1286200689100014,4.110906218307054,4.111183338057413,-0.0002771197503586009,0.0002658606803832
0.1286200689198613,4.110906218220785,4.111183338057391,-0.00027711983660516637,0.0002658600845884
0.1286200690322544,4.110906218245857,4.111183338057343,-0.0002771198114857043,0.0002658602905383
0.1286200690533391,4.110906218212136,4.1111833380573595,-0.0002771198452231616,0.0002658610359488
0.1286200692130541,4.110906218256884,4.111183338057344,-0.0002771198004607456,0.0002658605387104
0.1286200690533391,4.11090621814888,4.111183338057363,-0.00027711990848278134,0.0002658605387104
0.1286200691025899,4.110906218212784,4.11118333805738,-0.0002771198445961076,0.0002658608462711
0.1286200690322544,4.11090621818343,4.111183338057368,-0.0002771198739379699,0.000265860295005
0.1286200691064573,4.110906218253705,4.111183338057345,-0.0002771198036404243,0.0002658608281509
0.1286200687846308,4.110906218211856,4.111183338057331,-0.00027711984547540425,0.0002658608281509
0.1286200693009225,4.1109062182571385,4.111183338057348,-0.0002771198002093911,0.0002658602363048
0.1286200691407685,4.110906218156683,4.111183338057381,-0.0002771199006978975,0.0002658611660287
0.1286200691352324,4.110906218163551,4.111183338057359,-0.0002771198938074093,0.0002658600405576
0.1286200691064573,4.110906218236531,4.1111833380573675,-0.0002771198208364467,0.0002658602722175
0.1286200693091989,4.110906218203503,4.111183338057358,-0.00027711985385447946,0.0002658602905383
0.1286200690919358,4.110906218283376,4.111183338057328,-0.00027711977395217247,0.0002658602722175
0.1286200693091989,4.110906218259101,4.11118333805735,-0.00027711979824829314,0.0002658605517821
0.1286200692130541,4.110906218209606,4.111183338057392,-0.0002771198477864445,0.0002658608052017
0.1286200690533391,4.110906218268178,4.111183338057357,-0.0002771197891791033,0.0002658623211155
0.1286200693009225,4.11090621822066,4.111183338057374,-0.00027711983671352414,0.0002658602905383
0.1286200692130541,4.1109062182888145,4.111183338057327,-0.00027711976851207965,0.0002658608281509
0.1286200691407685,4.110906218282752,4.111183338057342,-0.00027711977458988457,0.0002658610224641
0.1286200693612195,4.110906218134351,4.111183338057333,-0.00027711992298140586,0.0002658608281509
0.1286200691064573,4.1109062182909435,4.111183338057379,-0.0002771197664355185,0.0002658610359488
0.1286200692750439,4.110906218242144,4.111183338057333,-0.00027711981518852014,0.0002658602722175
0.1286200687973817,4.110906218228605,4.111183338057351,-0.00027711982874567553,0.0002658606125664
0.1286200691407685,4.110906218155404,4.111183338057363,-0.00027711990195911085,0.0002658610224641
0.1286200691308835,4.110906218258894,4.111183338057375,-0.0002771197984809959,0.0002658602363048
0.1286200691064573,4.110906218203212,4.111183338057353,-0.0002771198541413611,0.0002658605517821
0.1286200693612195,4.110906218152161,4.111183338057343,-0.00027711990518142215,0.0002658610224641
0.1286200690484157,4.110906218215451,4.111183338057352,-0.0002771198419013743,0.0002658606125664
0.1286200693009225,4.110906218245785,4.11118333805735,-0.0002771198115647522,0.0002658602470377
0.1286200690533391,4.110906218275922,4.11118333805737,-0.00027711978144839833,0.0002658610224641
0.1286200689100014,4.1109062182293785,4.111183338057358,-0.00027711982797917756,0.0002658608462711
0.1286200691064573,4.110906218245624,4.1111833380573675,-0.00027711981174327605,0.0002658608052017
0.1286200689100014,4.110906218208491,4.111183338057357,-0.0002771198488655813,0.0002658614111018
0.128620068785716,4.11090621826405,4.111183338057379,-0.00027711979332867287,0.0002658608052017
0.128620068785716,4.110906218268228,4.111183338057387,-0.0002771197891586752,0.0002658606803832
0.1286200691352324,4.110906218216695,4.111183338057346,-0.00027711984065081907,0.000265860295005
0.1286200692716405,4.110906218307755,4.111183338057354,-0.0002771197495992084,0.0002658605517821
0.1286200687821212,4.110906218116148,4.111183338057347,-0.00027711994119883343,0.0002658611098237
0.1286200691352324,4.110906218274232,4.111183338057374,-0.0002771197831412664,0.0002658605517821
0.1286200691064573,4.1109062181650105,4.111183338057338,-0.00027711989232770406,0.0002658610224641
0.1286200693091989,4.110906218211566,4.111183338057354,-0.00027711984578804305,0.0002658606125664
0.1286200692716405,4.110906218169988,4.1111833380573515,-0.0002771198873636749,0.0002658602470377
0.1286200691308835,4.110906218202165,4.111183338057389,-0.0002771198552240506,0.0002658610359488
0.1286200689095337,4.110906218100172,4.111183338057358,-0.000277119957186045,0.0002658606803832
0.1286200693339135,4.110906218250693,4.111183338057379,-0.0002771198066859881,0.0002658613638448
0.1286200691064573,4.110906218222217,4.111183338057377,-0.0002771198351601001,0.0002658602466982
0.1286200689095337,4.110906218208125,4.111183338057391,-0.00027711984926526156,0.0002658610224641
0.1286200693009225,4.11090621827022,4.1111833380573675,-0.00027711978714783925,0.0002658598834377
0.128620068785716,4.1109062182044,4.111183338057324,-0.0002771198529236685,0.0002658617756858
0.1286200693091989,4.110906218255262,4.111183338057342,-0.00027711980207989484,0.0002658605387104
0.1286200690533391,4.110906218258446,4.1111833380573914,-0.0002771197989455132,0.0002658605387104
0.1286200691308835,4.110906218259327,4.111183338057393,-0.00027711979806621656,0.0002658606803832
0.1286200691025899,4.110906218125664,4.111183338057352,-0.0002771199316882189,0.0002658610359488
0.1286200689095337,4.11090621812786,4.111183338057364,-0.0002771199295041882,0.0002658610359488
0.1286200687109183,4.110906218240349,4.1111833380573595,-0.0002771198170101741,0.0002658621028331
0.1286200690919358,4.110906218222053,4.111183338057381,-0.0002771198353279658,0.0002658608281509
0.1286200693339135,4.11090621826645,4.1111833380573755,-0.00027711979092526207,0.0002658600845884
0.1286200693612195,4.110906218218123,4.111183338057379,-0.00027711983925637895,0.0002658602905383
0.1286200693397242,4.1109062182654394,4.111183338057376,-0.0002771197919368973,0.000265860295005
0.1286200689095337,4.110906218204249,4.11118333805738,-0.00027711985313061405,0.000265860295005
0.1286200692750439,4.110906218189602,4.111183338057371,-0.0002771198677686826,0.0002658605387104
0.1286200692716405,4.110906218243856,4.111183338057364,-0.00027711981350808657,0.0002658606803832
0.1286200693091989,4.110906218258257,4.111183338057358,-0.0002771197991009444,0.0002658605387104
0.1286200693397242,4.110906218290181,4.1111833380573435,-0.00027711976716204845,0.0002658590053547
0.1286200693009225,4.110906218176833,4.111183338057329,-0.00027711988049627934,0.0002658611098237
0.1286200691064573,4.1109062182409986,4.111183338057397,-0.00027711981639821914,0.0002658606803832
0.1286200690919358,4.110906218288445,4.111183338057368,-0.00027711976892330625,0.0002658617756858
0.1286200687949469,4.110906218200109,4.111183338057354,-0.00027711985724554467,0.0002658605387104
0.1286200689100014,4.1109062182382266,4.111183338057382,-0.00027711981915512496,0.0002658608281509
0.1286200691308835,4.110906218279979,4.111183338057363,-0.0002771197773840939,0.0002658602470377
0.1286200692130541,4.110906218258969,4.111183338057328,-0.00027711979835931544,0.0002658608281509
0.1286200690533391,4.1109062182506095,4.1111833380573675,-0.0002771198067579306,0.0002658602363048
0.1286200690919358,4.110906218302718,4.111183338057407,-0.0002771197546893589,0.0002658608281509
0.1286200690533391,4.110906218280259,4.11118333805738,-0.00027711977712119307,0.0002658605387104
0.1286200690533391,4.110906218208237,4.111183338057364,-0.00027711984912670573,0.0002658602466982
0.1286200691407685,4.110906218200548,4.111183338057392,-0.000277119856844088,0.0002658608281509
0.1286200690919358,4.110906218261866,4.111183338057314,-0.0002771197954478666,0.0002658602363048
0.1286200689198613,4.11090621820965,4.111183338057328,-0.00027711984767808673,0.0002658617756858
0.1286200691025899,4.110906218152062,4.111183338057397,-0.000277119905335077,0.0002658614111018
0.1286200692750439,4.110906218186909,4.11118333805736,-0.0002771198704509814,0.0002658606125664
0.1286200691352324,4.110906218186998,4.111183338057369,-0.00027711987037104535,0.0002658608462711
0.1286200690919358,4.1109062182917,4.111183338057346,-0.0002771197656459279,0.0002658606803832
0.1286200693234346,4.1109062182914045,4.111183338057393,-0.00027711976598876475,0.0002658602466982
0.1286200691025899,4.11090621804443,4.111183338057382,-0.0002771200129521034,0.0002658610224641
0.1286200690484157,4.110906218297121,4.111183338057366,-0.0002771197602449149,0.0002658602722175
0.1286200691025899,4.110906218139211,4.111183338057369,-0.00027711991815859705,0.0002658608281509
0.1286200687949469,4.110906218285302,4.111183338057391,-0.00027711977208877414,0.0002658608052017
0.1286200691064573,4.110906218091787,4.1111833380573835,-0.00027711996559620644,0.0002658614111018
0.1286200689198613,4.110906218203087,4.111183338057359,-0.0002771198542719233,0.0002658610359488
0.1286200690919358,4.1109062182533815,4.111183338057404,-0.00027711980402234104,0.0002658600285024
0.1286200692716405,4.110906218085759,4.111183338057329,-0.0002771199715700945,0.0002658606125664
0.1286200691308835,4.110906218169285,4.111183338057346,-0.00027711988806089494,0.0002658605517821
0.1286200692750439,4.110906218277109,4.111183338057347,-0.00027711978023781114,0.0002658605387104
0.1286200689198613,4.110906218220035,4.111183338057326,-0.0002771198372908401,0.0002658614111018
0.1286200692130541,4.11090621823834,4.111183338057357,-0.0002771198190165691,0.0002658597675085
0.1286200693612195,4.110906218250665,4.11118333805739,-0.000277119806725068,0.0002658611098237
0.1286200692716405,4.1109062182454705,4.111183338057393,-0.0002771198119226881,0.0002658602722175
0.1286200691352324,4.1109062181972735,4.111183338057332,-0.0002771198600584057,0.0002658610359488
0.1286200690484157,4.110906218247416,4.111183338057363,-0.0002771198099473793,0.0002658608052017
0.1286200691308835,4.110906218163061,4.111183338057334,-0.0002771198942728148,0.0002658614600079
0.1286200690484157,4.110906218275649,4.1111833380573435,-0.00027711978169442375,0.0002658606803832
0.1286200693234346,4.110906218254219,4.111183338057335,-0.0002771198031155109,0.0002658608462711
0.1286200687846308,4.110906218220727,4.111183338057339,-0.0002771198366122718,0.0002658611660287
0.128620068785716,4.110906218280499,4.111183338057364,-0.0002771197768645095,0.000265860295005
0.1286200692750439,4.110906218293945,4.111183338057353,-0.00027711976340860645,0.0002658606803832
0.1286200692130541,4.110906218321075,4.1111833380573755,-0.0002771197363005129,0.0002658608052017
0.1286200692716405,4.110906218272104,4.111183338057368,-0.0002771197852640128,0.0002658608281509
0.1286200690484157,4.110906218237445,4.111183338057347,-0.000277119819902083,0.0002658608462711
0.1286200687317397,4.110906218146223,4.111183338057344,-0.0002771199111215594,0.0002658613638448
0.1286200690484157,4.110906218122837,4.111183338057346,-0.0002771199345090736,0.0002658610224641
0.1286200690322544,4.110906218163925,4.1111833380573515,-0.00027711989342638077,0.0002658613638448
0.1286200689100014,4.110906218264349,4.111183338057349,-0.00027711979300004685,0.0002658608281509
0.1286200690322544,4.110906218221821,4.111183338057328,-0.00027711983550737784,0.0002658605387104
0.1286200692750439,4.110906218216311,4.11118333805735,-0.00027711984103895304,0.0002658602470377
0.1286200690919358,4.110906218275899,4.111183338057376,-0.0002771197814777082,0.000265860295005
0.1286200690919358,4.11090621817726,4.111183338057358,-0.0002771198800974872,0.0002658605517821
0.1286200691308835,4.110906218140618,4.111183338057307,-0.00027711991668866176,0.0002658613638448
0.1286200691025899,4.110906218137036,4.111183338057381,-0.00027711992034440414,0.0002658610359488
0.1286200692750439,4.110906218133963,4.111183338057364,-0.0002771199234006261,0.0002658602466982
0.1286200690322544,4.110906218258824,4.1111833380573435,-0.00027711979851918755,0.0002658606803832
0.1286200693339135,4.110906218143186,4.111183338057372,-0.000277119914185775,0.0002658605387104
0.1286200689095337,4.110906218186045,4.1111833380573835,-0.00027711987133827165,0.0002658611660287
0.1286200688711321,4.110906218171491,4.1111833380573515,-0.000277119885860877,0.0002658608052017
0.1286200691352324,4.110906218262814,4.111183338057343,-0.0002771197945286019,0.0002658605517821
0.1286200691025899,4.110906218273649,4.111183338057375,-0.0002771197837256878,0.0002658605517821
0.1286200690484157,4.110906218292322,4.111183338057363,-0.0002771197650410784,0.0002658617756858
0.1286200689100014,4.110906218233036,4.1111833380573675,-0.0002771198243314288,0.0002658608281509
0.1286200687949469,4.110906218293182,4.111183338057364,-0.00027711976418220985,0.0002658621028331
0.1286200691064573,4.110906218264246,4.111183338057361,-0.00027711979311551005,0.0002658610224641
0.1286200693612195,4.110906218213992,4.111183338057332,-0.0002771198433402233,0.0002658602722175
0.1286200691407685,4.110906218277451,4.111183338057345,-0.0002771197798940861,0.0002658605517821
0.1286200691352324,4.110906218159509,4.111183338057345,-0.0002771198978361866,0.0002658610224641
0.1286200691064573,4.110906218223904,4.111183338057351,-0.0002771198334468039,0.0002658608281509
0.1286200690322544,4.110906218221077,4.1111833380573675,-0.0002771198362907512,0.0002658608052017
0.1286200690484157,4.1109062182069165,4.111183338057347,-0.00027711985043055165,0.0002658606125664
0.1286200690484157,4.11090621818586,4.111183338057347,-0.00027711987148659745,0.0002658614111018
0.1286200690919358,4.110906218253083,4.1111833380573675,-0.0002771198042843537,0.0002658606125664
0.1286200689198613,4.110906218181849,4.111183338057336,-0.00027711987548695305,0.0002658614111018
0.1286200692130541,4.110906218167276,4.111183338057362,-0.00027711989008594173,0.0002658614111018
0.1286200688711321,4.110906218299363,4.111183338057361,-0.0002771197579978235,0.0002658605387104
0.1286200692130541,4.1109062181902996,4.111183338057371,-0.0002771198670714625,0.0002658605387104
0.1286200691308835,4.110906218240008,4.11118333805735,-0.0002771198173414646,0.0002658608052017
0.1286200687973817,4.1109062182006815,4.1111833380573355,-0.00027711985665401784,0.0002658620310416
0.1286200691352324,4.11090621822155,4.111183338057343,-0.0002771198357924831,0.0002658611098237
0.1286200689100014,4.110906218289715,4.111183338057359,-0.00027711976764344115,0.0002658606125664
0.1286200691308835,4.110906218198932,4.1111833380573355,-0.0002771198584037293,0.0002658608052017
0.1286200691352324,4.110906218304336,4.111183338057349,-0.00027711975301247804,0.0002658602722175
0.1286200689100014,4.110906218212768,4.111183338057364,-0.0002771198445961076,0.0002658606803832
0.1286200689198613,4.110906218162828,4.111183338057363,-0.00027711989453482744,0.0002658608281509
0.1286200691308835,4.110906218242336,4.111183338057376,-0.00027711981504019434,0.0002658600845884
0.1286200689095337,4.110906218258581,4.111183338057363,-0.00027711979878208837,0.0002658605517821
0.1286200691407685,4.1109062182536675,4.111183338057336,-0.00027711980366884603,0.0002658605517821
0.1286200692716405,4.1109062182024365,4.111183338057339,-0.00027711985490253,0.0002658608052017
0.1286200690919358,4.110906218231985,4.111183338057377,-0.0002771198253919138,0.0002658608052017
0.1286200693234346,4.110906218253968,4.111183338057345,-0.0002771198033775235,0.0002658610359488
0.1286200687949469,4.110906218199913,4.111183338057355,-0.0002771198574418321,0.0002658610359488
0.1286200693091989,4.110906218234215,4.111183338057366,-0.00027711982315103967,0.0002658602722175
0.1286200690322544,4.110906218240748,4.11118333805734,-0.00027711981659184204,0.0002658610224641
0.1286200690322544,4.110906218246419,4.111183338057343,-0.00027711981092348736,0.0002658610359488
0.1286200693612195,4.110906218114307,4.111183338057396,-0.0002771199430888771,0.0002658605517821
0.128620068785716,4.1109062182725635,4.111183338057394,-0.00027711978483058175,0.0002658608052017
0.1286200687846308,4.11090621826141,4.11118333805737,-0.00027711979596034553,0.0002658606125664
0.1286200691064573,4.110906218178221,4.111183338057348,-0.0002771198791267082,0.0002658606803832
0.1286200688711321,4.110906218277551,4.111183338057381,-0.00027711977983013725,0.0002658605517821
0.1286200687973817,4.110906218301098,4.111183338057387,-0.00027711975628896823,0.0002658602466982
0.1286200693234346,4.11090621820767,4.111183338057355,-0.00027711984968536996,0.0002658614111018
0.1286200691064573,4.110906218291122,4.1111833380573755,-0.0002771197662534419,0.0002658610224641
0.1286200691025899,4.110906218202652,4.111183338057335,-0.00027711985468226175,0.0002658602905383
0.1286200691407685,4.110906218217551,4.111183338057348,-0.0002771198397972796,0.0002658610359488
0.1286200692130541,4.110906218190499,4.111183338057336,-0.0002771198668369834,0.0002658611098237
0.1286200691308835,4.110906218302293,4.111183338057362,-0.00027711975506949926,0.000265860295005
0.1286200689100014,4.11090621823369,4.111183338057353,-0.0002771198236635186,0.0002658605517821
0.1286200693688851,4.1109062182001805,4.111183338057357,-0.00027711985717626675,0.0002658598834377
0.1286200688711321,4.110906218224555,4.111183338057374,-0.00027711983281886177,0.000265860295005
0.1286200690484157,4.110906218216937,4.111183338057339,-0.0002771198404021291,0.0002658605517821
0.1286200692750439,4.110906218295855,4.111183338057382,-0.0002771197615265564,0.000265860295005
0.1286200692130541,4.110906218197532,4.111183338057344,-0.0002771198598123803,0.0002658605517821
0.1286200691352324,4.110906218229411,4.111183338057374,-0.00027711982796230217,0.0002658606125664
0.1286200690484157,4.110906218210524,4.111183338057394,-0.00027711984686984437,0.0002658610359488
0.1286200693009225,4.110906218158303,4.1111833380573914,-0.0002771198990885182,0.0002658608281509
0.1286200687821212,4.110906218266994,4.111183338057364,-0.00027711979037015055,0.0002658613638448
0.1286200690484157,4.110906218236124,4.111183338057366,-0.00027711982124145607,0.0002658605387104
0.1286200691352324,4.110906218205123,4.111183338057369,-0.00027711985224598834,0.0002658611660287
0.1286200689100014,4.110906218287921,4.111183338057354,-0.00027711976943312067,0.0002658600285024
0.1286200690533391,4.110906218262674,4.111183338057389,-0.0002771197947151194,0.0002658602905383
0.1286200692750439,4.110906218210034,4.111183338057379,-0.0002771198473450198,0.0002658602466982
0.1286200689198613,4.110906218236334,4.111183338057364,-0.0002771198210300696,0.0002658606125664
0.1286200693009225,4.110906218251153,4.111183338057376,-0.00027711980622324717,0.0002658611660287
0.1286200690484157,4.110906218176371,4.111183338057356,-0.00027711988098477747,0.0002658602905383
0.1286200691064573,4.110906218211542,4.1111833380573275,-0.0002771198457853785,0.0002658608281509
0.1286200689100014,4.110906218253204,4.111183338057371,-0.0002771198041671141,0.0002658608462711
0.1286200692716405,4.110906218159043,4.111183338057384,-0.00027711989834156014,0.0002658606803832
0.1286200691308835,4.110906218263711,4.111183338057367,-0.00027711979365552253,0.0002658602722175
0.1286200687949469,4.110906218230571,4.111183338057354,-0.0002771198267828012,0.0002658620310416
0.1286200691064573,4.110906218241282,4.111183338057363,-0.00027711981608113945,0.0002658613638448
0.1286200691352324,4.110906218157446,4.1111833380573914,-0.00027711989994561037,0.0002658613638448
0.1286200690533391,4.110906218157003,4.111183338057351,-0.0002771199003479552,0.0002658602722175
0.1286200691352324,4.110906218175018,4.111183338057335,-0.0002771198823170451,0.0002658597675085
0.1286200692716405,4.11090621816016,4.111183338057369,-0.00027711989720913266,0.000265860295005
0.1286200691352324,4.1109062181866705,4.1111833380573595,-0.0002771198706890132,0.0002658610224641
0.1286200687949469,4.110906218274268,4.111183338057375,-0.00027711978310662744,0.0002658610359488
0.1286200692130541,4.110906218230472,4.1111833380573755,-0.0002771198269035935,0.0002658600285024
0.1286200690919358,4.110906218308322,4.111183338057393,-0.0002771197490716304,0.0002658608462711
0.1286200691064573,4.110906218224792,4.111183338057338,-0.000277119832546191,0.0002658608462711
0.1286200692716405,4.1109062181587115,4.111183338057368,-0.0002771198986568635,0.0002658606803832
0.1286200691352324,4.110906218199971,4.111183338057408,-0.0002771198574373912,0.0002658602905383
0.1286200693009225,4.110906218214003,4.111183338057356,-0.0002771198433526578,0.0002658606803832
0.1286200690919358,4.110906218256472,4.111183338057382,-0.0002771198009092757,0.0002658611660287
0.1286200690919358,4.110906218233565,4.111183338057363,-0.00027711982379763356,0.0002658613638448
0.1286200691352324,4.110906218172794,4.1111833380573755,-0.00027711988458190007,0.0002658610359488
0.1286200689100014,4.1109062182056775,4.111183338057356,-0.00027711985167844233,0.0002658614111018
0.1286200690533391,4.110906218210729,4.111183338057337,-0.00027711984660783173,0.0002658608281509
0.1286200692716405,4.110906218267066,4.111183338057344,-0.0002771197902786682,0.000265860295005
0.1286200693397242,4.110906218238946,4.111183338057335,-0.000277119818388627,0.0002658602470377
0.1286200692716405,4.110906218264587,4.111183338057409,-0.00027711979282241117,0.0002658610359488
0.1286200691308835,4.1109062182572895,4.111183338057361,-0.00027711980007172343,0.000265860295005
0.1286200691407685,4.11090621829044,4.111183338057393,-0.0002771197669533265,0.0002658608462711
0.1286200690322544,4.1109062182723415,4.111183338057361,-0.00027711978501976375,0.000265860295005
0.1286200689100014,4.1109062182264795,4.111183338057345,-0.0002771198308657574,0.0002658610224641
0.1286200691352324,4.110906218235407,4.111183338057346,-0.0002771198219395643,0.0002658602363048
0.1286200693234346,4.110906218268432,4.111183338057341,-0.00027711978890909705,0.0002658606125664
0.1286200688711321,4.11090621823387,4.111183338057401,-0.00027711982353118003,0.0002658606803832
0.1286200691308835,4.110906218283748,4.111183338057354,-0.0002771197736057829,0.0002658605387104
0.1286200691352324,4.110906218199484,4.111183338057335,-0.00027711985785039417,0.0002658611098237
0.1286200691308835,4.110906218224296,4.111183338057374,-0.0002771198330773217,0.0002658605387104
0.1286200687696346,4.110906218135401,4.111183338057368,-0.0002771199219671061,0.0002658602722175
0.1286200692750439,4.110906218219764,4.111183338057383,-0.00027711983761857795,0.0002658608052017
0.1286200690533391,4.110906218192091,4.111183338057343,-0.00027711986525158494,0.0002658617756858
0.1286200689100014,4.11090621814507,4.111183338057383,-0.0002771199123126067,0.0002658606803832
0.1286200693091989,4.110906218247344,4.111183338057411,-0.00027711981006728337,0.0002658600845884
0.1286200693009225,4.110906218231472,4.111183338057324,-0.00027711982585199024,0.0002658608462711
0.1286200691025899,4.110906218196442,4.111183338057376,-0.00027711986093414964,0.0002658602466982
0.1286200691308835,4.110906218211661,4.111183338057368,-0.0002771198457072188,0.0002658605517821
0.1286200692716405,4.110906218243483,4.111183338057387,-0.00027711981390421414,0.000265860295005
0.1286200690533391,4.110906218195319,4.1111833380573675,-0.00027711986204881356,0.0002658600845884
0.1286200692716405,4.110906218231145,4.111183338057387,-0.00027711982624190057,0.0002658600405576
0.1286200690533391,4.110906218216636,4.111183338057389,-0.0002771198407529596,0.0002658608281509
0.1286200691407685,4.11090621812962,4.111183338057379,-0.0002771199277589176,0.0002658608462711
0.1286200689095337,4.110906218191584,4.1111833380573675,-0.0002771198657836038,0.0002658602722175
0.1286200690533391,4.110906218289089,4.111183338057365,-0.0002771197682758242,0.0002658606125664
0.1286200687821212,4.110906218248814,4.111183338057372,-0.00027711980855826823,0.0002658610224641
0.1286200692750439,4.1109062182955425,4.11118333805737,-0.00027711976182764886,0.0002658592845582
0.1286200692130541,4.110906218214598,4.111183338057358,-0.00027711984275935464,0.0002658606803832
0.1286200692130541,4.110906218237743,4.111183338057323,-0.00027711981957967424,0.0002658608462711
0.1286200688711321,4.110906218245567,4.1111833380573515,-0.00027711981178413225,0.0002658602363048
0.1286200690484157,4.110906218240582,4.111183338057349,-0.0002771198167668132,0.0002658606125664
0.1286200693009225,4.110906218184098,4.111183338057356,-0.0002771198732576252,0.0002658610359488
0.1286200691407685,4.1109062181884966,4.111183338057381,-0.0002771198688842347,0.0002658620103872
0.1286200688711321,4.110906218269951,4.111183338057375,-0.00027711978742317456,0.0002658614600079
0.1286200691352324,4.110906218193703,4.111183338057364,-0.0002771198636608574,0.000265860295005
0.1286200689198613,4.110906218254185,4.111183338057343,-0.00027711980315725526,0.0002658608462711
0.1286200692750439,4.110906218290742,4.111183338057354,-0.000277119766612266,0.0002658605517821
0.1286200693339135,4.110906218222962,4.111183338057352,-0.0002771198343900494,0.0002658596770356
0.1286200692130541,4.110906218233445,4.111183338057349,-0.00027711982390421497,0.0002658610224641
0.1286200692716405,4.11090621828926,4.11118333805738,-0.0002771197681195048,0.0002658610359488
0.1286200689100014,4.11090621818164,4.111183338057337,-0.00027711987569745133,0.000265860295005
0.1286200693009225,4.1109062183219285,4.111183338057376,-0.0002771197354478616,0.0002658588760328
0.1286200690322544,4.110906218116828,4.111183338057375,-0.00027711994054691047,0.0002658608281509
0.128620068785716,4.110906218152488,4.111183338057373,-0.00027711990488477056,0.0002658620103872
0.1286200690484157,4.110906218107626,4.111183338057348,-0.00027711994972179355,0.0002658608281509
0.1286200692716405,4.110906218191167,4.111183338057377,-0.00027711986620992946,0.0002658608052017
0.1286200690533391,4.110906218246164,4.111183338057368,-0.00027711981120415174,0.0002658618429636
0.128620069359937,4.110906218268546,4.111183338057336,-0.00027711978879008115,0.0002658608462711
0.1286200689198613,4.1109062182695695,4.111183338057356,-0.00027711978778643953,0.0002658605517821
0.1286200690533391,4.110906218118696,4.111183338057347,-0.00027711993865064954,0.0002658608052017
0.1286200687973817,4.11090621818974,4.111183338057364,-0.0002771198676239095,0.0002658606803832
0.1286200687949469,4.11090621820885,4.1111833380573515,-0.0002771198485014281,0.0002658608052017
0.1286200689100014,4.1109062182650815,4.111183338057353,-0.00027711979227174055,0.0002658605517821
0.1286200689100014,4.1109062182482985,4.111183338057379,-0.00027711980908051714,0.0002658605387104
0.1286200687603389,4.110906218274195,4.111183338057374,-0.0002771197831785699,0.0002658608462711
0.1286200688711321,4.110906218289502,4.111183338057351,-0.00027711976784861037,0.0002658602470377
0.1286200693234346,4.110906218268563,4.111183338057361,-0.00027711978879807475,0.0002658608281509
0.1286200689198613,4.110906218245619,4.111183338057371,-0.00027711981175215783,0.0002658602363048
0.1286200691407685,4.11090621824617,4.111183338057364,-0.0002771198111934936,0.0002658610359488
0.1286200693009225,4.110906218238872,4.11118333805733,-0.0002771198184579049,0.0002658610359488
0.1286200693009225,4.1109062182076,4.111183338057321,-0.0002771198497208971,0.0002658605517821
0.1286200689100014,4.110906218273048,4.11118333805736,-0.00027711978431277373,0.0002658608281509
0.1286200689198613,4.110906218202739,4.111183338057371,-0.0002771198546316356,0.0002658605517821
0.1286200691407685,4.110906218123477,4.1111833380573835,-0.0002771199339068886,0.0002658608052017
0.1286200691308835,4.110906218271021,4.111183338057347,-0.0002771197863262742,0.0002658605517821
0.1286200692130541,4.110906218167613,4.1111833380573595,-0.0002771198897466576,0.0002658602722175
0.1286200693234346,4.110906218245964,4.111183338057354,-0.00027711981138978103,0.0002658608281509
0.1286200692130541,4.110906218269816,4.111183338057354,-0.0002771197875377496,0.0002658602470377
0.1286200689198613,4.110906218261213,4.111183338057382,-0.00027711979616906746,0.0002658606125664
0.1286200687696346,4.110906218226188,4.111183338057372,-0.0002771198311837253,0.0002658611660287
0.1286200687821212,4.110906218209136,4.111183338057371,-0.0002771198482349746,0.0002658608462711
0.1286200691064573,4.11090621828921,4.111183338057345,-0.000277119768135492,0.0002658605517821
0.1286200692750439,4.110906218195901,4.111183338057371,-0.00027711986146972123,0.0002658611098237
0.1286200687949469,4.110906218246685,4.111183338057387,-0.00027711981070233094,0.0002658624196473
0.1286200692750439,4.110906218195774,4.111183338057358,-0.00027711986158340807,0.0002658602722175
0.1286200691064573,4.110906218286641,4.111183338057375,-0.00027711977073341387,0.0002658608052017
0.1286200691308835,4.110906218249376,4.111183338057388,-0.0002771198080120385,0.0002658602363048
0.1286200690533391,4.110906218208231,4.111183338057358,-0.00027711984912670573,0.0002658605517821
0.1286200689100014,4.110906218114055,4.1111833380573435,-0.00027711994328871725,0.0002658608052017
0.1286200693397242,4.11090621823388,4.111183338057343,-0.0002771198234627903,0.0002658610224641
0.1286200691352324,4.11090621821028,4.111183338057361,-0.00027711984708123083,0.0002658617756858
0.1286200690484157,4.110906218143464,4.111183338057375,-0.00027711991391043966,0.0002658608462711
0.1286200687973817,4.110906218285426,4.111183338057359,-0.00027711977193245474,0.0002658602722175
0.1286200693009225,4.110906218321631,4.111183338057359,-0.0002771197357276378,0.0002658602363048
0.1286200690533391,4.110906218277534,4.111183338057377,-0.0002771197798434599,0.0002658602905383
0.1286200693234346,4.110906218167682,4.111183338057349,-0.0002771198896667215,0.0002658606125664
0.1286200689100014,4.11090621826006,4.111183338057349,-0.00027711979728906044,0.0002658606125664
0.1286200691352324,4.110906218235252,4.111183338057362,-0.00027711982211009456,0.0002658606125664
0.1286200689100014,4.1109062181163125,4.111183338057346,-0.00027711994103363224,0.0002658617756858
0.1286200689095337,4.1109062182561145,4.111183338057342,-0.00027711980122724356,0.0002658611098237
0.1286200689198613,4.1109062182623655,4.111183338057378,-0.00027711979501265915,0.0002658608462711
0.1286200691407685,4.110906218188237,4.11118333805734,-0.00027711986910272657,0.0002658608462711
0.1286200690533391,4.110906218237097,4.111183338057361,-0.0002771198202644598,0.0002658618429636
0.1286200688711321,4.110906218141477,4.111183338057329,-0.0002771199158519977,0.0002658605517821
0.1286200690322544,4.110906218166321,4.111183338057341,-0.00027711989101941725,0.0002658600405576
0.1286200692130541,4.1109062182077585,4.111183338057363,-0.0002771198496045457,0.0002658605387104
0.1286200693009225,4.1109062182192595,4.111183338057338,-0.00027711983807865437,0.0002658608462711
0.1286200690484157,4.110906218222275,4.111183338057358,-0.00027711983508282856,0.0002658610359488
0.1286200693091989,4.110906218220877,4.11118333805737,-0.0002771198364932559,0.0002658608052017
0.1286200692130541,4.110906218295427,4.1111833380573835,-0.00027711976195643473,0.0002658606803832
0.1286200693091989,4.110906218243134,4.111183338057361,-0.0002771198142275111,0.0002658606125664
0.1286200691308835,4.110906218204621,4.111183338057343,-0.0002771198527211638,0.0002658600845884
0.1286200690484157,4.110906218241998,4.111183338057383,-0.00027711981538480757,0.0002658602470377
0.1286200690919358,4.110906218266798,4.111183338057369,-0.0002771197905708789,0.0002658602470377
0.1286200691064573,4.110906218167153,4.111183338057377,-0.00027711989022449757,0.0002658606125664
0.1286200691064573,4.110906218227918,4.111183338057369,-0.0002771198294508892,0.0002658606803832
0.1286200690533391,4.110906218257437,4.111183338057336,-0.0002771197998994168,0.0002658602722175
0.1286200691407685,4.110906218259565,4.111183338057365,-0.00027711979779976303,0.0002658605517821
0.1286200692750439,4.110906218250565,4.111183338057364,-0.0002771198067987868,0.0002658608281509
0.1286200692750439,4.110906218280346,4.111183338057368,-0.00027711977702260526,0.0002658605517821
0.1286200687949469,4.110906218189744,4.111183338057357,-0.0002771198676123632,0.0002658617756858
0.1286200692716405,4.110906218319291,4.111183338057394,-0.0002771197381035151,0.0002658598834377
0.1286200690322544,4.110906218192064,4.111183338057386,-0.00027711986532175104,0.0002658606803832
0.1286200690919358,4.110906218237846,4.111183338057355,-0.00027711981950861997,0.0002658606803832
0.1286200691407685,4.110906218221263,4.111183338057338,-0.00027711983607492385,0.0002658608281509
0.1286200691308835,4.110906218244147,4.111183338057338,-0.00027711981319100687,0.0002658608462711
0.1286200689100014,4.110906218212706,4.1111833380573595,-0.0002771198446538392,0.0002658608052017
0.1286200692716405,4.110906218267655,4.111183338057366,-0.00027711978971112217,0.0002658608052017
0.1286200689100014,4.1109062182167495,4.11118333805735,-0.0002771198406001929,0.0002658611098237
0.1286200692130541,4.11090621812051,4.11118333805737,-0.00027711993686008185,0.0002658605387104
0.1286200690919358,4.110906218223083,4.111183338057335,-0.00027711983425149356,0.0002658602905383
0.1286200690919358,4.1109062182549705,4.111183338057355,-0.00027711980238454004,0.000265860295005
0.1286200692130541,4.11090621828954,4.111183338057358,-0.0002771197678175241,0.0002658605387104
0.1286200692716405,4.11090621827758,4.111183338057358,-0.0002771197797777347,0.0002658605387104
0.1286200687821212,4.110906218163313,4.111183338057363,-0.000277119894049882,0.0002658617756858
0.1286200690322544,4.110906218138727,4.111183338057372,-0.0002771199186453188,0.0002658602722175
0.1286200691025899,4.110906218275056,4.111183338057372,-0.00027711978231614864,0.0002658608462711
0.1286200687973817,4.11090621824452,4.111183338057331,-0.0002771198128108665,0.0002658602466982
0.1286200691407685,4.11090621826491,4.111183338057325,-0.0002771197924147373,0.0002658606125664
0.1286200691352324,4.110906218160306,4.111183338057344,-0.0002771198970386024,0.0002658613638448
0.1286200692750439,4.110906218185932,4.111183338057355,-0.0002771198714226486,0.0002658614111018
0.1286200690322544,4.110906218258343,4.111183338057334,-0.0002771197989908103,0.0002658608281509
0.1286200691352324,4.11090621825439,4.111183338057352,-0.0002771198029627442,0.0002658606803832
0.1286200692130541,4.110906218180632,4.11118333805737,-0.00027711987673839644,0.0002658606125664
0.1286200691308835,4.110906218237876,4.111183338057351,-0.0002771198194748692,0.0002658605517821
0.1286200691025899,4.110906218191944,4.111183338057368,-0.00027711986542477973,0.0002658606803832
0.1286200690919358,4.110906218274112,4.111183338057356,-0.0002771197832442951,0.0002658608462711
0.1286200690484157,4.1109062182119205,4.111183338057331,-0.0002771198454105672,0.0002658602722175
0.1286200687973817,4.11090621823737,4.11118333805733,-0.0002771198199598146,0.0002658602470377
0.1286200691352324,4.110906218180884,4.111183338057415,-0.00027711987653145087,0.0002658608281509
0.1286200687846308,4.11090621828307,4.111183338057346,-0.0002771197742763576,0.0002658611098237
0.1286200693091989,4.110906218242014,4.111183338057388,-0.0002771198153741494,0.0002658602722175
0.1286200689100014,4.1109062182122855,4.111183338057345,-0.00027711984505973675,0.0002658606125664
0.1286200687949469,4.1109062182967,4.111183338057369,-0.0002771197606694642,0.0002658610224641
0.1286200692750439,4.110906218272186,4.111183338057375,-0.00027711978518851765,0.0002658602905383
0.1286200687603389,4.11090621821899,4.111183338057348,-0.0002771198383575424,0.0002658608052017
0.1286200689198613,4.110906218148489,4.111183338057375,-0.00027711990888512616,0.0002658602470377
0.1286200691308835,4.110906218266549,4.1111833380573986,-0.0002771197908497669,0.000265860295005
0.1286200692130541,4.110906218179122,4.111183338057333,-0.00027711987821099626,0.0002658608052017
0.1286200687949469,4.110906218086478,4.111183338057359,-0.00027711997088086804,0.0002658611660287
0.1286200691308835,4.110906218237891,4.111183338057352,-0.0002771198194615465,0.000265860295005
0.1286200691025899,4.110906218218125,4.111183338057357,-0.00027711983923150996,0.0002658608052017
0.1286200691064573,4.110906218211724,4.111183338057315,-0.00027711984559086744,0.0002658600405576
0.1286200689095337,4.110906218253466,4.111183338057366,-0.0002771198038997724,0.0002658606125664
0.1286200691308835,4.110906218203419,4.111183338057335,-0.00027711985391576377,0.000265860295005
0.1286200693091989,4.110906218227384,4.111183338057387,-0.0002771198300033362,0.0002658606803832
0.1286200692130541,4.110906218209322,4.111183338057347,-0.0002771198480253645,0.0002658606125664
0.1286200692716405,4.110906218230429,4.111183338057379,-0.00027711982694977877,0.0002658602363048
0.1286200693009225,4.110906218205145,4.11118333805735,-0.00027711985220513213,0.0002658602470377
0.1286200690484157,4.1109062182015546,4.111183338057345,-0.0002771198557907084,0.0002658606803832
0.1286200692716405,4.110906218152249,4.111183338057337,-0.0002771199050881634,0.0002658606125664
0.1286200690919358,4.110906218196516,4.111183338057362,-0.00027711986084622,0.0002658614111018
0.1286200690484157,4.110906218282234,4.111183338057386,-0.0002771197751521015,0.0002658608281509
0.1286200691407685,4.11090621821252,4.111183338057372,-0.000277119844851903,0.0002658610359488
0.1286200690322544,4.110906218268881,4.111183338057357,-0.000277119788475666,0.0002658611098237
0.1286200692716405,4.110906218208836,4.111183338057363,-0.0002771198485271853,0.0002658608462711
0.1286200691025899,4.110906218217759,4.111183338057366,-0.00027711983960632125,0.0002658605387104
0.1286200691308835,4.110906218245908,4.11118333805735,-0.0002771198114412954,0.0002658602470377
0.1286200687696346,4.1109062181713885,4.1111833380573275,-0.0002771198859390367,0.000265860295005
0.1286200691407685,4.110906218231442,4.111183338057379,-0.00027711982593725537,0.0002658617756858
0.1286200687973817,4.110906218181634,4.111183338057349,-0.0002771198757152149,0.0002658602905383
0.1286200690322544,4.110906218142461,4.111183338057319,-0.00027711991485723786,0.0002658614111018
0.1286200693009225,4.1109062182721425,4.111183338057352,-0.00027711978520983394,0.0002658598834377
0.1286200690533391,4.1109062181775755,4.111183338057326,-0.00027711987975020946,0.0002658602470377
0.1286200691352324,4.110906218156863,4.111183338057357,-0.00027711990049361646,0.0002658606125664
0.1286200693009225,4.1109062182306095,4.111183338057364,-0.0002771198267543795,0.0002658608462711
0.1286200690919358,4.1109062182161455,4.111183338057367,-0.0002771198412210296,0.0002658606125664
0.1286200687821212,4.110906218230271,4.111183338057373,-0.0002771198271016573,0.0002658614600079
0.1286200691025899,4.110906218179599,4.111183338057356,-0.0002771198777571371,0.0002658608052017
0.1286200691025899,4.110906218261903,4.111183338057312,-0.0002771197954096749,0.0002658611098237
0.1286200687973817,4.11090621824526,4.1111833380573515,-0.000277119812091442,0.0002658605387104
0.1286200690919358,4.110906218249781,4.111183338057355,-0.00027711980757416654,0.0002658608462711
0.1286200690533391,4.110906218177812,4.11118333805737,-0.0002771198795583629,0.0002658606125664
0.1286200691308835,4.11090621817139,4.11118333805736,-0.00027711988597012294,0.0002658605387104
0.1286200687973817,4.1109062182191245,4.111183338057398,-0.00027711983827316544,0.0002658610359488
0.1286200689100014,4.110906218198188,4.111183338057365,-0.00027711985917644455,0.0002658605517821
0.1286200692130541,4.110906218197352,4.111183338057396,-0.00027711986004419487,0.0002658602722175
0.1286200692716405,4.11090621819502,4.111183338057355,-0.000277119862334807,0.0002658614111018
0.1286200693009225,4.110906218170782,4.111183338057374,-0.00027711988659184783,0.0002658608052017
0.1286200691064573,4.11090621824623,4.111183338057344,-0.0002771198111144457,0.0002658600285024
0.1286200691064573,4.110906218229417,4.111183338057344,-0.0002771198279276632,0.0002658606803832
0.1286200691407685,4.110906218189627,4.111183338057374,-0.0002771198677464781,0.0002658608052017
0.1286200691025899,4.1109062182136,4.11118333805737,-0.0002771198437701017,0.0002658608462711
0.1286200690322544,4.1109062182386555,4.111183338057342,-0.00027711981868616675,0.0002658608052017
0.1286200689100014,4.110906218235201,4.111183338057381,-0.0002771198221793725,0.0002658605517821
0.1286200690484157,4.1109062181220954,4.11118333805735,-0.00027711993525425527,0.0002658611098237
0.1286200693009225,4.110906218232104,4.111183338057366,-0.0002771198252613516,0.0002658602722175
0.1286200693339135,4.1109062182098945,4.111183338057377,-0.0002771198474826875,0.0002658602363048
0.1286200693650315,4.11090621824028,4.111183338057369,-0.00027711981708922195,0.0002658605517821
0.1286200689100014,4.1109062182978,4.111183338057385,-0.00027711975958499835,0.0002658606803832
0.1286200692750439,4.110906218233246,4.111183338057359,-0.0002771198241129369,0.000265860295005
0.1286200692716405,4.110906218229242,4.111183338057356,-0.0002771198281141807,0.0002658592845582
0.1286200691025899,4.11090621824019,4.111183338057372,-0.0002771198171815925,0.0002658605517821
0.1286200690533391,4.1109062181793,4.111183338057395,-0.0002771198780946449,0.0002658611660287
0.1286200692130541,4.110906218277433,4.11118333805733,-0.00027711977989675063,0.0002658610224641
0.1286200690322544,4.110906218248452,4.111183338057385,-0.0002771198089330795,0.0002658608281509
0.1286200690322544,4.110906218267542,4.1111833380573835,-0.0002771197898416844,0.0002658608281509
0.1286200690322544,4.110906218210832,4.111183338057357,-0.00027711984652523114,0.0002658605387104
0.1286200690919358,4.110906218247763,4.1111833380573435,-0.0002771198095805616,0.0002658602470377
0.1286200689095337,4.1109062182865035,4.111183338057369,-0.00027711977086575246,0.0002658614600079
0.1286200691407685,4.110906218139777,4.111183338057338,-0.00027711991756085297,0.0002658608052017
0.1286200691352324,4.1109062182947085,4.1111833380573275,-0.00027711976261901583,0.0002658605517821
0.1286200691352324,4.110906218308427,4.111183338057359,-0.0002771197489312982,0.000265860295005
0.1286200693397242,4.110906218190399,4.111183338057362,-0.00027711986696310476,0.0002658608281509
0.1286200691064573,4.1109062182464,4.111183338057361,-0.00027711981096167904,0.0002658608052017
0.1286200693612195,4.110906218281425,4.111183338057359,-0.0002771197759336985,0.0002658614600079
0.1286200692750439,4.110906218248685,4.111183338057366,-0.00027711980868083685,0.0002658602905383
0.1286200690484157,4.110906218252457,4.111183338057374,-0.0002771198049167367,0.0002658606125664
0.1286200693339135,4.1109062182917615,4.111183338057354,-0.0002771197655926372,0.0002658608052017
0.1286200689100014,4.110906218274099,4.111183338057378,-0.00027711978327893405,0.0002658606125664
0.1286200690484157,4.110906218228345,4.111183338057351,-0.0002771198290059118,0.0002658620310416
0.1286200688711321,4.110906218125946,4.111183338057381,-0.00027711993143508806,0.0002658605387104
0.1286200691407685,4.11090621823878,4.111183338057337,-0.0002771198185573809,0.0002658602470377
0.1286200689100014,4.1109062182713885,4.111183338057356,-0.00027711978596745013,0.000265860295005
0.1286200687973817,4.110906218221676,4.111183338057378,-0.0002771198357018889,0.0002658608052017
0.1286200691407685,4.110906218258534,4.111183338057385,-0.0002771197988513663,0.0002658611098237
0.1286200693234346,4.110906218258246,4.111183338057346,-0.00027711979910005624,0.0002658610224641
0.1286200690484157,4.110906218246767,4.111183338057365,-0.0002771198105975259,0.0002658610224641
0.1286200690322544,4.110906218305467,4.111183338057343,-0.00027711975187560967,0.0002658611660287
0.1286200690533391,4.110906218172658,4.111183338057387,-0.0002771198847293377,0.0002658614600079
0.1286200687603389,4.110906218182132,4.111183338057334,-0.0002771198752018478,0.0002658621028331
0.1286200691025899,4.110906218272355,4.11118333805736,-0.0002771197850055529,0.0002658613638448
0.1286200693397242,4.1109062182715705,4.111183338057345,-0.0002771197857747154,0.0002658608052017
0.1286200689095337,4.110906218217325,4.111183338057364,-0.00027711984003886414,0.0002658610359488
0.1286200693009225,4.110906218265248,4.111183338057372,-0.00027711979212430293,0.0002658605517821
0.1286200692750439,4.110906218203326,4.111183338057355,-0.0002771198540294506,0.0002658608281509
0.1286200690322544,4.11090621822378,4.111183338057363,-0.0002771198335826952,0.0002658610359488
0.1286200687973817,4.110906218263157,4.111183338057388,-0.00027711979423106214,0.0002658614111018
0.1286200689198613,4.110906218242357,4.11118333805734,-0.0002771198149833509,0.0002658606803832
0.1286200691025899,4.1109062182290526,4.1111833380573595,-0.0002771198283069154,0.000265860295005
0.1286200690322544,4.110906218172892,4.111183338057358,-0.0002771198844655487,0.0002658608052017
0.1286200687973817,4.1109062182592915,4.111183338057371,-0.00027711979807953924,0.0002658605517821
0.1286200689198613,4.110906218246801,4.111183338057359,-0.00027711981055755786,0.0002658608052017
0.1286200689198613,4.110906218274714,4.111183338057349,-0.0002771197826350047,0.0002658596770356
0.1286200691352324,4.1109062182663605,4.111183338057383,-0.0002771197910220735,0.0002658602466982
0.1286200691064573,4.1109062181464,4.111183338057408,-0.00027711991100876077,0.0002658614600079
0.1286200690533391,4.110906218265007,4.111183338057349,-0.00027711979234190665,0.0002658608281509
0.1286200689198613,4.110906218149688,4.111183338057351,-0.00027711990766299266,0.0002658610359488
0.1286200689095337,4.110906218252448,4.111183338057351,-0.00027711980490252586,0.0002658605387104
0.1286200689198613,4.110906218188397,4.111183338057359,-0.0002771198689615062,0.0002658610359488
0.1286200689100014,4.110906218226252,4.111183338057374,-0.0002771198311215528,0.0002658606803832
0.1286200691308835,4.11090621827607,4.111183338057347,-0.0002771197812769799,0.0002658606125664
0.1286200693091989,4.110906218192126,4.11118333805737,-0.0002771198652444795,0.0002658602722175
0.1286200691407685,4.110906218270485,4.1111833380573515,-0.0002771197868662867,0.0002658605517821
0.1286200691352324,4.110906218201849,4.111183338057327,-0.00027711985547718143,0.0002658602905383
0.1286200690533391,4.110906218303233,4.111183338057355,-0.0002771197541218129,0.000265860295005
0.1286200688711321,4.110906218247908,4.11118333805734,-0.0002771198094322358,0.0002658608462711
0.1286200692716405,4.110906218175629,4.111183338057414,-0.0002771198817850262,0.0002658602905383
0.1286200690919358,4.110906218215999,4.11118333805741,-0.0002771198414110998,0.0002658605387104
0.1286200688711321,4.110906218273039,4.111183338057355,-0.00027711978431632645,0.0002658610224641
0.1286200692130541,4.110906218182544,4.111183338057354,-0.0002771198748101611,0.0002658605517821
0.1286200692130541,4.110906218205201,4.111183338057308,-0.00027711985210654433,0.0002658605387104
0.1286200692750439,4.110906218307459,4.111183338057343,-0.00027711974988342547,0.0002658610224641
0.1286200691352324,4.1109062182840725,4.111183338057376,-0.0002771197733038022,0.0002658608052017
0.1286200690322544,4.110906218173944,4.111183338057376,-0.0002771198834325972,0.0002658617756858
0.1286200690533391,4.110906218223821,4.111183338057359,-0.0002771198335373981,0.0002658613638448
0.1286200688711321,4.1109062182427785,4.111183338057348,-0.0002771198145694598,0.0002658600845884
0.1286200690919358,4.110906218249561,4.111183338057362,-0.0002771198078015402,0.0002658608462711
0.1286200692750439,4.110906218250991,4.111183338057419,-0.0002771198064284164,0.0002658602905383
0.1286200691407685,4.11090621814728,4.111183338057367,-0.00027711991008683157,0.0002658611660287
0.1286200693091989,4.1109062182443115,4.1111833380573355,-0.0002771198130240293,0.0002658608462711
0.1286200691308835,4.110906218065707,4.111183338057363,-0.00027711999165624945,0.0002658608052017
0.1286200693009225,4.110906218259424,4.111183338057344,-0.0002771197979205553,0.0002658611098237
0.1286200691407685,4.110906218310631,4.111183338057362,-0.00027711974673128026,0.0002658618429636
0.1286200689100014,4.110906218236527,4.111183338057361,-0.00027711982083467035,0.0002658611660287
0.1286200692130541,4.110906218254422,4.111183338057351,-0.0002771198029289934,0.0002658611098237
0.1286200689198613,4.11090621820255,4.111183338057374,-0.0002771198548234821,0.0002658614111018
0.1286200693688851,4.110906218236214,4.111183338057317,-0.00027711982110290023,0.0002658597675085
0.1286200690484157,4.1109062182467255,4.111183338057363,-0.0002771198106374939,0.0002658606803832
0.1286200693091989,4.1109062182549145,4.111183338057395,-0.0002771198024804633,0.0002658605517821
0.1286200690919358,4.110906218134405,4.111183338057366,-0.00027711992296097776,0.0002658610224641
0.1286200691352324,4.110906218230881,4.111183338057356,-0.0002771198264746033,0.0002658614111018
0.1286200691407685,4.110906218315508,4.111183338057374,-0.0002771197418658389,0.000265860295005
0.1286200687846308,4.110906218279611,4.11118333805738,-0.00027711977776867514,0.0002658606803832
0.1286200691308835,4.110906218265681,4.111183338057352,-0.00027711979167133194,0.0002658608281509
0.1286200690919358,4.110906218243597,4.111183338057332,-0.00027711981373457206,0.0002658602466982
0.1286200691308835,4.110906218243335,4.111183338057345,-0.00027711981400990737,0.0002658602722175
0.1286200687696346,4.110906218278592,4.111183338057366,-0.0002771197787740931,0.0002658610359488
0.1286200690919358,4.110906218277031,4.111183338057393,-0.0002771197803621561,0.0002658602722175
0.1286200692130541,4.110906218246966,4.111183338057399,-0.0002771198104332129,0.0002658602466982
0.1286200693974061,4.110906218266367,4.1111833380573115,-0.000277119790944802,0.0002658606125664
0.1286200689198613,4.11090621821112,4.111183338057337,-0.00027711984621703323,0.0002658608281509
0.1286200692750439,4.110906218226726,4.111183338057321,-0.000277119830594863,0.0002658605517821
0.1286200692130541,4.110906218097893,4.111183338057339,-0.00027711995944645906,0.0002658605517821
0.1286200689198613,4.110906218223949,4.1111833380573355,-0.0002771198333864078,0.0002658608281509
0.1286200691025899,4.110906218235737,4.111183338057388,-0.0002771198216509063,0.0002658605387104
0.1286200690533391,4.110906218213443,4.111183338057366,-0.00027711984392286837,0.000265860295005
0.1286200689198613,4.110906218272352,4.111183338057386,-0.0002771197850339746,0.0002658610224641
0.1286200691308835,4.110906218219913,4.111183338057368,-0.0002771198374551531,0.0002658610359488
0.1286200690484157,4.1109062182232385,4.111183338057371,-0.00027711983413247765,0.0002658605517821
0.1286200691407685,4.110906218245056,4.1111833380573595,-0.00027711981230371663,0.0002658600845884
0.1286200690484157,4.110906218132597,4.111183338057335,-0.0002771199247373346,0.0002658605387104
0.1286200692750439,4.110906218294554,4.111183338057341,-0.00027711976278688155,0.0002658606125664
0.1286200691352324,4.1109062182781,4.1111833380573275,-0.0002771197792270641,0.0002658610224641
0.1286200691352324,4.110906218264166,4.111183338057372,-0.00027711979320610425,0.0002658602905383
0.1286200690322544,4.110906218261532,4.111183338057375,-0.0002771197958422178,0.0002658608462711
0.1286200690533391,4.110906218247883,4.1111833380573515,-0.0002771198094686511,0.0002658606125664
0.1286200691025899,4.110906218288223,4.111183338057359,-0.0002771197691355809,0.0002658606803832
0.1286200690919358,4.110906218222788,4.1111833380573755,-0.000277119834587225,0.0002658608462711
0.1286200692130541,4.11090621825511,4.111183338057342,-0.00027711980223177335,0.0002658605387104
0.1286200693974061,4.110906218199134,4.1111833380573755,-0.0002771198582411927,0.000265860295005
0.1286200689198613,4.110906218175366,4.111183338057354,-0.0002771198819884191,0.0002658610224641
0.1286200691308835,4.1109062182301495,4.111183338057346,-0.00027711982719669237,0.0002658600285024
0.1286200691308835,4.110906218219376,4.111183338057351,-0.0002771198379747375,0.0002658602722175
0.1286200691064573,4.110906218254588,4.111183338057333,-0.0002771198027451405,0.0002658605387104
0.1286200691308835,4.110906218165214,4.111183338057361,-0.00027711989214740385,0.0002658608462711
0.1286200690533391,4.110906218216331,4.111183338057352,-0.00027711984102118947,0.0002658606803832
0.1286200693339135,4.110906218249995,4.111183338057395,-0.0002771198074000836,0.0002658597675085
0.1286200689095337,4.110906218215208,4.111183338057338,-0.0002771198421305243,0.0002658608462711
0.128620068785716,4.110906218182403,4.111183338057324,-0.0002771198749211834,0.0002658606125664
0.1286200693009225,4.110906218232103,4.111183338057345,-0.00027711982524269985,0.0002658606125664
0.1286200692130541,4.110906218224359,4.111183338057346,-0.0002771198329867275,0.000265860295005
0.1286200691352324,4.110906218285407,4.1111833380573195,-0.0002771197719129148,0.0002658608052017
0.1286200690533391,4.110906218292282,4.111183338057358,-0.00027711976507571734,0.0002658600845884
0.1286200691064573,4.110906218264796,4.111183338057367,-0.0002771197925701685,0.0002658602470377
0.1286200692130541,4.110906218277773,4.111183338057351,-0.0002771197795778946,0.0002658605387104
0.1286200690484157,4.110906218261833,4.111183338057366,-0.0002771197955331317,0.0002658613638448
0.1286200691352324,4.110906218243685,4.111183338057388,-0.00027711981370259764,0.0002658610359488
0.1286200691064573,4.110906218190592,4.111183338057339,-0.0002771198667472774,0.0002658611660287
0.1286200690484157,4.110906218279986,4.111183338057345,-0.0002771197773592249,0.0002658610359488
0.1286200690533391,4.110906218216145,4.111183338057343,-0.000277119841197937,0.0002658602722175
0.1286200690484157,4.110906218238447,4.1111833380573835,-0.00027711981893663307,0.0002658613638448
0.1286200688711321,4.110906218253419,4.11118333805736,-0.0002771198039415168,0.0002658614600079
0.1286200691025899,4.110906218181671,4.111183338057371,-0.00027711987570011587,0.0002658610359488
0.1286200687696346,4.110906218127255,4.111183338057351,-0.000277119930095715,0.0002658608281509
0.1286200690322544,4.110906218185794,4.111183338057365,-0.0002771198715709744,0.0002658623211155
0.1286200691308835,4.11090621833398,4.111183338057353,-0.000277119723373076,0.0002658608052017
0.1286200690322544,4.110906218266436,4.1111833380573675,-0.0002771197909314793,0.0002658606125664
0.1286200692716405,4.1109062182793314,4.111183338057367,-0.00027711977803512866,0.0002658613638448
0.1286200693091989,4.110906218187189,4.111183338057359,-0.00027711987016942885,0.000265860295005
0.1286200689198613,4.110906218223557,4.111183338057352,-0.00027711983379496985,0.0002658608281509
0.1286200687603389,4.110906218173462,4.1111833380573435,-0.0002771198838811273,0.0002658610224641
0.1286200693009225,4.110906218207565,4.111183338057357,-0.00027711984979195137,0.0002658598834377
0.1286200691025899,4.110906218174191,4.111183338057363,-0.0002771198831723609,0.0002658602363048
0.1286200689095337,4.110906218241559,4.11118333805735,-0.0002771198157907051,0.0002658608281509
0.1286200689095337,4.110906218316674,4.111183338057361,-0.0002771197406872261,0.0002658606803832
0.128620068785716,4.110906218086063,4.1111833380573675,-0.00027711997130452914,0.0002658602905383
0.1286200691025899,4.110906218182844,4.111183338057373,-0.00027711987452860853,0.0002658613638448
0.1286200690919358,4.110906218217214,4.111183338057347,-0.00027711984013301105,0.0002658608462711
0.1286200691407685,4.11090621818661,4.111183338057332,-0.00027711987072187583,0.0002658600845884
0.1286200690484157,4.110906218183978,4.111183338057372,-0.0002771198733935165,0.0002658614111018
0.1286200689095337,4.110906218228828,4.111183338057365,-0.0002771198285369536,0.0002658610224641
0.1286200692716405,4.110906218233758,4.111183338057358,-0.00027711982359956977,0.0002658598834377
0.1286200690919358,4.110906218165088,4.11118333805734,-0.0002771198922522089,0.0002658608052017
0.1286200692716405,4.110906218227403,4.111183338057369,-0.0002771198299660327,0.0002658600845884
0.1286200690322544,4.110906218298866,4.11118333805737,-0.0002771197585040852,0.0002658598834377
0.128620069359937,4.11090621820039,4.1111833380573515,-0.00027711985696132757,0.0002658611098237
0.1286200692716405,4.110906218149849,4.1111833380573515,-0.00027711990750223237,0.0002658595413033
0.1286200691025899,4.110906218161066,4.111183338057404,-0.00027711989633782963,0.0002658602466982
0.1286200691407685,4.110906218232844,4.111183338057394,-0.0002771198245499207,0.0002658611098237
0.1286200689198613,4.110906218185072,4.111183338057372,-0.0002771198723001689,0.0002658600405576
0.1286200687973817,4.110906218163625,4.1111833380573914,-0.0002771198937665531,0.0002658620103872
0.1286200692130541,4.110906218227537,4.111183338057364,-0.00027711982982658867,0.0002658608281509
0.1286200691064573,4.110906218291033,4.111183338057376,-0.00027711976634314794,0.0002658598834377
0.1286200693974061,4.110906218236402,4.1111833380573914,-0.0002771198209892134,0.0002658614600079
0.1286200689100014,4.110906218210997,4.111183338057376,-0.0002771198463795699,0.0002658608052017
0.1286200689095337,4.110906218134177,4.111183338057326,-0.0002771199231483834,0.0002658608462711
0.1286200691352324,4.110906218261486,4.111183338057359,-0.00027711979587241586,0.0002658608052017
0.1286200692716405,4.110906218152845,4.111183338057356,-0.00027711990451084745,0.0002658611098237
0.1286200691352324,4.11090621824255,4.111183338057347,-0.00027711981479683345,0.0002658605517821
0.1286200687949469,4.110906218250372,4.1111833380573435,-0.0002771198069710934,0.0002658605387104
0.1286200690322544,4.110906218171185,4.111183338057358,-0.0002771198861726276,0.0002658605517821
0.1286200691025899,4.110906218195519,4.111183338057388,-0.00027711986186851334,0.0002658602722175
0.1286200692130541,4.11090621823864,4.111183338057396,-0.00027711981875544467,0.0002658602466982
0.1286200692130541,4.110906218238378,4.111183338057373,-0.00027711981899436466,0.0002658611098237
0.1286200690322544,4.1109062181984015,4.111183338057338,-0.0002771198589366364,0.0002658606803832
0.1286200690322544,4.110906218246758,4.1111833380573835,-0.0002771198106250594,0.0002658602722175
0.1286200692130541,4.110906218222099,4.111183338057358,-0.0002771198352586879,0.0002658610359488
0.1286200693091989,4.110906218195751,4.111183338057371,-0.0002771198616198234,0.0002658602905383
0.1286200692750439,4.110906218232259,4.11118333805733,-0.0002771198250712814,0.0002658614111018
0.1286200691025899,4.110906218267673,4.111183338057375,-0.0002771197897013522,0.0002658608462711
0.1286200691025899,4.1109062182449065,4.11118333805736,-0.0002771198124538188,0.0002658602905383
0.1286200688711321,4.1109062181778615,4.111183338057352,-0.00027711987949086136,0.0002658600845884
0.1286200689198613,4.11090621824858,4.111183338057362,-0.0002771198087820892,0.0002658606125664
0.1286200690919358,4.1109062182511495,4.111183338057358,-0.00027711980620814813,0.0002658606125664
0.1286200690919358,4.110906218226852,4.1111833380573435,-0.0002771198304918343,0.0002658606803832
0.1286200691407685,4.110906218144174,4.111183338057351,-0.0002771199131768043,0.0002658614600079
0.1286200690484157,4.110906218244982,4.111183338057359,-0.00027711981237654726,0.0002658608281509
0.1286200691025899,4.110906218270042,4.111183338057364,-0.0002771197873219222,0.0002658602466982
0.1286200690533391,4.110906218314215,4.1111833380573275,-0.0002771197431128414,0.0002658602905383
0.1286200691308835,4.110906218219692,4.111183338057363,-0.0002771198376709805,0.0002658602905383
0.1286200690322544,4.11090621823845,4.111183338057341,-0.0002771198188904478,0.0002658618429636
0.1286200691064573,4.110906218201956,4.111183338057371,-0.00027711985541500894,0.0002658611098237
0.1286200687821212,4.110906218177043,4.111183338057337,-0.00027711988029466283,0.0002658613638448
0.1286200692750439,4.1109062181881,4.111183338057377,-0.00027711986927680954,0.0002658606803832
0.1286200691025899,4.110906218264795,4.111183338057358,-0.00027711979256306307,0.0002658600405576
0.1286200687949469,4.110906218257871,4.111183338057367,-0.00027711979949529564,0.0002658610359488
0.1286200689198613,4.110906218245577,4.111183338057386,-0.00027711981180900125,0.0002658598834377
0.1286200690322544,4.110906218206616,4.111183338057368,-0.00027711985075207224,0.0002658606125664
0.1286200690919358,4.110906218073983,4.111183338057343,-0.00027711998335977484,0.0002658614111018
0.1286200690322544,4.11090621823894,4.111183338057354,-0.00027711981841438416,0.0002658602722175
0.1286200690484157,4.110906218258979,4.111183338057362,-0.00027711979838329626,0.0002658610224641
0.1286200690484157,4.110906218248525,4.111183338057354,-0.00027711980882916265,0.000265860295005
0.1286200690484157,4.110906218178381,4.1111833380573435,-0.0002771198789623952,0.0002658608462711
0.1286200691407685,4.110906218165725,4.1111833380573595,-0.0002771198916340367,0.0002658602905383
0.1286200690484157,4.110906218278121,4.111183338057357,-0.0002771197792359459,0.0002658611660287
0.1286200687973817,4.110906218240154,4.111183338057363,-0.00027711981720912604,0.0002658613638448
0.1286200690322544,4.110906218297642,4.111183338057401,-0.0002771197597590813,0.0002658613638448
0.1286200687425704,4.11090621825133,4.111183338057336,-0.00027711980600653163,0.0002658602722175
0.1286200689095337,4.1109062181690055,4.111183338057358,-0.00027711988835221746,0.000265860295005
0.1286200690484157,4.110906218250961,4.111183338057388,-0.00027711980642664,0.0002658605387104
0.1286200691025899,4.110906218240932,4.111183338057338,-0.00027711981640621275,0.0002658608281509
0.1286200690484157,4.110906218248575,4.111183338057351,-0.00027711980877587195,0.0002658611098237
0.1286200690533391,4.110906218254885,4.111183338057373,-0.00027711980248756873,0.0002658618429636
0.1286200691407685,4.110906218289717,4.111183338057355,-0.0002771197676381121,0.0002658592845582
0.1286200687453511,4.110906218253781,4.1111833380573515,-0.00027711980357025823,0.0002658611660287
0.1286200693091989,4.110906218273117,4.111183338057327,-0.00027711978420974503,0.0002658602470377
0.1286200692750439,4.110906218217674,4.111183338057368,-0.0002771198396942509,0.0002658608052017
0.1286200691352324,4.110906218245646,4.111183338057399,-0.000277119811753046,0.0002658608462711
0.1286200691308835,4.110906218220711,4.111183338057377,-0.0002771198366664507,0.0002658611660287
0.1286200691025899,4.110906218098377,4.111183338057381,-0.0002771199590041462,0.0002658608052017
0.1286200692716405,4.110906218201957,4.111183338057345,-0.0002771198553883636,0.0002658618429636
0.1286200693612195,4.110906218279669,4.111183338057349,-0.0002771197776798573,0.0002658602466982
0.1286200691352324,4.110906218209372,4.111183338057355,-0.0002771198479827319,0.0002658608052017
0.1286200692750439,4.11090621826605,4.1111833380573515,-0.0002771197913018497,0.0002658605517821
0.1286200687603389,4.1109062181938265,4.11118333805736,-0.0002771198635338479,0.0002658610224641
0.1286200687453511,4.110906218060721,4.111183338057376,-0.0002771199966549176,0.0002658617756858
0.1286200690322544,4.110906218219211,4.111183338057362,-0.000277119838151485,0.0002658606803832
0.1286200693009225,4.110906218163799,4.111183338057312,-0.00027711989351342226,0.0002658602466982
0.1286200693397242,4.110906218224242,4.111183338057393,-0.0002771198331510405,0.0002658608462711
0.1286200691407685,4.110906218244346,4.111183338057377,-0.00027711981303113475,0.0002658610224641
0.1286200687949469,4.110906218265303,4.111183338057364,-0.00027711979206124226,0.0002658602363048
0.1286200691064573,4.110906218161779,4.111183338057359,-0.00027711989557932526,0.0002658600845884
0.1286200690919358,4.110906218178802,4.11118333805736,-0.000277119878558274,0.0002658623211155
0.1286200687973817,4.110906218292888,4.111183338057375,-0.00027711976448685505,0.0002658605517821
0.1286200693397242,4.110906218255469,4.111183338057333,-0.0002771198018640675,0.0002658605387104
0.1286200692716405,4.110906218197341,4.111183338057384,-0.0002771198600433067,0.0002658605517821
0.1286200692716405,4.110906218283131,4.111183338057366,-0.0002771197742346132,0.0002658610359488
0.1286200693339135,4.110906218232367,4.111183338057365,-0.0002771198249975626,0.0002658602905383
0.1286200690533391,4.1109062182360505,4.111183338057399,-0.00027711982134892565,0.0002658614111018
0.1286200690322544,4.110906218210657,4.1111833380573355,-0.000277119846678886,0.0002658608281509
0.1286200691025899,4.110906218242083,4.111183338057364,-0.0002771198152808907,0.0002658606125664
0.1286200691407685,4.110906218142902,4.111183338057374,-0.0002771199144717684,0.0002658608281509
0.1286200690919358,4.110906218230562,4.111183338057388,-0.00027711982682632197,0.0002658606125664
0.1286200691308835,4.110906218226366,4.111183338057327,-0.0002771198309607925,0.0002658610224641
0.1286200687973817,4.110906218168229,4.111183338057375,-0.0002771198891453608,0.0002658620310416
0.1286200689095337,4.110906218268647,4.11118333805735,-0.00027711978870303966,0.0002658602363048
0.1286200691352324,4.11090621827982,4.111183338057346,-0.0002771197775262024,0.0002658614600079
0.1286200693234346,4.1109062182509595,4.1111833380573275,-0.00027711980636802025,0.0002658610359488
0.1286200690484157,4.11090621812682,4.111183338057364,-0.0002771199305442451,0.0002658605517821
0.1286200692750439,4.110906218182528,4.111183338057337,-0.0002771198748092729,0.0002658611098237
0.1286200691352324,4.110906218295359,4.11118333805741,-0.0002771197620514698,0.0002658597675085
0.1286200693234346,4.110906218211574,4.111183338057342,-0.00027711984576761495,0.0002658606803832
0.1286200692750439,4.1109062182097045,4.111183338057387,-0.0002771198476825276,0.0002658610224641
0.1286200692130541,4.110906218202021,4.111183338057349,-0.00027711985532796746,0.0002658602905383
0.1286200689198613,4.110906218191624,4.111183338057368,-0.00027711986574452396,0.0002658608281509
0.1286200692130541,4.110906218285958,4.111183338057345,-0.0002771197713871132,0.0002658600405576
0.128620068785716,4.110906218159098,4.111183338057398,-0.00027711989829981576,0.0002658608052017
0.1286200691407685,4.110906218193262,4.111183338057332,-0.00027711986407030764,0.0002658608281509
0.1286200691352324,4.110906218189534,4.1111833380573515,-0.0002771198678175324,0.0002658602722175
0.1286200691025899,4.110906218146791,4.111183338057354,-0.0002771199105628952,0.0002658602470377
0.1286200691064573,4.110906218113695,4.111183338057393,-0.0002771199436981675,0.0002658608052017
0.1286200687973817,4.110906218252471,4.111183338057358,-0.00027711980488653865,0.0002658608052017
0.1286200692130541,4.110906218199699,4.111183338057345,-0.00027711985764611313,0.0002658610224641
0.1286200690919358,4.110906218163002,4.111183338057385,-0.00027711989438294893,0.0002658610224641
0.1286200693091989,4.110906218279844,4.1111833380573914,-0.0002771197775475187,0.0002658602722175
0.1286200693234346,4.110906218265897,4.111183338057356,-0.0002771197914590573,0.0002658602722175
0.1286200690533391,4.11090621819875,4.11118333805733,-0.00027711985858047683,0.000265860295005
0.1286200689198613,4.110906218193613,4.111183338057381,-0.0002771198637674388,0.0002658614111018
0.1286200691308835,4.110906218228557,4.1111833380573515,-0.00027711982879452535,0.0002658606125664
0.1286200693009225,4.110906218211899,4.111183338057349,-0.0002771198454496471,0.0002658608052017
0.1286200691407685,4.110906218248808,4.11118333805739,-0.00027711980858136087,0.0002658611660287
0.1286200693009225,4.110906218207866,4.111183338057358,-0.00027711984949174706,0.0002658606803832
0.1286200689100014,4.1109062182240095,4.111183338057347,-0.00027711983333755796,0.0002658606803832
0.1286200690533391,4.1109062182080995,4.111183338057376,-0.0002771198492768079,0.0002658614111018
0.1286200689198613,4.110906218173439,4.111183338057345,-0.0002771198839059963,0.0002658610224641
0.1286200691064573,4.110906218250383,4.11118333805735,-0.0002771198069666525,0.0002658602470377
0.1286200692716405,4.110906218278353,4.111183338057354,-0.0002771197790014668,0.0002658606125664
0.1286200687949469,4.110906218253648,4.11118333805733,-0.0002771198036821687,0.0002658608462711
0.1286200692750439,4.110906218315155,4.111183338057362,-0.0002771197422068994,0.0002658602466982
0.128620068785716,4.110906218259446,4.111183338057397,-0.00027711979795075337,0.0002658611660287
0.1286200692750439,4.110906218247123,4.111183338057377,-0.00027711981025380084,0.0002658605387104
0.1286200691352324,4.110906218237257,4.111183338057376,-0.0002771198201196867,0.0002658611098237
0.1286200690484157,4.110906218243415,4.111183338057355,-0.0002771198139397413,0.0002658596770356
0.1286200690919358,4.1109062181549225,4.111183338057336,-0.0002771199024138582,0.0002658611660287
0.1286200689198613,4.110906218228206,4.111183338057351,-0.00027711982914446764,0.0002658605517821
0.1286200689100014,4.110906218275205,4.111183338057368,-0.00027711978216338196,0.0002658605517821
0.1286200691064573,4.1109062182697516,4.111183338057376,-0.00027711978762479106,0.0002658605387104
0.1286200689198613,4.110906218295017,4.111183338057366,-0.0002771197623490096,0.0002658605517821
0.1286200687425704,4.110906218166227,4.111183338057358,-0.00027711989113043956,0.0002658620103872
0.1286200687846308,4.110906218218065,4.111183338057318,-0.00027711983925282624,0.0002658606803832
0.1286200693091989,4.110906218242142,4.111183338057355,-0.00027711981521338913,0.0002658605387104
0.1286200690484157,4.110906218190993,4.111183338057326,-0.0002771198663324981,0.0002658617756858
0.1286200690484157,4.1109062182227465,4.111183338057378,-0.0002771198346316339,0.0002658605387104
0.1286200688711321,4.110906218168333,4.111183338057358,-0.0002771198890245685,0.0002658611660287
0.1286200691025899,4.110906218214881,4.111183338057347,-0.00027711984246625576,0.0002658606125664
0.1286200691025899,4.110906218168019,4.111183338057365,-0.0002771198893460891,0.0002658611098237
0.128620069359937,4.110906218266856,4.111183338057365,-0.0002771197905087064,0.0002658605387104
0.1286200692130541,4.110906218214308,4.111183338057377,-0.0002771198430693289,0.0002658605387104
0.1286200689198613,4.110906218200116,4.111183338057357,-0.0002771198572411038,0.0002658602905383
0.1286200693612195,4.110906218237769,4.11118333805737,-0.0002771198196009905,0.0002658617756858
0.1286200691308835,4.110906218268655,4.1111833380573675,-0.0002771197887128096,0.0002658600285024
0.1286200689095337,4.110906218242662,4.111183338057359,-0.0002771198146964693,0.0002658608462711
0.1286200692130541,4.11090621815474,4.111183338057381,-0.0002771199026403437,0.000265860295005
0.1286200693234346,4.11090621820849,4.111183338057376,-0.0002771198488860094,0.0002658605517821
0.1286200687453511,4.110906218179378,4.11118333805738,-0.00027711987800227433,0.0002658617756858
0.1286200687846308,4.110906218199571,4.111183338057371,-0.000277119857799768,0.0002658606125664
0.1286200690919358,4.11090621826268,4.111183338057382,-0.0002771197947017967,0.0002658610224641
0.1286200692130541,4.110906218191522,4.111183338057369,-0.00027711986584755266,0.0002658611660287
0.1286200693234346,4.110906218224785,4.111183338057347,-0.0002771198325621782,0.000265860295005
0.1286200691308835,4.110906218164393,4.11118333805733,-0.00027711989293699446,0.0002658606803832
0.1286200690533391,4.110906218303938,4.111183338057346,-0.00027711975340771744,0.0002658608281509
0.1286200690919358,4.110906218319227,4.11118333805735,-0.000277119738123055,0.0002658605517821
0.1286200690322544,4.110906218289153,4.1111833380573515,-0.00027711976819855266,0.0002658608281509
0.1286200687973817,4.11090621817579,4.1111833380573914,-0.0002771198816011733,0.0002658605517821
0.1286200689100014,4.110906218212464,4.111183338057374,-0.0002771198449096346,0.0002658602363048
0.1286200691025899,4.11090621816339,4.111183338057361,-0.00027711989397083414,0.0002658606125664
0.1286200691025899,4.110906218266959,4.111183338057362,-0.00027711979040301316,0.0002658611098237
0.1286200690322544,4.110906218266678,4.111183338057339,-0.0002771197906614731,0.0002658610359488
0.1286200689095337,4.11090621825461,4.1111833380573675,-0.000277119802757575,0.0002658605517821
0.1286200692130541,4.110906218198889,4.111183338057323,-0.0002771198584339274,0.0002658605517821
0.1286200690322544,4.110906218157857,4.111183338057379,-0.00027711989952194926,0.0002658600285024
0.1286200693091989,4.110906218178246,4.111183338057353,-0.0002771198791071683,0.0002658605387104
0.1286200690533391,4.110906218280752,4.111183338057362,-0.0002771197766104905,0.0002658602905383
0.1286200693009225,4.110906218165417,4.111183338057352,-0.0002771198919351292,0.0002658613638448
0.1286200692130541,4.1109062181685525,4.111183338057355,-0.0002771198888025239,0.0002658606125664
0.1286200693009225,4.110906218195927,4.1111833380573755,-0.00027711986144840495,0.0002658608281509
0.1286200687846308,4.1109062182215235,4.111183338057358,-0.0002771198358342275,0.0002658617756858
0.1286200691308835,4.110906218142206,4.111183338057384,-0.00027711991517875845,0.0002658602905383
0.1286200691352324,4.1109062181779095,4.111183338057334,-0.000277119879424248,0.0002658608052017
0.1286200689095337,4.110906218262355,4.111183338057357,-0.000277119795002001,0.0002658608462711
0.1286200691308835,4.1109062181902845,4.11118333805736,-0.0002771198670759034,0.0002658600285024
0.1286200690322544,4.110906218167553,4.111183338057358,-0.0002771198898043892,0.0002658608052017
0.1286200692750439,4.110906218247512,4.111183338057344,-0.00027711980983280426,0.0002658613638448
0.1286200693612195,4.1109062183170195,4.111183338057366,-0.0002771197403461656,0.0002658610224641
0.1286200692750439,4.1109062182972425,4.111183338057417,-0.0002771197601747488,0.0002658602363048
0.128620069359937,4.110906218253546,4.111183338057367,-0.00027711980382072454,0.0002658595413033
0.1286200691025899,4.1109062181943266,4.1111833380573355,-0.00027711986300893443,0.0002658606803832
0.1286200693091989,4.110906218279657,4.111183338057388,-0.00027711977773048346,0.0002658605387104
0.1286200690484157,4.1109062181999105,4.111183338057377,-0.0002771198574667011,0.0002658610359488
0.1286200690919358,4.110906218167595,4.111183338057362,-0.0002771198897670857,0.0002658611098237
0.1286200693091989,4.11090621818427,4.111183338057398,-0.00027711987312795117,0.0002658606803832
0.1286200692750439,4.110906218250281,4.11118333805739,-0.00027711980710876105,0.0002658610359488
0.1286200689095337,4.110906218272915,4.111183338057389,-0.000277119784473534,0.0002658608281509
0.1286200692750439,4.1109062181403955,4.111183338057339,-0.00027711991694356897,0.0002658600845884
0.1286200691407685,4.110906218271255,4.11118333805734,-0.0002771197860846897,0.0002658602905383
0.1286200690533391,4.1109062181782114,4.11118333805737,-0.00027711987915868264,0.0002658614111018
0.1286200693397242,4.110906218239216,4.111183338057371,-0.00027711981815503606,0.0002658605517821
0.1286200687696346,4.110906218175847,4.1111833380573435,-0.00027711988149636824,0.0002658608462711
0.1286200691025899,4.110906218252713,4.111183338057375,-0.0002771198046618295,0.0002658605517821
0.1286200691352324,4.1109062182252165,4.111183338057372,-0.0002771198321553925,0.0002658610224641
0.1286200693339135,4.1109062182267975,4.111183338057345,-0.00027711983054778955,0.0002658605387104
0.1286200690322544,4.110906218194495,4.111183338057366,-0.0002771198628703786,0.0002658617756858
0.1286200692716405,4.110906218261213,4.111183338057354,-0.0002771197961415339,0.0002658610224641
0.1286200692130541,4.110906218243628,4.11118333805736,-0.0002771198137327957,0.0002658608281509
0.1286200691025899,4.110906218259411,4.111183338057395,-0.00027711979798361597,0.0002658597675085
0.1286200691308835,4.110906218239874,4.111183338057349,-0.0002771198174746914,0.0002658602722175
0.1286200693612195,4.110906218201696,4.11118333805739,-0.00027711985569389697,0.0002658614600079
0.1286200692130541,4.110906218211531,4.111183338057367,-0.0002771198458360047,0.0002658597675085
0.1286200691064573,4.110906218269637,4.1111833380573755,-0.0002771197877384779,0.0002658606803832
0.1286200690919358,4.110906218302004,4.111183338057359,-0.00027711975535460454,0.0002658606125664
0.128620068785716,4.110906218254553,4.11118333805737,-0.00027711980281708293,0.0002658611098237
0.1286200687973817,4.110906218239677,4.111183338057351,-0.00027711981767364335,0.000265860295005
0.1286200691407685,4.110906218198006,4.111183338057364,-0.00027711985935763295,0.0002658608462711
0.1286200693397242,4.110906218245001,4.111183338057348,-0.00027711981234723737,0.0002658602363048
0.1286200691308835,4.110906218224125,4.111183338057353,-0.000277119833228312,0.000265860295005
0.1286200687846308,4.110906218260328,4.111183338057343,-0.0002771197970146133,0.0002658608281509
0.1286200691025899,4.110906218156949,4.11118333805738,-0.0002771199004305558,0.0002658606125664
0.1286200687973817,4.110906218300143,4.111183338057355,-0.0002771197572117856,0.0002658611098237
0.1286200687949469,4.110906218141221,4.111183338057337,-0.00027711991611667486,0.0002658608462711
0.1286200691025899,4.11090621816575,4.111183338057378,-0.00027711989162781947,0.0002658605387104
0.1286200693009225,4.110906218255818,4.111183338057336,-0.0002771198015185661,0.0002658611098237
0.128620068785716,4.110906218196143,4.1111833380573755,-0.0002771198612325776,0.0002658611098237
0.1286200691352324,4.110906218196969,4.111183338057342,-0.0002771198603728209,0.0002658600845884
0.128620068785716,4.110906218259953,4.111183338057403,-0.00027711979744982074,0.0002658598834377
0.1286200692130541,4.110906218259331,4.111183338057353,-0.0002771197980226958,0.0002658608052017
0.1286200687603389,4.110906218161835,4.111183338057378,-0.00027711989554290994,0.0002658610224641
0.1286200687384193,4.110906218245539,4.111183338057329,-0.0002771198117903495,0.0002658608281509
0.1286200690484157,4.110906218237962,4.11118333805737,-0.0002771198194082558,0.0002658605517821
0.1286200689095337,4.110906218261789,4.111183338057346,-0.0002771197955571125,0.0002658606125664
0.1286200690322544,4.110906218256823,4.111183338057345,-0.0002771198005220299,0.0002658600845884
0.1286200689095337,4.110906218133613,4.111183338057364,-0.0002771199237505684,0.0002658605517821
0.1286200693091989,4.110906218279178,4.111183338057363,-0.0002771197781852308,0.0002658602466982
0.1286200687846308,4.110906218182349,4.111183338057353,-0.00027711987500467217,0.000265860295005
0.1286200689198613,4.11090621823842,4.111183338057362,-0.00027711981894196214,0.0002658606125664
0.1286200687973817,4.110906218259697,4.11118333805739,-0.00027711979769229345,0.0002658611098237
0.1286200687384193,4.110906218216958,4.111183338057367,-0.00027711984040834636,0.0002658613638448
0.1286200690322544,4.110906218218692,4.111183338057353,-0.0002771198386612994,0.0002658606125664
0.1286200692130541,4.110906218197643,4.1111833380573515,-0.0002771198597084634,0.0002658608281509
0.1286200691308835,4.110906218180242,4.111183338057362,-0.00027711987712031316,0.0002658600845884
0.1286200692716405,4.11090621827172,4.111183338057349,-0.00027711978562905415,0.0002658608052017
0.1286200690322544,4.110906218161204,4.111183338057361,-0.0002771198961575294,0.0002658606125664
0.1286200692716405,4.110906218223095,4.111183338057369,-0.0002771198342745862,0.0002658608281509
0.1286200691407685,4.110906218222934,4.111183338057336,-0.0002771198344024839,0.0002658620310416
0.1286200690484157,4.110906218210729,4.111183338057384,-0.0002771198466549052,0.0002658611098237
0.1286200693650315,4.110906218297797,4.111183338057366,-0.00027711975956901114,0.0002658605517821
0.1286200689100014,4.110906218228288,4.111183338057321,-0.00027711982903344534,0.0002658611660287
0.1286200689198613,4.1109062182622775,4.111183338057362,-0.0002771197950846016,0.0002658608462711
0.1286200691064573,4.1109062181601015,4.1111833380573435,-0.00027711989724199526,0.0002658605517821
0.1286200692716405,4.11090621825213,4.111183338057332,-0.000277119805201842,0.0002658598834377
0.1286200692750439,4.110906218262923,4.111183338057392,-0.00027711979446909396,0.0002658602722175
0.1286200692716405,4.110906218176102,4.111183338057323,-0.0002771198812210329,0.0002658610359488
0.1286200692716405,4.110906218275282,4.111183338057327,-0.00027711978204436605,0.0002658605387104
0.1286200691308835,4.110906218260619,4.11118333805736,-0.00027711979674105436,0.0002658605517821
0.1286200690533391,4.110906218231645,4.11118333805738,-0.0002771198257347507,0.0002658618429636
0.1286200691064573,4.110906218248488,4.11118333805733,-0.0002771198088424853,0.0002658621028331
0.1286200689198613,4.110906218214281,4.111183338057332,-0.00027711984305067716,0.0002658610359488
0.1286200693091989,4.110906218259952,4.111183338057349,-0.00027711979739653003,0.0002658608462711
0.1286200691025899,4.110906218188584,4.111183338057394,-0.00027711986881051587,0.0002658602722175
0.1286200690322544,4.11090621824901,4.1111833380573595,-0.0002771198083495463,0.0002658606125664
0.1286200691308835,4.110906218143322,4.111183338057369,-0.00027711991404721914,0.0002658611098237
0.1286200692750439,4.110906218268799,4.111183338057357,-0.0002771197885573784,0.0002658610224641
0.1286200691308835,4.110906218224837,4.111183338057367,-0.0002771198325293156,0.0002658613638448
0.1286200692130541,4.110906218244172,4.111183338057326,-0.0002771198131537034,0.0002658611098237
0.1286200693091989,4.110906218241728,4.111183338057382,-0.00027711981565392563,0.0002658605517821
0.1286200690322544,4.110906218168502,4.111183338057374,-0.00027711988887180183,0.0002658605387104
0.1286200687973817,4.1109062181832146,4.111183338057401,-0.00027711987418665984,0.0002658613638448
0.1286200691308835,4.110906218165188,4.11118333805736,-0.00027711989217227284,0.0002658617756858
0.1286200686950171,4.11090621821971,4.111183338057346,-0.0002771198376363415,0.0002658614600079
0.1286200693009225,4.1109062182002525,4.111183338057372,-0.00027711985711942333,0.0002658602905383
0.1286200691407685,4.110906218202375,4.111183338057359,-0.00027711985498335423,0.0002658614600079
0.1286200691025899,4.110906218281988,4.111183338057379,-0.0002771197753910215,0.0002658606125664
0.1286200692130541,4.110906218267564,4.111183338057388,-0.0002771197898239208,0.0002658608281509
0.1286200691025899,4.110906218182136,4.111183338057336,-0.0002771198752000714,0.0002658614600079
0.1286200687973817,4.110906218181954,4.111183338057365,-0.0002771198754105697,0.0002658618429636
0.1286200692750439,4.110906218165095,4.111183338057334,-0.0002771198922388862,0.0002658602363048
0.1286200689198613,4.110906218236623,4.111183338057389,-0.00027711982076539243,0.0002658613638448
0.1286200689100014,4.110906218179586,4.111183338057357,-0.00027711987777045977,0.0002658614111018
0.1286200691407685,4.110906218184834,4.111183338057364,-0.0002771198725302071,0.0002658610224641
0.1286200692750439,4.110906218260807,4.111183338057373,-0.0002771197965660832,0.0002658598834377
0.1286200687846308,4.110906218280972,4.111183338057372,-0.0002771197763999922,0.0002658608052017
0.1286200690322544,4.110906218240066,4.111183338057383,-0.00027711981731659563,0.0002658605387104
0.128620069359937,4.110906218227174,4.1111833380573755,-0.00027711983020139996,0.0002658597675085
0.1286200689100014,4.110906218302714,4.1111833380573355,-0.00027711975462185734,0.0002658605387104
0.1286200689100014,4.110906218251383,4.111183338057365,-0.00027711980598166264,0.0002658618429636
0.1286200690322544,4.110906218254609,4.111183338057366,-0.0002771198027566868,0.0002658600845884
0.1286200691352324,4.110906218248908,4.111183338057345,-0.00027711980843747597,0.0002658606125664
0.1286200689198613,4.110906218300255,4.11118333805735,-0.00027711975709454606,0.0002658606803832
0.1286200689198613,4.110906218183146,4.111183338057349,-0.00027711987420264705,0.0002658610359488
0.1286200690322544,4.110906218210706,4.1111833380573595,-0.00027711984665312883,0.0002658610224641
0.1286200691025899,4.110906218175457,4.111183338057346,-0.0002771198818889431,0.0002658611098237
0.1286200692750439,4.110906218238162,4.111183338057356,-0.0002771198191942048,0.0002658605387104
0.1286200694879382,4.1109062182321745,4.111183338057367,-0.0002771198251920737,0.0002658600285024
0.1286200690919358,4.1109062181364,4.111183338057358,-0.0002771199209581354,0.0002658623211155
0.1286200691352324,4.1109062182316825,4.111183338057373,-0.00027711982569034177,0.0002658606125664
0.1286200691064573,4.110906218274269,4.111183338057365,-0.0002771197830959693,0.0002658613638448
0.1286200692750439,4.110906218192027,4.11118333805733,-0.0002771198653030993,0.0002658600285024
0.1286200689100014,4.110906218237847,4.111183338057344,-0.00027711981949707365,0.0002658624196473
0.1286200691352324,4.110906218178836,4.11118333805737,-0.0002771198785342932,0.0002658602905383
0.1286200691308835,4.110906218285021,4.111183338057375,-0.0002771197723534513,0.000265860295005
0.1286200691064573,4.1109062182926985,4.11118333805736,-0.0002771197646618262,0.000265860295005
0.1286200693009225,4.110906218280215,4.111183338057371,-0.000277119777155832,0.0002658594979901
0.1286200692750439,4.110906218245675,4.1111833380573515,-0.00027711981167666266,0.0002658602905383
0.1286200693091989,4.110906218229149,4.111183338057374,-0.0002771198282243148,0.0002658608462711
0.1286200691407685,4.110906218203201,4.111183338057364,-0.00027711985416267737,0.0002658610359488
0.1286200688711321,4.110906218234695,4.111183338057352,-0.00027711982265721247,0.0002658608462711
0.1286200691025899,4.110906218184508,4.111183338057385,-0.00027711987287748485,0.0002658605387104
0.128620068785716,4.110906218207198,4.111183338057363,-0.0002771198501649863,0.0002658602722175
0.1286200692750439,4.11090621819635,4.111183338057385,-0.000277119861035402,0.0002658605387104
0.1286200690484157,4.110906218279652,4.111183338057354,-0.00027711977770206175,0.0002658605517821
0.1286200690322544,4.110906218240887,4.1111833380573355,-0.0002771198164488453,0.0002658602905383
0.1286200692130541,4.110906218280718,4.111183338057322,-0.0002771197766042732,0.000265860295005
0.1286200691407685,4.1109062182130796,4.111183338057389,-0.000277119844309226,0.0002658613638448
0.1286200689100014,4.110906218198031,4.111183338057335,-0.00027711985930345406,0.000265860295005
0.1286200693009225,4.110906218247134,4.111183338057404,-0.00027711981026978805,0.0002658608281509
0.1286200691025899,4.11090621820778,4.1111833380573355,-0.0002771198495556959,0.0002658605387104
0.1286200689198613,4.110906218207358,4.111183338057364,-0.00027711985000600237,0.0002658617756858
0.1286200690322544,4.110906218233716,4.111183338057369,-0.0002771198236528605,0.0002658602470377
0.1286200692130541,4.110906218246196,4.111183338057366,-0.0002771198111695128,0.0002658602470377
0.1286200692750439,4.110906218238571,4.111183338057373,-0.00027711981880162995,0.0002658608052017
0.1286200692750439,4.110906218231309,4.111183338057374,-0.0002771198260642649,0.0002658606125664
0.1286200691064573,4.110906218246081,4.111183338057369,-0.0002771198112885287,0.0002658600405576
0.1286200690322544,4.110906218248034,4.111183338057348,-0.00027711980931410807,0.0002658613638448
0.1286200691064573,4.110906218237017,4.111183338057338,-0.0002771198203213032,0.0002658608281509
0.1286200689198613,4.110906218254253,4.111183338057379,-0.000277119803126169,0.0002658602722175
0.1286200693234346,4.11090621812398,4.111183338057364,-0.0002771199333837515,0.0002658608281509
0.1286200691308835,4.110906218276717,4.1111833380573675,-0.0002771197806508141,0.0002658605387104
0.1286200691407685,4.110906218171336,4.111183338057388,-0.00027711988605183535,0.0002658610224641
0.1286200690533391,4.110906218241732,4.111183338057356,-0.00027711981562372756,0.0002658606803832
0.1286200692716405,4.110906218226839,4.11118333805736,-0.0002771198305211442,0.0002658608281509
0.128620068785716,4.110906218270482,4.111183338057365,-0.0002771197868831621,0.0002658606803832
0.1286200693009225,4.110906218232582,4.111183338057374,-0.0002771198247915052,0.0002658608281509
0.1286200691407685,4.110906218249392,4.111183338057363,-0.0002771198079711823,0.0002658602470377
0.1286200690533391,4.110906218241726,4.111183338057358,-0.00027711981563172117,0.0002658600405576
0.1286200690919358,4.110906218294898,4.111183338057355,-0.00027711976245736736,0.0002658600285024
0.1286200691407685,4.110906218301918,4.111183338057372,-0.0002771197554540805,0.0002658598834377
0.1286200690322544,4.110906218275572,4.111183338057369,-0.00027711978179745245,0.000265860295005
0.1286200691308835,4.11090621820966,4.1111833380573675,-0.0002771198477073966,0.0002658600845884
0.1286200689198613,4.110906218184726,4.111183338057352,-0.00027711987262613036,0.0002658606803832
0.1286200689100014,4.1109062182327545,4.111183338057349,-0.0002771198245943296,0.0002658608462711
0.1286200691064573,4.1109062182027385,4.111183338057367,-0.00027711985462808286,0.0002658600285024
0.1286200691407685,4.110906218152641,4.111183338057329,-0.00027711990468848313,0.0002658608052017
0.1286200691064573,4.110906218289432,4.111183338057398,-0.0002771197679658499,0.0002658606125664
0.1286200687846308,4.11090621826941,4.111183338057365,-0.00027711978795519343,0.0002658602905383
0.1286200691025899,4.110906218230045,4.111183338057379,-0.00027711982733436,0.0002658605517821
0.1286200690533391,4.110906218286195,4.1111833380573595,-0.0002771197711641804,0.0002658617756858
0.1286200693091989,4.110906218234494,4.111183338057338,-0.00027711982284372993,0.0002658600405576
0.1286200691025899,4.110906218105517,4.111183338057359,-0.00027711995184187543,0.0002658614111018
0.1286200691064573,4.110906218277254,4.111183338057378,-0.0002771197801241243,0.0002658611098237
0.1286200688711321,4.110906218199254,4.11118333805737,-0.0002771198581159595,0.0002658608281509
0.1286200690533391,4.110906218269577,4.111183338057344,-0.0002771197877677878,0.0002658606803832
0.1286200690322544,4.110906218189626,4.111183338057355,-0.00027711986772871455,0.0002658608462711
0.1286200691308835,4.110906218296055,4.111183338057331,-0.00027711976127609006,0.0002658602363048
0.1286200691308835,4.110906218274129,4.111183338057362,-0.0002771197832327488,0.0002658613638448
0.1286200690322544,4.110906218172145,4.111183338057394,-0.00027711988524892206,0.000265860295005
0.1286200689095337,4.110906218166032,4.111183338057344,-0.00027711989131251613,0.0002658620310416
0.1286200692716405,4.11090621820024,4.111183338057376,-0.0002771198571362987,0.0002658608462711
0.1286200690919358,4.110906218230952,4.111183338057359,-0.0002771198264062136,0.0002658610359488
0.1286200689095337,4.11090621816796,4.111183338057367,-0.00027711988940648524,0.0002658611098237
0.1286200693234346,4.110906218286135,4.111183338057393,-0.0002771197712583273,0.000265860295005
0.1286200690484157,4.110906218195717,4.1111833380573515,-0.00027711986163403424,0.0002658606125664
0.1286200689100014,4.110906218297121,4.11118333805734,-0.00027711976021915774,0.0002658610224641
0.128620068785716,4.110906218160944,4.111183338057389,-0.00027711989644441104,0.0002658608462711
0.1286200687846308,4.110906218203261,4.111183338057325,-0.00027711985406408957,0.0002658606125664
0.1286200693339135,4.1109062181827625,4.111183338057372,-0.00027711987460943277,0.0002658608052017
0.1286200691308835,4.11090621819882,4.11118333805736,-0.0002771198585405088,0.0002658611660287
0.1286200693009225,4.110906218248667,4.111183338057398,-0.00027711980873057485,0.0002658606803832
0.1286200691025899,4.110906218271608,4.111183338057367,-0.0002771197857587282,0.0002658602722175
0.1286200689095337,4.110906218256595,4.111183338057381,-0.0002771198007858189,0.0002658611660287
0.1286200691064573,4.110906218242579,4.111183338057361,-0.0002771198147826226,0.0002658608052017
0.1286200693339135,4.110906218228799,4.11118333805735,-0.0002771198285502763,0.0002658606125664
0.1286200692716405,4.110906218212484,4.111183338057352,-0.0002771198448687784,0.0002658606125664
0.1286200689095337,4.110906218209938,4.11118333805734,-0.00027711984740186324,0.0002658600405576
0.1286200692716405,4.11090621823031,4.111183338057405,-0.00027711982709455185,0.0002658600845884
0.1286200693009225,4.110906218256893,4.111183338057373,-0.0002771198004793973,0.0002658606125664
0.1286200690484157,4.110906218161741,4.111183338057341,-0.00027711989559975336,0.0002658611098237
0.1286200693650315,4.11090621816928,4.111183338057357,-0.00027711988807688215,0.0002658608052017
0.1286200689095337,4.110906218336666,4.111183338057374,-0.00027711972070765256,0.0002658608052017
0.1286200689198613,4.110906218234336,4.1111833380574065,-0.00027711982307021543,0.0002658608281509
0.1286200687603389,4.1109062182156775,4.111183338057367,-0.00027711984168909964,0.0002658606803832
0.1286200691352324,4.110906218185811,4.111183338057374,-0.0002771198715629808,0.0002658610359488
0.1286200693688851,4.110906218225852,4.111183338057387,-0.00027711983153544395,0.000265860295005
0.128620068785716,4.110906218210437,4.111183338057387,-0.0002771198469497804,0.0002658608281509
0.1286200687973817,4.1109062182225,4.111183338057362,-0.0002771198348625603,0.0002658608052017
0.1286200690533391,4.110906218216068,4.111183338057352,-0.0002771198412840903,0.0002658614111018
0.1286200690533391,4.110906218272049,4.111183338057368,-0.0002771197853190799,0.0002658608052017
0.1286200692130541,4.11090621818082,4.111183338057355,-0.0002771198765350036,0.0002658614111018
0.1286200690484157,4.110906218217172,4.111183338057354,-0.00027711984018186087,0.0002658602905383
0.1286200687821212,4.110906218290666,4.111183338057343,-0.00027711976667621485,0.0002658610224641
0.1286200691407685,4.110906218250124,4.111183338057369,-0.00027711980724554053,0.0002658602905383
0.1286200692750439,4.110906218290199,4.111183338057368,-0.0002771197671691539,0.0002658608281509
0.1286200689095337,4.110906218198076,4.111183338057372,-0.00027711985929634864,0.0002658613638448
0.128620068785716,4.110906218164727,4.111183338057322,-0.00027711989259504577,0.0002658602905383
0.1286200691308835,4.1109062182781635,4.111183338057376,-0.00027711977921285325,0.0002658602722175
0.1286200690484157,4.11090621813309,4.111183338057343,-0.0002771199242523892,0.0002658602905383
0.1286200689095337,4.1109062182071145,4.111183338057379,-0.0002771198502644623,0.0002658613638448
0.1286200691025899,4.110906218151637,4.111183338057327,-0.0002771199056894602,0.0002658608052017
0.1286200690484157,4.110906218122981,4.1111833380573755,-0.00027711993439449856,0.0002658606803832
0.1286200690919358,4.110906218228717,4.111183338057355,-0.00027711982863820595,0.0002658614600079
0.1286200689198613,4.11090621820696,4.111183338057371,-0.0002771198504110117,0.0002658606803832
0.1286200692130541,4.110906218149613,4.111183338057359,-0.00027711990774559325,0.0002658600845884
0.1286200690322544,4.110906218271214,4.111183338057302,-0.0002771197860873542,0.0002658600285024
0.1286200691025899,4.110906218275066,4.11118333805737,-0.00027711978230371415,0.0002658614111018
0.1286200691064573,4.110906218220877,4.111183338057326,-0.00027711983644884697,0.0002658593538532
0.1286200687973817,4.110906218246899,4.111183338057327,-0.0002771198104278838,0.0002658620310416
0.1286200691308835,4.11090621822656,4.1111833380573595,-0.00027711983079914404,0.0002658618429636
0.1286200691025899,4.110906218272827,4.111183338057375,-0.00027711978454725283,0.0002658614600079
0.1286200692750439,4.110906218268288,4.111183338057352,-0.0002771197890645283,0.0002658608462711
0.1286200690484157,4.110906218097201,4.1111833380573515,-0.00027711996015078455,0.0002658602363048
0.1286200693339135,4.110906218236261,4.111183338057355,-0.00027711982109401845,0.0002658614111018
0.1286200690322544,4.110906218225153,4.111183338057364,-0.00027711983221134773,0.0002658620310416
0.1286200687384193,4.110906218247692,4.111183338057368,-0.00027711980967648486,0.0002658614600079
0.1286200691025899,4.110906218259793,4.111183338057374,-0.00027711979758038296,0.0002658606803832
0.1286200691025899,4.110906218282585,4.111183338057395,-0.0002771197748101528,0.0002658605387104
0.1286200691308835,4.110906218238355,4.111183338057353,-0.0002771198189979174,0.0002658608281509
0.1286200687846308,4.110906218201146,4.111183338057344,-0.0002771198561983823,0.0002658602905383
0.1286200693397242,4.110906218159365,4.111183338057337,-0.0002771198979720779,0.0002658602470377
0.1286200687949469,4.110906218299746,4.11118333805739,-0.0002771197576434403,0.0002658608281509
0.1286200692750439,4.110906218139345,4.111183338057361,-0.0002771199180164885,0.0002658605517821
0.1286200694426028,4.110906218213911,4.1111833380573435,-0.0002771198434325939,0.0002658590053547
0.1286200691025899,4.1109062182330955,4.111183338057375,-0.00027711982427902626,0.0002658608052017
0.1286200691407685,4.110906218238119,4.111183338057301,-0.0002771198191817703,0.0002658602905383
0.1286200690533391,4.110906218188787,4.1111833380573835,-0.00027711986859646487,0.0002658611098237
0.1286200692750439,4.110906218246643,4.111183338057391,-0.00027711981074762804,0.0002658602470377
0.1286200690533391,4.110906218213413,4.111183338057369,-0.00027711984395661915,0.0002658600405576
0.1286200693009225,4.1109062182286955,4.111183338057367,-0.00027711982867106855,0.0002658602470377
0.1286200693688851,4.1109062182503475,4.111183338057369,-0.00027711980702171957,0.0002658598834377
0.1286200690919358,4.11090621823001,4.111183338057374,-0.0002771198273636699,0.0002658602363048
0.1286200693339135,4.110906218210339,4.11118333805736,-0.0002771198470217229,0.0002658602722175
0.1286200687949469,4.110906218169304,4.11118333805734,-0.00027711988803602594,0.0002658608462711
0.1286200691407685,4.110906218203479,4.111183338057383,-0.00027711985390332927,0.0002658608281509
0.1286200691352324,4.110906218241859,4.111183338057368,-0.00027711981550915255,0.0002658605517821
0.1286200690322544,4.110906218210415,4.1111833380573595,-0.00027711984694445135,0.0002658608462711
0.1286200693234346,4.11090621825705,4.111183338057372,-0.00027711980032218975,0.0002658605517821
0.1286200691308835,4.11090621829923,4.111183338057346,-0.00027711975811595124,0.0002658620103872
0.1286200690322544,4.110906218286834,4.111183338057388,-0.00027711977055400183,0.0002658614111018
0.1286200692750439,4.110906218231436,4.111183338057353,-0.00027711982591682727,0.0002658606803832
0.1286200690919358,4.110906218255703,4.111183338057361,-0.0002771198016580101,0.0002658602466982
0.1286200690919358,4.110906218109701,4.111183338057352,-0.00027711994765144965,0.0002658605387104
0.1286200691025899,4.110906218254796,4.111183338057341,-0.00027711980254441215,0.0002658608281509
0.1286200690919358,4.110906218299321,4.111183338057359,-0.00027711975803779154,0.0002658605517821
0.1286200690484157,4.1109062182956935,4.111183338057388,-0.0002771197616944221,0.0002658608281509
0.1286200689198613,4.11090621824109,4.111183338057411,-0.0002771198163209476,0.0002658606125664
0.1286200690919358,4.110906218148367,4.111183338057383,-0.0002771199090156884,0.0002658602905383
0.1286200688711321,4.110906218149762,4.11118333805732,-0.0002771199075581876,0.0002658608281509
0.1286200693009225,4.110906218299585,4.111183338057349,-0.0002771197577642326,0.0002658602470377
0.1286200689198613,4.110906218244912,4.111183338057378,-0.0002771198124662533,0.0002658606125664
0.1286200691025899,4.110906218115678,4.111183338057358,-0.00027711994167933796,0.0002658606803832
0.1286200693234346,4.1109062181678215,4.111183338057344,-0.0002771198895228366,0.0002658598834377
0.1286200690533391,4.110906218138692,4.11118333805736,-0.00027711991866841146,0.000265860295005
0.1286200692130541,4.110906218199262,4.111183338057379,-0.0002771198581168477,0.0002658605517821
0.1286200687821212,4.110906218270805,4.1111833380573675,-0.00027711978656252967,0.0002658608462711
0.1286200691352324,4.110906218261382,4.111183338057356,-0.0002771197959736682,0.0002658602722175
0.1286200689198613,4.1109062182755824,4.111183338057371,-0.00027711978178857066,0.0002658608052017
0.1286200688711321,4.110906218153502,4.111183338057359,-0.00027711990385625995,0.0002658618429636
0.1286200692130541,4.110906218251724,4.111183338057355,-0.00027711980563083216,0.0002658602470377
0.1286200693091989,4.110906218162549,4.111183338057366,-0.00027711989481638,0.0002658614600079
0.1286200690322544,4.110906218223889,4.111183338057333,-0.0002771198334441394,0.0002658611098237
0.1286200690919358,4.110906218175712,4.111183338057339,-0.00027711988162693046,0.0002658611660287
0.1286200690322544,4.110906218271025,4.111183338057407,-0.00027711978638222945,0.0002658606125664
0.128620069359937,4.110906218292296,4.111183338057373,-0.0002771197650766055,0.0002658605387104
0.1286200692750439,4.1109062182023495,4.1111833380573755,-0.0002771198550259868,0.0002658608281509
0.1286200693612195,4.1109062182631515,4.111183338057383,-0.00027711979423106214,0.0002658600405576
0.1286200691064573,4.110906218274091,4.111183338057365,-0.000277119783273605,0.0002658596770356
0.1286200691025899,4.110906218282088,4.111183338057387,-0.00027711977529865095,0.0002658608462711
0.1286200689100014,4.110906218209758,4.111183338057378,-0.00027711984762035513,0.0002658606125664
0.1286200690919358,4.11090621816604,4.111183338057369,-0.0002771198913293915,0.0002658602466982
0.1286200692716405,4.110906218178463,4.11118333805738,-0.0002771198789170981,0.0002658596770356
0.1286200691025899,4.110906218227439,4.111183338057365,-0.00027711982992606465,0.0002658614111018
0.1286200691407685,4.110906218221737,4.111183338057357,-0.0002771198356201765,0.0002658597675085
0.1286200687846308,4.110906218198624,4.1111833380573515,-0.00027711985872791445,0.0002658610359488
0.1286200691352324,4.110906218152411,4.111183338057391,-0.00027711990497980565,0.0002658610359488
0.1286200689198613,4.110906218186558,4.111183338057347,-0.0002771198707893774,0.0002658618429636
0.1286200689100014,4.110906218265324,4.111183338057345,-0.00027711979202127424,0.0002658606125664
0.1286200693009225,4.110906218210342,4.111183338057335,-0.000277119846992413,0.0002658611098237
0.128620068785716,4.110906218290295,4.111183338057368,-0.0002771197670732306,0.000265860295005
0.1286200691308835,4.110906218208159,4.111183338057356,-0.0002771198491968718,0.0002658608052017
0.1286200690322544,4.110906218191344,4.111183338057338,-0.0002771198659941021,0.0002658610359488
0.1286200691025899,4.110906218209249,4.11118333805735,-0.00027711984810085966,0.0002658602905383
0.1286200688711321,4.110906218289847,4.11118333805737,-0.00027711976752353706,0.0002658608462711
0.1286200690919358,4.110906218242794,4.11118333805735,-0.0002771198145561371,0.0002658605387104
0.1286200693009225,4.110906218230944,4.111183338057342,-0.0002771198263973318,0.0002658602722175
0.1286200692716405,4.110906218220288,4.111183338057386,-0.0002771198370981054,0.0002658602722175
0.1286200691308835,4.110906218259439,4.111183338057347,-0.0002771197979081208,0.0002658602466982
0.1286200693009225,4.1109062182368925,4.111183338057334,-0.0002771198204412073,0.0002658613638448
0.1286200693339135,4.110906218244239,4.11118333805737,-0.0002771198131314989,0.0002658602905383
0.1286200690919358,4.110906218185611,4.111183338057344,-0.00027711987173351105,0.0002658608052017
0.1286200689095337,4.110906218245889,4.11118333805737,-0.0002771198114812634,0.0002658606125664
0.1286200691308835,4.110906218201197,4.1111833380573275,-0.00027711985613088075,0.0002658602470377
0.1286200691407685,4.110906218230235,4.111183338057324,-0.0002771198270892228,0.0002658608052017
0.128620068785716,4.11090621823768,4.111183338057363,-0.00027711981968270294,0.0002658608281509
0.1286200691308835,4.110906218198198,4.111183338057328,-0.00027711985913025927,0.0002658605517821
0.1286200687821212,4.110906218241822,4.111183338057358,-0.0002771198155357979,0.0002658608052017
0.1286200691308835,4.110906218171556,4.111183338057404,-0.0002771198858475543,0.0002658614600079
0.1286200693234346,4.110906218140219,4.111183338057355,-0.0002771199171363037,0.0002658614600079
0.1286200692130541,4.110906218242781,4.111183338057356,-0.00027711981457478885,0.000265860295005
0.1286200690322544,4.110906218239576,4.111183338057337,-0.000277119817761573,0.0002658602722175
0.1286200691064573,4.110906218214512,4.111183338057338,-0.000277119842825968,0.0002658614111018
0.1286200689095337,4.110906218187391,4.1111833380573515,-0.0002771198699607069,0.0002658617756858
0.1286200689095337,4.110906218332092,4.111183338057363,-0.0002771197252711133,0.0002658608052017
0.1286200692130541,4.1109062182530876,4.111183338057368,-0.00027711980428080096,0.0002658602466982
0.1286200691407685,4.11090621823366,4.111183338057337,-0.0002771198236768413,0.0002658602722175
0.1286200690322544,4.110906218266243,4.111183338057404,-0.00027711979116062935,0.0002658600845884
0.1286200691352324,4.110906218194811,4.111183338057364,-0.0002771198625532989,0.0002658605517821
0.1286200691352324,4.110906218174658,4.1111833380573435,-0.00027711988268563914,0.000265860295005
0.1286200691407685,4.1109062182880995,4.11118333805739,-0.00027711976929012394,0.0002658611660287
0.1286200687973817,4.1109062182738105,4.111183338057355,-0.0002771197835444994,0.0002658606125664
0.1286200691352324,4.110906218224463,4.111183338057359,-0.0002771198328952451,0.0002658602905383
0.1286200690533391,4.110906218255702,4.111183338057372,-0.0002771198016695564,0.0002658602470377
0.1286200690533391,4.110906218214502,4.111183338057401,-0.00027711984289879865,0.0002658620103872
0.1286200690484157,4.110906218210071,4.111183338057381,-0.0002771198473094927,0.0002658610224641
0.1286200691352324,4.110906218199884,4.111183338057383,-0.0002771198574986755,0.0002658608462711
0.1286200691407685,4.11090621822235,4.111183338057382,-0.0002771198350313142,0.0002658606803832
0.1286200690533391,4.110906218255101,4.111183338057383,-0.00027711980228151134,0.0002658608462711
0.1286200687603389,4.110906218231905,4.11118333805736,-0.0002771198254549745,0.0002658610224641
0.1286200692130541,4.11090621822728,4.111183338057385,-0.0002771198301054767,0.0002658602363048
0.1286200688711321,4.110906218252962,4.111183338057377,-0.0002771198044149159,0.0002658608052017
0.1286200689198613,4.110906218215769,4.111183338057334,-0.00027711984156475467,0.0002658608462711
0.1286200690919358,4.110906218297016,4.1111833380573275,-0.0002771197603115283,0.0002658605387104
0.1286200690919358,4.110906218271918,4.1111833380573755,-0.0002771197854576357,0.0002658602466982
0.1286200690322544,4.1109062182434535,4.11118333805738,-0.0002771198139264186,0.0002658614111018
0.1286200690322544,4.110906218124571,4.111183338057363,-0.0002771199327922247,0.0002658606125664
0.1286200691352324,4.110906218273542,4.111183338057373,-0.00027711978383049285,0.0002658605387104
0.1286200691407685,4.110906218219025,4.111183338057353,-0.0002771198383282325,0.0002658614111018
0.1286200687973817,4.110906218189904,4.111183338057329,-0.00027711986742495753,0.0002658605387104
0.1286200693091989,4.110906218194942,4.111183338057372,-0.0002771198624298421,0.0002658600405576
0.1286200693091989,4.110906218219367,4.111183338057349,-0.0002771198379818429,0.0002658602905383
0.1286200688711321,4.110906218336987,4.11118333805735,-0.00027711972036303933,0.000265860295005
0.1286200690533391,4.110906218189714,4.111183338057357,-0.00027711986764256125,0.0002658602722175
0.1286200690919358,4.110906218179909,4.111183338057413,-0.00027711987750400624,0.0002658608281509
0.1286200690533391,4.110906218258166,4.111183338057367,-0.0002771197992004204,0.0002658608052017
0.1286200693339135,4.110906218230877,4.1111833380573435,-0.0002771198264666097,0.0002658602470377
0.1286200688711321,4.110906218210228,4.111183338057357,-0.00027711984712919246,0.0002658600845884
0.1286200689100014,4.110906218191497,4.111183338057336,-0.00027711986583955905,0.0002658606803832
0.1286200691352324,4.110906218266804,4.111183338057381,-0.0002771197905770961,0.0002658602905383
0.1286200691352324,4.110906218185784,4.111183338057378,-0.00027711987159406704,0.0002658608462711
0.1286200689095337,4.110906218251658,4.111183338057357,-0.0002771198056992219,0.0002658610224641
0.1286200691308835,4.110906218221753,4.111183338057379,-0.00027711983562639375,0.0002658602905383
0.1286200693397242,4.110906218290417,4.1111833380573675,-0.000277119766950662,0.0002658610224641
0.1286200688711321,4.110906218153123,4.111183338057347,-0.0002771199042239658,0.0002658606125664
0.1286200691407685,4.110906218246603,4.111183338057401,-0.0002771198107982542,0.0002658602466982
0.1286200691308835,4.110906218169314,4.11118333805733,-0.000277119888016486,0.0002658608462711
0.1286200689095337,4.110906218222816,4.111183338057362,-0.0002771198345463688,0.0002658602722175
0.1286200687696346,4.11090621812198,4.111183338057332,-0.0002771199353519549,0.0002658611660287
0.1286200692750439,4.110906218244209,4.111183338057379,-0.0002771198131696906,0.0002658608281509
0.1286200693091989,4.1109062181487905,4.111183338057348,-0.00027711990855738833,0.0002658620310416
0.1286200692750439,4.110906218211773,4.111183338057357,-0.000277119845583762,0.0002658605387104
0.1286200693009225,4.110906218207887,4.1111833380573595,-0.00027711984947220714,0.0002658620103872
0.1286200690322544,4.110906218243957,4.111183338057315,-0.0002771198133579844,0.0002658613638448
0.1286200691352324,4.110906218239027,4.111183338057364,-0.00027711981833711263,0.000265860295005
0.128620069359937,4.110906218310214,4.11118333805736,-0.0002771197471460596,0.0002658600285024
0.1286200687949469,4.110906218277224,4.111183338057363,-0.00027711978013922334,0.0002658602363048
0.1286200690919358,4.110906218207665,4.111183338057368,-0.0002771198497031335,0.0002658606803832
0.1286200691352324,4.110906218179672,4.111183338057344,-0.00027711987767276014,0.0002658605517821
0.1286200693091989,4.1109062182416105,4.111183338057321,-0.00027711981571076905,0.0002658605387104
0.1286200687973817,4.110906218222744,4.111183338057325,-0.00027711983458100775,0.0002658606803832
0.1286200693339135,4.110906218253851,4.111183338057359,-0.00027711980350719756,0.0002658605387104
0.1286200690322544,4.110906218222369,4.11118333805737,-0.00027711983500111614,0.0002658602363048
0.1286200692716405,4.110906218231886,4.111183338057373,-0.0002771198254869489,0.0002658618429636
0.1286200691308835,4.110906218216198,4.11118333805739,-0.00027711984119171973,0.0002658611660287
0.1286200693091989,4.110906218209579,4.111183338057338,-0.00027711984775891096,0.0002658602905383
0.1286200690322544,4.110906218289458,4.111183338057369,-0.00027711976791167103,0.0002658602905383
0.1286200691407685,4.110906218261481,4.1111833380573755,-0.0002771197958946203,0.0002658597675085
0.1286200689198613,4.110906218170292,4.111183338057324,-0.0002771198870323843,0.0002658608281509
0.1286200692716405,4.110906218254225,4.1111833380573675,-0.00027711980314215623,0.000265860295005
0.1286200692750439,4.1109062182413645,4.1111833380573675,-0.00027711981600297975,0.0002658608281509
0.1286200691025899,4.110906218211662,4.11118333805733,-0.00027711984566813896,0.0002658602722175
0.1286200690533391,4.110906218240589,4.111183338057362,-0.00027711981677303044,0.0002658608462711
0.1286200689198613,4.110906218220131,4.111183338057347,-0.0002771198372162331,0.0002658606125664
0.1286200691064573,4.110906218212023,4.111183338057355,-0.0002771198453324075,0.0002658610359488
0.1286200692716405,4.110906218219858,4.111183338057359,-0.0002771198375004502,0.0002658602363048
0.1286200690484157,4.11090621812544,4.111183338057353,-0.00027711993191292805,0.0002658608052017
0.1286200689100014,4.110906218170317,4.1111833380573675,-0.0002771198870501479,0.0002658614600079
0.1286200692750439,4.110906218292877,4.111183338057364,-0.00027711976448685505,0.0002658602466982
0.1286200687949469,4.1109062181554705,4.111183338057355,-0.00027711990188450386,0.0002658610359488
0.1286200693091989,4.110906218145702,4.111183338057363,-0.0002771199116606837,0.0002658600285024
0.1286200690533391,4.110906218151752,4.111183338057367,-0.0002771199056148532,0.0002658602722175
0.1286200687973817,4.1109062182002285,4.111183338057388,-0.00027711985715939136,0.0002658608052017
0.1286200691064573,4.1109062180856215,4.11118333805734,-0.0002771199717184203,0.0002658602363048
0.1286200691407685,4.110906218145462,4.111183338057367,-0.0002771199119049328,0.0002658602722175
0.1286200690919358,4.110906218187671,4.111183338057364,-0.00027711986969247704,0.0002658596770356
0.1286200690322544,4.110906218263739,4.111183338057331,-0.00027711979359246186,0.0002658608281509
0.1286200689095337,4.110906218240691,4.111183338057354,-0.0002771198166628963,0.0002658606125664
0.1286200690484157,4.110906218158053,4.1111833380573595,-0.0002771198993061219,0.0002658617756858
0.1286200689095337,4.1109062182673695,4.111183338057349,-0.00027711978997935205,0.0002658602466982
0.1286200689100014,4.1109062181242715,4.111183338057332,-0.00027711993306045457,0.0002658605517821
0.1286200693397242,4.110906218267053,4.111183338057369,-0.00027711979031597167,0.0002658606803832
0.1286200690919358,4.110906218133852,4.111183338057372,-0.000277119923519642,0.0002658614111018
0.1286200690533391,4.1109062181649865,4.111183338057395,-0.0002771198924085283,0.0002658608052017
0.1286200693009225,4.110906218300545,4.111183338057382,-0.0002771197568369743,0.0002658611660287
0.1286200691025899,4.110906218221513,4.111183338057333,-0.00027711983582001665,0.0002658606125664
0.1286200690322544,4.11090621829976,4.111183338057374,-0.00027711975761324226,0.0002658602722175
0.1286200690919358,4.11090621824019,4.111183338057364,-0.0002771198171735989,0.0002658611098237
0.1286200690322544,4.110906218186303,4.111183338057358,-0.00027711987105494273,0.0002658610224641
0.1286200693339135,4.110906218140558,4.111183338057313,-0.00027711991675527514,0.0002658605387104
0.1286200689198613,4.110906218212572,4.111183338057337,-0.0002771198447648615,0.0002658602722175
0.1286200692750439,4.110906218277756,4.111183338057381,-0.00027711977962496803,0.0002658606125664
0.1286200691064573,4.110906218125854,4.111183338057347,-0.00027711993149281966,0.0002658600405576
0.1286200691064573,4.11090621821518,4.1111833380573435,-0.0002771198421633869,0.0002658605387104
0.1286200692750439,4.110906218245709,4.111183338057381,-0.00027711981167222177,0.0002658608052017
0.1286200690322544,4.110906218258432,4.111183338057346,-0.00027711979891442695,0.0002658617756858
0.1286200691407685,4.110906218198592,4.111183338057361,-0.00027711985876965883,0.000265860295005
0.1286200692130541,4.110906218202938,4.111183338057357,-0.00027711985441847276,0.000265860295005
0.1286200692750439,4.110906218207819,4.111183338057336,-0.00027711984951750424,0.0002658610224641
0.128620068785716,4.110906218243937,4.11118333805734,-0.0002771198134032815,0.0002658625089171
0.1286200687603389,4.110906218185202,4.111183338057359,-0.000277119872156284,0.0002658610359488
0.1286200690533391,4.110906218188742,4.111183338057349,-0.000277119868607123,0.0002658614111018
0.1286200693339135,4.1109062182240415,4.111183338057353,-0.0002771198333118008,0.0002658614600079
0.1286200687949469,4.1109062182592275,4.111183338057352,-0.00027711979812483634,0.0002658608281509
0.1286200693009225,4.110906218221536,4.111183338057375,-0.0002771198358386684,0.0002658606125664
0.1286200690533391,4.110906218241036,4.111183338057323,-0.00027711981628719684,0.0002658605387104
0.1286200691308835,4.110906218263773,4.111183338057378,-0.00027711979360489636,0.000265860295005
0.1286200691025899,4.11090621826474,4.111183338057364,-0.0002771197926243474,0.0002658606125664
0.1286200690322544,4.110906218221414,4.111183338057377,-0.00027711983596301337,0.0002658602722175
0.1286200690919358,4.11090621821859,4.111183338057362,-0.0002771198387723217,0.0002658600285024
0.1286200691025899,4.11090621821644,4.111183338057351,-0.00027711984091016717,0.0002658618429636
0.1286200689198613,4.110906218247971,4.111183338057349,-0.0002771198093780569,0.0002658606803832
0.128620068785716,4.1109062182786085,4.111183338057369,-0.00027711977876077043,0.0002658611098237
0.1286200688711321,4.110906218167194,4.111183338057358,-0.00027711989016410143,0.0002658602363048
0.1286200692130541,4.110906218251971,4.111183338057365,-0.0002771198053936885,0.0002658602363048
0.1286200691352324,4.110906218275774,4.111183338057363,-0.0002771197815887305,0.0002658610359488
0.1286200689198613,4.110906218223704,4.111183338057331,-0.00027711983362710413,0.0002658608052017
0.1286200689198613,4.110906218200605,4.11118333805734,-0.0002771198567348421,0.0002658610224641
0.1286200687821212,4.110906218155607,4.111183338057354,-0.0002771199017468362,0.0002658613638448
0.1286200687846308,4.110906218134114,4.111183338057365,-0.0002771199232505239,0.0002658606125664
0.1286200692130541,4.1109062182648906,4.111183338057365,-0.00027711979247424523,0.000265860295005
0.1286200690533391,4.110906218276465,4.111183338057375,-0.00027711978090927403,0.0002658602470377
0.1286200693091989,4.1109062182508165,4.111183338057363,-0.0002771198065465441,0.0002658608281509
0.1286200691064573,4.110906218165342,4.111183338057378,-0.00027711989203638154,0.0002658606125664
0.1286200691308835,4.110906218285973,4.111183338057356,-0.0002771197713826723,0.0002658611660287
0.1286200692716405,4.110906218156019,4.111183338057321,-0.0002771199013018588,0.0002658602905383
0.1286200693688851,4.110906218111864,4.111183338057359,-0.00027711994549495245,0.0002658602905383
0.1286200690322544,4.1109062182276075,4.1111833380573515,-0.0002771198297439881,0.0002658608052017
0.1286200691407685,4.110906218178746,4.111183338057366,-0.00027711987861955834,0.0002658606125664
0.1286200690322544,4.110906218211762,4.111183338057393,-0.00027711984563083547,0.0002658611660287
0.1286200689198613,4.110906218199718,4.111183338057368,-0.000277119857650554,0.0002658614600079
0.1286200693091989,4.110906218223716,4.111183338057375,-0.0002771198336581904,0.0002658605517821
0.1286200689100014,4.1109062182595055,4.111183338057365,-0.000277119797859271,0.0002658602722175
0.1286200687453511,4.1109062182194425,4.111183338057324,-0.00027711983788147876,0.0002658608281509
0.1286200692716405,4.110906218258554,4.11118333805737,-0.00027711979881583915,0.0002658610224641
0.1286200693234346,4.110906218232059,4.111183338057354,-0.0002771198252951024,0.0002658602363048
0.1286200691025899,4.110906218208096,4.111183338057296,-0.00027711984920042454,0.0002658611660287
0.1286200687973817,4.110906218256674,4.111183338057373,-0.0002771198006987774,0.0002658605517821
0.1286200688711321,4.110906218107865,4.111183338057358,-0.0002771199494926435,0.0002658608462711
0.1286200690919358,4.1109062182528815,4.111183338057397,-0.00027711980451528007,0.0002658602722175
0.1286200692130541,4.11090621822127,4.111183338057379,-0.00027711983610867463,0.0002658606125664
0.1286200691407685,4.110906218232388,4.111183338057395,-0.00027711982500733257,0.000265860295005
0.1286200687384193,4.110906218230256,4.111183338057367,-0.00027711982711053906,0.0002658608281509
0.1286200691025899,4.1109062181874085,4.11118333805738,-0.00027711986997136506,0.0002658611098237
0.1286200693339135,4.110906218221,4.111183338057368,-0.00027711983636802273,0.0002658608052017
0.1286200688711321,4.11090621817008,4.11118333805737,-0.00027711988728995607,0.0002658606125664
0.1286200690533391,4.110906218195583,4.111183338057331,-0.0002771198617477211,0.0002658608462711
0.1286200687973817,4.110906218204219,4.111183338057358,-0.00027711985313860765,0.0002658623211155
0.1286200690322544,4.110906218316771,4.111183338057396,-0.0002771197406250536,0.0002658606803832
0.1286200693339135,4.110906218217831,4.111183338057388,-0.00027711983955658326,0.0002658598834377
0.1286200692750439,4.1109062182530165,4.111183338057342,-0.0002771198043252099,0.0002658608052017
0.1286200687949469,4.1109062181817935,4.111183338057345,-0.0002771198755517901,0.0002658613638448
0.1286200691352324,4.110906218233692,4.111183338057338,-0.00027711982364575505,0.0002658610359488
0.1286200690484157,4.110906218313232,4.11118333805738,-0.00027711974414756924,0.0002658608052017
0.1286200690322544,4.1109062182317135,4.11118333805733,-0.00027711982561662296,0.0002658602905383
0.1286200689198613,4.110906218287444,4.111183338057349,-0.0002771197699047434,0.0002658605387104
0.128620069359937,4.110906218259602,4.111183338057336,-0.00027711979773403783,0.0002658605387104
0.1286200692716405,4.110906218233452,4.1111833380573755,-0.0002771198239237549,0.0002658608281509
0.1286200690533391,4.11090621819789,4.111183338057386,-0.0002771198594961888,0.0002658606125664
0.1286200691352324,4.110906218269221,4.111183338057342,-0.0002771197881203946,0.0002658608052017
0.1286200689198613,4.110906218255379,4.111183338057361,-0.0002771198019821952,0.0002658595413033
0.1286200691352324,4.110906218188255,4.111183338057362,-0.00027711986910716746,0.0002658608281509
0.1286200692130541,4.110906218188029,4.111183338057358,-0.0002771198693283239,0.0002658610224641
0.1286200690322544,4.1109062182401965,4.111183338057357,-0.00027711981716027623,0.0002658600405576
0.1286200687973817,4.110906218244953,4.111183338057352,-0.0002771198123996399,0.0002658605517821
0.1286200691308835,4.110906218185208,4.1111833380573755,-0.0002771198721678303,0.0002658602722175
0.1286200693397242,4.110906218305094,4.111183338057374,-0.00027711975227973085,0.0002658605517821
0.1286200689100014,4.110906218214687,4.111183338057329,-0.0002771198426421151,0.0002658602905383
0.1286200691407685,4.110906218247719,4.111183338057348,-0.00027711980962852323,0.0002658602722175
0.1286200693650315,4.11090621827287,4.111183338057392,-0.00027711978452238384,0.0002658600285024
0.1286200693688851,4.110906218285145,4.111183338057346,-0.0002771197722015728,0.000265860295005
0.1286200693234346,4.1109062182137155,4.111183338057382,-0.0002771198436661848,0.0002658611098237
0.1286200690533391,4.110906218287654,4.111183338057345,-0.0002771197696915806,0.0002658617756858
0.1286200687846308,4.110906218100284,4.111183338057362,-0.0002771199570785754,0.0002658618429636
0.1286200690919358,4.1109062182432385,4.111183338057363,-0.0002771198141244824,0.0002658602905383
0.1286200692750439,4.110906218217557,4.11118333805738,-0.0002771198398230368,0.0002658610359488
0.1286200690919358,4.1109062181396405,4.111183338057363,-0.00027711991772250144,0.0002658606125664
0.1286200691064573,4.110906218210151,4.111183338057351,-0.00027711984719935856,0.0002658608462711
0.1286200692130541,4.110906218248537,4.111183338057349,-0.0002771198088113991,0.0002658602470377
0.1286200690533391,4.11090621814483,4.111183338057365,-0.0002771199125346513,0.0002658611098237
0.1286200692750439,4.110906218268758,4.1111833380573355,-0.0002771197885778065,0.0002658608462711
0.1286200691025899,4.110906218156186,4.111183338057338,-0.00027711990115175666,0.0002658623211155
0.1286200691407685,4.110906218259676,4.111183338057373,-0.00027711979769673434,0.0002658610224641
0.128620069359937,4.110906218218943,4.111183338057327,-0.00027711983838329957,0.0002658602722175
0.1286200690533391,4.1109062181911025,4.111183338057328,-0.00027711986622591667,0.0002658608462711
0.1286200691025899,4.1109062181327145,4.111183338057402,-0.0002771199246875966,0.0002658621028331
0.1286200691308835,4.1109062182434855,4.111183338057376,-0.00027711981389089146,0.0002658602363048
0.1286200693339135,4.110906218196801,4.111183338057404,-0.0002771198606028591,0.0002658602466982
0.1286200690919358,4.1109062181885365,4.111183338057404,-0.0002771198688673593,0.0002658608052017
0.1286200687846308,4.110906218182,4.111183338057384,-0.00027711987538392435,0.0002658618429636
0.1286200692750439,4.110906218215524,4.111183338057345,-0.00027711984182143823,0.0002658605387104
0.1286200693009225,4.110906218238206,4.111183338057401,-0.000277119819195093,0.0002658608052017
0.1286200692130541,4.110906218176612,4.111183338057332,-0.0002771198807201003,0.000265860295005
0.1286200688711321,4.110906218251239,4.11118333805738,-0.0002771198061406466,0.000265860295005
0.1286200691025899,4.110906218308521,4.111183338057368,-0.00027711974884692125,0.0002658606803832
0.1286200690919358,4.110906218270916,4.1111833380573675,-0.00027711978645150737,0.0002658605517821
0.1286200687425704,4.110906218255436,4.11118333805737,-0.0002771198019342336,0.0002658608281509
0.1286200690484157,4.110906218254464,4.111183338057347,-0.00027711980288280813,0.0002658608281509
0.1286200691308835,4.110906218110094,4.111183338057385,-0.0002771199472908492,0.0002658602470377
0.1286200690533391,4.110906218278043,4.111183338057333,-0.00027711977929012477,0.0002658611098237
0.1286200691064573,4.110906218183964,4.111183338057429,-0.0002771198734645708,0.0002658610224641
0.1286200690919358,4.110906218231605,4.111183338057361,-0.000277119825756067,0.0002658602363048
0.1286200690322544,4.110906218188632,4.111183338057361,-0.00027711986872880345,0.0002658608281509
0.1286200691025899,4.110906218224909,4.11118333805736,-0.0002771198324511559,0.0002658602905383
0.1286200687821212,4.11090621817678,4.111183338057356,-0.0002771198805762154,0.0002658608462711
0.1286200688711321,4.110906218235427,4.111183338057377,-0.00027711982195022244,0.0002658621028331
0.1286200688711321,4.110906218196354,4.111183338057385,-0.0002771198610309611,0.0002658608281509
0.1286200691025899,4.110906218125077,4.111183338057343,-0.0002771199322655349,0.0002658602470377
0.1286200690484157,4.110906218250369,4.111183338057344,-0.0002771198069755343,0.0002658602363048
0.1286200694462345,4.1109062182372655,4.1111833380573515,-0.00027711982008593594,0.0002658594979901
0.1286200688711321,4.1109062182021745,4.111183338057356,-0.000277119855181418,0.0002658606125664
0.1286200689095337,4.110906218164468,4.111183338057359,-0.0002771198928908092,0.0002658608462711
0.1286200693234346,4.110906218195106,4.111183338057361,-0.00027711986225487095,0.000265860295005
0.1286200691352324,4.110906218224893,4.111183338057371,-0.00027711983247780125,0.0002658605517821
0.1286200690484157,4.110906218217752,4.111183338057396,-0.00027711983964362474,0.0002658610359488
0.1286200689100014,4.110906218259062,4.111183338057358,-0.0002771197982953666,0.0002658606803832
0.1286200692716405,4.110906218174511,4.111183338057355,-0.0002771198828437349,0.0002658605387104
0.1286200689198613,4.110906218243503,4.111183338057375,-0.00027711981387135154,0.0002658611660287
0.1286200691308835,4.110906218248058,4.111183338057333,-0.0002771198092750282,0.0002658611660287
0.1286200691025899,4.110906218282451,4.111183338057375,-0.00027711977492383966,0.0002658600845884
0.1286200693234346,4.110906218220025,4.111183338057383,-0.0002771198373574535,0.0002658602905383
0.1286200690533391,4.110906218233374,4.11118333805736,-0.0002771198239859274,0.0002658600845884
0.1286200693009225,4.110906218179948,4.111183338057375,-0.0002771198774267347,0.0002658608462711
0.1286200690919358,4.110906218245574,4.1111833380573355,-0.0002771198117619278,0.0002658602905383
0.1286200693234346,4.110906218202555,4.111183338057336,-0.00027711985478173773,0.0002658602470377
0.1286200689095337,4.110906218205543,4.1111833380573675,-0.0002771198518241036,0.0002658610359488
0.1286200690919358,4.110906218196408,4.111183338057341,-0.00027711986093326146,0.0002658606125664
0.1286200689198613,4.110906218232357,4.111183338057367,-0.0002771198250099971,0.0002658605517821
0.1286200689100014,4.110906218257926,4.111183338057356,-0.00027711979942957043,0.0002658611098237
0.1286200690919358,4.110906218244672,4.1111833380573595,-0.0002771198126874097,0.0002658610224641
0.1286200691064573,4.110906218187554,4.1111833380573914,-0.0002771198698372501,0.0002658620103872
0.1286200693009225,4.110906218288886,4.111183338057337,-0.0002771197684516835,0.0002658606803832
0.1286200690919358,4.11090621824369,4.111183338057369,-0.000277119813679505,0.0002658600285024
0.1286200692130541,4.110906218272497,4.111183338057379,-0.0002771197848820961,0.0002658602470377
0.1286200690484157,4.110906218223744,4.111183338057348,-0.0002771198336040115,0.0002658602466982
0.1286200693339135,4.1109062182409275,4.111183338057374,-0.0002771198164461808,0.0002658605387104
0.1286200691025899,4.1109062182359075,4.11118333805736,-0.00027711982145284253,0.0002658602470377
0.1286200689198613,4.110906218240602,4.111183338057382,-0.0002771198167792477,0.0002658606803832
0.1286200692716405,4.110906218250807,4.111183338057393,-0.00027711980658651214,0.0002658606803832
0.1286200691308835,4.110906218229022,4.111183338057338,-0.0002771198283157972,0.0002658611098237
0.1286200690533391,4.110906218225781,4.111183338057329,-0.00027711983154787845,0.0002658606803832
0.1286200691064573,4.110906218127784,4.111183338057367,-0.0002771199295823479,0.0002658610359488
0.1286200689095337,4.110906218208054,4.111183338057387,-0.0002771198493327631,0.0002658606803832
0.1286200689095337,4.110906218194515,4.111183338057335,-0.00027711986281975243,0.0002658613638448
0.1286200691308835,4.110906218257849,4.111183338057358,-0.0002771197995086183,0.0002658600405576
0.1286200690533391,4.110906218223431,4.111183338057376,-0.000277119833945072,0.0002658605517821
0.1286200690484157,4.110906218257411,4.111183338057354,-0.00027711979994293756,0.0002658611098237
0.1286200687973817,4.1109062182014044,4.111183338057371,-0.00027711985596656774,0.0002658614111018
0.1286200689198613,4.110906218291051,4.111183338057382,-0.00027711976633071345,0.0002658606125664
0.1286200690322544,4.1109062182449145,4.111183338057365,-0.00027711981245026607,0.0002658606125664
0.1286200690322544,4.110906218267812,4.111183338057357,-0.0002771197895450328,0.0002658608281509
0.1286200690484157,4.110906218182986,4.111183338057358,-0.00027711987437140095,0.0002658608462711
0.1286200693091989,4.110906218148416,4.111183338057371,-0.00027711990895529226,0.0002658600285024
0.1286200693397242,4.1109062182097835,4.111183338057379,-0.00027711984759548614,0.0002658602363048
0.1286200691025899,4.110906218180691,4.111183338057361,-0.0002771198766700067,0.0002658611098237
0.1286200693974061,4.110906218166192,4.111183338057322,-0.00027711989113043956,0.0002658602363048
0.1286200691025899,4.110906218153544,4.111183338057336,-0.0002771199037923111,0.000265860295005
0.1286200691407685,4.1109062182544,4.111183338057349,-0.00027711980294853333,0.0002658617756858
0.1286200687384193,4.110906218250376,4.11118333805734,-0.00027711980696398797,0.0002658613638448
0.1286200692130541,4.110906218257547,4.111183338057356,-0.0002771197998088226,0.0002658600405576
0.1286200691064573,4.11090621823832,4.111183338057377,-0.00027711981905742533,0.0002658602363048
0.1286200692716405,4.110906218272263,4.1111833380573986,-0.00027711978513522695,0.0002658606125664
0.1286200689100014,4.110906218254163,4.111183338057353,-0.00027711980319011786,0.0002658608281509
0.1286200687846308,4.110906218127778,4.111183338057345,-0.00027711992956724885,0.0002658610359488
0.1286200689100014,4.110906218194623,4.111183338057367,-0.0002771198627433691,0.0002658606125664
0.1286200691025899,4.110906218168974,4.111183338057337,-0.0002771198883628756,0.0002658606803832
0.1286200690484157,4.110906218257655,4.111183338057361,-0.0002771197997066821,0.0002658611098237
0.1286200690919358,4.110906218277638,4.111183338057356,-0.00027711977971822677,0.0002658602905383
0.1286200687949469,4.1109062182624,4.111183338057357,-0.0002771197949567039,0.0002658608052017
0.1286200690484157,4.110906218154383,4.111183338057354,-0.00027711990297074607,0.0002658608462711
0.1286200689095337,4.110906218209073,4.111183338057333,-0.0002771198482598436,0.0002658606125664
0.1286200691352324,4.110906218262215,4.111183338057391,-0.0002771197951751958,0.0002658600405576
0.1286200687821212,4.1109062182221745,4.111183338057388,-0.0002771198352133908,0.0002658611660287
0.1286200691352324,4.110906218255284,4.111183338057328,-0.0002771198020443677,0.0002658602470377
0.1286200691407685,4.110906218308229,4.111183338057378,-0.0002771197491489019,0.0002658605387104
0.1286200687973817,4.11090621819617,4.111183338057351,-0.00027711986118017506,0.0002658608462711
0.1286200691308835,4.110906218219757,4.1111833380573435,-0.0002771198375866035,0.000265860295005
0.1286200691308835,4.110906218164953,4.111183338057388,-0.00027711989243517365,0.0002658608052017
0.1286200693234346,4.110906218198722,4.111183338057364,-0.00027711985864176114,0.0002658611098237
0.1286200690322544,4.1109062183085925,4.1111833380573675,-0.0002771197487749788,0.0002658608052017
0.1286200690919358,4.110906218217978,4.111183338057373,-0.0002771198393949348,0.0002658605387104
0.1286200692130541,4.110906218115677,4.111183338057371,-0.000277119941694437,0.0002658602363048
0.1286200691407685,4.110906218274782,4.111183338057359,-0.0002771197825763849,0.0002658605517821
0.1286200690484157,4.11090621823225,4.111183338057377,-0.00027711982512723665,0.0002658608052017
0.1286200689100014,4.110906218252285,4.111183338057392,-0.00027711980510769507,0.0002658608281509
0.1286200687846308,4.110906218273832,4.111183338057382,-0.00027711978354982847,0.0002658606803832
0.1286200688711321,4.110906218252247,4.111183338057374,-0.0002771198051263468,0.0002658621028331
0.1286200692716405,4.110906218125003,4.11118333805736,-0.00027711993235701726,0.0002658600405576
0.1286200687846308,4.110906218117341,4.11118333805736,-0.0002771199400193325,0.0002658606803832
0.1286200689198613,4.1109062182672185,4.111183338057334,-0.00027711979011524335,0.0002658602905383
0.1286200690322544,4.11090621828617,4.1111833380573355,-0.0002771197711650686,0.0002658610224641
0.1286200690484157,4.110906218207424,4.111183338057336,-0.00027711984991274363,0.0002658608281509
0.128620069359937,4.110906218178545,4.111183338057351,-0.0002771198788051876,0.0002658606803832
0.1286200690919358,4.110906218174542,4.111183338057337,-0.0002771198827948851,0.0002658606125664
0.1286200687973817,4.110906218195804,4.111183338057351,-0.00027711986154699275,0.0002658614111018
0.1286200690533391,4.110906218119546,4.11118333805737,-0.00027711993782375544,0.0002658608052017
0.1286200691407685,4.110906218218761,4.1111833380573675,-0.00027711983860623235,0.0002658602466982
0.1286200692130541,4.110906218171687,4.1111833380573835,-0.000277119885696564,0.0002658602466982
0.1286200692750439,4.110906218210162,4.1111833380573515,-0.0002771198471895886,0.0002658602722175
0.1286200690919358,4.1109062181318965,4.111183338057369,-0.00027711992547274633,0.0002658600845884
0.1286200690919358,4.110906218276258,4.1111833380573355,-0.00027711978107713975,0.0002658600285024
0.1286200691407685,4.110906218271516,4.111183338057375,-0.0002771197858582042,0.0002658608281509
0.1286200691352324,4.110906218247349,4.111183338057377,-0.0002771198100282035,0.0002658611660287
0.1286200693339135,4.1109062182576235,4.111183338057379,-0.0002771197997555319,0.0002658602470377
0.128620069359937,4.110906218278629,4.111183338057353,-0.0002771197787243551,0.0002658602905383
0.1286200691407685,4.110906218226025,4.111183338057372,-0.0002771198313471501,0.0002658605517821
0.1286200691352324,4.110906218195187,4.111183338057386,-0.0002771198621989157,0.0002658610224641
0.1286200691352324,4.110906218221642,4.111183338057328,-0.0002771198356867899,0.0002658608281509
0.1286200689100014,4.110906218153363,4.111183338057339,-0.00027711990397616404,0.0002658611098237
0.1286200693339135,4.110906218177205,4.111183338057353,-0.0002771198801481134,0.0002658598834377
0.1286200690919358,4.110906218244678,4.1111833380573435,-0.00027711981266520525,0.0002658606125664
0.1286200691064573,4.1109062181317135,4.111183338057402,-0.0002771199256885737,0.0002658602722175
0.1286200690919358,4.110906218228544,4.111183338057353,-0.0002771198288096244,0.0002658611098237
0.1286200690484157,4.110906218294339,4.111183338057362,-0.000277119763023137,0.0002658614600079
0.1286200687821212,4.110906218174679,4.111183338057366,-0.0002771198826865273,0.0002658608281509
0.1286200691025899,4.11090621822207,4.11118333805734,-0.0002771198352702342,0.0002658600405576
0.1286200690322544,4.1109062181095855,4.1111833380573355,-0.00027711994775003745,0.0002658608052017
0.1286200690919358,4.1109062182265905,4.111183338057362,-0.0002771198307716105,0.0002658605517821
0.1286200689095337,4.110906218164518,4.1111833380573035,-0.00027711989278511595,0.0002658610224641
0.1286200691025899,4.110906218230165,4.111183338057336,-0.0002771198271709352,0.0002658606803832
0.1286200692130541,4.110906218258589,4.111183338057365,-0.0002771197987758711,0.0002658608052017
0.1286200692716405,4.110906218237495,4.111183338057381,-0.0002771198198860958,0.0002658602466982
0.1286200690533391,4.110906218264828,4.111183338057372,-0.00027711979254352315,0.0002658611098237
0.1286200693009225,4.110906218222063,4.111183338057373,-0.00027711983531020223,0.0002658598834377
0.1286200689100014,4.110906218171891,4.11118333805737,-0.00027711988547896027,0.0002658602905383
0.1286200691308835,4.1109062182709915,4.111183338057353,-0.00027711978636180135,0.0002658608462711
0.1286200691308835,4.110906218240047,4.111183338057334,-0.00027711981728639756,0.0002658606803832
0.1286200688711321,4.110906218208068,4.1111833380573755,-0.00027711984930789413,0.0002658611660287
0.1286200690533391,4.110906218267699,4.111183338057347,-0.0002771197896480615,0.0002658606803832
0.1286200691308835,4.11090621828074,4.111183338057327,-0.00027711977658650966,0.0002658602722175
0.1286200690533391,4.110906218218054,4.111183338057354,-0.0002771198392998997,0.0002658602905383
0.1286200693091989,4.110906218225257,4.111183338057363,-0.0002771198321056545,0.0002658614600079
0.1286200689198613,4.110906218247751,4.111183338057368,-0.0002771198096169769,0.0002658611660287
0.1286200692130541,4.110906218265569,4.111183338057367,-0.0002771197917974533,0.0002658608281509
0.1286200690484157,4.110906218282019,4.111183338057375,-0.00027711977535549437,0.0002658600845884
0.1286200691025899,4.110906218210918,4.11118333805737,-0.0002771198464524005,0.0002658610359488
0.1286200690919358,4.110906218177017,4.111183338057359,-0.0002771198803417363,0.0002658610359488
0.1286200687949469,4.110906218266385,4.111183338057356,-0.00027711979097055917,0.0002658610224641
0.1286200687821212,4.110906218242121,4.1111833380573595,-0.0002771198152382581,0.0002658605387104
0.1286200687949469,4.110906218230928,4.11118333805735,-0.0002771198264213126,0.0002658600285024
0.1286200691308835,4.11090621820824,4.11118333805735,-0.00027711984910983034,0.0002658608462711
0.128620068785716,4.110906218118786,4.11118333805738,-0.0002771199385938061,0.0002658606803832
0.1286200691308835,4.110906218195674,4.111183338057328,-0.00027711986165446234,0.0002658608462711
0.1286200687846308,4.110906218193549,4.1111833380573275,-0.00027711986377809694,0.0002658606803832
0.1286200689100014,4.1109062182620875,4.111183338057351,-0.00027711979526312547,0.0002658608052017
0.1286200687846308,4.110906218259876,4.1111833380573755,-0.00027711979749955873,0.0002658600285024
0.1286200691308835,4.110906218231503,4.111183338057378,-0.0002771198258750829,0.0002658602905383
0.1286200693397242,4.1109062182858676,4.111183338057389,-0.00027711977152122813,0.0002658611660287
0.1286200691308835,4.11090621821732,4.111183338057349,-0.0002771198400290942,0.0002658608281509
0.1286200691352324,4.110906218301102,4.111183338057334,-0.0002771197562321248,0.0002658608052017
0.1286200691308835,4.110906218195768,4.11118333805735,-0.0002771198615816317,0.0002658605517821
0.1286200692750439,4.110906218253318,4.111183338057381,-0.00027711980406319725,0.0002658602905383
0.1286200689095337,4.110906218232877,4.111183338057375,-0.00027711982449751815,0.0002658606125664
0.1286200687846308,4.11090621819469,4.111183338057366,-0.0002771198626758675,0.0002658606803832
0.1286200687949469,4.110906218180675,4.111183338057368,-0.00027711987669309934,0.0002658608052017
0.1286200693234346,4.110906218211471,4.111183338057362,-0.00027711984589107175,0.0002658597675085
0.1286200692130541,4.110906218202596,4.111183338057376,-0.00027711985477996137,0.0002658600845884
0.1286200691064573,4.11090621821843,4.111183338057375,-0.00027711983894462833,0.0002658608052017
0.1286200690533391,4.110906218261781,4.111183338057363,-0.0002771197955819815,0.0002658602722175
0.1286200689095337,4.110906218294887,4.11118333805738,-0.0002771197624928945,0.0002658610224641
0.1286200689095337,4.110906218285724,4.111183338057355,-0.00027711977163136225,0.000265860295005
0.1286200690919358,4.110906218245376,4.1111833380573435,-0.000277119811967097,0.0002658610224641
0.1286200687949469,4.110906218225396,4.1111833380573755,-0.00027711983197953316,0.0002658600285024
0.1286200691352324,4.110906218199169,4.111183338057377,-0.00027711985820833007,0.0002658623211155
0.1286200690484157,4.110906218210458,4.1111833380573515,-0.0002771198468938252,0.0002658620103872
0.1286200687949469,4.110906218289878,4.1111833380573755,-0.0002771197674977799,0.0002658611098237
0.1286200692716405,4.110906218228245,4.111183338057308,-0.00027711982906275523,0.0002658602470377
0.1286200692750439,4.110906218226737,4.111183338057374,-0.0002771198306366074,0.0002658620103872
0.1286200693234346,4.110906218229368,4.1111833380573355,-0.00027711982796763124,0.0002658600405576
0.1286200691407685,4.110906218189156,4.11118333805737,-0.00027711986821454815,0.0002658597675085
0.1286200691025899,4.110906218299134,4.111183338057387,-0.0002771197582527307,0.0002658597675085
0.1286200691308835,4.11090621820975,4.111183338057335,-0.000277119847584828,0.0002658611660287
0.1286200691064573,4.110906218227453,4.111183338057376,-0.0002771198299234001,0.0002658610359488
0.1286200689095337,4.110906218238164,4.111183338057366,-0.00027711981920131024,0.0002658605387104
0.1286200691352324,4.110906218187107,4.111183338057365,-0.0002771198702573585,0.0002658610224641
0.128620068785716,4.1109062182736835,4.111183338057389,-0.0002771197837052597,0.0002658605517821
0.1286200690484157,4.110906218244745,4.11118333805738,-0.0002771198126350072,0.0002658602466982
0.1286200689095337,4.110906218201005,4.111183338057363,-0.0002771198563582544,0.0002658620103872
0.1286200691025899,4.110906218214988,4.111183338057352,-0.00027711984236411524,0.0002658605517821
0.1286200691352324,4.110906218205024,4.111183338057358,-0.000277119852333918,0.0002658606125664
0.1286200692130541,4.110906218265991,4.11118333805738,-0.0002771197913888912,0.0002658606803832
0.1286200691064573,4.110906218185236,4.1111833380573435,-0.00027711987210743416,0.0002658602905383
0.1286200687949469,4.11090621822075,4.111183338057369,-0.0002771198366193772,0.0002658597675085
0.1286200687973817,4.110906218220336,4.111183338057327,-0.0002771198369906358,0.0002658608052017
0.1286200691407685,4.1109062181693545,4.111183338057323,-0.0002771198879685244,0.0002658602466982
0.1286200691025899,4.110906218048484,4.111183338057345,-0.0002771200088611536,0.0002658608462711
0.1286200692750439,4.110906218244584,4.111183338057348,-0.00027711981276379305,0.0002658623211155
0.1286200689198613,4.110906218247759,4.111183338057339,-0.0002771198095796734,0.0002658602470377
0.1286200692130541,4.110906218219939,4.111183338057372,-0.00027711983743294866,0.0002658606803832
0.1286200691352324,4.110906218239207,4.111183338057341,-0.0002771198181337198,0.0002658608052017
0.1286200690322544,4.110906218236425,4.111183338057371,-0.00027711982094569265,0.0002658605517821
0.1286200689100014,4.110906218225933,4.1111833380573755,-0.0002771198314421852,0.000265860295005
0.1286200693091989,4.1109062182558915,4.111183338057352,-0.0002771198014608345,0.0002658610359488
0.1286200690484157,4.110906218200963,4.111183338057365,-0.00027711985640177517,0.0002658614600079
0.1286200690322544,4.110906218210739,4.1111833380573515,-0.0002771198466122726,0.0002658610224641
0.1286200688711321,4.1109062183293865,4.111183338057353,-0.0002771197279667348,0.000265860295005
0.1286200691025899,4.110906218222882,4.111183338057386,-0.00027711983450373623,0.0002658608462711
0.1286200693234346,4.110906218209975,4.111183338057409,-0.00027711984743383766,0.0002658602905383
0.1286200691407685,4.110906218251095,4.111183338057348,-0.00027711980625255705,0.0002658596770356
0.1286200690533391,4.110906218294821,4.111183338057372,-0.0002771197625506261,0.0002658620103872
0.1286200691308835,4.110906218293715,4.111183338057325,-0.00027711976361022295,0.0002658605517821
0.1286200690919358,4.110906218156776,4.111183338057372,-0.000277119900595757,0.0002658613638448
0.1286200691308835,4.110906218254042,4.1111833380573355,-0.00027711980329314656,0.0002658608462711
0.1286200692130541,4.1109062182869796,4.1111833380573035,-0.0002771197703239636,0.0002658610359488
0.1286200689100014,4.110906218169777,4.111183338057401,-0.00027711988762391115,0.0002658602722175
0.1286200692750439,4.110906218179902,4.111183338057324,-0.0002771198774222938,0.0002658600405576
0.1286200690322544,4.110906218154326,4.111183338057362,-0.00027711990303647127,0.0002658610224641
0.1286200691025899,4.110906218193482,4.111183338057326,-0.00027711986384382215,0.0002658600285024
0.1286200690484157,4.110906218240335,4.111183338057321,-0.00027711981698619326,0.0002658618429636
0.1286200691025899,4.110906218264308,4.1111833380573755,-0.0002771197930675484,0.0002658605517821
0.1286200690533391,4.110906218162538,4.111183338057369,-0.00027711989483147903,0.0002658614600079
0.1286200691064573,4.110906218236775,4.111183338057377,-0.0002771198206019676,0.0002658610224641
0.1286200689198613,4.110906218235825,4.111183338057347,-0.00027711982152212045,0.0002658608462711
0.1286200690919358,4.1109062181490525,4.111183338057363,-0.00027711990831047473,0.0002658614111018
0.1286200689095337,4.110906218279381,4.111183338057371,-0.00027711977798983156,0.0002658605517821
0.1286200689095337,4.110906218249231,4.1111833380573595,-0.0002771198081283899,0.0002658614600079
0.1286200690533391,4.110906218170532,4.111183338057342,-0.00027711988680945154,0.0002658608462711
0.1286200689095337,4.110906218236458,4.111183338057357,-0.0002771198208986192,0.0002658606125664
0.1286200691308835,4.110906218170035,4.111183338057353,-0.0002771198873183778,0.0002658608052017
0.1286200690484157,4.110906218167552,4.111183338057376,-0.0002771198898239291,0.0002658608281509
0.1286200690919358,4.110906218198013,4.1111833380573914,-0.00027711985937806105,0.0002658614111018
0.1286200690533391,4.1109062182169644,4.1111833380573515,-0.0002771198403870301,0.0002658610224641
0.1286200693091989,4.110906218197388,4.111183338057338,-0.00027711985995004795,0.0002658610359488
0.1286200690322544,4.110906218218862,4.111183338057354,-0.0002771198384925455,0.0002658608281509
0.1286200691352324,4.110906218219961,4.11118333805738,-0.0002771198374187378,0.0002658610224641
0.1286200690322544,4.11090621823195,4.111183338057332,-0.00027711982538214386,0.000265860295005
0.1286200690322544,4.110906218240341,4.111183338057346,-0.000277119817004845,0.0002658610224641
0.1286200689095337,4.110906218194473,4.11118333805735,-0.00027711986287659585,0.0002658602905383
0.1286200693234346,4.110906218258675,4.111183338057365,-0.0002771197986897178,0.0002658602466982
0.1286200691352324,4.110906218224777,4.11118333805735,-0.00027711983257283634,0.0002658606803832
0.1286200691308835,4.110906218146212,4.111183338057351,-0.0002771199111384348,0.0002658605517821
0.1286200691407685,4.110906218236965,4.1111833380573595,-0.00027711982039413385,0.0002658608462711
0.1286200691352324,4.110906218216583,4.111183338057381,-0.0002771198407973685,0.0002658602363048
0.1286200692716405,4.11090621831456,4.111183338057389,-0.0002771197428286243,0.0002658602363048
0.1286200691064573,4.110906218230064,4.111183338057335,-0.0002771198272704112,0.0002658614111018
0.1286200690484157,4.110906218224446,4.111183338057354,-0.0002771198329085678,0.0002658620103872
0.1286200691352324,4.110906218175617,4.111183338057351,-0.0002771198817335119,0.0002658610359488
0.1286200692130541,4.110906218255648,4.111183338057339,-0.0002771198016908727,0.0002658608281509
0.1286200693009225,4.110906218245039,4.1111833380573435,-0.0002771198123046048,0.0002658606125664
0.1286200690919358,4.110906218243302,4.111183338057354,-0.00027711981405253994,0.0002658605387104
0.1286200693234346,4.110906218131285,4.111183338057357,-0.0002771199260713786,0.0002658602363048
0.1286200689095337,4.110906218191876,4.11118333805735,-0.00027711986547362955,0.0002658621028331
0.1286200690322544,4.110906218273115,4.111183338057365,-0.00027711978424971306,0.0002658608052017
0.1286200692716405,4.110906218251734,4.111183338057378,-0.00027711980564415484,0.0002658602466982
0.1286200687846308,4.110906218260134,4.111183338057364,-0.0002771197972295525,0.0002658592845582
0.1286200690919358,4.110906218217213,4.111183338057386,-0.0002771198401729791,0.0002658602466982
0.1286200690919358,4.1109062182897365,4.1111833380573515,-0.00027711976761501944,0.0002658611098237
0.1286200689100014,4.110906218247668,4.1111833380573835,-0.0002771198097155647,0.0002658617756858
0.1286200689095337,4.11090621820201,4.111183338057365,-0.0002771198553546128,0.0002658606803832
0.1286200693091989,4.110906218262732,4.111183338057334,-0.00027711979460143255,0.0002658605387104
0.1286200691308835,4.11090621827774,4.1111833380573595,-0.00027711977961963896,0.0002658614111018
0.1286200689100014,4.110906218301655,4.111183338057349,-0.0002771197556938887,0.0002658611098237
0.1286200689198613,4.110906218138772,4.111183338057348,-0.0002771199185760409,0.0002658620103872
0.1286200691064573,4.110906218152543,4.111183338057339,-0.0002771199047959527,0.0002658611098237
0.1286200691025899,4.110906218175726,4.111183338057387,-0.00027711988166068124,0.0002658610359488
0.1286200691308835,4.1109062181942475,4.111183338057377,-0.0002771198631297267,0.0002658608052017
0.1286200691352324,4.110906218069302,4.111183338057332,-0.00027711998802981697,0.0002658610359488
0.128620069455467,4.1109062182619605,4.111183338057364,-0.00027711979540345766,0.0002658602466982
0.1286200691352324,4.110906218259554,4.111183338057354,-0.00027711979779976303,0.0002658602470377
0.1286200691025899,4.110906218262435,4.111183338057352,-0.00027711979491762406,0.0002658606125664
0.1286200693397242,4.110906218195812,4.111183338057359,-0.00027711986154699275,0.0002658600845884
0.1286200689100014,4.1109062182011,4.111183338057378,-0.00027711985627831837,0.0002658610224641
0.1286200691407685,4.110906218185545,4.1111833380573914,-0.0002771198718463097,0.0002658602466982
0.1286200692750439,4.11090621822358,4.1111833380573675,-0.0002771198337878644,0.0002658613638448
0.1286200689100014,4.1109062182186955,4.111183338057331,-0.00027711983863554224,0.0002658613638448
0.1286200691352324,4.110906218251856,4.111183338057331,-0.00027711980547540094,0.0002658608462711
0.1286200691352324,4.110906218240275,4.111183338057374,-0.0002771198170989919,0.0002658605387104
0.1286200692750439,4.110906218248748,4.111183338057393,-0.0002771198086453097,0.0002658610224641
0.1286200690484157,4.11090621819847,4.11118333805741,-0.0002771198589401891,0.0002658598834377
0.1286200690533391,4.110906218219759,4.111183338057374,-0.00027711983761502523,0.0002658611098237
0.1286200693397242,4.110906218225254,4.111183338057363,-0.0002771198321092072,0.000265860295005
0.1286200690919358,4.110906218263519,4.111183338057389,-0.00027711979386957353,0.0002658610224641
0.1286200689095337,4.110906218244274,4.111183338057338,-0.00027711981306399736,0.0002658614600079
0.1286200692716405,4.110906218295181,4.111183338057392,-0.00027711976221134194,0.0002658602363048
0.1286200692750439,4.110906218173248,4.111183338057377,-0.00027711988412892907,0.000265860295005
0.1286200692130541,4.110906218229258,4.111183338057364,-0.00027711982810618707,0.0002658602722175
0.1286200693234346,4.110906218216052,4.111183338057361,-0.0002771198413089593,0.0002658608052017
0.1286200693091989,4.110906218212658,4.111183338057319,-0.00027711984466094464,0.0002658608281509
0.1286200692750439,4.110906218180252,4.111183338057354,-0.0002771198771025496,0.0002658608462711
0.1286200689095337,4.110906218205053,4.111183338057358,-0.0002771198523046081,0.0002658606125664
0.1286200689198613,4.11090621825458,4.111183338057362,-0.00027711980278244397,0.0002658602466982
0.1286200687425704,4.110906218201707,4.11118333805734,-0.00027711985563261265,0.0002658608281509
0.1286200688711321,4.110906218210239,4.111183338057331,-0.00027711984709188897,0.0002658608281509
0.1286200690533391,4.110906218217241,4.111183338057368,-0.000277119840127682,0.0002658611660287
0.1286200692130541,4.110906218157819,4.111183338057344,-0.000277119899525502,0.0002658608052017
0.1286200691308835,4.110906218217428,4.111183338057377,-0.0002771198399491581,0.0002658602905383
0.1286200690919358,4.110906218258369,4.111183338057363,-0.000277119798994363,0.0002658618429636
0.1286200690484157,4.110906218289745,4.111183338057375,-0.0002771197676292303,0.0002658611098237
0.1286200693612195,4.110906218271309,4.111183338057367,-0.00027711978605715615,0.0002658608052017
0.1286200692750439,4.110906218212693,4.11118333805734,-0.0002771198446467338,0.0002658597675085
0.1286200692130541,4.110906218200944,4.111183338057366,-0.0002771198564213151,0.0002658613638448
0.1286200691308835,4.110906218206105,4.111183338057376,-0.0002771198512716566,0.0002658605517821
0.1286200690322544,4.110906218228851,4.111183338057364,-0.0002771198285129728,0.0002658610224641
0.1286200691064573,4.110906218227783,4.111183338057342,-0.0002771198295583588,0.0002658611660287
0.1286200689095337,4.11090621828512,4.11118333805737,-0.0002771197722504226,0.0002658605387104
0.1286200689095337,4.110906218213676,4.111183338057385,-0.00027711984370881737,0.0002658606803832
0.1286200691407685,4.1109062182793235,4.111183338057387,-0.00027711977806355037,0.0002658608462711
0.1286200691308835,4.110906218257555,4.1111833380573595,-0.00027711979980438173,0.0002658602722175
0.1286200691352324,4.1109062181854785,4.11118333805737,-0.0002771198718916068,0.0002658610359488
0.1286200693339135,4.110906218227654,4.11118333805737,-0.00027711982971645455,0.0002658606125664
0.1286200687973817,4.110906218265521,4.111183338057396,-0.0002771197918747248,0.0002658606803832
0.1286200687821212,4.110906218237278,4.11118333805736,-0.00027711982008238323,0.0002658614111018
0.1286200691025899,4.110906218257351,4.111183338057367,-0.0002771198000157682,0.0002658613638448
0.1286200689100014,4.110906218179568,4.111183338057328,-0.0002771198777606898,0.0002658606125664
0.1286200693234346,4.110906218302484,4.111183338057376,-0.00027711975489275176,0.0002658617756858
0.1286200691064573,4.110906218220979,4.111183338057385,-0.0002771198364062144,0.0002658610359488
0.1286200689198613,4.110906218269906,4.1111833380573435,-0.0002771197874373854,0.0002658610359488
0.1286200691064573,4.110906218260205,4.111183338057352,-0.0002771197971469519,0.0002658602905383
0.1286200692750439,4.1109062182440885,4.111183338057363,-0.00027711981327449564,0.0002658594979901
0.1286200690919358,4.110906218205724,4.111183338057357,-0.00027711985163314523,0.0002658608281509
0.1286200689198613,4.11090621815982,4.111183338057379,-0.00027711989755907496,0.0002658606803832
0.1286200689198613,4.110906218184996,4.111183338057393,-0.0002771198723969803,0.0002658606803832
0.1286200687973817,4.110906218192103,4.111183338057388,-0.0002771198652853357,0.0002658605517821
0.1286200690533391,4.110906218249621,4.111183338057379,-0.0002771198077580195,0.0002658602470377
0.1286200692130541,4.1109062181769795,4.111183338057351,-0.0002771198803710462,0.0002658598834377
0.1286200691025899,4.110906218155027,4.111183338057399,-0.0002771199023721138,0.0002658606803832
0.1286200693091989,4.1109062182250495,4.111183338057325,-0.0002771198322752966,0.0002658605517821
0.1286200691064573,4.1109062182287905,4.111183338057347,-0.00027711982855649353,0.0002658611098237
0.1286200687973817,4.110906218235723,4.111183338057405,-0.00027711982168199256,0.0002658613638448
0.1286200691352324,4.11090621816721,4.11118333805734,-0.00027711989013035065,0.0002658608281509
0.1286200693009225,4.110906218185449,4.111183338057353,-0.0002771198719040413,0.0002658602363048
0.1286200691064573,4.110906218218232,4.111183338057375,-0.0002771198391426921,0.0002658602363048
0.1286200690919358,4.110906218176874,4.111183338057353,-0.00027711988047940395,0.0002658608281509
0.1286200690484157,4.110906218255568,4.111183338057371,-0.00027711980180278317,0.0002658623965811
0.1286200690322544,4.110906218263699,4.111183338057392,-0.0002771197936937142,0.0002658608281509
0.1286200691407685,4.110906218170839,4.11118333805737,-0.0002771198865314517,0.0002658614111018
0.1286200692130541,4.110906218236443,4.111183338057371,-0.0002771198209279291,0.0002658610224641
0.1286200691352324,4.110906218257087,4.11118333805737,-0.0002771198002831099,0.0002658618429636
0.1286200692130541,4.110906218204963,4.111183338057357,-0.00027711985239342596,0.0002658608052017
0.1286200690919358,4.110906218285898,4.111183338057353,-0.00027711977145550293,0.0002658611098237
0.1286200692750439,4.110906218184993,4.111183338057368,-0.00027711987237566404,0.0002658602466982
0.1286200691308835,4.11090621821344,4.1111833380573755,-0.00027711984393530287,0.0002658600405576
0.1286200691025899,4.11090621831312,4.111183338057374,-0.00027711974425326247,0.0002658613638448
0.1286200691407685,4.110906218169454,4.1111833380573595,-0.0002771198879054637,0.0002658605517821
0.1286200691308835,4.11090621827522,4.111183338057342,-0.00027711978212163757,0.0002658610224641
0.1286200691407685,4.110906218100954,4.111183338057335,-0.00027711995638046716,0.0002658606125664
0.1286200692750439,4.110906218197007,4.111183338057331,-0.00027711986032397107,0.0002658600845884
0.1286200692716405,4.110906218251544,4.111183338057371,-0.0002771198058271196,0.0002658602363048
0.1286200690484157,4.1109062182154545,4.111183338057342,-0.00027711984188716343,0.0002658608052017
0.128620069359937,4.110906218201855,4.111183338057347,-0.00027711985549228046,0.0002658610359488
0.1286200690322544,4.1109062181572105,4.111183338057313,-0.00027711990010281795,0.0002658608052017
0.1286200687949469,4.110906218261487,4.1111833380574065,-0.0002771197959194893,0.0002658618429636
0.1286200691352324,4.110906218181113,4.111183338057385,-0.00027711987627210277,0.000265860295005
0.1286200691025899,4.110906218208842,4.111183338057336,-0.0002771198484943227,0.0002658602363048
0.1286200690484157,4.110906218201719,4.11118333805735,-0.0002771198556308363,0.0002658608281509
0.1286200691308835,4.110906218207256,4.1111833380573195,-0.00027711985006373396,0.0002658608052017
0.1286200689100014,4.110906218252544,4.111183338057379,-0.0002771198048350243,0.0002658605517821
0.128620068785716,4.110906218216078,4.111183338057325,-0.0002771198412467868,0.0002658621028331
0.1286200691407685,4.110906218228614,4.111183338057382,-0.00027711982876788,0.0002658602905383
0.1286200692130541,4.110906218288919,4.111183338057369,-0.00027711976844990716,0.0002658602722175
0.1286200693009225,4.110906218277319,4.111183338057374,-0.0002771197800548464,0.0002658602466982
0.1286200691308835,4.110906218202939,4.111183338057336,-0.0002771198543971565,0.0002658602470377
0.1286200689100014,4.110906218209233,4.111183338057329,-0.00027711984809641876,0.0002658605517821
0.1286200691064573,4.110906218135899,4.111183338057404,-0.00027711992150525333,0.0002658611098237
0.1286200693234346,4.11090621815246,4.11118333805734,-0.00027711990488032967,0.000265860295005
0.1286200690533391,4.110906218218787,4.111183338057314,-0.00027711983852718447,0.0002658602905383
0.1286200692750439,4.110906218289125,4.111183338057364,-0.0002771197682385207,0.0002658606125664
0.1286200690484157,4.110906218238789,4.111183338057369,-0.0002771198185804735,0.0002658611660287
0.1286200687846308,4.11090621829959,4.111183338057372,-0.00027711975778199616,0.0002658602722175
0.1286200690919358,4.110906218286681,4.111183338057394,-0.00027711977071298577,0.0002658606803832
0.1286200690484157,4.110906218277895,4.111183338057364,-0.00027711977946864863,0.0002658602470377
0.1286200690484157,4.110906218201302,4.111183338057379,-0.00027711985607670186,0.0002658608052017
0.1286200691064573,4.110906218186958,4.111183338057345,-0.00027711987038703256,0.0002658602466982
0.1286200692716405,4.110906218219404,4.111183338057397,-0.00027711983799250106,0.0002658614111018
0.1286200690533391,4.110906218223723,4.111183338057364,-0.000277119833641315,0.0002658608462711
0.1286200691025899,4.110906218175852,4.111183338057346,-0.0002771198814945919,0.0002658605517821
0.1286200692750439,4.110906218255742,4.111183338057363,-0.0002771198016207066,0.0002658602722175
0.1286200691064573,4.110906218239169,4.111183338057351,-0.0002771198181816814,0.0002658602363048
0.1286200687949469,4.110906218236536,4.1111833380573595,-0.00027711982082312403,0.000265860295005
0.1286200689095337,4.110906218211489,4.111183338057377,-0.0002771198458884072,0.0002658613638448
0.1286200691407685,4.1109062182355425,4.111183338057365,-0.00027711982182232475,0.0002658608281509
0.1286200691407685,4.1109062181677345,4.111183338057372,-0.00027711988963741163,0.0002658617756858
0.1286200692716405,4.110906218278376,4.1111833380573435,-0.000277119778967716,0.0002658605517821
0.1286200692750439,4.110906218183062,4.111183338057393,-0.0002771198743314329,0.0002658602466982
0.1286200692716405,4.110906218206856,4.111183338057338,-0.000277119850482066,0.0002658606125664
0.1286200687949469,4.110906218228646,4.111183338057349,-0.00027711982870304297,0.0002658606803832
0.1286200689198613,4.1109062182015315,4.111183338057354,-0.00027711985582268284,0.0002658610224641
0.1286200692716405,4.110906218236696,4.1111833380573835,-0.00027711982068723273,0.0002658608052017
0.1286200692750439,4.110906218272432,4.111183338057381,-0.0002771197849487095,0.0002658606125664
0.1286200691407685,4.110906218257982,4.111183338057379,-0.00027711979939670783,0.0002658608281509
0.1286200691308835,4.110906218278682,4.111183338057358,-0.0002771197786755053,0.0002658602470377
0.1286200693234346,4.1109062182075,4.111183338057394,-0.0002771198498940919,0.0002658608052017
0.1286200691025899,4.110906218297755,4.111183338057378,-0.00027711975962319,0.0002658605517821
0.1286200690484157,4.110906218183979,4.11118333805736,-0.000277119873381082,0.000265860295005
0.1286200692750439,4.1109062182112845,4.111183338057363,-0.0002771198460784774,0.0002658614111018
0.1286200691407685,4.110906218286597,4.111183338057345,-0.0002771197707485129,0.0002658597675085
0.1286200689095337,4.11090621821249,4.111183338057364,-0.00027711984487410746,0.0002658611098237
0.1286200691308835,4.1109062182067975,4.111183338057333,-0.0002771198505353567,0.0002658611660287
0.1286200691025899,4.110906218276714,4.111183338057386,-0.0002771197806721304,0.0002658611098237
0.1286200691352324,4.110906218213977,4.111183338057372,-0.0002771198433952904,0.0002658602470377
0.1286200691308835,4.110906218211154,4.111183338057338,-0.0002771198461841706,0.0002658608281509
0.1286200687973817,4.110906218172388,4.11118333805737,-0.00027711988498246853,0.0002658610359488
0.1286200689198613,4.110906218183521,4.1111833380573755,-0.0002771198738544811,0.0002658608052017
0.1286200690484157,4.110906218178267,4.111183338057395,-0.0002771198791275964,0.0002658606803832
0.1286200691064573,4.1109062182241,4.111183338057388,-0.00027711983328781997,0.0002658602363048
0.1286200690919358,4.110906218243747,4.111183338057346,-0.00027711981359956894,0.0002658605387104
0.1286200690533391,4.110906218266682,4.111183338057395,-0.0002771197907129874,0.000265860295005
0.1286200693009225,4.110906218206249,4.111183338057393,-0.0002771198511446471,0.0002658608052017
0.1286200690919358,4.110906218176464,4.111183338057391,-0.0002771198809261577,0.0002658620310416
0.1286200691064573,4.110906218268105,4.111183338057348,-0.00027711978924305214,0.0002658602722175
0.1286200690919358,4.110906218222455,4.111183338057394,-0.00027711983493894365,0.0002658608052017
0.1286200690322544,4.110906218169578,4.111183338057389,-0.0002771198878104286,0.0002658610224641
0.1286200690533391,4.110906218195493,4.111183338057394,-0.00027711986190137594,0.0002658611098237
0.1286200691308835,4.110906218210306,4.111183338057328,-0.00027711984702261105,0.0002658602466982
0.1286200691308835,4.110906218193747,4.111183338057354,-0.0002771198636075667,0.0002658608281509
0.1286200688711321,4.110906218232898,4.1111833380573914,-0.00027711982449307726,0.0002658605387104
0.1286200690919358,4.110906218262802,4.111183338057394,-0.00027711979459255076,0.0002658608462711
0.1286200692130541,4.110906218213253,4.111183338057362,-0.00027711984410938584,0.0002658605517821
0.128620068785716,4.110906218228012,4.11118333805738,-0.0002771198293682886,0.0002658600285024
0.1286200690533391,4.110906218167311,4.111183338057374,-0.0002771198900628491,0.0002658605517821
0.1286200692130541,4.110906218233437,4.111183338057344,-0.0002771198239077677,0.0002658605387104
0.1286200691352324,4.110906218193658,4.111183338057398,-0.00027711986373990527,0.0002658613638448
0.1286200692750439,4.110906218200523,4.111183338057358,-0.00027711985683431806,0.0002658608281509
0.1286200689198613,4.1109062182655,4.111183338057342,-0.0002771197918418622,0.0002658613638448
0.1286200690322544,4.110906218250342,4.111183338057355,-0.0002771198070128378,0.0002658606125664
0.1286200693009225,4.110906218228305,4.1111833380573435,-0.0002771198290387744,0.0002658618429636
0.1286200687973817,4.110906218299038,4.1111833380573675,-0.00027711975832911406,0.0002658605387104
0.1286200690919358,4.110906218143255,4.111183338057368,-0.00027711991411294434,0.0002658602905383
0.1286200692750439,4.11090621822229,4.111183338057411,-0.00027711983512102023,0.0002658600845884
0.1286200687973817,4.11090621828624,4.111183338057363,-0.0002771197711233242,0.0002658605387104
0.1286200693009225,4.110906218181196,4.111183338057374,-0.00027711987617795586,0.0002658605517821
0.1286200693234346,4.110906218250068,4.111183338057339,-0.0002771198072712977,0.0002658617756858
0.1286200693009225,4.110906218273976,4.11118333805737,-0.00027711978339439725,0.0002658602905383
0.1286200690484157,4.11090621822328,4.111183338057368,-0.00027711983408806873,0.0002658618429636
0.1286200690533391,4.110906218259229,4.111183338057365,-0.0002771197981354945,0.0002658610224641
0.1286200688711321,4.110906218129198,4.1111833380573515,-0.0002771199281532688,0.0002658617756858
0.1286200692130541,4.110906218202963,4.111183338057343,-0.0002771198543793929,0.0002658606803832
0.1286200693234346,4.1109062182742395,4.1111833380573275,-0.0002771197830879757,0.0002658602466982
0.1286200691407685,4.1109062182448435,4.111183338057353,-0.000277119812509774,0.0002658605517821
0.1286200691064573,4.11090621823863,4.111183338057331,-0.0002771198187012658,0.0002658600285024
0.1286200691407685,4.110906218260264,4.111183338057367,-0.000277119797102543,0.0002658602363048
0.1286200690484157,4.110906218289062,4.111183338057378,-0.0002771197683157922,0.0002658608281509
0.128620069359937,4.110906218231017,4.111183338057373,-0.0002771198263555874,0.0002658602722175
0.1286200689100014,4.110906218252202,4.1111833380573515,-0.00027711980514943946,0.0002658602905383
0.1286200689100014,4.110906218237105,4.1111833380573675,-0.00027711982026268345,0.0002658602905383
0.1286200690484157,4.1109062182766785,4.111183338057337,-0.0002771197806588077,0.0002658608052017
0.1286200689198613,4.1109062182764164,4.111183338057343,-0.0002771197809261494,0.0002658608052017
0.1286200691407685,4.110906218269891,4.111183338057376,-0.00027711978748534705,0.0002658600845884
0.1286200692716405,4.110906218191213,4.111183338057326,-0.000277119866113118,0.0002658611098237
0.1286200691064573,4.110906218229918,4.111183338057356,-0.0002771198274382769,0.0002658608281509
0.1286200692716405,4.1109062182408325,4.1111833380574065,-0.00027711981657407847,0.0002658598834377
0.1286200692130541,4.110906218280121,4.11118333805737,-0.00027711977724909076,0.0002658608281509
0.1286200691025899,4.110906218147263,4.111183338057382,-0.000277119910118806,0.0002658606125664
0.1286200692750439,4.110906218172951,4.1111833380573755,-0.0002771198844246925,0.0002658608052017
0.1286200690533391,4.110906218208303,4.1111833380573755,-0.00027711984907252685,0.0002658605387104
0.1286200691308835,4.110906218251128,4.111183338057365,-0.00027711980623656984,0.0002658597675085
0.1286200687425704,4.11090621820454,4.111183338057369,-0.00027711985282952156,0.0002658608281509
0.1286200693339135,4.1109062182295535,4.111183338057387,-0.0002771198278335163,0.0002658611098237
0.1286200687821212,4.110906218263756,4.111183338057361,-0.00027711979360489636,0.0002658611098237
0.1286200689198613,4.110906218150944,4.111183338057381,-0.00027711990643641826,0.0002658620310416
0.1286200690919358,4.110906218228648,4.111183338057344,-0.00027711982869593754,0.0002658606803832
0.1286200691064573,4.1109062182445735,4.111183338057378,-0.00027711981280464926,0.0002658608281509
0.1286200692750439,4.110906218146889,4.11118333805733,-0.00027711991044121476,0.0002658608281509
0.1286200691308835,4.110906218269988,4.1111833380573515,-0.0002771197873636666,0.0002658602905383
0.1286200693091989,4.110906218242377,4.111183338057333,-0.0002771198149558174,0.0002658608281509
0.1286200692750439,4.110906218260557,4.111183338057361,-0.000277119796804115,0.0002658602905383
0.1286200690533391,4.110906218115088,4.111183338057386,-0.0002771199422983983,0.0002658614600079
0.1286200687973817,4.110906218162464,4.111183338057366,-0.0002771198949016451,0.0002658608052017
0.1286200691308835,4.110906218274419,4.111183338057355,-0.0002771197829360972,0.0002658602905383
0.1286200689095337,4.110906218227571,4.111183338057365,-0.00027711982979372607,0.0002658606803832
0.1286200692750439,4.110906218308586,4.111183338057389,-0.00027711974880251233,0.0002658606125664
0.1286200690484157,4.110906218301692,4.111183338057381,-0.0002771197556885596,0.0002658620310416
0.1286200690919358,4.110906218262332,4.11118333805738,-0.0002771197950481863,0.000265860295005
0.1286200690322544,4.110906218200119,4.11118333805735,-0.00027711985723044563,0.0002658618429636
0.1286200689095337,4.110906218284694,4.111183338057362,-0.00027711977266786647,0.0002658592845582
0.1286200689095337,4.110906218231282,4.111183338057364,-0.00027711982608202845,0.0002658602363048
0.1286200691352324,4.11090621820441,4.11118333805735,-0.0002771198529396557,0.0002658620310416
0.1286200692130541,4.110906218258195,4.111183338057376,-0.00027711979918176866,0.0002658600845884
0.1286200689100014,4.110906218211705,4.111183338057335,-0.0002771198456299473,0.0002658611660287
0.1286200693009225,4.110906218204328,4.1111833380573595,-0.00027711985303113806,0.0002658595413033
0.1286200690919358,4.110906218156432,4.11118333805736,-0.0002771199009279357,0.0002658611098237
0.1286200690484157,4.110906218206775,4.111183338057359,-0.00027711985058331834,0.0002658605387104
0.1286200690322544,4.110906218267864,4.1111833380573835,-0.00027711978951927563,0.0002658605517821
0.1286200690533391,4.110906218188932,4.111183338057375,-0.00027711986844281,0.0002658606125664
0.1286200689198613,4.110906218204022,4.111183338057355,-0.0002771198533331187,0.0002658611098237
0.1286200690322544,4.110906218128393,4.1111833380573675,-0.00027711992897483384,0.0002658608281509
0.1286200693009225,4.110906218277744,4.111183338057344,-0.00027711977960009904,0.0002658610359488
0.1286200690322544,4.110906218232,4.111183338057377,-0.0002771198253768148,0.0002658608281509
0.1286200691352324,4.110906218182391,4.111183338057364,-0.00027711987497269774,0.0002658611098237
0.1286200691407685,4.1109062182970035,4.111183338057359,-0.00027711976035504904,0.0002658602722175
0.1286200690484157,4.110906218082761,4.111183338057372,-0.0002771199746112174,0.0002658610359488
0.1286200691064573,4.11090621823231,4.111183338057332,-0.0002771198250215434,0.0002658610359488
0.1286200692130541,4.110906218250705,4.11118333805734,-0.00027711980663536195,0.000265860295005
0.1286200691352324,4.110906218273206,4.111183338057336,-0.00027711978413069716,0.0002658602722175
0.1286200690322544,4.110906218230984,4.111183338057331,-0.0002771198263467056,0.0002658608052017
0.1286200691025899,4.110906218295712,4.111183338057355,-0.00027711976164290775,0.0002658611660287
0.1286200693397242,4.1109062183152405,4.111183338057399,-0.00027711974215893775,0.0002658602466982
0.1286200693009225,4.110906218145113,4.111183338057369,-0.00027711991225665145,0.0002658602905383
0.1286200692130541,4.1109062182613965,4.111183338057331,-0.00027711979593458835,0.0002658608052017
0.1286200692716405,4.110906218217545,4.111183338057389,-0.0002771198398434649,0.0002658596770356
0.1286200689198613,4.110906218199836,4.111183338057354,-0.00027711985751821544,0.0002658605387104
0.1286200690919358,4.110906218286929,4.111183338057358,-0.0002771197704287687,0.0002658600405576
0.1286200689198613,4.1109062182637155,4.111183338057381,-0.0002771197936652925,0.0002658608281509
0.1286200691407685,4.110906218241286,4.111183338057353,-0.0002771198160669286,0.0002658605517821
0.1286200690322544,4.1109062182053675,4.111183338057365,-0.0002771198519972984,0.0002658606125664
0.1286200689100014,4.110906218274597,4.111183338057403,-0.00027711978280642313,0.0002658618429636
0.1286200691064573,4.110906218223818,4.111183338057366,-0.00027711983354805625,0.0002658602466982
0.1286200688711321,4.110906218202811,4.111183338057359,-0.0002771198545472586,0.0002658602470377
0.1286200692750439,4.11090621822034,4.111183338057398,-0.0002771198370572492,0.000265860295005
0.1286200687453511,4.110906218197597,4.111183338057341,-0.00027711985974399056,0.0002658613638448
0.1286200693234346,4.110906218276136,4.111183338057373,-0.00027711978123701186,0.0002658610359488
0.1286200691352324,4.1109062182077984,4.111183338057352,-0.00027711984955391955,0.0002658617756858
0.1286200690533391,4.110906218244884,4.111183338057354,-0.000277119812469806,0.0002658605517821
0.1286200689100014,4.110906218246034,4.111183338057346,-0.0002771198113125095,0.0002658608281509
0.1286200692130541,4.110906218246897,4.111183338057366,-0.00027711981046874,0.0002658602470377
0.1286200691308835,4.110906218246584,4.111183338057374,-0.0002771198107893724,0.0002658605517821
0.1286200691064573,4.11090621823264,4.111183338057345,-0.0002771198247053519,0.0002658608462711
0.1286200687821212,4.110906218121097,4.111183338057355,-0.0002771199362578969,0.0002658613638448
0.1286200691025899,4.1109062181553275,4.1111833380573515,-0.00027711990202394787,0.0002658614600079
0.128620068785716,4.110906218128032,4.111183338057386,-0.000277119929354086,0.0002658602905383
0.1286200691407685,4.110906218190695,4.111183338057356,-0.0002771198666611241,0.0002658611098237
0.1286200687846308,4.110906218163769,4.111183338057382,-0.00027711989361289824,0.0002658605387104
0.1286200690484157,4.110906218212355,4.111183338057324,-0.00027711984496914255,0.0002658611660287
0.1286200693009225,4.110906218288783,4.111183338057329,-0.0002771197685458304,0.0002658610224641
0.1286200691025899,4.110906218285124,4.111183338057353,-0.00027711977222910633,0.0002658610359488
0.1286200688711321,4.110906218167549,4.111183338057378,-0.00027711988982925817,0.0002658606125664
0.1286200692130541,4.110906218314004,4.111183338057378,-0.00027711974337396583,0.0002658598834377
0.1286200690484157,4.110906218102258,4.111183338057361,-0.0002771199551032666,0.0002658610359488
0.1286200690322544,4.110906218242611,4.111183338057388,-0.00027711981477729353,0.0002658602905383
0.1286200690919358,4.110906218272241,4.11118333805736,-0.00027711978511923974,0.0002658608462711
0.1286200687949469,4.110906218198355,4.111183338057376,-0.0002771198590210133,0.0002658610359488
0.1286200687846308,4.110906218155304,4.111183338057339,-0.000277119902034606,0.0002658620103872
0.1286200687425704,4.110906218281579,4.111183338057366,-0.0002771197757862609,0.0002658610359488
0.1286200688711321,4.110906218241738,4.1111833380573515,-0.0002771198156130694,0.0002658598834377
0.1286200691064573,4.110906218297824,4.111183338057338,-0.0002771197595139441,0.0002658610359488
0.1286200691025899,4.110906218238068,4.111183338057335,-0.00027711981926703544,0.0002658602722175
0.1286200693091989,4.110906218254076,4.11118333805735,-0.00027711980327360664,0.0002658608052017
0.1286200691407685,4.110906218245996,4.111183338057378,-0.00027711981138178743,0.0002658614111018
0.1286200691352324,4.110906218141615,4.1111833380573595,-0.0002771199157445281,0.0002658602363048
0.1286200691407685,4.110906218201208,4.11118333805735,-0.0002771198561415389,0.0002658618429636
0.1286200693091989,4.11090621820352,4.111183338057376,-0.0002771198538562558,0.0002658605517821
0.1286200691308835,4.110906218204201,4.111183338057356,-0.00027711985315459486,0.0002658606125664
0.1286200690919358,4.110906218238015,4.111183338057349,-0.0002771198193336488,0.0002658608281509
0.1286200691407685,4.110906218240842,4.111183338057371,-0.00027711981652878137,0.0002658611660287
0.1286200692716405,4.110906218142123,4.111183338057369,-0.00027711991524626,0.0002658610359488
0.1286200687846308,4.110906218196186,4.1111833380573755,-0.00027711986118905685,0.0002658602905383
0.1286200690919358,4.1109062181758205,4.111183338057344,-0.00027711988152390177,0.0002658605517821
0.1286200690919358,4.110906218220387,4.111183338057355,-0.00027711983696843134,0.0002658606125664
0.1286200687973817,4.110906218297496,4.111183338057329,-0.0002771197598336883,0.0002658608281509
0.1286200690533391,4.1109062182359954,4.111183338057366,-0.00027711982137024194,0.0002658618429636
0.1286200690919358,4.110906218287773,4.111183338057342,-0.00027711976956901196,0.0002658605517821
0.1286200687949469,4.110906218085707,4.111183338057351,-0.0002771199716438133,0.000265860295005
0.1286200690484157,4.1109062182919365,4.111183338057379,-0.000277119765442535,0.0002658617756858
0.1286200687973817,4.11090621823402,4.111183338057364,-0.0002771198233437744,0.0002658621028331
0.1286200691064573,4.110906218275325,4.111183338057373,-0.00027711978204791876,0.0002658602363048
0.1286200691064573,4.110906218141082,4.11118333805738,-0.00027711991629786326,0.0002658608462711
0.1286200690533391,4.110906218287849,4.111183338057338,-0.0002771197694890759,0.0002658608052017
0.1286200692716405,4.110906218230135,4.111183338057373,-0.0002771198272375486,0.0002658608052017
0.1286200690322544,4.110906218271447,4.1111833380573755,-0.0002771197859283703,0.0002658608281509
0.128620069359937,4.110906218257699,4.1111833380573515,-0.0002771197996525032,0.0002658611660287
0.1286200690533391,4.1109062182262885,4.111183338057324,-0.0002771198310353995,0.0002658608052017
0.1286200693091989,4.1109062182287355,4.111183338057351,-0.0002771198286151133,0.0002658608462711
0.1286200693009225,4.110906218273041,4.111183338057343,-0.0002771197843012274,0.0002658606803832
0.1286200693234346,4.110906218146944,4.11118333805736,-0.00027711991041634576,0.0002658602905383
0.1286200689095337,4.110906218237283,4.111183338057349,-0.00027711982006550784,0.0002658602722175
0.1286200690919358,4.110906218148882,4.1111833380573595,-0.00027711990847745227,0.0002658605517821
0.1286200692716405,4.110906218137716,4.111183338057373,-0.00027711991965695404,0.0002658611098237
0.1286200691025899,4.1109062182098315,4.111183338057384,-0.00027711984755285357,0.0002658623211155
0.1286200693091989,4.110906218155385,4.111183338057354,-0.0002771199019688808,0.0002658608281509
0.1286200689198613,4.110906218282998,4.111183338057357,-0.0002771197743589582,0.000265860295005
0.1286200688711321,4.110906218179038,4.111183338057338,-0.0002771198782998141,0.0002658606125664
0.1286200691025899,4.110906218316568,4.111183338057381,-0.00027711974081245927,0.000265860295005
0.1286200690484157,4.110906218133757,4.111183338057391,-0.0002771199236333288,0.0002658610224641
0.1286200687425704,4.110906218183748,4.11118333805737,-0.00027711987362177837,0.0002658618429636
0.1286200691025899,4.110906218197886,4.111183338057385,-0.0002771198594988533,0.0002658605517821
0.1286200692130541,4.110906218233516,4.1111833380574,-0.00027711982388467504,0.0002658608281509
0.1286200690484157,4.110906218210326,4.1111833380573515,-0.0002771198470252756,0.0002658617756858
0.1286200690322544,4.11090621821508,4.111183338057358,-0.00027711984227796194,0.0002658618429636
0.1286200692716405,4.110906218196619,4.1111833380573675,-0.00027711986074852035,0.0002658623211155
0.1286200689198613,4.110906218152289,4.111183338057339,-0.00027711990504997175,0.0002658605387104
0.1286200691352324,4.110906218230318,4.1111833380573515,-0.00027711982703326754,0.0002658611660287
0.1286200691352324,4.110906218294043,4.111183338057406,-0.00027711976336242117,0.0002658620103872
0.1286200691064573,4.110906218188075,4.111183338057418,-0.0002771198693434229,0.0002658606125664
0.1286200691407685,4.110906218187472,4.111183338057325,-0.00027711986985323733,0.0002658611660287
0.1286200693339135,4.110906218139838,4.111183338057387,-0.00027711991754930665,0.0002658605517821
0.1286200689198613,4.110906218190271,4.111183338057381,-0.0002771198671096542,0.0002658602905383
0.1286200689095337,4.110906218195966,4.111183338057358,-0.00027711986139156153,0.0002658611098237
0.1286200690484157,4.110906218282027,4.111183338057369,-0.0002771197753421717,0.0002658610224641
0.1286200693091989,4.110906218250813,4.111183338057385,-0.0002771198065723013,0.0002658605517821
0.1286200691064573,4.110906218211104,4.111183338057349,-0.00027711984624456676,0.0002658608462711
0.1286200691064573,4.110906218219301,4.11118333805734,-0.00027711983803868634,0.0002658605387104
0.1286200689100014,4.110906218197101,4.111183338057369,-0.00027711986026801583,0.0002658600285024
0.1286200692716405,4.110906218184305,4.11118333805734,-0.00027711987303469243,0.0002658610224641
0.1286200691064573,4.110906218208586,4.111183338057349,-0.0002771198487625526,0.0002658600285024
0.1286200689198613,4.110906218235384,4.111183338057355,-0.00027711982197065055,0.0002658606803832
0.1286200692716405,4.110906218207682,4.1111833380573986,-0.0002771198497164562,0.0002658606125664
0.1286200692130541,4.110906218265564,4.1111833380573595,-0.0002771197917956769,0.0002658606125664
0.1286200692716405,4.11090621823706,4.111183338057384,-0.00027711982032396776,0.0002658608052017
0.1286200692750439,4.1109062181254075,4.111183338057329,-0.00027711993192180984,0.0002658606803832
0.1286200687973817,4.110906218203765,4.111183338057332,-0.00027711985356670965,0.0002658611660287
0.1286200691064573,4.110906218270406,4.111183338057354,-0.0002771197869479991,0.0002658602470377
0.1286200691025899,4.110906218195951,4.111183338057349,-0.0002771198613977788,0.0002658610224641
0.1286200687973817,4.110906218225422,4.111183338057378,-0.0002771198319564405,0.0002658605387104
0.1286200692750439,4.110906218265783,4.111183338057378,-0.0002771197915949486,0.0002658606125664
0.1286200693650315,4.110906218203834,4.111183338057342,-0.0002771198535080899,0.0002658606125664
0.1286200690533391,4.110906218153955,4.111183338057331,-0.00027711990337575543,0.0002658611098237
0.1286200689100014,4.110906218166031,4.111183338057345,-0.0002771198913142925,0.0002658608052017
0.1286200690533391,4.110906218247005,4.111183338057374,-0.00027711981036837585,0.0002658608052017
0.1286200689198613,4.1109062182295775,4.111183338057381,-0.00027711982780331823,0.0002658606803832
0.1286200691308835,4.110906218290222,4.111183338057375,-0.0002771197671522785,0.0002658608462711
0.1286200693009225,4.11090621822198,4.111183338057364,-0.00027711983538392104,0.0002658600405576
0.1286200691352324,4.110906218250222,4.111183338057345,-0.0002771198071229719,0.0002658602905383
0.1286200689100014,4.110906218210755,4.111183338057349,-0.0002771198465936209,0.0002658602470377
0.1286200691064573,4.110906218255565,4.111183338057364,-0.00027711980179923046,0.0002658602722175
0.1286200690484157,4.1109062181558915,4.1111833380573675,-0.0002771199014759418,0.0002658606125664
0.1286200693397242,4.110906218238885,4.111183338057384,-0.0002771198184996493,0.0002658608052017
0.1286200689100014,4.110906218224986,4.111183338057363,-0.0002771198323774371,0.0002658610224641
0.1286200690484157,4.1109062181825555,4.111183338057339,-0.00027711987478351574,0.0002658610359488
0.1286200687603389,4.110906218241591,4.111183338057366,-0.0002771198157747179,0.0002658610359488
0.1286200691064573,4.110906218224829,4.111183338057396,-0.0002771198325666191,0.0002658608052017
0.1286200692750439,4.110906218264627,4.111183338057318,-0.00027711979269096076,0.0002658602905383
0.1286200692750439,4.110906218220155,4.111183338057382,-0.00027711983722689126,0.0002658613638448
0.1286200689198613,4.110906218221183,4.111183338057371,-0.0002771198361877225,0.0002658608281509
0.1286200687973817,4.110906218251103,4.111183338057368,-0.00027711980626499155,0.0002658610224641
0.1286200693009225,4.110906218185538,4.111183338057367,-0.00027711987182854614,0.0002658600845884
0.1286200689198613,4.110906218239179,4.1111833380573675,-0.00027711981818878684,0.0002658602722175
0.1286200691308835,4.110906218177971,4.111183338057317,-0.0002771198793460883,0.0002658602470377
0.1286200690919358,4.110906218258909,4.11118333805737,-0.00027711979846145596,0.0002658605387104
0.1286200693339135,4.110906218246282,4.1111833380573435,-0.000277119811061155,0.0002658595413033
0.1286200690484157,4.110906218229589,4.111183338057367,-0.00027711982777756106,0.0002658602905383
0.1286200693397242,4.11090621821493,4.111183338057361,-0.0002771198424316168,0.0002658596770356
0.1286200691308835,4.110906218239715,4.111183338057335,-0.00027711981761946447,0.0002658610224641
0.1286200692130541,4.11090621823951,4.111183338057341,-0.00027711981783085093,0.0002658602722175
0.1286200690322544,4.1109062182684655,4.111183338057353,-0.00027711978888778077,0.0002658606803832
0.1286200690533391,4.11090621829028,4.11118333805734,-0.00027711976705990793,0.0002658602363048
0.1286200690919358,4.11090621822062,4.111183338057361,-0.00027711983674105767,0.0002658606803832
0.1286200691352324,4.11090621821118,4.111183338057348,-0.0002771198461681834,0.0002658608052017
0.1286200690533391,4.110906218201013,4.1111833380573515,-0.0002771198563387145,0.0002658611660287
0.1286200693339135,4.1109062183037635,4.111183338057354,-0.0002771197535906822,0.0002658608462711
0.1286200691407685,4.11090621825667,4.111183338057381,-0.0002771198007112119,0.0002658605517821
0.1286200691308835,4.110906218223137,4.11118333805736,-0.00027711983422307185,0.000265860295005
0.1286200691064573,4.110906218310461,4.1111833380573835,-0.0002771197469222386,0.0002658614111018
0.1286200693009225,4.110906218236326,4.111183338057366,-0.00027711982103983956,0.0002658611098237
0.1286200691308835,4.11090621815999,4.1111833380573515,-0.00027711989736189935,0.0002658602722175
0.1286200691064573,4.110906218314356,4.111183338057359,-0.00027711974300270725,0.0002658608462711
0.1286200693339135,4.1109062182061775,4.111183338057371,-0.0002771198511934969,0.0002658608462711
0.1286200690484157,4.110906218297725,4.111183338057316,-0.0002771197595912156,0.0002658620310416
0.1286200692716405,4.110906218205645,4.111183338057385,-0.0002771198517406148,0.0002658597675085
0.1286200690919358,4.110906218210547,4.111183338057368,-0.00027711984682099455,0.0002658611660287
0.1286200691064573,4.110906218206185,4.111183338057363,-0.0002771198511783979,0.0002658606803832
0.1286200689100014,4.110906218139034,4.111183338057392,-0.0002771199183584372,0.0002658608281509
0.1286200692130541,4.110906218129011,4.111183338057344,-0.000277119928333569,0.0002658608052017
0.1286200690919358,4.1109062182876785,4.111183338057353,-0.0002771197696747052,0.0002658606803832
0.1286200691025899,4.110906218297157,4.111183338057341,-0.0002771197601836306,0.000265860295005
0.1286200691064573,4.110906218240675,4.111183338057342,-0.000277119816666449,0.0002658605387104
0.1286200687949469,4.110906218258888,4.111183338057371,-0.00027711979848277224,0.0002658613638448
0.1286200690322544,4.110906218279834,4.111183338057359,-0.00027711977752442607,0.0002658611660287
0.1286200690533391,4.110906218274586,4.11118333805737,-0.00027711978278421867,0.0002658605387104
0.1286200693009225,4.110906218219976,4.111183338057352,-0.00027711983737610524,0.0002658608462711
0.1286200688711321,4.1109062181949705,4.111183338057329,-0.00027711986235878783,0.0002658617756858
0.1286200693612195,4.110906218175733,4.111183338057359,-0.0002771198816251541,0.0002658602905383
0.1286200688711321,4.110906218221711,4.111183338057336,-0.00027711983562550557,0.0002658605387104
0.1286200687046799,4.110906218172678,4.111183338057352,-0.0002771198846742706,0.0002658617756858
0.1286200691064573,4.110906218231908,4.111183338057353,-0.0002771198254452045,0.0002658602466982
0.1286200690484157,4.110906218277239,4.11118333805737,-0.00027711978013122973,0.0002658608281509
0.1286200692716405,4.110906218240961,4.111183338057378,-0.0002771198164168709,0.0002658611098237
0.1286200691407685,4.110906218177195,4.11118333805735,-0.00027711988015433064,0.0002658606125664
0.1286200693397242,4.11090621829638,4.111183338057346,-0.0002771197609661158,0.0002658605517821
0.1286200690322544,4.110906218183843,4.111183338057363,-0.00027711987351963785,0.0002658610359488
0.1286200693339135,4.110906218211424,4.111183338057369,-0.00027711984594525063,0.0002658602470377
0.1286200693612195,4.110906218245165,4.111183338057386,-0.00027711981222111604,0.0002658602466982
0.1286200692750439,4.110906218211429,4.111183338057383,-0.00027711984595324424,0.0002658610224641
0.1286200691308835,4.110906218219233,4.111183338057382,-0.00027711983814882046,0.0002658606125664
0.1286200690919358,4.110906218199739,4.111183338057349,-0.0002771198576096978,0.0002658605517821
0.1286200693009225,4.110906218318989,4.111183338057367,-0.0002771197383779622,0.0002658608052017
0.1286200691308835,4.110906218183966,4.111183338057351,-0.00027711987338463473,0.0002658610224641
0.1286200691308835,4.110906218172614,4.111183338057373,-0.00027711988475864757,0.0002658602363048
0.1286200690919358,4.110906218208386,4.111183338057347,-0.00027711984896061637,0.0002658600405576
0.1286200687973817,4.110906218168791,4.111183338057396,-0.00027711988860446013,0.0002658620310416
0.1286200692750439,4.110906218226938,4.111183338057384,-0.0002771198304465372,0.0002658602905383
0.128620069359937,4.110906218271172,4.111183338057359,-0.0002771197861868302,0.0002658606803832
0.1286200689198613,4.1109062181552565,4.111183338057372,-0.00027711990211543025,0.0002658614111018
0.1286200687973817,4.1109062182046445,4.111183338057348,-0.0002771198527034002,0.0002658613638448
0.1286200693009225,4.1109062182007134,4.111183338057373,-0.0002771198566593469,0.0002658600285024
0.1286200691352324,4.110906218252369,4.111183338057352,-0.0002771198049833501,0.000265860295005
0.1286200689198613,4.110906218213856,4.111183338057373,-0.00027711984351697083,0.0002658608052017
0.1286200691064573,4.110906218200757,4.111183338057386,-0.00027711985662914884,0.0002658608462711
0.1286200692716405,4.110906218251786,4.11118333805735,-0.0002771198055633306,0.0002658608462711
0.1286200691352324,4.110906218266395,4.111183338057389,-0.0002771197909936518,0.0002658610224641
0.128620069359937,4.110906218316272,4.111183338057371,-0.0002771197410993409,0.0002658598834377
0.1286200689100014,4.110906218229238,4.111183338057364,-0.000277119828125727,0.0002658606125664
0.1286200690919358,4.110906218183974,4.111183338057365,-0.000277119873390852,0.0002658606803832
0.1286200687846308,4.110906218243089,4.111183338057364,-0.00027711981427458454,0.0002658602470377
0.1286200687821212,4.110906218188616,4.111183338057358,-0.00027711986874212613,0.0002658605517821
0.1286200691308835,4.110906218228576,4.11118333805735,-0.00027711982877409724,0.0002658610224641
0.1286200687821212,4.110906218271199,4.111183338057406,-0.0002771197862063701,0.0002658610359488
0.1286200688711321,4.110906218178268,4.111183338057352,-0.00027711987908407565,0.0002658608462711
0.1286200691308835,4.110906218233804,4.111183338057377,-0.0002771198235729244,0.000265860295005
0.1286200691064573,4.110906218238757,4.111183338057355,-0.0002771198185982371,0.0002658605517821
0.1286200689100014,4.1109062182130165,4.111183338057366,-0.000277119844349194,0.0002658605517821
0.1286200691407685,4.11090621819161,4.111183338057353,-0.0002771198657436358,0.0002658610359488
0.1286200690484157,4.1109062182324125,4.111183338057336,-0.0002771198249238438,0.0002658608462711
0.1286200693650315,4.11090621819798,4.111183338057379,-0.00027711985939937733,0.000265860295005
0.1286200689198613,4.1109062182453595,4.11118333805733,-0.0002771198119706497,0.0002658606125664
0.1286200691407685,4.110906218183791,4.111183338057357,-0.00027711987356582313,0.0002658602905383
0.1286200693339135,4.110906218230338,4.111183338057356,-0.0002771198270181685,0.0002658611098237
0.1286200691308835,4.1109062182452885,4.111183338057348,-0.00027711981205946756,0.0002658605387104
0.1286200692716405,4.110906218122869,4.1111833380573835,-0.00027711993451440264,0.0002658597675085
0.1286200691064573,4.110906218192741,4.111183338057357,-0.0002771198646156492,0.0002658610224641
0.1286200693234346,4.110906218144193,4.111183338057375,-0.0002771199131812452,0.0002658608052017
0.1286200689100014,4.110906218298848,4.111183338057366,-0.0002771197585174079,0.0002658610359488
0.1286200693091989,4.110906218275378,4.111183338057338,-0.0002771197819599891,0.0002658605517821
0.1286200689100014,4.110906218254802,4.111183338057378,-0.0002771198025763866,0.0002658610224641
0.1286200691064573,4.110906218272214,4.1111833380573755,-0.0002771197851618723,0.0002658605517821
0.1286200691407685,4.110906218203363,4.1111833380573914,-0.00027711985402856243,0.0002658620103872
0.1286200692716405,4.1109062181477025,4.111183338057363,-0.0002771199096605059,0.0002658602722175
0.1286200690919358,4.110906218244592,4.111183338057418,-0.00027711981282596554,0.0002658602470377
0.1286200690919358,4.110906218172983,4.111183338057384,-0.00027711988440159985,0.000265860295005
0.1286200690533391,4.110906218273677,4.111183338057363,-0.00027711978368571977,0.0002658602470377
0.1286200691025899,4.1109062182425244,4.11118333805733,-0.00027711981480571524,0.0002658611660287
0.1286200690322544,4.110906218255833,4.111183338057371,-0.000277119801538106,0.0002658614600079
0.1286200690484157,4.110906218245829,4.111183338057388,-0.00027711981155853493,0.0002658608281509
0.1286200689100014,4.11090621822182,4.111183338057379,-0.0002771198355588922,0.0002658602470377
0.1286200691352324,4.110906218189482,4.111183338057395,-0.0002771198679125675,0.0002658606803832
0.1286200691308835,4.110906218271275,4.111183338057375,-0.0002771197860997887,0.0002658606125664
0.1286200693009225,4.110906218267121,4.111183338057371,-0.00027711979025024647,0.0002658596770356
0.1286200687696346,4.110906218128104,4.111183338057347,-0.0002771199292430637,0.0002658614600079
0.1286200691025899,4.110906218252066,4.1111833380573355,-0.00027711980526934354,0.0002658610224641
0.1286200690484157,4.110906218257222,4.111183338057321,-0.00027711980009925696,0.0002658623965811
0.1286200691025899,4.110906218209144,4.111183338057361,-0.00027711984821721103,0.0002658605517821
0.1286200691025899,4.110906218148804,4.111183338057363,-0.0002771199085591647,0.0002658605387104
0.1286200691352324,4.1109062182537235,4.111183338057362,-0.00027711980363864797,0.0002658602722175
0.1286200690919358,4.110906218184644,4.111183338057339,-0.0002771198726954083,0.0002658602905383
0.1286200689095337,4.110906218256974,4.11118333805733,-0.0002771198003559405,0.0002658614600079
0.1286200690322544,4.110906218235027,4.11118333805737,-0.0002771198223427973,0.0002658606803832
0.1286200689100014,4.110906218141476,4.111183338057336,-0.0002771199158599913,0.0002658602905383
0.1286200690322544,4.110906218259771,4.1111833380573275,-0.00027711979755640215,0.0002658605387104
0.1286200693091989,4.110906218206714,4.111183338057381,-0.0002771198506668071,0.0002658600405576
0.1286200692130541,4.110906218288488,4.111183338057356,-0.0002771197688682392,0.0002658597675085
0.1286200689100014,4.110906218309987,4.1111833380573275,-0.00027711974734057065,0.0002658602470377
0.1286200691064573,4.110906218214165,4.1111833380573595,-0.00027711984319456207,0.0002658610359488
0.1286200691064573,4.110906218263369,4.111183338057356,-0.0002771197939868131,0.0002658606125664
0.128620068785716,4.110906218258149,4.111183338057359,-0.0002771197992093022,0.0002658605387104
0.1286200691407685,4.110906218295799,4.111183338057363,-0.00027711976156385987,0.0002658610224641
0.1286200690919358,4.110906218225416,4.111183338057385,-0.000277119831968875,0.0002658606125664
0.1286200690533391,4.110906218207242,4.1111833380573435,-0.00027711985010192564,0.0002658614111018
0.1286200690533391,4.11090621820304,4.111183338057369,-0.0002771198543296549,0.0002658610359488
0.1286200692750439,4.110906218138876,4.1111833380573595,-0.00027711991848367035,0.0002658605517821
0.1286200690533391,4.110906218194113,4.111183338057349,-0.00027711986323541993,0.0002658605387104
0.1286200692750439,4.110906218205554,4.111183338057384,-0.00027711985183032084,0.0002658614600079
0.1286200689198613,4.110906218268813,4.111183338057367,-0.0002771197885538257,0.0002658620103872
0.1286200691025899,4.110906218237631,4.111183338057368,-0.00027711981973777,0.000265860295005
0.1286200691025899,4.110906218297071,4.111183338057353,-0.0002771197602822184,0.0002658605517821
0.1286200692130541,4.110906218263895,4.111183338057362,-0.0002771197934672287,0.0002658600285024
0.1286200693091989,4.110906218253071,4.111183338057363,-0.0002771198042923473,0.0002658617756858
0.1286200690533391,4.1109062182579255,4.111183338057359,-0.00027711979943312315,0.0002658610224641
0.1286200688711321,4.110906218178547,4.111183338057386,-0.0002771198788389384,0.0002658613638448
0.1286200689100014,4.110906218213335,4.111183338057365,-0.0002771198440294498,0.0002658610359488
0.1286200691025899,4.110906218212357,4.111183338057388,-0.00027711984503131504,0.0002658613638448
0.1286200689100014,4.110906218309223,4.111183338057383,-0.00027711974815947116,0.0002658611660287
0.1286200689198613,4.110906218211119,4.111183338057375,-0.0002771198462552249,0.0002658608462711
0.1286200693339135,4.110906218187557,4.1111833380573595,-0.00027711986980261116,0.0002658608052017
0.1286200687973817,4.110906218214324,4.111183338057387,-0.00027711984306311166,0.0002658608281509
0.1286200690919358,4.110906218204985,4.111183338057359,-0.00027711985237388603,0.0002658605387104
0.1286200693650315,4.110906218263238,4.111183338057387,-0.00027711979414934973,0.0002658608462711
0.1286200690322544,4.1109062182597755,4.111183338057361,-0.00027711979758571204,0.0002658602470377
0.1286200689198613,4.110906218200687,4.111183338057344,-0.00027711985665757055,0.0002658605517821
0.1286200689198613,4.110906218273917,4.111183338057393,-0.00027711978347610966,0.0002658620103872
0.1286200691308835,4.110906218172808,4.111183338057323,-0.0002771198845152867,0.0002658602466982
0.1286200688711321,4.11090621827938,4.111183338057367,-0.00027711977798627885,0.0002658611660287
0.1286200691407685,4.11090621814471,4.111183338057339,-0.0002771199126287982,0.000265860295005
0.1286200693397242,4.1109062182398555,4.11118333805736,-0.00027711981750488945,0.0002658602466982
0.1286200690919358,4.110906218247283,4.111183338057365,-0.0002771198100814942,0.0002658608462711
0.1286200692130541,4.11090621817683,4.111183338057364,-0.00027711988053358283,0.0002658602466982
0.1286200687821212,4.110906218268394,4.111183338057364,-0.0002771197889694932,0.0002658614111018
0.1286200689095337,4.110906218263768,4.111183338057377,-0.00027711979360933725,0.0002658611660287
0.1286200693339135,4.110906218217854,4.111183338057378,-0.00027711983952372066,0.0002658610224641
0.1286200689100014,4.1109062181609435,4.111183338057383,-0.00027711989643908197,0.0002658608052017
0.1286200691064573,4.11090621825942,4.111183338057359,-0.00027711979793831887,0.0002658602905383
0.1286200689198613,4.110906218131771,4.1111833380573595,-0.0002771199255882095,0.0002658608462711
0.1286200690322544,4.1109062182196,4.111183338057371,-0.00027711983777134463,0.0002658600845884
0.1286200691352324,4.110906218290956,4.11118333805734,-0.00027711976638400415,0.0002658618429636
0.1286200691352324,4.110906218324936,4.111183338057367,-0.0002771197324307195,0.0002658605387104
0.1286200692130541,4.110906218251509,4.111183338057357,-0.0002771198058475477,0.0002658602722175
0.1286200689100014,4.110906218190097,4.111183338057389,-0.00027711986729173077,0.0002658611660287
0.1286200691064573,4.110906218271221,4.111183338057369,-0.0002771197861486385,0.000265860295005
0.1286200690533391,4.110906218296626,4.111183338057364,-0.00027711976073785394,0.000265860295005
0.1286200692750439,4.110906218207794,4.111183338057329,-0.0002771198495352678,0.0002658608052017
0.1286200690322544,4.110906218235624,4.111183338057387,-0.0002771198217628168,0.0002658605387104
0.1286200691352324,4.110906218276251,4.111183338057346,-0.0002771197810949033,0.0002658611660287
0.1286200692716405,4.110906218237477,4.111183338057385,-0.00027711981990830026,0.0002658606803832
0.1286200692716405,4.110906218222549,4.111183338057371,-0.0002771198348217041,0.0002658610359488
0.1286200692130541,4.110906218273132,4.111183338057367,-0.00027711978423461403,0.0002658602470377
0.1286200692716405,4.110906218210863,4.111183338057384,-0.0002771198465216784,0.000265860295005
0.1286200690533391,4.110906218211673,4.111183338057394,-0.00027711984572142967,0.0002658608281509
0.1286200693650315,4.110906218195552,4.111183338057376,-0.0002771198618241044,0.0002658605517821
0.1286200691025899,4.110906218186636,4.111183338057362,-0.0002771198707263167,0.0002658608281509
0.1286200687603389,4.110906218200397,4.111183338057346,-0.0002771198569488931,0.0002658614600079
0.1286200691407685,4.110906218132688,4.111183338057347,-0.0002771199246591749,0.0002658602905383
0.1286200691064573,4.110906218207217,4.111183338057334,-0.00027711985011702467,0.0002658602905383
0.1286200690533391,4.11090621823869,4.111183338057361,-0.0002771198186710677,0.000265860295005
0.1286200691308835,4.110906218233415,4.111183338057361,-0.00027711982394595935,0.0002658608462711
0.1286200689198613,4.110906218273071,4.111183338057376,-0.0002771197843056683,0.0002658610224641
0.1286200687949469,4.110906218263097,4.1111833380573435,-0.0002771197942461612,0.0002658608281509
0.1286200691064573,4.110906218219623,4.11118333805736,-0.00027711983773759385,0.0002658602363048
0.1286200691025899,4.110906218092676,4.111183338057373,-0.0002771199646964817,0.0002658610224641
0.1286200693612195,4.110906218184663,4.111183338057401,-0.00027711987273804084,0.0002658602470377
0.1286200691352324,4.110906218278536,4.111183338057383,-0.00027711977884692374,0.0002658594979901
0.1286200690533391,4.110906218220578,4.111183338057379,-0.0002771198368014538,0.0002658621028331
0.1286200688711321,4.110906218273433,4.11118333805737,-0.00027711978393707426,0.0002658602466982
0.1286200692130541,4.1109062182500296,4.1111833380573595,-0.0002771198073299175,0.0002658605517821
0.1286200687846308,4.110906218326368,4.111183338057353,-0.00027711973098565323,0.0002658606125664
0.1286200691064573,4.110906218225901,4.111183338057356,-0.0002771198314546197,0.0002658602722175
0.1286200689198613,4.110906218202161,4.111183338057377,-0.000277119855216057,0.000265860295005
0.1286200690533391,4.110906218216264,4.111183338057377,-0.00027711984111356003,0.0002658611098237
0.128620069359937,4.110906218243598,4.111183338057376,-0.0002771198137780928,0.0002658608462711
0.1286200689198613,4.110906218148287,4.111183338057354,-0.00027711990906720274,0.0002658611098237
0.1286200693091989,4.110906218234169,4.111183338057362,-0.00027711982319278405,0.0002658610359488
0.1286200690322544,4.110906218208798,4.111183338057329,-0.0002771198485316262,0.0002658610359488
0.1286200690919358,4.110906218292807,4.111183338057354,-0.0002771197645472512,0.0002658608052017
0.1286200689095337,4.110906218111191,4.111183338057371,-0.000277119946179738,0.0002658605517821
0.1286200693009225,4.110906218196722,4.111183338057364,-0.00027711986064193894,0.0002658602905383
0.1286200691407685,4.110906218297801,4.111183338057342,-0.00027711975954058943,0.0002658605517821
0.1286200690484157,4.110906218259023,4.111183338057345,-0.00027711979832201195,0.0002658608281509
0.1286200691308835,4.1109062182182114,4.11118333805737,-0.0002771198391586793,0.0002658600405576
0.1286200690484157,4.110906218268666,4.111183338057357,-0.00027711978869060516,0.0002658605387104
0.1286200690484157,4.11090621816529,4.11118333805738,-0.00027711989208967225,0.0002658605387104
0.1286200693009225,4.110906218257403,4.111183338057343,-0.00027711979993938485,0.0002658614111018
0.1286200689095337,4.110906218236098,4.1111833380573515,-0.00027711982125389056,0.0002658610224641
0.1286200690322544,4.110906218181709,4.111183338057345,-0.000277119875636167,0.0002658605517821
0.1286200689198613,4.110906218257902,4.111183338057375,-0.000277119799472203,0.0002658614600079
0.1286200690919358,4.110906218230113,4.111183338057381,-0.00027711982726774664,0.0002658602470377
0.1286200690919358,4.110906218173921,4.111183338057386,-0.0002771198834654598,0.0002658608281509
0.1286200692750439,4.110906218184447,4.111183338057349,-0.00027711987290146567,0.0002658614111018
0.1286200690484157,4.110906218197409,4.111183338057365,-0.000277119859955377,0.0002658605517821
0.1286200692750439,4.1109062182878136,4.11118333805734,-0.0002771197695263794,0.0002658610359488
0.1286200693339135,4.110906218251383,4.111183338057391,-0.0002771198060074198,0.0002658602466982
0.1286200693009225,4.110906218206871,4.111183338057363,-0.00027711985049183596,0.0002658605517821
0.1286200690322544,4.110906218259304,4.1111833380573675,-0.000277119798063552,0.0002658608052017
0.1286200689095337,4.110906218239962,4.111183338057377,-0.00027711981741518343,0.0002658596770356
0.1286200693339135,4.110906218241859,4.111183338057345,-0.0002771198154860599,0.000265860295005
0.1286200692716405,4.110906218168792,4.111183338057392,-0.00027711988860001924,0.0002658610359488
0.1286200687846308,4.110906218224511,4.111183338057352,-0.0002771198328410662,0.000265860295005
0.1286200692716405,4.110906218181801,4.111183338057382,-0.00027711987558109996,0.0002658608281509
0.1286200691308835,4.110906218212623,4.111183338057331,-0.0002771198447080181,0.0002658610359488
0.1286200693339135,4.11090621823521,4.111183338057365,-0.0002771198221545035,0.0002658614600079
0.1286200691064573,4.110906218265488,4.111183338057382,-0.00027711979189337654,0.0002658606803832
0.1286200690322544,4.1109062182111265,4.1111833380573835,-0.00027711984625700126,0.0002658611098237
0.1286200690533391,4.11090621823557,4.111183338057334,-0.000277119821763705,0.0002658600845884
0.1286200690919358,4.110906218158569,4.111183338057363,-0.00027711989879364296,0.0002658608281509
0.1286200693339135,4.110906218310705,4.111183338057358,-0.00027711974665312056,0.0002658606803832
0.1286200691407685,4.110906218234098,4.111183338057331,-0.0002771198232327521,0.0002658602470377
0.1286200693339135,4.110906218264369,4.111183338057342,-0.0002771197929725133,0.0002658608462711
0.1286200691407685,4.110906218258404,4.111183338057367,-0.0002771197989623886,0.0002658606803832
0.1286200693397242,4.110906218270292,4.111183338057383,-0.00027711978709099583,0.0002658602722175
0.1286200690322544,4.110906218267364,4.111183338057376,-0.00027711979001221465,0.0002658608281509
0.1286200691352324,4.110906218188505,4.111183338057354,-0.00027711986884870754,0.0002658614111018
0.1286200691352324,4.110906218182315,4.111183338057373,-0.00027711987505796287,0.0002658605517821
0.1286200692130541,4.110906218220541,4.1111833380573435,-0.000277119836802342,0.0002658614111018
0.1286200689095337,4.110906218183092,4.111183338057346,-0.0002771198742541614,0.0002658614111018
0.1286200691025899,4.110906218278349,4.111183338057358,-0.0002771197790085722,0.000265860295005
0.1286200690533391,4.110906218236547,4.1111833380573515,-0.0002771198208044723,0.0002658602905383
0.1286200690919358,4.110906218174229,4.111183338057352,-0.0002771198831235111,0.0002658605387104
0.1286200693009225,4.11090621832285,4.111183338057328,-0.0002771197344779708,0.0002658620310416
0.1286200691064573,4.1109062181967095,4.111183338057369,-0.0002771198606597025,0.0002658610224641
0.1286200688711321,4.110906218179084,4.1111833380573355,-0.00027711987825185247,0.0002658606125664
0.1286200693612195,4.110906218224494,4.1111833380573675,-0.00027711983287304065,0.0002658605387104
0.1286200691407685,4.1109062182529685,4.111183338057375,-0.0002771198044060341,0.0002658610359488
0.1286200693091989,4.110906218279551,4.111183338057401,-0.00027711977785038755,0.0002658611098237
0.1286200691352324,4.110906218240132,4.111183338057334,-0.0002771198172020206,0.0002658602905383
0.1286200687109183,4.110906218219991,4.111183338057377,-0.0002771198373858752,0.0002658613638448
0.1286200693650315,4.11090621825696,4.111183338057367,-0.0002771198004065667,0.0002658589603992
0.1286200690533391,4.110906218100487,4.11118333805734,-0.0002771199568529781,0.0002658614600079
0.1286200691352324,4.110906218223735,4.1111833380573435,-0.0002771198336084524,0.0002658611660287
0.1286200687949469,4.1109062182131995,4.1111833380573675,-0.0002771198441680056,0.0002658614111018
0.1286200690484157,4.110906218213551,4.111183338057366,-0.0002771198438145106,0.0002658605517821
0.1286200689100014,4.1109062180953435,4.111183338057384,-0.00027711996204082823,0.0002658617756858
0.1286200691352324,4.11090621818808,4.111183338057346,-0.0002771198692661514,0.0002658610224641
0.1286200687949469,4.110906218245041,4.111183338057373,-0.00027711981233213834,0.0002658606803832
0.1286200690484157,4.1109062182104035,4.111183338057392,-0.0002771198469888603,0.0002658602470377
0.1286200690484157,4.110906218189542,4.1111833380573355,-0.0002771198677935516,0.0002658606803832
0.1286200690919358,4.1109062182173455,4.111183338057396,-0.00027711984005041046,0.0002658605517821
0.1286200690919358,4.110906218140557,4.111183338057358,-0.00027711991680057224,0.0002658610224641
0.1286200688711321,4.1109062182384015,4.1111833380573595,-0.00027711981895794935,0.0002658614600079
0.1286200689198613,4.110906218179741,4.111183338057334,-0.0002771198775928241,0.0002658611098237
0.1286200691025899,4.110906218208688,4.111183338057382,-0.00027711984869327466,0.0002658606125664
0.1286200692750439,4.110906218233862,4.111183338057354,-0.0002771198234921002,0.0002658602363048
0.1286200689198613,4.110906218233375,4.111183338057352,-0.0002771198239770456,0.0002658606803832
0.1286200693650315,4.110906218311656,4.111183338057357,-0.0002771197457009933,0.0002658600285024
0.1286200689198613,4.110906218106539,4.111183338057347,-0.00027711995080803575,0.0002658602722175
0.1286200687603389,4.110906218259032,4.111183338057374,-0.00027711979834155187,0.0002658614600079
0.1286200687949469,4.110906218282911,4.111183338057309,-0.00027711977439803803,0.0002658602722175
0.1286200691352324,4.110906218286981,4.1111833380573515,-0.0002771197703701489,0.0002658606803832
0.1286200690533391,4.110906218273788,4.111183338057374,-0.0002771197835853556,0.0002658608052017
0.1286200690533391,4.110906218251244,4.111183338057393,-0.00027711980614952836,0.0002658608281509
0.1286200690919358,4.110906218134519,4.111183338057337,-0.00027711992281798103,0.0002658611098237
0.1286200692130541,4.110906218195871,4.111183338057376,-0.00027711986150524837,0.000265860295005
0.1286200689095337,4.110906218195347,4.111183338057371,-0.00027711986202394456,0.0002658617756858
0.1286200689095337,4.110906218258613,4.111183338057349,-0.0002771197987359031,0.0002658606125664
0.1286200691352324,4.1109062182549785,4.111183338057336,-0.0002771198023578947,0.0002658602905383
0.1286200691352324,4.1109062182425955,4.111183338057375,-0.0002771198147790699,0.0002658610359488
0.1286200687603389,4.110906218189335,4.111183338057357,-0.00027711986802181343,0.0002658618429636
0.1286200691025899,4.110906218212809,4.111183338057343,-0.0002771198445339351,0.0002658602363048
0.1286200691352324,4.110906218219496,4.111183338057332,-0.00027711983783618166,0.0002658605387104
0.1286200691025899,4.110906218220443,4.111183338057381,-0.0002771198369373451,0.0002658608281509
0.1286200690533391,4.110906218230638,4.11118333805735,-0.00027711982671174695,0.0002658611098237
0.1286200691308835,4.1109062182504115,4.111183338057353,-0.0002771198069417835,0.0002658608052017
0.1286200691025899,4.110906218185068,4.11118333805734,-0.00027711987227174717,0.0002658608281509
0.1286200687603389,4.110906218177697,4.111183338057357,-0.00027711987965961526,0.0002658614111018
0.1286200689100014,4.110906218200621,4.111183338057357,-0.00027711985673573025,0.0002658608281509
0.1286200689198613,4.110906218260034,4.111183338057371,-0.0002771197973370221,0.0002658608052017
0.1286200687846308,4.110906218212988,4.111183338057344,-0.00027711984435629944,0.0002658613638448
0.1286200690919358,4.110906218166713,4.111183338057379,-0.00027711989066592224,0.0002658605387104
0.1286200688711321,4.110906218229254,4.111183338057385,-0.00027711982813105607,0.0002658602470377
0.1286200691064573,4.110906218203593,4.11118333805733,-0.0002771198537372399,0.0002658608462711
0.1286200690919358,4.11090621830525,4.111183338057377,-0.00027711975212696416,0.0002658608462711
0.1286200690919358,4.110906218305924,4.111183338057353,-0.0002771197514288559,0.0002658602722175
0.1286200693009225,4.110906218190502,4.111183338057361,-0.0002771198668591879,0.0002658608281509
0.1286200691064573,4.110906218218175,4.111183338057346,-0.0002771198391711138,0.000265860295005
0.1286200690533391,4.110906218184898,4.111183338057354,-0.0002771198724564883,0.0002658608462711
0.1286200691407685,4.110906218261248,4.1111833380573435,-0.00027711979609534865,0.0002658610359488
0.1286200692750439,4.110906218199721,4.111183338057333,-0.0002771198576114742,0.0002658605387104
0.1286200689198613,4.110906218192236,4.111183338057404,-0.00027711986516809617,0.0002658610359488
0.1286200689095337,4.1109062182722385,4.111183338057352,-0.00027711978511391067,0.0002658610224641
0.1286200687846308,4.1109062182153115,4.111183338057366,-0.000277119842054141,0.0002658606803832
0.1286200691025899,4.11090621827637,4.111183338057367,-0.0002771197809963155,0.0002658614600079
0.1286200691308835,4.11090621829278,4.11118333805734,-0.0002771197645596857,0.0002658605517821
0.1286200691407685,4.1109062182812615,4.11118333805739,-0.0002771197761282096,0.000265860295005
0.1286200693397242,4.1109062182378535,4.111183338057383,-0.00027711981952904807,0.0002658602466982
0.1286200690919358,4.110906218247031,4.111183338057344,-0.0002771198103133088,0.0002658602363048
0.1286200691025899,4.110906218239133,4.111183338057359,-0.00027711981822520215,0.0002658610224641
0.1286200690484157,4.11090621819154,4.111183338057397,-0.00027711986585643444,0.0002658605387104
0.1286200690533391,4.110906218205724,4.111183338057364,-0.00027711985164025066,0.0002658602905383
0.1286200691407685,4.11090621824101,4.1111833380573755,-0.00027711981636535654,0.0002658598834377
0.1286200687949469,4.11090621823762,4.111183338057369,-0.0002771198197493163,0.0002658620103872
0.1286200689198613,4.110906218207811,4.111183338057365,-0.00027711984955391955,0.0002658595413033
0.1286200691064573,4.110906218183864,4.111183338057375,-0.00027711987351075607,0.0002658610359488
0.1286200691407685,4.110906218154611,4.111183338057371,-0.0002771199027602478,0.0002658608281509
0.1286200690322544,4.11090621821316,4.1111833380573435,-0.00027711984418310465,0.0002658606125664
0.1286200691025899,4.11090621817875,4.111183338057365,-0.00027711987861511744,0.0002658608281509
0.1286200693091989,4.1109062182228975,4.111183338057341,-0.0002771198344433401,0.0002658614600079
0.1286200689100014,4.110906218273406,4.111183338057368,-0.00027711978396194326,0.0002658620103872
0.1286200691064573,4.110906218189622,4.111183338057336,-0.0002771198677145037,0.0002658598834377
0.128620068785716,4.110906218189284,4.11118333805734,-0.0002771198680555642,0.0002658614111018
0.1286200692750439,4.110906218290815,4.111183338057361,-0.0002771197665465408,0.0002658610359488
0.1286200690533391,4.11090621819911,4.11118333805733,-0.0002771198582198764,0.0002658608281509
0.1286200690484157,4.110906218312362,4.111183338057354,-0.0002771197449922269,0.0002658606125664
0.1286200691407685,4.110906218210661,4.111183338057344,-0.0002771198466833269,0.0002658600845884
0.1286200691308835,4.110906218303039,4.111183338057335,-0.00027711975429589586,0.0002658610224641
0.1286200691407685,4.110906218283168,4.111183338057342,-0.0002771197741733289,0.0002658600285024
0.1286200690484157,4.110906218181178,4.1111833380573515,-0.00027711987617351497,0.0002658602363048
0.1286200693091989,4.110906218210864,4.111183338057356,-0.00027711984649148036,0.0002658606803832
0.1286200693234346,4.110906218253248,4.111183338057343,-0.0002771198040942835,0.0002658606803832
0.1286200687296557,4.11090621816385,4.111183338057333,-0.0002771198934832242,0.0002658608281509
0.1286200687821212,4.110906218233916,4.11118333805738,-0.00027711982346367847,0.0002658613638448
0.1286200690533391,4.110906218306967,4.11118333805734,-0.0002771197503728118,0.0002658602905383
0.1286200690322544,4.110906218285019,4.111183338057392,-0.00027711977237299124,0.0002658610224641
0.1286200692130541,4.11090621816718,4.111183338057375,-0.0002771198901942995,0.0002658602905383
0.1286200691352324,4.110906218243124,4.111183338057368,-0.0002771198142443865,0.000265860295005
0.1286200690533391,4.110906218291161,4.111183338057356,-0.00027711976619482215,0.0002658610359488
0.1286200689198613,4.110906218274711,4.111183338057359,-0.0002771197826474392,0.0002658602722175
0.1286200691407685,4.110906218183619,4.1111833380573595,-0.0002771198737407943,0.0002658608462711
0.1286200690484157,4.110906218212736,4.111183338057303,-0.0002771198445667977,0.0002658608052017
0.1286200688711321,4.110906218247454,4.1111833380573755,-0.0002771198099216221,0.0002658606125664
0.1286200693397242,4.110906218243441,4.11118333805736,-0.0002771198139193132,0.0002658606125664
0.1286200691025899,4.1109062182261225,4.111183338057344,-0.00027711983122191697,0.0002658608052017
0.128620068785716,4.110906218264031,4.111183338057377,-0.00027711979334643644,0.0002658606125664
0.1286200687973817,4.110906218143771,4.11118333805733,-0.000277119913558721,0.0002658605387104
0.1286200689100014,4.110906218199505,4.111183338057355,-0.00027711985785039417,0.0002658606125664
0.1286200692130541,4.110906218261123,4.11118333805735,-0.00027711979622679905,0.0002658610359488
0.1286200688711321,4.110906218249401,4.111183338057398,-0.00027711980799693947,0.0002658605517821
0.1286200689198613,4.110906218176099,4.11118333805739,-0.00027711988129031084,0.0002658624196473
0.1286200691308835,4.110906218221864,4.111183338057371,-0.00027711983550737784,0.0002658600405576
0.1286200692750439,4.110906218177968,4.1111833380573595,-0.0002771198793913854,0.0002658602466982
0.1286200689095337,4.110906218298206,4.111183338057356,-0.0002771197591497909,0.0002658606803832
0.1286200693650315,4.110906218222087,4.1111833380573515,-0.00027711983526490513,0.0002658605387104
0.128620068785716,4.110906218239221,4.111183338057359,-0.0002771198181372725,0.0002658610359488
0.1286200689095337,4.1109062182072735,4.111183338057333,-0.00027711985005929307,0.0002658608462711
0.1286200692750439,4.110906218229163,4.111183338057346,-0.0002771198281834586,0.0002658608462711
0.1286200690919358,4.110906218237426,4.111183338057389,-0.00027711981996247914,0.0002658600285024
0.1286200691352324,4.110906218224092,4.111183338057363,-0.0002771198332709446,0.0002658605387104
0.1286200692716405,4.1109062181966065,4.111183338057389,-0.00027711986078227113,0.0002658602470377
0.1286200691407685,4.110906218241093,4.11118333805736,-0.0002771198162676569,0.0002658600285024
0.1286200688711321,4.1109062182307845,4.111183338057325,-0.0002771198265403285,0.0002658610224641
0.1286200691064573,4.110906218255964,4.111183338057358,-0.0002771198013933329,0.0002658611098237
0.1286200687846308,4.1109062182369085,4.111183338057371,-0.0002771198204625236,0.0002658620103872
0.1286200690533391,4.11090621821146,4.111183338057371,-0.0002771198459106117,0.0002658614111018
0.1286200689198613,4.110906218290103,4.111183338057384,-0.00027711976728106436,0.0002658608281509
0.1286200689095337,4.110906218247899,4.111183338057393,-0.0002771198094944083,0.0002658614111018
0.1286200690919358,4.110906218196632,4.111183338057349,-0.00027711986071654593,0.0002658606125664
0.1286200689100014,4.110906218242213,4.1111833380573835,-0.00027711981517075657,0.0002658611660287
0.1286200691308835,4.110906218177299,4.111183338057354,-0.00027711988005485466,0.0002658600285024
0.1286200690533391,4.110906218244774,4.111183338057375,-0.0002771198126003682,0.0002658594979901
0.1286200691025899,4.110906218216015,4.111183338057357,-0.0002771198413418219,0.0002658608281509
0.1286200687425704,4.110906218289387,4.111183338057374,-0.000277119767986278,0.0002658617756858
0.1286200693091989,4.11090621817878,4.111183338057372,-0.0002771198785920248,0.000265860295005
0.1286200687973817,4.110906218293403,4.111183338057327,-0.00027711976392374993,0.0002658606125664
0.1286200689095337,4.11090621820982,4.111183338057398,-0.00027711984757772257,0.0002658611660287
0.1286200693612195,4.110906218210248,4.111183338057397,-0.0002771198471487324,0.0002658623965811
0.1286200691064573,4.1109062182191245,4.11118333805737,-0.0002771198382456319,0.000265860295005
0.1286200691308835,4.1109062182805545,4.111183338057353,-0.0002771197767987843,0.0002658613638448
0.1286200692750439,4.1109062182388705,4.111183338057335,-0.00027711981846412215,0.0002658608462711
0.1286200691025899,4.110906218230642,4.111183338057351,-0.00027711982670819424,0.0002658602722175
0.1286200691352324,4.110906218298561,4.111183338057363,-0.000277119758801625,0.0002658605517821
0.1286200693397242,4.11090621822721,4.111183338057354,-0.00027711983014455654,0.0002658606803832
0.1286200690484157,4.11090621818998,4.11118333805736,-0.0002771198673805486,0.0002658606125664
0.1286200691025899,4.110906218230852,4.111183338057394,-0.0002771198265421049,0.0002658620103872
0.1286200687846308,4.110906218237731,4.1111833380573195,-0.000277119819588556,0.0002658613638448
0.1286200691064573,4.110906218305826,4.111183338057334,-0.0002771197515079038,0.000265860295005
0.1286200691352324,4.110906218131005,4.1111833380573595,-0.0002771199263547075,0.0002658605517821
0.1286200690484157,4.110906218146558,4.111183338057337,-0.00027711991077961073,0.000265860295005
0.128620069359937,4.110906218237964,4.1111833380573435,-0.0002771198193798341,0.0002658602466982
0.1286200691025899,4.110906218244216,4.11118333805736,-0.0002771198131439334,0.000265860295005
0.1286200691308835,4.110906218231541,4.111183338057367,-0.0002771198258253449,0.0002658614111018
0.1286200692130541,4.110906218206958,4.111183338057407,-0.0002771198504492034,0.000265860295005
0.128620068785716,4.1109062183180125,4.111183338057384,-0.0002771197393718339,0.0002658605387104
0.1286200691064573,4.110906218174877,4.111183338057326,-0.0002771198824484955,0.000265860295005
0.1286200689198613,4.110906218199943,4.111183338057351,-0.00027711985740719314,0.0002658605517821
0.1286200690533391,4.1109062182097205,4.1111833380573515,-0.00027711984763101327,0.0002658606125664
0.1286200687949469,4.110906218209627,4.111183338057365,-0.0002771198477375947,0.0002658621028331
0.1286200689095337,4.1109062181876626,4.111183338057386,-0.0002771198697235633,0.0002658613638448
0.1286200690533391,4.1109062181888865,4.1111833380573675,-0.0002771198684810017,0.0002658613638448
0.1286200692716405,4.110906218226689,4.111183338057375,-0.0002771198306854572,0.000265860295005
0.1286200693339135,4.110906218223054,4.111183338057362,-0.000277119834308337,0.0002658605387104
0.1286200693234346,4.110906218259329,4.1111833380573515,-0.0002771197980226958,0.0002658605517821
0.1286200690484157,4.110906218135831,4.111183338057364,-0.00027711992153278686,0.0002658617756858
0.1286200687973817,4.110906218271397,4.1111833380573595,-0.00027711978596212106,0.0002658614600079
0.1286200690533391,4.110906218245257,4.111183338057359,-0.00027711981210121195,0.0002658606125664
0.1286200687973817,4.110906218199732,4.1111833380573515,-0.0002771198576194678,0.0002658614111018
0.1286200689100014,4.110906218276161,4.111183338057336,-0.00027711978117572755,0.0002658610359488
0.1286200693397242,4.110906218186261,4.11118333805732,-0.0002771198710593836,0.0002658620103872
0.1286200690919358,4.110906218299737,4.111183338057349,-0.0002771197576114659,0.0002658602466982
0.1286200689198613,4.11090621822422,4.11118333805736,-0.00027711983314038235,0.0002658606125664
0.1286200690484157,4.110906218163555,4.111183338057339,-0.0002771198937843167,0.0002658606803832
0.1286200691308835,4.110906218181534,4.111183338057354,-0.00027711987582001996,0.0002658606803832
0.1286200690484157,4.110906218171687,4.111183338057356,-0.00027711988566903045,0.0002658606803832
0.1286200692750439,4.110906218181256,4.1111833380574,-0.0002771198761442051,0.0002658594979901
0.1286200690484157,4.110906218220188,4.111183338057351,-0.0002771198371629424,0.0002658606125664
0.1286200691352324,4.110906218195829,4.111183338057326,-0.0002771198614963666,0.0002658614111018
0.1286200690533391,4.1109062181947005,4.1111833380573595,-0.00027711986265899213,0.000265860295005
0.1286200691407685,4.110906218178518,4.111183338057347,-0.00027711987882916844,0.0002658605517821
0.1286200691064573,4.1109062182060985,4.111183338057357,-0.00027711985125833394,0.0002658608052017
0.1286200690533391,4.110906218278685,4.111183338057369,-0.0002771197786843871,0.0002658605517821
0.128620069359937,4.110906218165692,4.111183338057365,-0.00027711989167311657,0.0002658602905383
0.1286200689100014,4.110906218127207,4.111183338057345,-0.00027711993013834757,0.0002658606803832
0.1286200690484157,4.110906218119419,4.111183338057388,-0.0002771199379685285,0.0002658606803832
0.1286200691064573,4.110906218174468,4.111183338057369,-0.0002771198829014665,0.0002658614111018
0.1286200689095337,4.110906218152973,4.111183338057377,-0.00027711990440426604,0.0002658606803832
0.1286200693091989,4.110906218209312,4.111183338057381,-0.00027711984806888523,0.0002658608052017
0.1286200689198613,4.11090621822206,4.111183338057353,-0.00027711983529332684,0.0002658598834377
0.1286200691064573,4.1109062182769245,4.111183338057336,-0.0002771197804118941,0.0002658608052017
0.1286200690484157,4.110906218298913,4.111183338057366,-0.00027711975845257086,0.0002658610359488
0.1286200687973817,4.110906218284977,4.111183338057355,-0.0002771197723783203,0.0002658611098237
0.1286200692130541,4.1109062183023735,4.111183338057353,-0.00027711975497979324,0.0002658605387104
0.1286200691407685,4.110906218100487,4.111183338057366,-0.00027711995687873525,0.0002658608281509
0.1286200692750439,4.110906218243667,4.111183338057365,-0.00027711981369815675,0.0002658600285024
0.1286200691064573,4.110906218227236,4.1111833380573275,-0.00027711983009126584,0.0002658610359488
0.1286200690322544,4.110906218271368,4.111183338057387,-0.0002771197860189645,0.0002658610359488
0.1286200692130541,4.11090621815444,4.111183338057352,-0.0002771199029121263,0.0002658611098237
0.1286200691407685,4.110906218255559,4.111183338057358,-0.0002771198017983423,0.0002658602905383
0.1286200690322544,4.110906218257341,4.111183338057355,-0.00027711980001399183,0.0002658605517821
0.1286200692130541,4.110906218209799,4.111183338057344,-0.00027711984754574814,0.0002658608281509
0.1286200693009225,4.110906218293296,4.111183338057346,-0.00027711976404987126,0.0002658608462711
0.1286200691407685,4.110906218186657,4.111183338057348,-0.0002771198706907896,0.0002658605387104
0.1286200691407685,4.1109062182769325,4.111183338057367,-0.00027711978043409857,0.0002658602722175
0.1286200687973817,4.1109062182508405,4.11118333805736,-0.00027711980651989876,0.0002658611098237
0.1286200690533391,4.1109062182808795,4.111183338057373,-0.0002771197764932509,0.0002658606125664
0.1286200693234346,4.110906218191472,4.11118333805734,-0.00027711986586798076,0.0002658602363048
0.1286200691352324,4.110906218192335,4.111183338057375,-0.0002771198650393103,0.0002658605517821
0.1286200693234346,4.110906218169959,4.111183338057341,-0.00027711988738143845,0.0002658602466982
0.1286200688711321,4.11090621822106,4.111183338057352,-0.00027711983629252757,0.000265860295005
0.1286200689198613,4.11090621824066,4.111183338057338,-0.00027711981667799535,0.0002658614600079
0.128620069359937,4.110906218241787,4.111183338057363,-0.0002771198155757659,0.0002658606803832
0.1286200691352324,4.110906218255857,4.111183338057363,-0.0002771198015061316,0.0002658613638448
0.1286200692130541,4.110906218161855,4.111183338057341,-0.0002771198954860665,0.0002658600285024
0.1286200691308835,4.110906218282734,4.1111833380573675,-0.0002771197746334053,0.0002658600845884
0.1286200691308835,4.110906218263008,4.111183338057348,-0.0002771197943403081,0.0002658602466982
0.1286200691308835,4.110906218300955,4.111183338057362,-0.00027711975640709596,0.0002658620310416
0.1286200690533391,4.110906218171607,4.1111833380573755,-0.00027711988576850644,0.0002658602722175
0.1286200687846308,4.1109062181993306,4.1111833380573755,-0.00027711985804490524,0.0002658605517821
0.1286200692130541,4.110906218200247,4.111183338057367,-0.00027711985711942333,0.0002658614600079
0.1286200693339135,4.110906218223926,4.1111833380573755,-0.00027711983344946844,0.0002658602470377
0.1286200691352324,4.110906218269857,4.111183338057354,-0.00027711978749689337,0.0002658614111018
0.1286200689100014,4.1109062182261376,4.111183338057339,-0.00027711983120148886,0.0002658608052017
0.1286200692750439,4.1109062182180764,4.1111833380573515,-0.0002771198392750307,0.0002658608462711
0.1286200689100014,4.110906218230453,4.111183338057363,-0.00027711982690981074,0.0002658605517821
0.1286200689198613,4.110906218107562,4.1111833380573835,-0.00027711994982126953,0.0002658602905383
0.1286200691025899,4.110906218191744,4.11118333805736,-0.00027711986561662627,0.0002658602363048
0.1286200692130541,4.110906218171232,4.111183338057352,-0.0002771198861202251,0.0002658602905383
0.1286200691352324,4.1109062181938105,4.111183338057355,-0.000277119863544506,0.0002658614111018
0.1286200690533391,4.110906218255052,4.111183338057359,-0.00027711980230638034,0.0002658614111018
0.1286200690322544,4.110906218269494,4.111183338057392,-0.00027711978789835,0.0002658602722175
0.1286200690484157,4.110906218189446,4.111183338057375,-0.0002771198679285547,0.0002658606125664
0.1286200691407685,4.110906218297471,4.111183338057343,-0.00027711975987188,0.0002658617756858
0.1286200694462345,4.110906218210649,4.111183338057361,-0.0002771198467126368,0.0002658602363048
0.1286200691308835,4.110906218149669,4.111183338057397,-0.0002771199077278297,0.0002658602905383
0.1286200690919358,4.110906218246628,4.111183338057375,-0.00027711981074673986,0.0002658614600079
0.1286200693650315,4.110906218260997,4.111183338057365,-0.0002771197963680194,0.0002658611660287
0.1286200693091989,4.1109062182376555,4.111183338057385,-0.0002771198197297764,0.0002658605517821
0.1286200690919358,4.110906218238354,4.111183338057366,-0.00027711981901212823,0.0002658608462711
0.1286200692716405,4.1109062182688705,4.111183338057355,-0.00027711978848454777,0.0002658606125664
0.1286200690533391,4.110906218201824,4.111183338057357,-0.00027711985553313667,0.0002658611098237
0.1286200690533391,4.110906218244682,4.111183338057318,-0.00027711981263589536,0.0002658611098237
0.1286200693339135,4.110906218166744,4.111183338057338,-0.0002771198905939798,0.0002658610224641
0.1286200692750439,4.110906218253318,4.111183338057372,-0.00027711980405431547,0.0002658606803832
0.1286200689095337,4.110906218246899,4.111183338057357,-0.00027711981045808187,0.0002658606125664
0.1286200687973817,4.110906218240842,4.111183338057361,-0.0002771198165190114,0.0002658600845884
0.1286200690484157,4.110906218275744,4.11118333805737,-0.000277119781626034,0.0002658610359488
0.128620068785716,4.1109062182566865,4.111183338057373,-0.0002771198006863429,0.0002658611098237
0.1286200691308835,4.11090621825896,4.111183338057381,-0.00027711979842059975,0.0002658610359488
0.1286200687973817,4.110906218259669,4.111183338057366,-0.00027711979769673434,0.0002658602722175
0.1286200691025899,4.1109062182707365,4.111183338057364,-0.0002771197866273667,0.0002658600405576
0.1286200693091989,4.1109062181947955,4.111183338057361,-0.0002771198625657334,0.0002658602470377
0.1286200689198613,4.110906218269514,4.1111833380573835,-0.0002771197878690401,0.0002658602470377
0.1286200690533391,4.11090621818331,4.111183338057321,-0.0002771198740116887,0.0002658605387104
0.1286200692750439,4.110906218278893,4.111183338057374,-0.00027711977848099423,0.0002658610224641
0.1286200691308835,4.110906218215367,4.111183338057372,-0.00027711984200529116,0.0002658608462711
0.1286200689095337,4.110906218183702,4.111183338057339,-0.0002771198736368774,0.0002658608052017
0.1286200691352324,4.110906218236728,4.111183338057349,-0.00027711982062061935,0.0002658605517821
0.1286200692716405,4.110906218139702,4.11118333805734,-0.0002771199176381245,0.0002658602722175
0.1286200687846308,4.110906218205654,4.1111833380573595,-0.0002771198517050877,0.0002658611660287
0.1286200692716405,4.110906218258835,4.111183338057354,-0.00027711979851918755,0.0002658606803832
0.1286200689198613,4.110906218252484,4.111183338057385,-0.0002771198049016377,0.0002658605517821
0.1286200691407685,4.110906218231292,4.1111833380573515,-0.000277119826059824,0.0002658602905383
0.128620068785716,4.110906218196251,4.111183338057337,-0.00027711986108602815,0.0002658608462711
0.1286200689198613,4.110906218212129,4.111183338057369,-0.00027711984524003697,0.000265860295005
0.1286200688711321,4.110906218231475,4.111183338057355,-0.00027711982588041195,0.0002658606803832
0.1286200691064573,4.110906218225627,4.1111833380573355,-0.00027711983170863874,0.0002658614111018
0.1286200689095337,4.11090621823604,4.111183338057367,-0.0002771198213267212,0.0002658605387104
0.1286200691308835,4.110906218260982,4.111183338057338,-0.0002771197963564731,0.0002658608052017
0.1286200689095337,4.110906218272005,4.111183338057334,-0.00027711978532884984,0.0002658610224641
0.1286200688711321,4.110906218293217,4.111183338057378,-0.00027711976416089357,0.000265860295005
0.1286200690533391,4.110906218249464,4.11118333805735,-0.00027711980788591717,0.0002658611660287
0.1286200687846308,4.1109062181439,4.111183338057357,-0.0002771199134565805,0.0002658610224641
0.1286200693234346,4.110906218286554,4.111183338057353,-0.0002771197707991391,0.0002658606803832
0.1286200691407685,4.110906218235102,4.111183338057354,-0.0002771198222522031,0.0002658611098237
0.1286200693009225,4.1109062182272575,4.111183338057376,-0.00027711983011879937,0.0002658608281509
0.1286200690322544,4.110906218200616,4.1111833380573595,-0.00027711985674372386,0.0002658608052017
0.1286200692750439,4.110906218081244,4.111183338057332,-0.0002771199760882581,0.0002658602363048
0.1286200693397242,4.110906218246687,4.111183338057343,-0.0002771198106552575,0.0002658614111018
0.1286200690484157,4.1109062182225085,4.111183338057322,-0.0002771198348137105,0.000265860295005
0.1286200691407685,4.11090621826457,4.111183338057357,-0.00027711979278688403,0.0002658600405576
0.1286200693234346,4.1109062182615626,4.111183338057403,-0.00027711979584044144,0.0002658600845884
0.1286200693339135,4.110906218233702,4.111183338057355,-0.0002771198236528605,0.0002658600405576
0.1286200692130541,4.1109062180929214,4.111183338057361,-0.00027711996443979814,0.0002658606803832
0.1286200689095337,4.110906218265816,4.11118333805737,-0.0002771197915540924,0.000265860295005
0.1286200688711321,4.110906218184549,4.111183338057353,-0.0002771198728046542,0.0002658610224641
0.1286200691064573,4.110906218297806,4.111183338057393,-0.0002771197595876629,0.0002658606803832
0.1286200689198613,4.110906218272835,4.111183338057347,-0.0002771197845117257,0.0002658606803832
0.1286200691308835,4.11090621823703,4.111183338057395,-0.00027711982036482397,0.0002658605517821
0.1286200689095337,4.110906218226105,4.111183338057374,-0.0002771198312689904,0.0002658610359488
0.1286200691407685,4.110906218193463,4.111183338057373,-0.00027711986390954735,0.0002658611098237
0.1286200691352324,4.110906218252871,4.111183338057363,-0.0002771198044921874,0.0002658602470377
0.1286200690533391,4.1109062181531035,4.111183338057372,-0.00027711990426837474,0.0002658602466982
0.1286200691064573,4.110906218249294,4.1111833380573355,-0.0002771198080413484,0.0002658608462711
0.1286200692750439,4.110906218207744,4.11118333805736,-0.00027711984961609204,0.0002658608052017
0.1286200690322544,4.110906218244158,4.111183338057377,-0.0002771198132194286,0.0002658602722175
0.1286200687603389,4.110906218306141,4.111183338057374,-0.0002771197512325685,0.0002658613638448
0.1286200692130541,4.110906218207591,4.111183338057354,-0.00027711984976352966,0.0002658602722175
0.1286200693009225,4.110906218228798,4.11118333805737,-0.00027711982857248074,0.0002658613638448
0.1286200689095337,4.110906218201793,4.1111833380573675,-0.00027711985557488106,0.0002658608052017
0.1286200692750439,4.110906218263696,4.111183338057375,-0.00027711979367861517,0.0002658602363048
0.1286200691308835,4.110906218235157,4.111183338057363,-0.00027711982220601783,0.0002658597675085
0.1286200687949469,4.110906218206346,4.111183338057358,-0.00027711985101142034,0.0002658621028331
0.1286200691064573,4.1109062182862575,4.1111833380573675,-0.0002771197711100015,0.0002658618429636
0.1286200690484157,4.110906218150972,4.111183338057353,-0.0002771199063813512,0.000265860295005
0.1286200690919358,4.110906218152294,4.111183338057338,-0.0002771199050437545,0.0002658608281509
0.1286200691407685,4.110906218271552,4.111183338057369,-0.000277119785817348,0.0002658608052017
0.1286200689095337,4.110906218066646,4.11118333805736,-0.00027711999071478033,0.0002658613638448
0.1286200689095337,4.110906218255112,4.111183338057342,-0.000277119802229997,0.0002658610359488
0.1286200690533391,4.110906218270231,4.111183338057344,-0.0002771197871132003,0.0002658614111018
0.1286200687603389,4.110906218226828,4.1111833380573595,-0.00027711983053180234,0.0002658611660287
0.1286200691352324,4.110906218140368,4.111183338057367,-0.00027711991699863603,0.0002658605387104
0.1286200691064573,4.110906218278082,4.111183338057382,-0.00027711977929989473,0.0002658602363048
0.1286200689198613,4.110906218237805,4.111183338057362,-0.0002771198195574698,0.0002658605517821
0.1286200689198613,4.110906218274782,4.111183338057365,-0.00027711978258260217,0.0002658610359488
0.1286200687821212,4.11090621822386,4.111183338057349,-0.0002771198334885483,0.0002658611660287
0.1286200688711321,4.110906218301278,4.1111833380573275,-0.00027711975604916006,0.0002658610359488
0.1286200691064573,4.110906218229103,4.11118333805735,-0.00027711982824651926,0.0002658608281509
0.128620068785716,4.110906218203,4.111183338057329,-0.0002771198543296549,0.0002658602470377
0.1286200689100014,4.110906218160167,4.111183338057357,-0.00027711989718959273,0.0002658614111018
0.1286200690533391,4.110906218239942,4.111183338057363,-0.0002771198174214007,0.0002658605517821
0.1286200691352324,4.110906218320132,4.111183338057348,-0.00027711973721622485,0.0002658605517821
0.1286200690484157,4.110906218309168,4.11118333805737,-0.0002771197482021037,0.0002658608462711
0.1286200689095337,4.110906218251817,4.111183338057372,-0.000277119805555337,0.0002658600405576
0.1286200687973817,4.110906218245644,4.111183338057348,-0.0002771198117041962,0.0002658608052017
0.1286200691308835,4.110906218157274,4.111183338057331,-0.0002771199000566327,0.0002658614600079
0.1286200690533391,4.110906218158695,4.111183338057374,-0.00027711989867906794,0.0002658605387104
0.1286200689100014,4.110906218272914,4.111183338057339,-0.0002771197844246842,0.000265860295005
0.1286200689095337,4.110906218225048,4.111183338057343,-0.0002771198322948365,0.0002658611660287
0.1286200691025899,4.1109062181823814,4.111183338057328,-0.00027711987494694057,0.0002658608462711
0.1286200692716405,4.110906218287438,4.111183338057384,-0.0002771197699464878,0.0002658611660287
0.1286200692130541,4.110906218203932,4.111183338057383,-0.0002771198534503583,0.0002658602905383
0.1286200693974061,4.110906218231964,4.111183338057351,-0.00027711982538658475,0.0002658605387104
0.1286200687973817,4.1109062181835085,4.111183338057341,-0.00027711987383227665,0.0002658605387104
0.1286200693009225,4.110906218252588,4.111183338057345,-0.0002771198047568646,0.0002658610359488
0.1286200691407685,4.110906218265962,4.111183338057349,-0.00027711979138711484,0.0002658605387104
0.1286200691025899,4.110906218204435,4.111183338057372,-0.00027711985293699115,0.0002658605517821
0.1286200689100014,4.11090621824776,4.111183338057331,-0.00027711980957079163,0.0002658608052017
0.1286200689198613,4.11090621828905,4.111183338057352,-0.00027711976830246954,0.0002658605517821
0.1286200693091989,4.110906218225306,4.111183338057362,-0.0002771198320559165,0.0002658600845884
0.1286200693688851,4.110906218173561,4.111183338057388,-0.0002771198838269484,0.0002658602722175
0.1286200690533391,4.110906218250335,4.1111833380573355,-0.0002771198070004033,0.0002658610359488
0.1286200691025899,4.1109062182397285,4.11118333805735,-0.0002771198176212408,0.0002658608281509
0.1286200690919358,4.110906218081553,4.1111833380573595,-0.00027711997580670555,0.0002658605387104
0.1286200692716405,4.1109062181919445,4.111183338057362,-0.0002771198654176743,0.0002658606803832
0.1286200691352324,4.110906218218407,4.1111833380573435,-0.0002771198389366347,0.0002658608462711
0.1286200692716405,4.110906218186965,4.111183338057328,-0.00027711987036305175,0.0002658600285024
0.1286200690484157,4.110906218212192,4.111183338057356,-0.0002771198451636536,0.0002658605517821
0.1286200693091989,4.110906218102213,4.111183338057362,-0.00027711995514945187,0.0002658602363048
0.1286200687949469,4.110906218294995,4.111183338057394,-0.0002771197623987476,0.0002658600405576
0.1286200691308835,4.110906218273916,4.1111833380573595,-0.00027711978344324706,0.0002658600405576
0.1286200691064573,4.110906218316383,4.111183338057344,-0.00027711974096167324,0.0002658610359488
0.1286200691064573,4.110906218196757,4.111183338057386,-0.00027711986062950444,0.0002658606803832
0.1286200690484157,4.110906218215781,4.111183338057349,-0.0002771198415674192,0.0002658610224641
0.1286200691308835,4.110906218216447,4.11118333805738,-0.0002771198409332598,0.0002658600285024
0.1286200690533391,4.11090621826915,4.111183338057354,-0.0002771197882038834,0.0002658606803832
0.1286200689095337,4.110906218300235,4.111183338057339,-0.000277119757104316,0.0002658608281509
0.1286200690322544,4.11090621825522,4.111183338057348,-0.0002771198021278565,0.0002658608462711
0.1286200692130541,4.110906218240184,4.111183338057391,-0.0002771198172064615,0.0002658606803832
0.1286200690919358,4.110906218314611,4.111183338057389,-0.0002771197427779981,0.0002658608052017
0.1286200692750439,4.11090621823694,4.111183338057352,-0.0002771198204127856,0.0002658610359488
0.1286200694844816,4.110906218166086,4.111183338057337,-0.0002771198912512318,0.0002658594979901
0.1286200690533391,4.110906218252056,4.1111833380573355,-0.0002771198052791135,0.0002658602470377
0.1286200687696346,4.110906218226188,4.1111833380573675,-0.0002771198311792844,0.0002658602722175
0.1286200691064573,4.110906218291785,4.111183338057342,-0.00027711976555711004,0.0002658617756858
0.1286200690322544,4.110906218171965,4.111183338057382,-0.0002771198854167878,0.0002658608462711
0.1286200693091989,4.110906218285643,4.111183338057328,-0.00027711977168554114,0.0002658608462711
0.1286200692750439,4.110906218156982,4.111183338057339,-0.000277119900356837,0.0002658608281509
0.1286200690533391,4.110906218220794,4.111183338057334,-0.00027711983653944117,0.0002658606125664
0.1286200692716405,4.110906218211698,4.111183338057364,-0.00027711984566547443,0.0002658602466982
0.1286200693009225,4.11090621820119,4.11118333805733,-0.00027711985613976253,0.0002658606803832
0.1286200691064573,4.110906218171017,4.111183338057376,-0.0002771198863591451,0.0002658608462711
0.1286200691308835,4.110906218264829,4.1111833380573675,-0.0002771197925381941,0.0002658608462711
0.1286200691352324,4.1109062183044,4.111183338057355,-0.00027711975295474645,0.0002658605387104
0.1286200692750439,4.11090621818903,4.1111833380573675,-0.00027711986833711677,0.0002658602905383
0.1286200690484157,4.110906218204626,4.111183338057349,-0.00027711985272294015,0.0002658618429636
0.1286200690484157,4.110906218245183,4.11118333805733,-0.0002771198121473972,0.0002658620310416
0.1286200691308835,4.1109062182495535,4.111183338057363,-0.0002771198078095338,0.0002658610224641
0.1286200691025899,4.110906218275593,4.11118333805738,-0.0002771197817867943,0.0002658605387104
0.1286200687973817,4.1109062180874645,4.1111833380573595,-0.00027711996989499,0.0002658592845582
0.1286200687846308,4.11090621821939,4.1111833380573675,-0.00027711983797740203,0.0002658614600079
0.1286200690484157,4.110906218257546,4.11118333805739,-0.0002771197998434616,0.0002658611098237
0.1286200688711321,4.110906218187494,4.1111833380573835,-0.00027711986988965265,0.0002658608052017
0.1286200690484157,4.110906218213226,4.1111833380573835,-0.00027711984415734747,0.0002658602470377
0.1286200690919358,4.11090621821422,4.111183338057363,-0.0002771198431430477,0.0002658606803832
0.1286200691407685,4.110906218208567,4.1111833380573355,-0.00027711984876876983,0.0002658597675085
0.1286200691308835,4.110906218222955,4.111183338057345,-0.0002771198343900494,0.0002658608281509
0.1286200691025899,4.110906218158496,4.111183338057366,-0.0002771198988700263,0.0002658614600079
0.1286200687603389,4.110906218234464,4.111183338057399,-0.0002771198229352123,0.0002658614600079
0.1286200689198613,4.110906218184189,4.111183338057385,-0.0002771198731963409,0.000265860295005
0.1286200693009225,4.110906218176124,4.1111833380574,-0.0002771198812761,0.0002658610224641
0.1286200692716405,4.110906218118169,4.111183338057376,-0.0002771199392075374,0.0002658602363048
0.1286200687821212,4.110906218203096,4.111183338057368,-0.0002771198542719233,0.0002658605517821
0.1286200691025899,4.110906218231575,4.111183338057335,-0.0002771198257596197,0.0002658602905383
0.1286200692130541,4.1109062181638665,4.111183338057372,-0.00027711989350542865,0.0002658620103872
0.1286200690919358,4.110906218217236,4.111183338057344,-0.00027711984010814206,0.000265860295005
0.1286200693091989,4.110906218242527,4.11118333805736,-0.00027711981483324877,0.0002658608462711
0.1286200691025899,4.110906218154413,4.111183338057383,-0.0002771199029698579,0.0002658611098237
0.1286200692130541,4.1109062181480205,4.111183338057376,-0.00027711990935586073,0.0002658605387104
0.1286200690322544,4.1109062181999,4.111183338057359,-0.0002771198574587075,0.0002658602466982
0.1286200690484157,4.110906218219131,4.111183338057363,-0.00027711983823230923,0.0002658614111018
0.1286200691352324,4.110906218291373,4.111183338057371,-0.00027711976599764654,0.0002658596770356
0.1286200690322544,4.110906218166186,4.111183338057348,-0.0002771198911615258,0.0002658605517821
0.1286200691308835,4.110906218154007,4.111183338057371,-0.0002771199033642091,0.0002658600285024
0.1286200691025899,4.110906218184631,4.111183338057367,-0.0002771198727353763,0.0002658602470377
0.1286200689100014,4.110906218224256,4.111183338057361,-0.0002771198331048552,0.0002658608052017
0.1286200690533391,4.110906218228015,4.111183338057364,-0.0002771198293487487,0.0002658608052017
0.1286200693397242,4.110906218143793,4.111183338057366,-0.00027711991357293186,0.000265860295005
0.1286200690484157,4.110906218290841,4.111183338057406,-0.00027711976656430437,0.000265860295005
0.1286200691025899,4.110906218265297,4.111183338057371,-0.00027711979207367676,0.0002658610224641
0.1286200687453511,4.110906218119122,4.111183338057379,-0.0002771199382571865,0.0002658618429636
0.1286200691308835,4.110906218216926,4.111183338057373,-0.00027711984044653803,0.0002658602905383
0.1286200693397242,4.110906218325121,4.11118333805733,-0.0002771197322095631,0.0002658605387104
0.1286200690484157,4.11090621817619,4.111183338057358,-0.0002771198811677422,0.0002658608052017
0.1286200690533391,4.110906218234635,4.111183338057351,-0.00027711982271583224,0.0002658602470377
0.1286200687949469,4.1109062182396725,4.111183338057374,-0.0002771198177011769,0.0002658608462711
0.1286200689100014,4.110906218225555,4.111183338057321,-0.00027711983176637034,0.0002658620310416
0.1286200691407685,4.110906218280729,4.111183338057364,-0.0002771197766344713,0.0002658602363048
0.1286200691352324,4.110906218180249,4.111183338057345,-0.00027711987709633235,0.0002658610359488
0.1286200689198613,4.110906218152242,4.111183338057344,-0.0002771199051023743,0.0002658606125664
0.1286200688711321,4.1109062182783935,4.111183338057351,-0.00027711977895705786,0.0002658608281509
0.1286200690322544,4.110906218238468,4.111183338057351,-0.0002771198188824542,0.0002658602905383
0.1286200693650315,4.1109062182586396,4.111183338057334,-0.0002771197986941587,0.0002658602363048
0.1286200693234346,4.1109062182253835,4.111183338057394,-0.0002771198320106194,0.0002658602905383
0.1286200691407685,4.110906218243398,4.111183338057381,-0.00027711981398237384,0.0002658598834377
0.1286200691064573,4.110906218258624,4.111183338057385,-0.00027711979876166026,0.0002658608462711
0.1286200690484157,4.110906218255146,4.111183338057334,-0.00027711980218736443,0.0002658602905383
0.1286200691064573,4.11090621817818,4.111183338057365,-0.0002771198791844398,0.000265860295005
0.1286200691407685,4.110906218217146,4.111183338057366,-0.00027711984022005254,0.0002658608462711
0.1286200692130541,4.110906218315274,4.111183338057368,-0.00027711974209410073,0.000265860295005
0.1286200693234346,4.110906218205942,4.11118333805735,-0.0002771198514075479,0.0002658594979901
0.1286200692716405,4.110906218299318,4.111183338057388,-0.00027711975806976596,0.0002658602905383
0.1286200689198613,4.110906218243566,4.1111833380573195,-0.0002771198137532238,0.0002658606125664
0.1286200693009225,4.110906218206757,4.111183338057355,-0.00027711985059841737,0.0002658608052017
0.1286200690484157,4.110906218220876,4.111183338057353,-0.0002771198364772687,0.0002658600845884
0.1286200691064573,4.110906218281796,4.111183338057375,-0.00027711977557842715,0.0002658602466982
0.1286200691407685,4.1109062182488785,4.111183338057351,-0.0002771198084721149,0.0002658608052017
0.1286200691407685,4.110906218230565,4.111183338057371,-0.00027711982680589387,0.0002658611660287
0.1286200691407685,4.110906218203421,4.11118333805737,-0.00027711985394951455,0.0002658608052017
0.1286200692130541,4.11090621822457,4.111183338057343,-0.0002771198327726765,0.0002658606803832
0.1286200691064573,4.110906218231348,4.1111833380573515,-0.00027711982600386875,0.0002658606803832
0.1286200690919358,4.110906218281204,4.111183338057339,-0.000277119776135315,0.000265860295005
0.1286200690533391,4.11090621826056,4.111183338057356,-0.0002771197967961214,0.0002658605387104
0.1286200693234346,4.110906218278751,4.1111833380573675,-0.0002771197786168855,0.0002658610224641
0.1286200690919358,4.110906218163503,4.111183338057372,-0.0002771198938686936,0.0002658608052017
0.1286200691308835,4.110906218214489,4.111183338057381,-0.0002771198428916932,0.0002658602905383
0.1286200691352324,4.110906218247502,4.111183338057355,-0.00027711980985323237,0.0002658608462711
0.1286200689095337,4.110906218167384,4.111183338057341,-0.00027711988995715586,0.0002658608462711
0.1286200691407685,4.110906218187501,4.111183338057347,-0.0002771198698461319,0.0002658608462711
0.1286200688711321,4.110906218275459,4.111183338057373,-0.0002771197819138038,0.0002658605387104
0.1286200692130541,4.110906218257057,4.1111833380573675,-0.00027711980031064343,0.0002658611660287
0.1286200691308835,4.110906218257687,4.111183338057362,-0.0002771197996747077,0.0002658602722175
0.1286200689100014,4.110906218195357,4.111183338057374,-0.00027711986201683914,0.0002658614600079
0.1286200692750439,4.110906218241684,4.111183338057361,-0.00027711981567701827,0.0002658606125664
0.128620068785716,4.110906218142931,4.111183338057379,-0.0002771199144477876,0.0002658618429636
0.1286200692130541,4.110906218231786,4.111183338057378,-0.00027711982559175397,0.0002658618429636
0.1286200693234346,4.1109062182208564,4.11118333805739,-0.0002771198365332239,0.000265860295005
0.1286200692750439,4.110906218236772,4.111183338057388,-0.00027711982061617846,0.0002658605517821
0.1286200693339135,4.11090621817964,4.111183338057359,-0.0002771198777189454,0.0002658608281509
0.1286200691308835,4.110906218203526,4.111183338057361,-0.00027711985383493953,0.0002658608462711
0.1286200691025899,4.11090621825379,4.11118333805739,-0.0002771198035995681,0.0002658608052017
0.1286200689100014,4.110906218249766,4.111183338057375,-0.0002771198076088055,0.0002658605517821
0.1286200689100014,4.110906218170071,4.111183338057334,-0.00027711988726242254,0.0002658602470377
0.1286200690919358,4.110906218294365,4.111183338057375,-0.00027711976300981433,0.0002658602470377
0.1286200687603389,4.1109062183024925,4.1111833380573986,-0.00027711975490607443,0.0002658608462711
0.1286200687973817,4.110906218183846,4.1111833380573515,-0.000277119873505427,0.0002658614600079
0.1286200689095337,4.1109062182153,4.111183338057379,-0.00027711984207900997,0.0002658611098237
0.1286200692716405,4.110906218225031,4.111183338057356,-0.00027711983232503457,0.0002658602905383
0.1286200687973817,4.110906218149896,4.11118333805736,-0.0002771199074640407,0.0002658605387104
0.1286200693339135,4.110906218199713,4.111183338057346,-0.00027711985763279046,0.0002658602470377
0.1286200689095337,4.110906218265568,4.11118333805735,-0.00027711979178146606,0.0002658611098237
0.1286200691352324,4.110906218305831,4.111183338057371,-0.0002771197515398782,0.0002658605387104
0.1286200691064573,4.110906218276924,4.111183338057343,-0.00027711978041899954,0.000265860295005
0.1286200693009225,4.110906218200008,4.1111833380573675,-0.0002771198573592315,0.000265860295005
0.1286200691025899,4.110906218179087,4.111183338057353,-0.0002771198782660633,0.0002658606803832
0.1286200690322544,4.110906218227775,4.111183338057315,-0.00027711982953970704,0.0002658608281509
0.1286200693009225,4.110906218199784,4.111183338057368,-0.00027711985758394064,0.0002658610224641
0.1286200690919358,4.110906218123026,4.111183338057376,-0.00027711993435008964,0.0002658602905383
0.1286200691352324,4.110906218243841,4.111183338057337,-0.00027711981349654025,0.0002658608052017
0.1286200688711321,4.110906218179272,4.111183338057387,-0.000277119878115073,0.0002658606803832
0.128620068785716,4.11090621817785,4.111183338057379,-0.00027711987952905304,0.0002658611098237
0.1286200692750439,4.110906218163241,4.111183338057329,-0.0002771198940880737,0.0002658606803832
0.1286200691064573,4.110906218229499,4.111183338057346,-0.000277119827846839,0.0002658602905383
0.1286200690322544,4.110906218214279,4.111183338057355,-0.00027711984307643434,0.0002658608462711
0.1286200693009225,4.110906218205911,4.111183338057355,-0.00027711985144396323,0.0002658605517821
0.1286200691064573,4.11090621824061,4.111183338057384,-0.0002771198167739186,0.0002658605387104
0.1286200691308835,4.110906218217534,4.111183338057372,-0.0002771198398381358,0.0002658613638448
0.1286200689100014,4.110906218248383,4.111183338057396,-0.0002771198090130156,0.0002658605387104
0.1286200691407685,4.110906218252997,4.111183338057379,-0.0002771198043820533,0.0002658602363048
0.1286200688711321,4.1109062182193625,4.111183338057356,-0.00027711983799338924,0.0002658611098237
0.1286200690533391,4.110906218255007,4.111183338057391,-0.00027711980238365186,0.0002658606803832
0.1286200689095337,4.110906218296524,4.111183338057369,-0.0002771197608453235,0.0002658613638448
0.1286200692130541,4.110906218278936,4.111183338057361,-0.000277119778425039,0.000265860295005
0.1286200690322544,4.110906218232957,4.111183338057366,-0.0002771198244087003,0.0002658610359488
0.1286200692130541,4.110906218304701,4.111183338057395,-0.000277119752693622,0.0002658602466982
0.1286200692130541,4.110906218111305,4.111183338057368,-0.00027711994606338664,0.0002658605387104
0.1286200691064573,4.110906218211856,4.11118333805737,-0.0002771198455144841,0.0002658606803832
0.1286200693688851,4.110906218286525,4.111183338057345,-0.00027711977082045536,0.000265860295005
0.1286200691352324,4.110906218220528,4.111183338057367,-0.0002771198368387573,0.000265860295005
0.1286200691025899,4.110906218142973,4.111183338057375,-0.00027711991440160233,0.0002658614111018
0.1286200693009225,4.110906218223792,4.111183338057384,-0.00027711983359246517,0.0002658600845884
0.1286200691064573,4.110906218274888,4.111183338057364,-0.00027711978247602076,0.0002658606803832
0.1286200688711321,4.110906218179595,4.111183338057359,-0.00027711987776335434,0.0002658608462711
0.1286200692716405,4.110906218244758,4.111183338057359,-0.0002771198126003682,0.0002658606125664
0.1286200690919358,4.110906218188447,4.1111833380573914,-0.0002771198689446308,0.0002658605517821
0.1286200691025899,4.110906218208023,4.111183338057418,-0.0002771198493949356,0.0002658608052017
0.1286200689100014,4.11090621825937,4.111183338057375,-0.00027711979800493225,0.0002658608281509
0.1286200692716405,4.110906218174873,4.111183338057357,-0.00027711988248402264,0.0002658602363048
0.1286200690919358,4.110906218143543,4.1111833380573835,-0.00027711991384027357,0.0002658602722175
0.1286200692716405,4.110906218251893,4.111183338057342,-0.0002771198054487556,0.0002658610224641
0.1286200693009225,4.110906218223144,4.111183338057361,-0.0002771198342168546,0.0002658602905383
0.1286200687949469,4.1109062182187,4.111183338057346,-0.0002771198386462004,0.0002658606803832
0.1286200688711321,4.110906218228852,4.111183338057343,-0.00027711982849076833,0.0002658613638448
0.1286200688711321,4.110906218191004,4.111183338057365,-0.0002771198663609198,0.0002658602466982
0.1286200691025899,4.110906218206986,4.1111833380573675,-0.00027711985038170184,0.0002658606125664
0.1286200690919358,4.11090621823555,4.111183338057367,-0.0002771198218169957,0.0002658606125664
0.1286200689198613,4.1109062182256855,4.111183338057372,-0.0002771198316864343,0.0002658602905383
0.1286200687973817,4.110906218126979,4.111183338057379,-0.0002771199304003602,0.0002658602722175
0.1286200691308835,4.110906218285925,4.1111833380573675,-0.00027711977144218025,0.0002658608281509
0.1286200690919358,4.110906218182453,4.111183338057334,-0.0002771198748803272,0.0002658611098237
0.1286200693339135,4.11090621824883,4.111183338057333,-0.00027711980850320117,0.0002658605387104
0.1286200688711321,4.1109062181307285,4.111183338057346,-0.0002771199266176083,0.0002658611660287
0.1286200690919358,4.110906218267681,4.111183338057345,-0.0002771197896640487,0.0002658608052017
0.1286200693091989,4.110906218243767,4.111183338057379,-0.00027711981361200344,0.0002658605387104
0.1286200693009225,4.110906218216669,4.111183338057369,-0.00027711984070055706,0.0002658602722175
0.1286200690322544,4.110906218227955,4.111183338057373,-0.0002771198294180266,0.0002658610224641
0.1286200690533391,4.1109062182714045,4.111183338057377,-0.0002771197859727792,0.0002658605517821
0.1286200691407685,4.11090621817244,4.111183338057347,-0.00027711988490697337,0.0002658610224641
0.1286200691407685,4.110906218306945,4.111183338057353,-0.0002771197504083389,0.0002658602722175
0.1286200691025899,4.110906218304593,4.1111833380573515,-0.000277119752758459,0.0002658602470377
0.1286200691308835,4.110906218227737,4.111183338057345,-0.0002771198296080968,0.0002658602363048
0.1286200691352324,4.110906218232487,4.111183338057354,-0.0002771198248670004,0.0002658611098237
0.1286200689100014,4.110906218219303,4.111183338057385,-0.0002771198380822071,0.0002658602363048
0.1286200690533391,4.110906218263883,4.111183338057356,-0.0002771197934725578,0.0002658600285024
0.1286200692750439,4.110906218239755,4.1111833380573675,-0.00027711981761235904,0.0002658617756858
0.1286200690533391,4.11090621819525,4.111183338057376,-0.0002771198621260851,0.0002658608281509
0.1286200691025899,4.110906218243176,4.111183338057363,-0.0002771198141866549,0.0002658617756858
0.1286200690919358,4.110906218287144,4.11118333805736,-0.00027711977021649403,0.0002658614111018
0.1286200687973817,4.11090621823213,4.111183338057342,-0.0002771198252116136,0.000265860295005
0.1286200693339135,4.110906218298143,4.111183338057371,-0.0002771197592279506,0.0002658614111018
0.1286200692130541,4.110906218274399,4.111183338057374,-0.00027711978297428885,0.0002658600845884
0.1286200690533391,4.110906218253234,4.111183338057353,-0.0002771198041191525,0.0002658610224641
0.1286200692750439,4.110906218205781,4.111183338057361,-0.0002771198515798545,0.0002658606803832
0.1286200690919358,4.110906218149509,4.111183338057381,-0.0002771199078717146,0.0002658605517821
0.1286200693339135,4.110906218266836,4.111183338057382,-0.0002771197905460099,0.0002658611660287
0.1286200687821212,4.110906218067135,4.111183338057358,-0.0002771199902227295,0.000265860295005
0.1286200688711321,4.11090621827822,4.111183338057385,-0.0002771197791648916,0.0002658605517821
0.128620068785716,4.110906218318796,4.111183338057367,-0.00027711973857069694,0.0002658606803832
0.1286200691407685,4.110906218292549,4.111183338057403,-0.00027711976485367273,0.0002658611660287
0.1286200690484157,4.110906218234805,4.111183338057328,-0.0002771198225230975,0.0002658611098237
0.1286200690533391,4.110906218237738,4.11118333805735,-0.00027711981961164867,0.0002658608281509
0.1286200692130541,4.110906218199009,4.111183338057333,-0.00027711985832379327,0.0002658613638448
0.1286200693009225,4.110906218244308,4.111183338057379,-0.0002771198130711028,0.0002658606125664
0.1286200689100014,4.110906218173613,4.111183338057343,-0.0002771198837292488,0.0002658623211155
0.1286200690484157,4.110906218233844,4.111183338057362,-0.00027711982351785736,0.0002658613638448
0.1286200693009225,4.11090621823254,4.111183338057363,-0.00027711982482259145,0.0002658593538532
0.1286200687973817,4.110906218210763,4.111183338057355,-0.0002771198465918445,0.0002658623965811
0.1286200690919358,4.11090621822091,4.111183338057345,-0.0002771198364355243,0.0002658611098237
0.1286200687846308,4.110906218231153,4.1111833380573435,-0.0002771198261903862,0.0002658608052017
0.1286200688711321,4.110906218283829,4.111183338057333,-0.00027711977350364236,0.0002658608052017
0.1286200688711321,4.110906218156542,4.111183338057404,-0.0002771199008622105,0.0002658608462711
0.1286200689095337,4.11090621823692,4.1111833380573435,-0.00027711982042344374,0.0002658611098237
0.1286200691352324,4.110906218219946,4.111183338057358,-0.0002771198374116324,0.0002658605387104
0.1286200693339135,4.110906218203616,4.111183338057383,-0.0002771198537665498,0.0002658602905383
0.1286200689100014,4.1109062181732074,4.111183338057375,-0.00027711988416712074,0.0002658606803832
0.1286200692130541,4.110906218229674,4.111183338057341,-0.00027711982766653875,0.0002658602466982
0.1286200690533391,4.110906218255885,4.111183338057362,-0.0002771198014768217,0.0002658611098237
0.1286200690919358,4.110906218272899,4.111183338057379,-0.0002771197844797513,0.0002658602905383
0.1286200692716405,4.110906218288102,4.111183338057385,-0.0002771197692830185,0.0002658596770356
0.1286200691308835,4.110906218260003,4.1111833380573595,-0.000277119797356562,0.0002658617756858
0.1286200691025899,4.11090621826455,4.111183338057361,-0.00027711979281086485,0.0002658605387104
0.1286200692130541,4.110906218238426,4.111183338057348,-0.00027711981892153403,0.0002658613638448
0.1286200691025899,4.110906218201223,4.1111833380573355,-0.000277119856112229,0.0002658602363048
0.1286200690533391,4.110906218272528,4.111183338057376,-0.0002771197848483453,0.0002658613638448
0.1286200690919358,4.11090621824673,4.11118333805732,-0.00027711981059042046,0.0002658602905383
0.1286200688711321,4.110906218293165,4.111183338057333,-0.000277119764167999,0.0002658606125664
0.1286200693091989,4.110906218159954,4.111183338057366,-0.00027711989741163734,0.0002658614600079
0.1286200687949469,4.1109062181910545,4.111183338057373,-0.0002771198663182872,0.0002658602722175
0.1286200690533391,4.110906218190707,4.111183338057353,-0.00027711986664602506,0.0002658605387104
0.1286200690919358,4.1109062182216025,4.111183338057355,-0.0002771198357525151,0.0002658602470377
0.1286200693234346,4.110906218273421,4.111183338057376,-0.000277119783955726,0.0002658611660287
0.1286200692130541,4.110906218233318,4.111183338057351,-0.00027711982403300084,0.0002658602466982
0.1286200690919358,4.1109062182967895,4.111183338057353,-0.00027711976056377097,0.0002658614111018
0.1286200689100014,4.1109062182728975,4.111183338057374,-0.00027711978447619856,0.0002658610224641
0.1286200687949469,4.110906218190793,4.11118333805734,-0.0002771198665465491,0.0002658606803832
0.1286200691352324,4.110906218200223,4.111183338057361,-0.0002771198571380751,0.0002658621028331
0.1286200691308835,4.110906218220294,4.111183338057384,-0.0002771198370901118,0.0002658606803832
0.1286200692750439,4.11090621820571,4.1111833380573675,-0.00027711985165712605,0.0002658605387104
0.1286200689095337,4.110906218157913,4.111183338057342,-0.00027711989942869053,0.0002658611660287
0.1286200693234346,4.110906218201515,4.11118333805737,-0.00027711985585554544,0.0002658602470377
0.1286200691308835,4.110906218247271,4.111183338057392,-0.00027711981012146225,0.0002658608462711
0.1286200691025899,4.110906218263032,4.1111833380573675,-0.0002771197943358672,0.0002658614600079
0.1286200693091989,4.110906218261849,4.11118333805737,-0.0002771197955206972,0.0002658605517821
0.1286200692716405,4.110906218245559,4.111183338057387,-0.000277119811827653,0.0002658598834377
0.1286200691308835,4.110906218212847,4.11118333805733,-0.00027711984448330895,0.0002658610224641
0.1286200691025899,4.1109062181660665,4.111183338057337,-0.00027711989127077175,0.0002658606125664
0.1286200693612195,4.11090621823249,4.1111833380573835,-0.00027711982489364573,0.0002658605387104
0.1286200692130541,4.110906218168016,4.11118333805737,-0.0002771198893540827,0.0002658608052017
0.1286200693234346,4.110906218153251,4.111183338057366,-0.00027711990411471987,0.0002658606125664
0.1286200691352324,4.110906218201955,4.111183338057335,-0.0002771198553794818,0.0002658605387104
0.1286200687949469,4.110906218236284,4.111183338057349,-0.00027711982106470856,0.0002658614111018
0.1286200692750439,4.110906218241255,4.111183338057352,-0.00027711981609712666,0.0002658614600079
0.1286200692716405,4.110906218245744,4.111183338057347,-0.00027711981160294386,0.0002658602722175
0.1286200690919358,4.110906218313086,4.111183338057401,-0.00027711974431543496,0.0002658608462711
0.1286200693234346,4.11090621828165,4.111183338057344,-0.0002771197756947785,0.0002658602905383
0.1286200691064573,4.110906218174734,4.111183338057345,-0.00027711988261103215,0.0002658602363048
0.1286200691352324,4.110906218264066,4.111183338057397,-0.0002771197933304492,0.0002658602466982
0.1286200690919358,4.110906218204311,4.111183338057374,-0.0002771198530631125,0.0002658605387104
0.1286200693688851,4.110906218244232,4.111183338057372,-0.0002771198131394925,0.0002658610224641
0.1286200691352324,4.110906218214383,4.111183338057397,-0.00027711984301337367,0.0002658600845884
0.1286200691352324,4.110906218277423,4.111183338057341,-0.0002771197799180669,0.0002658611660287
0.1286200693339135,4.11090621818962,4.111183338057351,-0.0002771198677304909,0.0002658605387104
0.1286200692750439,4.11090621823364,4.111183338057327,-0.00027711982368661126,0.0002658608052017
0.1286200693339135,4.110906218192795,4.111183338057355,-0.00027711986455969395,0.0002658600845884
0.1286200693612195,4.110906218265181,4.111183338057406,-0.0002771197922246671,0.0002658602470377
0.1286200691064573,4.110906218205265,4.111183338057379,-0.00027711985211364976,0.0002658614111018
0.1286200689198613,4.110906218193928,4.1111833380573435,-0.00027711986341572015,0.0002658608052017
0.1286200690484157,4.110906218223019,4.111183338057383,-0.00027711983436340404,0.0002658602466982
0.1286200689198613,4.1109062181963285,4.111183338057355,-0.0002771198610265202,0.0002658605517821
0.1286200691064573,4.110906218238386,4.111183338057359,-0.0002771198189721602,0.0002658605517821
0.1286200691064573,4.110906218155106,4.111183338057388,-0.0002771199022815196,0.0002658602363048
0.1286200687821212,4.110906218285325,4.11118333805734,-0.00027711977201505533,0.0002658610359488
0.1286200691407685,4.1109062182185205,4.111183338057332,-0.00027711983881140156,0.0002658610359488
0.1286200690484157,4.110906218169395,4.111183338057381,-0.00027711988798539977,0.0002658606125664
0.1286200691308835,4.110906218224752,4.1111833380573675,-0.0002771198326154689,0.0002658614111018
0.1286200690322544,4.110906218150672,4.111183338057367,-0.0002771199066948782,0.0002658606125664
0.1286200692130541,4.110906218313032,4.111183338057341,-0.0002771197443092177,0.0002658602466982
0.1286200692716405,4.110906218307963,4.111183338057356,-0.000277119749393151,0.0002658602470377
0.1286200693339135,4.1109062182445335,4.111183338057366,-0.0002771198128321828,0.0002658602722175
0.1286200690484157,4.110906218244935,4.11118333805737,-0.00027711981243516703,0.0002658602905383
0.1286200690484157,4.110906218173984,4.1111833380573515,-0.00027711988336776017,0.0002658605517821
0.1286200690484157,4.1109062182811025,4.111183338057356,-0.00027711977625344275,0.0002658610359488
0.1286200693009225,4.110906218210255,4.111183338057327,-0.00027711984707146087,0.0002658608462711
0.1286200691407685,4.110906218284107,4.111183338057399,-0.0002771197732922559,0.0002658606125664
0.1286200690484157,4.110906218273027,4.111183338057343,-0.00027711978431543827,0.0002658611098237
0.1286200691064573,4.110906218223904,4.111183338057334,-0.0002771198334299285,0.0002658608281509
0.1286200691407685,4.1109062182745255,4.111183338057357,-0.00027711978283129213,0.0002658608462711
0.1286200689095337,4.110906218270999,4.111183338057376,-0.00027711978637778856,0.0002658602722175
0.1286200690533391,4.11090621820041,4.111183338057351,-0.00027711985694089947,0.0002658606125664
0.1286200690484157,4.110906218221683,4.111183338057355,-0.00027711983567169085,0.0002658618429636
0.1286200693339135,4.110906218178264,4.111183338057339,-0.00027711987907519386,0.0002658602722175
0.1286200687973817,4.110906218252796,4.111183338057334,-0.0002771198045374845,0.0002658608281509
0.1286200690919358,4.11090621817989,4.111183338057362,-0.0002771198774720318,0.0002658602722175
0.1286200691407685,4.1109062182741285,4.11118333805735,-0.00027711978322120245,0.0002658600845884
0.1286200690322544,4.110906218143749,4.1111833380573435,-0.00027711991359424815,0.0002658610359488
0.1286200691025899,4.110906218272443,4.111183338057341,-0.0002771197848980833,0.0002658610224641
0.1286200691025899,4.110906218219531,4.111183338057353,-0.0002771198378219708,0.0002658610224641
0.1286200692750439,4.110906218291202,4.111183338057372,-0.00027711976616995315,0.0002658602722175
0.1286200693009225,4.110906218173143,4.111183338057371,-0.00027711988422840506,0.0002658608462711
0.1286200691308835,4.110906218131473,4.111183338057362,-0.000277119925889302,0.0002658605387104
0.1286200689100014,4.110906218283269,4.111183338057337,-0.00027711977406852384,0.0002658623211155
0.1286200690322544,4.110906218248888,4.111183338057376,-0.00027711980848810214,0.0002658608462711
0.1286200688711321,4.110906218192439,4.1111833380573435,-0.0002771198649043072,0.0002658614600079
0.1286200689198613,4.110906218195995,4.111183338057368,-0.0002771198613729098,0.0002658605387104
0.1286200690919358,4.1109062182813245,4.1111833380573835,-0.0002771197760589317,0.0002658608052017
0.1286200689100014,4.110906218211465,4.1111833380573435,-0.00027711984587863725,0.0002658608281509
0.1286200692716405,4.110906218207692,4.111183338057375,-0.0002771198496827054,0.0002658602363048
0.1286200691025899,4.110906218263082,4.111183338057355,-0.00027711979427280653,0.0002658605387104
0.1286200691407685,4.110906218282912,4.1111833380573435,-0.0002771197744317888,0.0002658608281509
0.128620069359937,4.110906218152514,4.111183338057364,-0.0002771199048501316,0.0002658608281509
0.1286200691352324,4.110906218187683,4.111183338057383,-0.00027711986969958247,0.0002658608462711
0.1286200689100014,4.110906218209726,4.111183338057318,-0.0002771198475919334,0.0002658605517821
0.1286200691407685,4.110906218201126,4.111183338057377,-0.000277119856251673,0.0002658611660287
0.1286200690322544,4.11090621827496,4.111183338057346,-0.00027711978238631474,0.0002658608281509
0.1286200693339135,4.1109062183120875,4.111183338057354,-0.00027711974526667404,0.0002658605517821
0.1286200692716405,4.11090621820654,4.11118333805736,-0.000277119850820462,0.0002658611660287
0.1286200690533391,4.110906218230782,4.11118333805735,-0.00027711982656786205,0.0002658621028331
0.1286200691308835,4.1109062182769325,4.1111833380573675,-0.00027711978043498675,0.0002658597675085
0.1286200690484157,4.110906218209337,4.111183338057368,-0.00027711984803158174,0.0002658611660287
0.1286200691308835,4.110906218231281,4.111183338057337,-0.0002771198260562713,0.000265860295005
0.1286200690484157,4.1109062182229,4.111183338057353,-0.00027711983445311006,0.0002658606803832
0.1286200691407685,4.110906218217702,4.111183338057355,-0.0002771198396533947,0.0002658610359488
0.1286200690484157,4.1109062181845655,4.111183338057365,-0.00027711987279932515,0.0002658602470377
0.1286200687603389,4.110906218233154,4.111183338057359,-0.0002771198242044193,0.0002658602466982
0.1286200693397242,4.110906218313281,4.111183338057377,-0.0002771197440960549,0.0002658600405576
0.1286200691064573,4.110906218260167,4.111183338057333,-0.00027711979716560364,0.0002658602905383
0.1286200691064573,4.110906218298122,4.111183338057355,-0.0002771197592332797,0.0002658605387104
0.1286200692130541,4.110906218256624,4.111183338057378,-0.00027711980075384446,0.0002658611098237
0.1286200691064573,4.110906218240133,4.11118333805737,-0.00027711981723754775,0.0002658606803832
0.1286200693339135,4.11090621823113,4.111183338057374,-0.0002771198262436769,0.0002658608281509
0.1286200693688851,4.110906218256832,4.111183338057379,-0.0002771198005468989,0.000265860295005
0.1286200688711321,4.110906218268781,4.111183338057339,-0.0002771197885582666,0.0002658610224641
0.1286200692716405,4.1109062182237235,4.11118333805736,-0.0002771198336368741,0.0002658605387104
0.1286200692750439,4.110906218251547,4.111183338057383,-0.0002771198058360014,0.0002658611098237
0.1286200691064573,4.11090621824949,4.111183338057362,-0.0002771198078717063,0.0002658610224641
0.128620069359937,4.110906218296025,4.111183338057358,-0.0002771197613329335,0.0002658594979901
0.1286200689100014,4.110906218202834,4.1111833380574,-0.0002771198545659104,0.0002658611660287
0.1286200693009225,4.110906218168887,4.111183338057342,-0.000277119888454358,0.0002658605387104
0.128620068785716,4.110906218228723,4.11118333805735,-0.0002771198286266596,0.0002658608462711
0.1286200687949469,4.110906218221547,4.111183338057371,-0.00027711983582445754,0.0002658608052017
0.1286200689198613,4.110906218212436,4.111183338057347,-0.00027711984491141095,0.0002658600845884
0.1286200691064573,4.11090621829057,4.1111833380573515,-0.0002771197667819081,0.0002658610359488
0.1286200690484157,4.110906218205914,4.111183338057347,-0.0002771198514333051,0.0002658608462711
0.1286200690533391,4.110906218230757,4.111183338057356,-0.0002771198265989483,0.0002658611098237
0.1286200692716405,4.110906218212232,4.111183338057345,-0.00027711984511302745,0.0002658602363048
0.1286200687821212,4.110906218233165,4.111183338057402,-0.0002771198242372819,0.0002658598834377
0.1286200688711321,4.11090621826381,4.111183338057397,-0.0002771197935871328,0.0002658608462711
0.1286200691064573,4.110906218217165,4.111183338057335,-0.00027711984016942637,0.0002658623211155
0.1286200690919358,4.110906218243648,4.111183338057386,-0.0002771198137381248,0.0002658605517821
0.1286200687603389,4.11090621826724,4.111183338057366,-0.0002771197901259015,0.0002658602722175
0.1286200693009225,4.1109062182620315,4.111183338057354,-0.0002771197953226334,0.0002658610359488
0.1286200689095337,4.110906218224922,4.111183338057388,-0.00027711983246625493,0.0002658606803832
0.1286200691064573,4.110906218307915,4.111183338057364,-0.0002771197494491062,0.0002658605517821
0.1286200692130541,4.110906218197106,4.111183338057378,-0.0002771198602724567,0.0002658600285024
0.1286200691064573,4.110906218240508,4.111183338057343,-0.00027711981683431475,0.0002658600845884
0.1286200693339135,4.110906218187521,4.111183338057369,-0.00027711986984790826,0.0002658602466982
0.128620069455467,4.110906218124445,4.111183338057349,-0.00027711993290413517,0.0002658608281509
0.1286200692130541,4.1109062182745895,4.111183338057347,-0.0002771197827575733,0.0002658602466982
0.1286200689198613,4.110906218247992,4.111183338057327,-0.00027711980933453617,0.0002658608462711
0.1286200689198613,4.110906218337239,4.111183338057351,-0.00027711972011168484,0.0002658606803832
0.1286200693009225,4.1109062181606,4.1111833380573595,-0.0002771198967597144,0.0002658620310416
0.1286200693612195,4.1109062182608875,4.111183338057343,-0.0002771197964550609,0.0002658602466982
0.1286200689095337,4.110906218212505,4.111183338057349,-0.0002771198448439094,0.0002658610224641
0.1286200687696346,4.11090621821921,4.111183338057357,-0.0002771198381470441,0.0002658617756858
0.1286200689100014,4.110906218228928,4.111183338057388,-0.0002771198284596821,0.0002658605517821
0.1286200692130541,4.110906218275257,4.111183338057374,-0.0002771197821163085,0.0002658602363048
0.1286200691352324,4.110906218200384,4.111183338057328,-0.0002771198569444522,0.0002658608052017
0.1286200689198613,4.110906218101976,4.111183338057362,-0.00027711995538570733,0.0002658602905383
0.1286200691352324,4.110906218287812,4.1111833380573355,-0.00027711976952371487,0.0002658613638448
0.1286200691407685,4.110906218271617,4.111183338057362,-0.0002771197857454055,0.0002658606125664
0.1286200692130541,4.11090621826966,4.11118333805733,-0.00027711978767008816,0.0002658613638448
0.1286200690919358,4.1109062182515075,4.111183338057375,-0.0002771198058670876,0.0002658606803832
0.1286200692716405,4.110906218262364,4.111183338057356,-0.00027711979499223105,0.0002658610359488
0.128620069359937,4.110906218201893,4.111183338057345,-0.00027711985545231244,0.0002658602363048
0.1286200691407685,4.110906218224564,4.111183338057345,-0.0002771198327815583,0.0002658602905383
0.1286200690484157,4.110906218191568,4.111183338057392,-0.00027711986582446,0.000265860295005
0.1286200689095337,4.110906218209552,4.111183338057353,-0.00027711984780154353,0.0002658606125664
0.1286200687973817,4.110906218231587,4.111183338057375,-0.0002771198257871532,0.0002658620103872
0.1286200690919358,4.110906218207271,4.111183338057361,-0.0002771198500903793,0.0002658606125664
0.1286200688711321,4.11090621815111,4.111183338057369,-0.00027711990625967076,0.0002658602363048
0.1286200692716405,4.110906218159633,4.111183338057374,-0.00027711989774026335,0.0002658600405576
0.1286200690484157,4.110906218255428,4.111183338057363,-0.00027711980193512176,0.0002658602722175
0.1286200690484157,4.110906218210962,4.111183338057363,-0.00027711984640088616,0.0002658613638448
0.1286200691407685,4.110906218214383,4.111183338057364,-0.00027711984298051107,0.0002658606803832
0.1286200691025899,4.110906218216125,4.1111833380573755,-0.0002771198412503395,0.0002658610224641
0.1286200691064573,4.110906218206762,4.111183338057364,-0.0002771198506019701,0.0002658597675085
0.1286200690484157,4.110906218295849,4.111183338057352,-0.00027711976150346374,0.0002658613638448
0.1286200691064573,4.110906218251976,4.111183338057336,-0.00027711980535993774,0.0002658614111018
0.1286200692750439,4.110906218201987,4.111183338057361,-0.00027711985537415273,0.0002658600285024
0.1286200691407685,4.110906218248997,4.111183338057376,-0.00027711980837974437,0.0002658610224641
0.1286200690919358,4.110906218203163,4.111183338057348,-0.00027711985418488183,0.0002658608281509
0.1286200687973817,4.110906218206452,4.111183338057401,-0.00027711985094924785,0.0002658608052017
0.1286200691064573,4.11090621819526,4.111183338057351,-0.00027711986209055794,0.0002658611098237
0.1286200691025899,4.110906218267542,4.111183338057395,-0.0002771197898532307,0.0002658611660287
0.1286200689100014,4.110906218274728,4.111183338057368,-0.00027711978264033377,0.0002658605517821
0.1286200693009225,4.110906218298372,4.111183338057363,-0.000277119758990807,0.0002658600405576
0.128620069359937,4.110906218251988,4.111183338057342,-0.0002771198053537205,0.0002658602466982
0.1286200690919358,4.110906218188374,4.1111833380573755,-0.00027711986900147423,0.0002658602722175
0.1286200689198613,4.110906218183998,4.111183338057342,-0.0002771198733437785,0.0002658602466982
0.1286200691308835,4.110906218233067,4.111183338057354,-0.00027711982428701987,0.0002658611098237
0.1286200690484157,4.110906218224142,4.1111833380573515,-0.00027711983320966027,0.0002658606125664
0.1286200689198613,4.1109062182597365,4.111183338057356,-0.0002771197976194628,0.0002658602466982
0.1286200691407685,4.110906218207399,4.111183338057396,-0.0002771198499971206,0.0002658606803832
0.1286200691025899,4.110906218191012,4.111183338057369,-0.00027711986635736707,0.0002658605387104
0.1286200687603389,4.1109062181543905,4.11118333805738,-0.0002771199029893978,0.0002658611098237
0.1286200687973817,4.110906218214145,4.111183338057348,-0.00027711984320255567,0.0002658613638448
0.1286200693339135,4.110906218276802,4.1111833380573755,-0.0002771197805735426,0.0002658605387104
0.1286200687949469,4.110906218244279,4.111183338057367,-0.0002771198130879782,0.0002658621028331
0.1286200690919358,4.110906218147448,4.111183338057349,-0.0002771199099012023,0.0002658610359488
0.1286200693974061,4.110906218216198,4.111183338057378,-0.0002771198411801734,0.0002658614600079
0.1286200689095337,4.110906218263938,4.111183338057361,-0.0002771197934228198,0.0002658606803832
0.1286200690322544,4.110906218245189,4.111183338057372,-0.00027711981218292436,0.0002658602905383
0.1286200690322544,4.110906218289483,4.111183338057357,-0.00027711976787347936,0.000265860295005
0.1286200691064573,4.110906218207853,4.111183338057353,-0.00027711984950062885,0.0002658605387104
0.1286200691352324,4.110906218218875,4.111183338057358,-0.00027711983848277555,0.0002658606803832
0.1286200691308835,4.110906218250413,4.111183338057369,-0.00027711980695599436,0.000265860295005
0.1286200690322544,4.110906218198425,4.111183338057374,-0.0002771198589490709,0.0002658602905383
0.1286200690919358,4.110906218211848,4.111183338057371,-0.0002771198455233659,0.0002658605387104
0.1286200689100014,4.1109062182302925,4.1111833380573755,-0.00027711982708300553,0.0002658610359488
0.1286200693234346,4.110906218281172,4.111183338057373,-0.0002771197762010402,0.0002658606125664
0.1286200690322544,4.110906218270749,4.111183338057362,-0.00027711978661315584,0.0002658600405576
0.1286200690484157,4.110906218238098,4.111183338057377,-0.00027711981927946994,0.0002658600285024
0.1286200690919358,4.110906218248869,4.111183338057328,-0.00027711980845968043,0.0002658600845884
0.1286200687973817,4.110906218260426,4.111183338057336,-0.00027711979691069644,0.0002658602470377
0.1286200690322544,4.110906218229366,4.11118333805736,-0.0002771198279942766,0.0002658605387104
0.1286200690484157,4.110906218258609,4.1111833380573675,-0.00027711979875810755,0.0002658600285024
0.1286200687973817,4.110906218218982,4.111183338057403,-0.00027711983842060306,0.0002658611660287
0.128620069359937,4.1109062182509994,4.111183338057349,-0.0002771198063493685,0.0002658608052017
0.1286200691352324,4.110906218168055,4.111183338057368,-0.0002771198893132265,0.0002658610359488
0.1286200691308835,4.1109062181554386,4.111183338057365,-0.00027711990192624825,0.0002658611660287
0.1286200687384193,4.110906218279516,4.111183338057395,-0.00027711977787880926,0.0002658602470377
0.1286200691407685,4.1109062182490135,4.111183338057324,-0.00027711980831046645,0.0002658602905383
0.1286200687696346,4.1109062183052565,4.111183338057328,-0.0002771197520718971,0.0002658606125664
0.1286200687973817,4.110906218251654,4.111183338057362,-0.0002771198057081037,0.0002658625317353
0.1286200692716405,4.1109062181946125,4.111183338057359,-0.0002771198627460336,0.0002658611098237
0.1286200693397242,4.110906218238075,4.111183338057359,-0.00027711981928391083,0.0002658605517821
0.1286200687949469,4.110906218158104,4.111183338057356,-0.000277119899251943,0.0002658605517821
0.1286200691308835,4.110906218182118,4.111183338057361,-0.00027711987524359216,0.0002658605517821
0.1286200690919358,4.110906218239956,4.1111833380573515,-0.0002771198173956435,0.0002658623965811
0.1286200687949469,4.110906218233658,4.111183338057336,-0.00027711982367861765,0.000265860295005
0.1286200692130541,4.110906218181924,4.11118333805735,-0.00027711987542566874,0.0002658602363048
0.1286200690322544,4.1109062182204985,4.111183338057351,-0.00027711983685207997,0.0002658613638448
0.1286200689100014,4.110906218235033,4.111183338057341,-0.00027711982230815835,0.0002658610224641
0.1286200691407685,4.110906218218745,4.11118333805737,-0.0002771198386248841,0.0002658608052017
0.1286200691064573,4.110906218247027,4.111183338057359,-0.00027711981033196054,0.0002658614111018
0.1286200691308835,4.110906218161389,4.1111833380574065,-0.0002771198960171972,0.0002658610224641
0.1286200691352324,4.110906218236056,4.111183338057389,-0.00027711982133293844,0.0002658608281509
0.1286200690533391,4.110906218219279,4.111183338057378,-0.00027711983809908247,0.0002658608052017
0.1286200693612195,4.110906218240017,4.111183338057367,-0.00027711981734945823,0.000265860295005
0.1286200690322544,4.110906218257662,4.111183338057357,-0.0002771197996951358,0.0002658605387104
0.1286200689198613,4.110906218225386,4.11118333805737,-0.00027711983198397405,0.0002658610224641
0.1286200693091989,4.110906218291833,4.111183338057384,-0.00027711976555178097,0.0002658605517821
0.1286200688711321,4.110906218319863,4.111183338057361,-0.0002771197374986656,0.0002658605387104
0.1286200693397242,4.11090621815462,4.111183338057359,-0.0002771199027389315,0.000265860295005
0.1286200693397242,4.1109062182379565,4.111183338057363,-0.00027711981940647945,0.0002658606803832
0.1286200687973817,4.1109062182931,4.111183338057334,-0.0002771197642337242,0.0002658608052017
0.1286200690533391,4.110906218260817,4.111183338057352,-0.00027711979653499696,0.0002658613638448
0.1286200690919358,4.110906218240603,4.1111833380574225,-0.0002771198168192157,0.0002658602905383
0.1286200690919358,4.110906218186699,4.111183338057386,-0.00027711987068723687,0.0002658613638448
0.1286200690919358,4.110906218240622,4.111183338057375,-0.00027711981675260233,0.0002658605517821
0.1286200690919358,4.110906218252162,4.11118333805738,-0.0002771198052178292,0.0002658605517821
0.1286200691352324,4.110906218219265,4.111183338057354,-0.0002771198380893125,0.0002658606125664
0.1286200690919358,4.110906218173656,4.1111833380573835,-0.0002771198837274724,0.0002658595413033
0.1286200691064573,4.110906218221317,4.111183338057362,-0.0002771198360447258,0.0002658610224641
0.1286200687949469,4.110906218224677,4.111183338057363,-0.000277119832685635,0.0002658614600079
0.1286200693339135,4.110906218244928,4.111183338057384,-0.0002771198124564833,0.0002658600845884
0.1286200689095337,4.11090621825726,4.111183338057393,-0.00027711980013300774,0.0002658606125664
0.1286200690919358,4.110906218212367,4.111183338057356,-0.0002771198449886825,0.0002658614111018
0.1286200689095337,4.110906218281761,4.111183338057349,-0.0002771197755881971,0.0002658608462711
0.1286200691352324,4.110906218277223,4.1111833380573595,-0.0002771197801365588,0.0002658605517821
0.1286200687846308,4.110906218275868,4.111183338057366,-0.00027711978149724814,0.0002658606125664
0.1286200688711321,4.110906218260566,4.111183338057334,-0.0002771197967676997,0.0002658600285024
0.1286200691064573,4.1109062182704585,4.111183338057339,-0.00027711978688049754,0.0002658618429636
0.1286200691308835,4.110906218195988,4.111183338057351,-0.00027711986136225164,0.0002658611098237
0.1286200693339135,4.1109062182873775,4.111183338057358,-0.00027711976998023857,0.000265860295005
0.1286200689095337,4.110906218158616,4.111183338057348,-0.00027711989873235865,0.0002658610359488
0.1286200692750439,4.110906218263293,4.111183338057362,-0.00027711979406941367,0.0002658605387104
0.1286200692750439,4.110906218161912,4.111183338057372,-0.00027711989546030935,0.0002658606803832
0.1286200691352324,4.110906218204889,4.111183338057372,-0.000277119852483132,0.0002658606125664
0.1286200690484157,4.110906218221594,4.111183338057408,-0.0002771198358146876,0.0002658613638448
0.1286200692750439,4.110906218179256,4.111183338057315,-0.00027711987805911775,0.0002658606803832
0.1286200693009225,4.1109062182340725,4.111183338057382,-0.0002771198233091354,0.0002658602466982
0.1286200693974061,4.110906218269542,4.111183338057362,-0.0002771197878201903,0.0002658602363048
0.1286200690533391,4.110906218204144,4.111183338057359,-0.000277119853214991,0.0002658610224641
0.1286200691064573,4.110906218271039,4.1111833380573835,-0.0002771197863440378,0.0002658608281509
0.1286200692130541,4.110906218245413,4.111183338057351,-0.0002771198119377871,0.0002658605517821
0.1286200692750439,4.110906218225814,4.111183338057369,-0.0002771198315549839,0.000265860295005
0.1286200689100014,4.1109062182398235,4.1111833380573755,-0.0002771198175519629,0.0002658613638448
0.1286200691308835,4.110906218220936,4.111183338057343,-0.0002771198364062144,0.0002658602363048
0.1286200687846308,4.110906218273121,4.111183338057349,-0.0002771197842275086,0.0002658620310416
0.1286200692716405,4.110906218205909,4.111183338057361,-0.00027711985145195683,0.0002658602466982
0.1286200690533391,4.110906218201152,4.111183338057408,-0.0002771198562561139,0.0002658600285024
0.1286200689100014,4.110906218161038,4.111183338057342,-0.00027711989630407885,0.0002658624196473
0.1286200690533391,4.110906218139332,4.111183338057376,-0.00027711991804402203,0.0002658614111018
0.1286200691308835,4.1109062182217615,4.111183338057384,-0.00027711983562284104,0.0002658608052017
0.1286200693234346,4.110906218217479,4.111183338057343,-0.000277119839863893,0.0002658608462711
0.1286200693009225,4.110906218175511,4.111183338057347,-0.0002771198818356524,0.0002658610224641
0.128620069455467,4.110906218222296,4.111183338057365,-0.0002771198350686177,0.0002658602470377
0.1286200692130541,4.110906218293683,4.111183338057358,-0.00027711976367505997,0.0002658606803832
0.1286200692750439,4.110906218202604,4.111183338057344,-0.00027711985473999334,0.0002658605387104
0.1286200689100014,4.110906218240305,4.111183338057386,-0.00027711981708122835,0.0002658605517821
0.1286200689100014,4.110906218230424,4.111183338057307,-0.0002771198268831654,0.0002658608052017
0.1286200689095337,4.110906218197851,4.1111833380573835,-0.0002771198595326041,0.0002658614600079
0.1286200693339135,4.110906218052998,4.1111833380573515,-0.00027712000435364814,0.0002658611098237
0.1286200692716405,4.110906218232009,4.1111833380573755,-0.00027711982536615665,0.0002658602470377
0.1286200693009225,4.110906218174992,4.111183338057337,-0.0002771198823454668,0.0002658602363048
0.1286200690919358,4.110906218204693,4.1111833380573515,-0.00027711985265810313,0.0002658613638448
0.1286200688711321,4.110906218272124,4.111183338057355,-0.0002771197852311502,0.0002658611098237
0.1286200687425704,4.110906218261367,4.111183338057332,-0.0002771197959647864,0.0002658625089171
0.1286200693009225,4.110906218276898,4.111183338057357,-0.00027711978045896757,0.0002658606803832
0.1286200690484157,4.11090621824363,4.111183338057345,-0.00027711981371503214,0.0002658610224641
0.1286200690484157,4.1109062182216345,4.111183338057339,-0.00027711983570455345,0.0002658620103872
0.1286200690533391,4.11090621815959,4.111183338057353,-0.000277119897763356,0.0002658618429636
0.1286200689100014,4.1109062181995055,4.111183338057354,-0.0002771198578486178,0.0002658608462711
0.1286200687603389,4.1109062182350185,4.111183338057336,-0.0002771198223179283,0.0002658614600079
0.1286200691064573,4.1109062181372025,4.111183338057336,-0.00027711992013390585,0.0002658611098237
0.1286200689198613,4.110906218198382,4.1111833380573115,-0.00027711985892953095,0.0002658602363048
0.1286200688711321,4.110906218108401,4.111183338057372,-0.0002771199489712828,0.0002658618429636
0.1286200689095337,4.110906218243941,4.111183338057351,-0.00027711981340949876,0.0002658602905383
0.1286200691352324,4.1109062182701255,4.111183338057369,-0.0002771197872437625,0.0002658608281509
0.1286200691407685,4.110906218216381,4.111183338057361,-0.00027711984098033327,0.0002658608462711
0.1286200689100014,4.110906218220166,4.111183338057377,-0.00027711983721090405,0.000265860295005
0.1286200691025899,4.1109062182116665,4.111183338057386,-0.0002771198457196533,0.0002658605517821
0.1286200687973817,4.110906218252454,4.11118333805738,-0.0002771198049256185,0.0002658608462711
0.1286200689198613,4.1109062181801175,4.111183338057411,-0.00027711987729350795,0.0002658620103872
0.1286200693234346,4.110906218186855,4.111183338057371,-0.00027711987051581843,0.0002658608281509
0.1286200688711321,4.110906218225197,4.111183338057355,-0.000277119832158057,0.0002658605387104
0.1286200691407685,4.110906218246148,4.111183338057384,-0.00027711981123612617,0.0002658606125664
0.1286200693234346,4.110906218229953,4.111183338057363,-0.0002771198274098552,0.0002658600845884
0.1286200691025899,4.110906218238024,4.111183338057333,-0.0002771198193087798,0.0002658602470377
0.1286200691407685,4.110906218179637,4.111183338057335,-0.00027711987769762914,0.000265860295005
0.1286200691064573,4.1109062181225084,4.111183338057355,-0.00027711993484658137,0.0002658608462711
0.1286200687973817,4.110906218243869,4.111183338057375,-0.00027711981350542203,0.0002658608281509
0.1286200689100014,4.110906218223587,4.1111833380573595,-0.0002771198337727654,0.0002658614600079
0.1286200691407685,4.11090621824297,4.111183338057323,-0.00027711981435274424,0.0002658608462711
0.1286200690322544,4.110906218162053,4.111183338057389,-0.00027711989533596437,0.0002658610359488
0.1286200690919358,4.110906218279243,4.111183338057352,-0.00027711977810973565,0.0002658606125664
0.1286200691025899,4.110906218225643,4.111183338057332,-0.0002771198316890988,0.0002658606125664
0.1286200691064573,4.110906218174294,4.111183338057367,-0.00027711988307288493,0.0002658606803832
0.1286200691025899,4.110906218276977,4.111183338057354,-0.00027711978037725515,0.0002658602363048
0.1286200690919358,4.110906218241143,4.1111833380573675,-0.00027711981622413617,0.0002658605387104
0.1286200689198613,4.11090621829008,4.1111833380574145,-0.00027711976733435506,0.0002658611660287
0.1286200688711321,4.11090621824067,4.1111833380573275,-0.00027711981665756724,0.0002658610224641
0.1286200688711321,4.110906218138002,4.111183338057375,-0.00027711991937273694,0.0002658617756858
0.1286200689100014,4.1109062182535,4.111183338057353,-0.00027711980385358714,0.0002658605517821
0.1286200691308835,4.110906218140563,4.111183338057377,-0.0002771199168138949,0.0002658611098237
0.1286200692130541,4.110906218220566,4.111183338057373,-0.00027711983680678287,0.0002658608052017
0.1286200690533391,4.110906218291573,4.1111833380573835,-0.0002771197658102409,0.0002658614600079
0.1286200690533391,4.110906218243802,4.111183338057363,-0.00027711981356137727,0.0002658605387104
0.1286200687949469,4.110906218215322,4.1111833380573435,-0.0002771198420212784,0.000265860295005
0.1286200691352324,4.1109062182978215,4.111183338057364,-0.0002771197595423658,0.0002658610359488
0.1286200690533391,4.110906218227664,4.111183338057345,-0.0002771198296809274,0.0002658610224641
0.1286200690533391,4.110906218221506,4.111183338057382,-0.0002771198358759719,0.0002658613638448
0.1286200693339135,4.1109062182615395,4.111183338057352,-0.0002771197958129079,0.0002658600845884
0.1286200690919358,4.11090621823781,4.111183338057389,-0.00027711981957878606,0.0002658600285024
0.1286200692716405,4.110906218253667,4.111183338057373,-0.0002771198037061495,0.0002658605517821
0.1286200693397242,4.110906218246595,4.11118333805736,-0.0002771198107653916,0.0002658602363048
0.1286200689198613,4.1109062183026435,4.111183338057369,-0.0002771197547257742,0.0002658605517821
0.1286200693339135,4.11090621824175,4.111183338057362,-0.00027711981561218124,0.0002658602905383
0.1286200690919358,4.110906218186809,4.11118333805735,-0.00027711987054068743,0.0002658610359488
0.1286200691407685,4.110906218236062,4.111183338057362,-0.00027711982130007584,0.0002658610224641
0.1286200690484157,4.110906218265259,4.111183338057336,-0.0002771197920772295,0.0002658613638448
0.1286200689100014,4.110906218157866,4.111183338057403,-0.0002771198995370483,0.0002658608052017
0.1286200691025899,4.110906218187858,4.111183338057365,-0.00027711986950684775,0.0002658611660287
0.1286200689095337,4.110906218281644,4.11118333805733,-0.00027711977568589674,0.0002658608462711
0.1286200690322544,4.11090621826907,4.1111833380573755,-0.00027711978830513573,0.0002658611660287
0.1286200691308835,4.1109062181433496,4.111183338057347,-0.00027711991399748115,0.0002658602466982
0.1286200693612195,4.110906218218893,4.111183338057369,-0.0002771198384765583,0.000265860295005
0.1286200691064573,4.110906218271495,4.11118333805738,-0.00027711978588484953,0.0002658608462711
0.1286200693091989,4.11090621820038,4.111183338057382,-0.0002771198570012956,0.000265860295005
0.1286200692716405,4.1109062182933345,4.111183338057345,-0.0002771197640107914,0.0002658600405576
0.1286200691352324,4.110906218266159,4.111183338057358,-0.000277119791198821,0.0002658602363048
0.1286200691407685,4.110906218152992,4.111183338057379,-0.00027711990438739065,0.0002658605387104
0.1286200691352324,4.11090621830685,4.111183338057336,-0.0002771197504864986,0.000265860295005
0.1286200692130541,4.110906218238611,4.111183338057366,-0.0002771198187545565,0.0002658611660287
0.1286200689100014,4.110906218265981,4.111183338057351,-0.0002771197913693513,0.0002658602470377
0.1286200687949469,4.110906218220086,4.111183338057355,-0.00027711983726863565,0.0002658610224641
0.1286200692130541,4.11090621825857,4.111183338057376,-0.0002771197988060692,0.0002658602722175
0.1286200688711321,4.110906218253764,4.111183338057396,-0.00027711980363154254,0.0002658608462711
0.1286200687846308,4.110906218181143,4.111183338057372,-0.00027711987622858203,0.0002658602905383
0.1286200693650315,4.110906218287309,4.111183338057333,-0.0002771197700237593,0.0002658611660287
0.128620069359937,4.1109062182151535,4.111183338057388,-0.0002771198422344412,0.0002658610224641
0.1286200693091989,4.110906218230936,4.111183338057341,-0.0002771198264044372,0.0002658602905383
0.1286200691064573,4.110906218123259,4.1111833380573675,-0.0002771199341085051,0.0002658605387104
0.1286200691308835,4.110906218260613,4.111183338057357,-0.0002771197967437189,0.0002658610224641
0.1286200691308835,4.110906218251161,4.111183338057381,-0.00027711980621969445,0.0002658602905383
0.1286200689100014,4.1109062182960425,4.111183338057327,-0.00027711976128408367,0.0002658610224641
0.1286200691352324,4.110906218292161,4.111183338057337,-0.0002771197651760815,0.0002658608281509
0.1286200691352324,4.110906218231091,4.1111833380573835,-0.00027711982629252674,0.0002658610224641
0.1286200692716405,4.1109062181197,4.111183338057337,-0.00027711993763723797,0.0002658608462711
0.1286200689095337,4.110906218222045,4.111183338057369,-0.0002771198353244131,0.0002658608462711
0.1286200690919358,4.110906218083788,4.111183338057362,-0.000277119973573825,0.0002658620310416
0.1286200692716405,4.110906218221645,4.111183338057347,-0.0002771198357018889,0.0002658613638448
0.1286200693397242,4.110906218203805,4.111183338057353,-0.0002771198535480579,0.0002658598834377
0.1286200691407685,4.110906218168542,4.111183338057384,-0.00027711988884249195,0.0002658600845884
0.1286200689100014,4.110906218244963,4.1111833380573675,-0.0002771198124040808,0.0002658606125664
0.1286200687949469,4.110906218258615,4.1111833380573595,-0.0002771197987447849,0.0002658602722175
0.1286200687425704,4.110906218197352,4.1111833380573675,-0.00027711986001577316,0.0002658614600079
0.1286200687973817,4.110906218208244,4.1111833380573835,-0.00027711984913914023,0.0002658605387104
0.1286200693091989,4.110906218098093,4.111183338057386,-0.0002771199592928042,0.0002658602905383
0.1286200687821212,4.11090621819952,4.111183338057379,-0.00027711985785927595,0.0002658606125664
0.1286200687973817,4.110906218233089,4.111183338057379,-0.0002771198242896844,0.0002658620103872
0.1286200691352324,4.110906218261682,4.111183338057345,-0.00027711979566369394,0.0002658606803832
0.1286200692130541,4.11090621825106,4.111183338057367,-0.00027711980630673594,0.0002658596770356
0.1286200691352324,4.1109062181811815,4.111183338057383,-0.0002771198762010485,0.0002658606803832
0.1286200693091989,4.110906218156249,4.111183338057394,-0.0002771199011455394,0.0002658606803832
0.1286200690919358,4.110906218200337,4.111183338057362,-0.0002771198570252764,0.0002658600845884
0.1286200691308835,4.110906218221014,4.11118333805737,-0.0002771198363564764,0.0002658608281509
0.1286200690533391,4.110906218182304,4.111183338057375,-0.00027711987507039737,0.0002658610359488
0.1286200690533391,4.110906218141051,4.111183338057356,-0.0002771199163049687,0.0002658602905383
0.1286200687846308,4.1109062182583616,4.111183338057337,-0.00027711979897571126,0.0002658606803832
0.1286200693009225,4.1109062180961,4.111183338057372,-0.0002771199612716657,0.0002658602363048
0.1286200691407685,4.1109062182846206,4.111183338057368,-0.00027711977274780253,0.0002658608462711
0.1286200689095337,4.110906218150203,4.1111833380573755,-0.00027711990717271817,0.0002658602722175
0.1286200693612195,4.11090621822334,4.111183338057366,-0.00027711983402589624,0.0002658598834377
0.1286200687973817,4.110906218340831,4.1111833380573435,-0.0002771197165127859,0.0002658611098237
0.1286200693091989,4.110906218074313,4.111183338057355,-0.00027711998304180696,0.0002658595413033
0.1286200691025899,4.110906218281334,4.111183338057343,-0.0002771197760083055,0.0002658611660287
0.1286200691025899,4.110906218176767,4.11118333805736,-0.0002771198805930908,0.0002658595413033
0.1286200689100014,4.11090621830499,4.111183338057338,-0.0002771197523481206,0.0002658608281509
0.1286200690322544,4.110906218270904,4.111183338057357,-0.00027711978645239554,0.0002658602470377
0.1286200688711321,4.110906218214282,4.11118333805738,-0.0002771198430977506,0.0002658613638448
0.1286200692716405,4.110906218237333,4.111183338057385,-0.00027711982005218516,0.0002658608281509
0.1286200690322544,4.110906218306283,4.111183338057359,-0.0002771197510753609,0.0002658602363048
0.1286200687973817,4.110906218212369,4.111183338057375,-0.00027711984500555786,0.0002658608052017
0.1286200688711321,4.110906218179824,4.111183338057346,-0.0002771198775217698,0.0002658614600079
0.1286200690322544,4.110906218288145,4.111183338057333,-0.0002771197691879834,0.0002658605387104
0.1286200691025899,4.110906218229487,4.111183338057357,-0.0002771198278699316,0.0002658608052017
0.1286200691308835,4.110906218275082,4.111183338057378,-0.00027711978229572054,0.0002658602905383
0.1286200689198613,4.110906218186961,4.111183338057376,-0.00027711987041545427,0.0002658608462711
0.1286200691308835,4.11090621828684,4.111183338057365,-0.00027711977052469194,0.0002658602905383
0.1286200691407685,4.110906218276005,4.11118333805735,-0.00027711978134448145,0.0002658610359488
0.1286200693612195,4.110906218220287,4.111183338057356,-0.0002771198370687955,0.0002658602470377
0.1286200690533391,4.110906218274374,4.111183338057353,-0.0002771197829796179,0.0002658598834377
0.1286200690919358,4.11090621826588,4.111183338057339,-0.0002771197914590573,0.0002658610224641
0.1286200691352324,4.110906218164063,4.111183338057383,-0.00027711989331979936,0.0002658602722175
0.1286200688711321,4.110906218241955,4.111183338057358,-0.00027711981540257113,0.0002658602722175
0.1286200690484157,4.110906218267649,4.11118333805735,-0.000277119789700464,0.0002658600285024
0.128620069359937,4.110906218219469,4.111183338057337,-0.0002771198378681561,0.0002658598834377
0.1286200693339135,4.110906218215279,4.111183338057359,-0.00027711984207989815,0.0002658610224641
0.1286200691308835,4.110906218217839,4.111183338057392,-0.00027711983955303054,0.0002658611098237
0.1286200690919358,4.110906218220558,4.111183338057399,-0.00027711983684142183,0.0002658606803832
0.1286200691064573,4.11090621831944,4.111183338057396,-0.00027711973795607747,0.0002658608462711
0.1286200690533391,4.110906218251291,4.111183338057385,-0.0002771198060944613,0.0002658602470377
0.1286200691308835,4.110906218309454,4.111183338057377,-0.0002771197479232157,0.000265860295005
0.1286200691064573,4.110906218252386,4.111183338057372,-0.00027711980498601463,0.0002658606125664
0.1286200693339135,4.110906218184298,4.111183338057371,-0.0002771198730728841,0.0002658600405576
0.1286200690533391,4.110906218130916,4.111183338057359,-0.00027711992644263717,0.0002658610359488
0.1286200689100014,4.110906218203098,4.111183338057346,-0.0002771198542479425,0.0002658594979901
0.1286200691064573,4.1109062181840255,4.111183338057325,-0.0002771198732993696,0.0002658602470377
0.1286200691352324,4.110906218255501,4.111183338057374,-0.00027711980187294927,0.0002658602470377
0.1286200690919358,4.110906218220965,4.111183338057346,-0.0002771198363813454,0.0002658606803832
0.1286200692130541,4.11090621828605,4.11118333805737,-0.0002771197713204998,0.0002658606125664
0.1286200693650315,4.1109062182790606,4.111183338057371,-0.00027711977831046397,0.0002658605517821
0.1286200690322544,4.11090621823456,4.111183338057349,-0.00027711982278866287,0.0002658614111018
0.1286200690322544,4.110906218214964,4.111183338057363,-0.0002771198423987542,0.0002658608052017
0.1286200691064573,4.110906218192102,4.1111833380573595,-0.0002771198652578022,0.0002658605517821
0.1286200690322544,4.1109062181898555,4.11118333805735,-0.00027711986749423545,0.0002658605517821
0.1286200687973817,4.110906218243582,4.111183338057374,-0.0002771198137914155,0.0002658600845884
0.1286200692716405,4.110906218214848,4.111183338057339,-0.00027711984249112476,0.0002658606803832
0.1286200693650315,4.110906218241005,4.111183338057366,-0.00027711981636091565,0.0002658614600079
0.1286200691352324,4.11090621820261,4.111183338057338,-0.000277119854728447,0.0002658602722175
0.1286200690919358,4.110906218288909,4.111183338057351,-0.00027711976844191355,0.0002658602722175
0.1286200690533391,4.110906218273285,4.111183338057347,-0.0002771197840623074,0.0002658605517821
0.1286200689095337,4.110906218216659,4.111183338057358,-0.0002771198406987807,0.0002658610224641
0.1286200690484157,4.110906218233219,4.111183338057376,-0.0002771198241573458,0.0002658610359488
0.128620068785716,4.110906218205195,4.1111833380573515,-0.0002771198521562823,0.0002658608052017
0.1286200691025899,4.110906218243746,4.111183338057365,-0.00027711981361910887,0.0002658608052017
0.1286200687821212,4.110906218150602,4.111183338057362,-0.0002771199067597152,0.0002658611098237
0.1286200691025899,4.110906218253719,4.1111833380573755,-0.00027711980365641153,0.0002658608281509
0.1286200693688851,4.11090621822492,4.1111833380573435,-0.00027711983242362237,0.0002658602905383
0.1286200691025899,4.110906218259057,4.111183338057362,-0.00027711979830513656,0.0002658600845884
0.1286200689095337,4.110906218150444,4.111183338057366,-0.0002771199069213637,0.0002658611098237
0.1286200692716405,4.110906218308143,4.111183338057359,-0.0002771197492155153,0.0002658611098237
0.1286200691352324,4.110906218188035,4.111183338057369,-0.00027711986933454114,0.0002658610224641
0.1286200692130541,4.110906218247261,4.1111833380573755,-0.0002771198101143568,0.0002658608462711
0.1286200691064573,4.110906218279425,4.111183338057409,-0.0002771197779845025,0.0002658600285024
0.1286200691407685,4.1109062181738905,4.111183338057352,-0.0002771198834619071,0.0002658610224641
0.1286200690919358,4.110906218268834,4.111183338057357,-0.00027711978852273944,0.0002658602470377
0.1286200691308835,4.110906218199178,4.111183338057345,-0.00027711985816747386,0.0002658602722175
0.1286200689198613,4.1109062182435006,4.1111833380573275,-0.0002771198138269426,0.0002658605517821
0.1286200693339135,4.1109062182881395,4.111183338057325,-0.0002771197691853189,0.0002658608052017
0.1286200690533391,4.11090621813552,4.111183338057375,-0.00027711992185430745,0.0002658610224641
0.1286200693397242,4.110906218255936,4.111183338057339,-0.0002771198014031029,0.0002658620103872
0.1286200693688851,4.110906218279262,4.11118333805737,-0.0002771197781079593,0.0002658598834377
0.1286200688711321,4.110906218197098,4.111183338057358,-0.0002771198602600222,0.0002658602466982
0.1286200692130541,4.110906218269148,4.111183338057375,-0.000277119788226976,0.0002658602722175
0.1286200693339135,4.1109062182645335,4.111183338057365,-0.00027711979283129295,0.0002658608281509
0.1286200690322544,4.1109062182174245,4.111183338057332,-0.00027711983990741373,0.0002658610224641
0.1286200691064573,4.110906218282645,4.111183338057351,-0.00027711977470534777,0.0002658608052017
0.1286200692716405,4.110906218284573,4.111183338057336,-0.00027711977276378974,0.0002658602470377
0.1286200689198613,4.110906218308645,4.111183338057374,-0.0002771197487287935,0.0002658600845884
0.1286200688711321,4.110906218182894,4.1111833380573355,-0.00027711987444156705,0.0002658610224641
0.1286200691308835,4.1109062182682115,4.111183338057381,-0.00027711978916933333,0.0002658600845884
0.1286200692750439,4.110906218233023,4.111183338057372,-0.00027711982434919236,0.0002658602466982
0.1286200690919358,4.110906218203775,4.111183338057357,-0.0002771198535818087,0.0002658606125664
0.1286200691025899,4.110906218233182,4.111183338057341,-0.0002771198241591222,0.000265860295005
0.1286200689100014,4.110906218277222,4.111183338057405,-0.0002771197801827441,0.0002658605517821
0.128620068785716,4.110906218239553,4.111183338057417,-0.0002771198178646017,0.0002658605517821
0.1286200689198613,4.110906218235167,4.1111833380573595,-0.00027711982219269515,0.0002658606125664
0.1286200690484157,4.110906218203721,4.111183338057351,-0.0002771198536297703,0.0002658608052017
0.1286200690919358,4.1109062182065275,4.111183338057351,-0.0002771198508231265,0.0002658606125664
0.1286200688711321,4.110906218162249,4.111183338057357,-0.0002771198951077025,0.0002658623211155
0.1286200692130541,4.110906218265301,4.111183338057357,-0.0002771197920559132,0.0002658605517821
0.1286200690484157,4.110906218183039,4.111183338057372,-0.0002771198743332093,0.0002658608281509
0.128620069359937,4.110906218242215,4.111183338057375,-0.00027711981515921025,0.0002658606803832
0.1286200687949469,4.110906218228189,4.111183338057339,-0.0002771198291497967,0.0002658605387104
0.1286200690919358,4.1109062181992195,4.111183338057365,-0.0002771198581452694,0.0002658605387104
0.1286200691308835,4.11090621824354,4.111183338057343,-0.0002771198138029618,0.0002658610359488
0.1286200691352324,4.11090621828767,4.111183338057334,-0.00027711976966404706,0.0002658608462711
0.1286200693234346,4.110906218249425,4.111183338057347,-0.0002771198079223325,0.0002658594979901
0.1286200689198613,4.110906218160932,4.11118333805737,-0.0002771198964381938,0.0002658608281509
0.1286200691025899,4.110906218258857,4.111183338057417,-0.00027711979856004376,0.0002658600845884
0.1286200687949469,4.110906218188112,4.1111833380573835,-0.00027711986927148047,0.0002658608281509
0.1286200690533391,4.110906218258565,4.111183338057388,-0.0002771197988229446,0.0002658610359488
0.1286200693009225,4.110906218268992,4.111183338057351,-0.00027711978835842643,0.0002658620310416
0.1286200692750439,4.110906218208575,4.111183338057382,-0.0002771198488069615,0.0002658618429636
0.1286200691025899,4.110906218221044,4.111183338057422,-0.0002771198363777927,0.0002658600845884
0.1286200691025899,4.110906218241364,4.111183338057365,-0.0002771198160012034,0.0002658600405576
0.1286200691352324,4.110906218165921,4.11118333805737,-0.0002771198914492956,0.0002658610224641
0.1286200691025899,4.110906218239668,4.111183338057345,-0.00027711981767719607,0.0002658608462711
0.1286200691025899,4.110906218264941,4.111183338057367,-0.0002771197924253954,0.0002658610359488
0.1286200689095337,4.110906218223539,4.111183338057382,-0.0002771198338429315,0.0002658610359488
0.1286200693974061,4.110906218253377,4.111183338057366,-0.00027711980398859026,0.0002658602905383
0.1286200690484157,4.11090621822508,4.111183338057314,-0.00027711983223444037,0.0002658605517821
0.1286200691308835,4.110906218166528,4.111183338057372,-0.0002771198908435579,0.0002658602470377
0.1286200689100014,4.1109062182525165,4.1111833380573835,-0.0002771198048669987,0.0002658614111018
0.1286200689100014,4.110906218199164,4.111183338057381,-0.00027711985821721186,0.0002658608052017
0.1286200689100014,4.110906218261407,4.1111833380573515,-0.0002771197959443583,0.0002658608281509
0.1286200689100014,4.110906218221612,4.111183338057377,-0.0002771198357649496,0.0002658605517821
0.1286200690484157,4.110906218167008,4.111183338057343,-0.0002771198903346317,0.0002658610224641
0.1286200690533391,4.110906218206467,4.111183338057353,-0.0002771198508861872,0.0002658606125664
0.1286200690533391,4.110906218158111,4.111183338057367,-0.00027711989925549574,0.0002658605387104
0.1286200691064573,4.110906218263295,4.1111833380573835,-0.0002771197940880654,0.0002658608281509
0.1286200691025899,4.110906218183606,4.111183338057388,-0.0002771198737816505,0.0002658608281509
0.1286200690533391,4.110906218272585,4.111183338057357,-0.000277119784771962,0.0002658610359488
0.1286200687317397,4.1109062182920235,4.111183338057324,-0.0002771197653004265,0.000265860295005
0.1286200690919358,4.1109062181950975,4.111183338057366,-0.00027711986226819363,0.0002658608281509
0.1286200691407685,4.11090621820275,4.111183338057353,-0.00027711985460321387,0.0002658598834377
0.1286200692130541,4.110906218220734,4.111183338057358,-0.0002771198366238181,0.0002658602470377
0.1286200690484157,4.110906218203664,4.111183338057352,-0.0002771198536883901,0.0002658606125664
0.1286200692130541,4.110906218275891,4.111183338057367,-0.00027711978147593186,0.0002658602722175
0.1286200691064573,4.110906218204658,4.111183338057328,-0.0002771198526705376,0.0002658610359488
0.1286200692750439,4.110906218184248,4.111183338057356,-0.00027711987310752306,0.0002658602905383
0.1286200690322544,4.110906218105529,4.11118333805736,-0.0002771199518312173,0.0002658602722175
0.1286200689198613,4.1109062182707135,4.111183338057404,-0.00027711978669042736,0.0002658610359488
0.1286200693091989,4.110906218226261,4.111183338057376,-0.00027711983111533556,0.0002658617756858
0.1286200690484157,4.110906218244676,4.111183338057383,-0.00027711981270694963,0.0002658617756858
0.1286200691025899,4.110906218136528,4.111183338057341,-0.00027711992081247416,0.0002658614111018
0.1286200691025899,4.110906218286265,4.11118333805734,-0.00027711977107536256,0.0002658621028331
0.1286200688711321,4.1109062181622775,4.111183338057333,-0.0002771198950553,0.0002658618429636
0.1286200691025899,4.110906218217571,4.111183338057403,-0.00027711983983191857,0.0002658605517821
0.1286200690919358,4.110906218205369,4.111183338057365,-0.000277119851995522,0.0002658608462711
0.1286200693091989,4.110906218225045,4.111183338057347,-0.0002771198323019419,0.0002658602905383
0.1286200691308835,4.110906218234223,4.111183338057401,-0.0002771198231785732,0.000265860295005
0.1286200691308835,4.110906218257865,4.111183338057342,-0.0002771197994766439,0.0002658606803832
0.1286200687949469,4.11090621819349,4.111183338057361,-0.0002771198638713557,0.0002658610359488
0.1286200687603389,4.110906218104044,4.111183338057346,-0.00027711995330204076,0.0002658606125664
0.1286200691352324,4.1109062182545,4.111183338057346,-0.0002771198028463928,0.0002658606125664
0.1286200691064573,4.11090621816575,4.111183338057383,-0.00027711989163226036,0.0002658600405576
0.1286200687973817,4.110906218244079,4.111183338057354,-0.0002771198132753838,0.0002658608462711
0.1286200689100014,4.110906218288906,4.111183338057364,-0.00027711976845790076,0.0002658608462711
0.1286200692130541,4.110906218269117,4.111183338057399,-0.0002771197882820431,0.0002658605517821
0.1286200690484157,4.110906218262407,4.111183338057367,-0.00027711979495936845,0.0002658606803832
0.1286200690919358,4.110906218253898,4.111183338057329,-0.0002771198034317024,0.0002658602722175
0.1286200689198613,4.110906218169057,4.11118333805737,-0.0002771198883131376,0.0002658605387104
0.1286200693339135,4.110906218201595,4.111183338057374,-0.0002771198557782739,0.0002658600845884
0.1286200687384193,4.110906218176147,4.111183338057376,-0.00027711988122902653,0.0002658605387104
0.1286200691308835,4.11090621824379,4.1111833380573595,-0.0002771198135693709,0.0002658611098237
0.1286200691025899,4.110906218231307,4.111183338057331,-0.00027711982602429686,0.0002658605517821
0.1286200690322544,4.110906218262868,4.111183338057354,-0.00027711979448596935,0.0002658600405576
0.1286200690919358,4.110906218298965,4.111183338057361,-0.0002771197583966156,0.0002658602722175
0.1286200692750439,4.110906218198194,4.111183338057364,-0.0002771198591702273,0.000265860295005
0.1286200687973817,4.11090621819865,4.111183338057362,-0.00027711985871192724,0.000265860295005
0.1286200693339135,4.110906218211905,4.111183338057355,-0.0002771198454496471,0.0002658614111018
0.1286200689095337,4.110906218294098,4.111183338057324,-0.0002771197632256417,0.0002658613638448
0.1286200690322544,4.110906218204871,4.111183338057352,-0.0002771198524813556,0.0002658608052017
0.1286200690484157,4.11090621823485,4.111183338057342,-0.0002771198224920113,0.0002658610224641
0.1286200690533391,4.11090621823434,4.111183338057358,-0.0002771198230178129,0.0002658610359488
0.1286200692130541,4.110906218303353,4.11118333805735,-0.00027711975399657973,0.0002658608462711
0.1286200687949469,4.110906218240443,4.1111833380573595,-0.00027711981691602716,0.0002658605387104
0.1286200689095337,4.110906218261389,4.111183338057347,-0.000277119795957681,0.0002658608462711
0.1286200690484157,4.110906218285963,4.11118333805738,-0.00027711977141731126,0.0002658602722175
0.1286200690533391,4.110906218272044,4.111183338057337,-0.0002771197852933227,0.0002658605517821
0.1286200692716405,4.11090621817702,4.111183338057374,-0.0002771198803532826,0.000265860295005
0.1286200691407685,4.110906218277759,4.11118333805734,-0.0002771197795805591,0.0002658605517821
0.1286200690919358,4.11090621820806,4.111183338057369,-0.0002771198493096705,0.0002658605387104
0.1286200691025899,4.110906218265336,4.11118333805737,-0.00027711979203370873,0.0002658608281509
0.1286200689100014,4.110906218272747,4.1111833380573355,-0.00027711978458810904,0.0002658606803832
0.1286200691025899,4.1109062181760505,4.111183338057367,-0.000277119881316068,0.0002658602905383
0.1286200690533391,4.110906218225594,4.111183338057356,-0.00027711983176192945,0.0002658611660287
0.1286200691064573,4.110906218271206,4.111183338057397,-0.0002771197861903829,0.0002658613638448
0.1286200687603389,4.110906218256912,4.111183338057349,-0.00027711980043676476,0.0002658618429636
0.1286200690322544,4.110906218295771,4.111183338057368,-0.00027711976159761065,0.0002658608052017
0.1286200691308835,4.110906218268123,4.111183338057374,-0.00027711978925104575,0.0002658606125664
0.1286200693339135,4.110906218217983,4.111183338057352,-0.0002771198393691776,0.0002658618429636
0.1286200692130541,4.110906218228626,4.111183338057333,-0.0002771198287065957,0.0002658602905383
0.1286200691352324,4.110906218279944,4.111183338057352,-0.0002771197774080747,0.0002658602905383
0.1286200692750439,4.110906218282817,4.111183338057367,-0.00027711977454991654,0.0002658595413033
0.1286200690533391,4.110906218231455,4.111183338057341,-0.000277119825885741,0.0002658610359488
0.1286200692130541,4.110906218265076,4.111183338057338,-0.0002771197922619706,0.0002658602470377
0.1286200687603389,4.110906218230604,4.111183338057357,-0.00027711982675260316,0.0002658613638448
0.1286200690533391,4.11090621818761,4.111183338057327,-0.00027711986971645786,0.0002658620310416
0.1286200691352324,4.110906218258512,4.111183338057364,-0.00027711979885225446,0.0002658605387104
0.1286200687603389,4.110906218252883,4.111183338057374,-0.00027711980449041107,0.0002658611098237
0.1286200693234346,4.11090621826125,4.1111833380573595,-0.0002771197961095595,0.0002658605517821
0.1286200691025899,4.110906218248302,4.111183338057364,-0.0002771198090618654,0.0002658602470377
0.1286200687949469,4.110906218191376,4.111183338057385,-0.00027711986600920113,0.0002658608462711
0.1286200690322544,4.110906218211374,4.11118333805738,-0.00027711984600564676,0.0002658611660287
0.1286200692130541,4.110906218266111,4.111183338057373,-0.0002771197912618817,0.0002658611660287
0.1286200690919358,4.110906218288398,4.11118333805736,-0.0002771197689623861,0.0002658611098237
0.1286200688711321,4.1109062181356535,4.111183338057355,-0.00027711992170154076,0.0002658608052017
0.1286200691064573,4.1109062182974005,4.111183338057364,-0.00027711975996336236,0.0002658602466982
0.1286200690484157,4.110906218238426,4.111183338057363,-0.00027711981893663307,0.0002658605387104
0.1286200690533391,4.110906218278839,4.111183338057351,-0.0002771197785111923,0.0002658611098237
0.1286200687846308,4.110906218259193,4.1111833380573835,-0.00027711979819056154,0.0002658611660287
0.1286200693009225,4.110906218186442,4.111183338057369,-0.00027711987092704504,0.0002658602363048
0.1286200691064573,4.110906218259693,4.111183338057349,-0.00027711979765587813,0.0002658608052017
0.1286200692716405,4.110906218265392,4.111183338057336,-0.0002771197919440027,0.000265860295005
0.1286200691308835,4.110906218314808,4.111183338057378,-0.00027711974257016436,0.0002658606125664
0.1286200692716405,4.110906218154623,4.111183338057356,-0.00027711990273271425,0.0002658600845884
0.1286200691352324,4.110906218243453,4.111183338057371,-0.000277119813918425,0.0002658605387104
0.1286200692130541,4.110906218228945,4.111183338057389,-0.00027711982844369487,0.0002658605517821
0.1286200690919358,4.110906218201363,4.111183338057355,-0.0002771198559923249,0.0002658610224641
0.1286200691025899,4.110906218190149,4.111183338057334,-0.00027711986718514936,0.0002658614600079
0.1286200689095337,4.110906218164196,4.111183338057388,-0.00027711989319190167,0.0002658606125664
0.1286200693009225,4.110906218161505,4.111183338057337,-0.0002771198958324561,0.0002658617756858
0.1286200693009225,4.110906218132959,4.111183338057366,-0.00027711992440693223,0.0002658608281509
0.1286200691352324,4.11090621814106,4.111183338057381,-0.0002771199163209559,0.0002658620103872
0.1286200687846308,4.11090621814371,4.111183338057365,-0.0002771199136546443,0.0002658602470377
0.1286200693091989,4.110906218198717,4.111183338057339,-0.0002771198586222212,0.0002658610359488
0.1286200691308835,4.1109062182618406,4.1111833380573755,-0.00027711979553490806,0.0002658606803832
0.1286200691352324,4.11090621825962,4.1111833380573835,-0.0002771197977633477,0.0002658611098237
0.1286200687696346,4.110906218307546,4.111183338057394,-0.00027711974984789833,0.0002658605387104
0.1286200691308835,4.11090621827067,4.111183338057351,-0.0002771197866806574,0.0002658600845884
0.1286200691025899,4.1109062182173375,4.1111833380573675,-0.00027711984002998236,0.0002658608052017
0.1286200691025899,4.110906218277432,4.1111833380573435,-0.00027711977991184966,0.0002658605517821
0.1286200692750439,4.110906218167425,4.1111833380573515,-0.0002771198899260696,0.0002658595413033
0.1286200691308835,4.110906218178512,4.111183338057372,-0.0002771198788602547,0.0002658613638448
0.1286200690919358,4.110906218142314,4.111183338057344,-0.00027711991503043265,0.0002658602905383
0.1286200691064573,4.110906218243615,4.111183338057401,-0.0002771198137860864,0.0002658605517821
0.1286200687949469,4.110906218244144,4.111183338057354,-0.0002771198132105468,0.0002658611098237
0.1286200693339135,4.110906218260788,4.111183338057344,-0.00027711979655631325,0.0002658602722175
0.1286200690919358,4.110906218267203,4.111183338057371,-0.0002771197901676459,0.0002658608281509
0.1286200691025899,4.110906218272992,4.111183338057368,-0.0002771197843767226,0.0002658602363048
0.1286200688711321,4.110906218201997,4.111183338057355,-0.0002771198553581655,0.0002658614111018
0.1286200691407685,4.110906218246984,4.111183338057378,-0.000277119810394133,0.0002658602905383
0.1286200693397242,4.110906218218414,4.111183338057383,-0.00027711983896860914,0.0002658605387104
0.1286200691407685,4.110906218260275,4.111183338057359,-0.00027711979708389123,0.0002658608462711
0.1286200691407685,4.110906218279512,4.111183338057324,-0.0002771197778121959,0.0002658611098237
0.1286200692750439,4.110906218300201,4.111183338057381,-0.0002771197571798112,0.0002658610224641
0.1286200692750439,4.110906218136125,4.111183338057361,-0.00027711992123613527,0.0002658605517821
0.1286200693339135,4.110906218200868,4.1111833380573435,-0.000277119856475494,0.0002658606125664
0.1286200690919358,4.110906218169805,4.111183338057336,-0.0002771198875315406,0.0002658600285024
0.1286200691064573,4.110906218200835,4.111183338057367,-0.0002771198565314492,0.0002658605517821
0.1286200691407685,4.110906218234801,4.111183338057381,-0.00027711982257994094,0.0002658602363048
0.1286200690533391,4.110906218203041,4.1111833380573595,-0.0002771198543181086,0.0002658620103872
0.1286200689100014,4.110906218168805,4.111183338057369,-0.0002771198885644921,0.0002658605387104
0.1286200690919358,4.1109062182144855,4.111183338057378,-0.0002771198428925814,0.0002658602722175
0.1286200691352324,4.110906218179357,4.111183338057344,-0.0002771198779871753,0.0002658602905383
0.1286200693234346,4.110906218229496,4.111183338057378,-0.0002771198278823661,0.0002658606125664
0.128620068785716,4.110906218135554,4.111183338057339,-0.00027711992178502953,0.0002658602722175
0.1286200690533391,4.110906218203219,4.111183338057352,-0.0002771198541333675,0.0002658600845884
0.1286200690322544,4.110906218150979,4.111183338057414,-0.0002771199064346419,0.0002658606803832
0.1286200691352324,4.110906218219882,4.111183338057342,-0.000277119837459594,0.000265860295005
0.1286200692130541,4.110906218237146,4.111183338057364,-0.0002771198202182745,0.0002658605387104
0.1286200691308835,4.110906218082183,4.111183338057346,-0.0002771199751627762,0.0002658613638448
0.1286200687317397,4.110906218297553,4.111183338057365,-0.00027711975981148385,0.0002658610224641
0.1286200690322544,4.110906218179995,4.111183338057321,-0.00027711987732637056,0.0002658614600079
0.1286200690484157,4.110906218241996,4.111183338057367,-0.0002771198153705967,0.0002658602470377
0.1286200693009225,4.110906218227294,4.111183338057381,-0.00027711983008682495,0.0002658608281509
0.1286200691407685,4.110906218229118,4.111183338057339,-0.0002771198282207621,0.0002658608052017
0.1286200689100014,4.110906218183027,4.1111833380573435,-0.0002771198743163339,0.0002658605517821
0.1286200692130541,4.1109062181312295,4.111183338057357,-0.0002771199261273338,0.0002658605517821
0.1286200689100014,4.110906218258932,4.111183338057341,-0.00027711979840905343,0.0002658614600079
0.1286200691308835,4.110906218267158,4.111183338057385,-0.00027711979022715383,0.0002658608052017
0.1286200689198613,4.1109062182861,4.1111833380573435,-0.0002771197712432283,0.0002658606125664
0.1286200691352324,4.110906218187057,4.111183338057351,-0.00027711987029377383,0.0002658608052017
0.1286200689095337,4.1109062181627,4.111183338057312,-0.00027711989461209896,0.0002658600405576
0.1286200690919358,4.11090621826059,4.111183338057349,-0.0002771197967588179,0.0002658605517821
0.1286200692130541,4.110906218169228,4.111183338057383,-0.00027711988815415367,0.0002658611098237
0.1286200693974061,4.11090621824649,4.111183338057366,-0.00027711981087552573,0.0002658594979901
0.1286200692750439,4.1109062182631,4.111183338057406,-0.00027711979430566913,0.0002658605387104
0.1286200690484157,4.110906218235937,4.111183338057381,-0.00027711982144396075,0.0002658608052017
0.1286200690919358,4.110906218241534,4.111183338057362,-0.0002771198158280086,0.0002658602722175
0.1286200690484157,4.110906218233445,4.111183338057377,-0.0002771198239326367,0.0002658611660287
0.1286200690322544,4.110906218307316,4.111183338057372,-0.0002771197500557321,0.0002658608052017
0.1286200690919358,4.110906218266759,4.111183338057355,-0.00027711979059574787,0.0002658606125664
0.1286200690484157,4.1109062182501965,4.111183338057359,-0.00027711980716205176,0.0002658608462711
0.1286200689198613,4.110906218244761,4.111183338057399,-0.0002771198126385599,0.0002658602905383
0.1286200690919358,4.110906218211962,4.111183338057367,-0.00027711984540435,0.0002658608462711
0.1286200691308835,4.110906218156762,4.111183338057341,-0.0002771199005788816,0.0002658613638448
0.1286200693234346,4.110906218128884,4.111183338057376,-0.00027711992849255296,0.0002658606803832
0.1286200690533391,4.110906218194295,4.111183338057391,-0.0002771198630959759,0.0002658613638448
0.1286200690533391,4.110906218205673,4.111183338057376,-0.0002771198517033113,0.0002658611660287
0.1286200693650315,4.110906218196723,4.1111833380573595,-0.00027711986063660987,0.000265860295005
0.1286200690322544,4.11090621824095,4.1111833380573435,-0.00027711981639377825,0.0002658611098237
0.1286200690533391,4.110906218199618,4.111183338057346,-0.00027711985772782555,0.0002658610224641
0.1286200690533391,4.110906218204367,4.111183338057379,-0.00027711985301159814,0.0002658620103872
0.1286200693397242,4.110906218228703,4.111183338057357,-0.00027711982865419316,0.0002658602363048
0.1286200687846308,4.110906218235549,4.111183338057329,-0.00027711982178058037,0.0002658608462711
0.1286200690919358,4.110906218201172,4.111183338057387,-0.0002771198562152577,0.0002658600845884
0.1286200689198613,4.110906218244935,4.1111833380573755,-0.0002771198124404961,0.0002658602363048
0.1286200693397242,4.110906218243504,4.111183338057345,-0.00027711981384115347,0.0002658602466982
0.1286200687846308,4.11090621816329,4.11118333805736,-0.0002771198940703101,0.0002658605517821
0.1286200693612195,4.110906218236902,4.111183338057348,-0.0002771198204456482,0.0002658606125664
0.1286200690322544,4.110906218285322,4.1111833380573435,-0.0002771197720212726,0.0002658605387104
0.1286200689095337,4.110906218168706,4.111183338057379,-0.00027711988867284987,0.0002658610359488
0.1286200691025899,4.110906218218648,4.111183338057353,-0.00027711983870482015,0.0002658606125664
0.1286200691407685,4.110906218265967,4.111183338057368,-0.0002771197914013257,0.0002658605387104
0.1286200690322544,4.110906218267266,4.1111833380573595,-0.0002771197900930389,0.0002658606803832
0.1286200691064573,4.11090621817755,4.111183338057387,-0.00027711987983725095,0.0002658595413033
0.1286200690533391,4.1109062183037395,4.111183338057348,-0.00027711975360844576,0.0002658606125664
0.1286200692130541,4.110906218149968,4.111183338057358,-0.0002771199073894337,0.0002658608462711
0.1286200690322544,4.1109062182592275,4.111183338057396,-0.0002771197981683571,0.0002658618429636
0.1286200692130541,4.110906218228122,4.111183338057337,-0.0002771198292155219,0.0002658610224641
0.1286200689100014,4.110906218226113,4.111183338057352,-0.00027711983123968054,0.0002658602470377
0.1286200690484157,4.110906218144415,4.111183338057363,-0.00027711991294765426,0.0002658611098237
0.1286200691352324,4.110906218307777,4.111183338057353,-0.00027711974957611574,0.0002658606125664
0.1286200689095337,4.110906218213877,4.111183338057353,-0.0002771198434761146,0.0002658602722175
0.1286200691025899,4.110906218234182,4.111183338057375,-0.00027711982319278405,0.0002658618429636
0.1286200691025899,4.110906218208728,4.111183338057384,-0.00027711984865597117,0.0002658595413033
0.1286200691308835,4.1109062182494975,4.111183338057378,-0.0002771198078805881,0.0002658597675085
0.1286200687425704,4.110906218283469,4.111183338057367,-0.0002771197738979936,0.0002658610224641
0.1286200690322544,4.110906218307917,4.111183338057331,-0.00027711974941446726,0.0002658602470377
0.1286200693009225,4.110906218219393,4.111183338057382,-0.00027711983798894835,0.000265860295005
0.1286200691064573,4.110906218223047,4.111183338057376,-0.00027711983432965326,0.0002658614600079
0.1286200690484157,4.110906218192759,4.111183338057379,-0.0002771198646200901,0.0002658610224641
0.1286200692750439,4.110906218263816,4.111183338057379,-0.00027711979356315197,0.0002658608462711
0.1286200690919358,4.110906218302128,4.111183338057371,-0.00027711975524269405,0.0002658608052017
0.1286200691308835,4.110906218234401,4.111183338057391,-0.0002771198229893912,0.0002658610224641
0.1286200689100014,4.1109062183173,4.111183338057354,-0.0002771197400539549,0.0002658589603992
0.1286200693612195,4.1109062182100065,4.111183338057367,-0.00027711984736011885,0.0002658610359488
0.1286200693650315,4.110906218182116,4.111183338057405,-0.00027711987528888926,0.0002658605387104
0.128620068785716,4.110906218246864,4.111183338057391,-0.0002771198105264716,0.0002658610224641
0.1286200691352324,4.110906218185757,4.111183338057339,-0.00027711987158163254,0.0002658606803832
0.1286200691064573,4.11090621813323,4.111183338057344,-0.00027711992411472153,0.0002658600845884
0.1286200692716405,4.1109062182147555,4.111183338057355,-0.0002771198425994825,0.0002658605517821
0.1286200688711321,4.110906218133144,4.111183338057346,-0.000277119924201763,0.0002658610359488
0.1286200689100014,4.110906218226879,4.111183338057384,-0.000277119830505157,0.0002658608281509
0.1286200691308835,4.110906218292962,4.111183338057369,-0.000277119764406919,0.0002658610359488
0.1286200693234346,4.11090621822918,4.111183338057353,-0.00027711982817368863,0.0002658602722175
0.1286200689095337,4.110906218222679,4.111183338057361,-0.0002771198346822601,0.0002658610359488
0.1286200689100014,4.110906218126402,4.1111833380573435,-0.00027711993094126086,0.0002658611098237
0.1286200690322544,4.110906218264949,4.111183338057339,-0.0002771197923898683,0.0002658613638448
0.1286200690484157,4.110906218143122,4.111183338057369,-0.0002771199142470593,0.0002658624196473
0.1286200691352324,4.1109062182878295,4.1111833380573435,-0.0002771197695139449,0.0002658600845884
0.1286200692130541,4.110906218271621,4.111183338057374,-0.00027711978575251095,0.0002658602905383
0.1286200691407685,4.110906218235259,4.111183338057354,-0.0002771198220949955,0.0002658606125664
0.1286200690919358,4.110906218218324,4.1111833380573595,-0.0002771198390352225,0.0002658605387104
0.1286200689095337,4.110906218205143,4.111183338057371,-0.00027711985222822477,0.0002658606125664
0.1286200690322544,4.1109062182094345,4.11118333805735,-0.00027711984791523037,0.0002658608281509
0.1286200691308835,4.110906218233532,4.111183338057361,-0.000277119823829608,0.0002658610359488
0.1286200691025899,4.110906218224254,4.11118333805735,-0.00027711983309597343,0.0002658608462711
0.1286200691064573,4.110906218198271,4.111183338057336,-0.00027711985906542225,0.0002658610224641
0.1286200690322544,4.1109062182295,4.111183338057384,-0.00027711982788414247,0.0002658600405576
0.1286200691064573,4.110906218159011,4.11118333805737,-0.0002771198983593237,0.000265860295005
0.1286200691352324,4.110906218267322,4.11118333805735,-0.0002771197900273137,0.0002658608281509
0.1286200693339135,4.110906218258798,4.111183338057367,-0.00027711979856892555,0.0002658605387104
0.1286200691407685,4.110906218263118,4.111183338057363,-0.000277119794245273,0.0002658608052017
0.1286200687949469,4.110906218284201,4.111183338057353,-0.0002771197731519237,0.0002658611098237
0.1286200692716405,4.11090621820131,4.111183338057337,-0.0002771198560269639,0.0002658600845884
0.1286200691308835,4.110906218256923,4.111183338057422,-0.00027711980049893725,0.0002658606803832
0.1286200692130541,4.1109062182443505,4.111183338057373,-0.00027711981302225297,0.0002658600845884
0.1286200690484157,4.110906218226087,4.111183338057343,-0.00027711983125566775,0.0002658608052017
0.1286200691352324,4.110906218245436,4.111183338057392,-0.00027711981195643887,0.0002658602722175
0.1286200690919358,4.110906218191096,4.111183338057326,-0.0002771198662294694,0.0002658602470377
0.1286200691352324,4.110906218229688,4.111183338057316,-0.0002771198276283471,0.0002658608462711
0.1286200691308835,4.110906218280311,4.111183338057356,-0.0002771197770448097,0.0002658605387104
0.1286200693091989,4.110906218172926,4.11118333805739,-0.00027711988446377234,0.0002658610224641
0.1286200693974061,4.11090621820125,4.1111833380573835,-0.0002771198561335453,0.0002658610224641
0.1286200693688851,4.11090621821309,4.111183338057363,-0.00027711984427281067,0.0002658610224641
0.1286200691407685,4.110906218196118,4.111183338057357,-0.00027711986123879484,0.0002658610224641
0.1286200689198613,4.110906218256723,4.111183338057334,-0.00027711980061084773,0.0002658608462711
0.1286200689100014,4.110906218177662,4.111183338057343,-0.00027711987968093155,0.0002658620103872
0.1286200689095337,4.110906218310592,4.111183338057361,-0.00027711974676947193,0.0002658606125664
0.1286200689095337,4.110906218304749,4.111183338057344,-0.0002771197525950342,0.0002658614111018
0.1286200692716405,4.110906218227163,4.1111833380573914,-0.0002771198302280453,0.0002658611098237
0.1286200693339135,4.110906218212289,4.111183338057342,-0.0002771198450526313,0.0002658600285024
0.1286200694426028,4.110906218251681,4.111183338057361,-0.00027711980568057015,0.0002658608052017
0.1286200690919358,4.110906218278341,4.111183338057358,-0.0002771197790165658,0.0002658606125664
0.1286200690484157,4.110906218195139,4.111183338057366,-0.00027711986222644924,0.0002658611098237
0.1286200690533391,4.110906218181257,4.11118333805734,-0.00027711987608292077,0.0002658602363048
0.1286200692716405,4.110906218159636,4.111183338057359,-0.0002771198977224998,0.0002658600405576
0.1286200689198613,4.1109062182732385,4.111183338057377,-0.00027711978413869076,0.0002658596770356
0.1286200691352324,4.110906218226296,4.111183338057366,-0.00027711983107003846,0.0002658602363048
0.1286200690533391,4.1109062182417,4.1111833380573835,-0.0002771198156832355,0.0002658600845884
0.128620068785716,4.110906218316671,4.111183338057366,-0.00027711974069433154,0.0002658602466982
0.1286200689100014,4.110906218226345,4.1111833380573515,-0.0002771198310060896,0.0002658608052017
0.1286200689198613,4.110906218304278,4.111183338057392,-0.00027711975311461856,0.0002658610359488
0.1286200693339135,4.110906218244197,4.1111833380573835,-0.000277119813186566,0.0002658608462711
0.1286200690322544,4.110906218270829,4.111183338057396,-0.00027711978656697056,0.000265860295005
0.1286200689100014,4.1109062182245495,4.111183338057338,-0.0002771198327886637,0.0002658608462711
0.1286200690533391,4.110906218163489,4.111183338057353,-0.00027711989386425273,0.0002658606803832
0.1286200692716405,4.110906218152177,4.111183338057369,-0.0002771199051920803,0.0002658606125664
0.1286200691064573,4.11090621823925,4.111183338057373,-0.00027711981812306163,0.0002658614111018
0.1286200691407685,4.110906218181149,4.111183338057383,-0.0002771198762339111,0.0002658605387104
0.1286200692716405,4.1109062182121,4.11118333805736,-0.00027711984526046507,0.0002658600845884
0.1286200689100014,4.1109062182413245,4.111183338057347,-0.00027711981602251967,0.0002658613638448
0.1286200690919358,4.110906218178001,4.111183338057351,-0.000277119879349641,0.0002658611098237
0.1286200687696346,4.110906218224912,4.111183338057345,-0.00027711983243339233,0.0002658606125664
0.1286200691352324,4.110906218220635,4.111183338057338,-0.000277119836702866,0.0002658605387104
0.1286200691064573,4.110906218243631,4.111183338057371,-0.00027711981373990113,0.0002658605387104
0.1286200689198613,4.1109062182163845,4.111183338057325,-0.00027711984094036524,0.0002658610359488
0.1286200691025899,4.110906218200871,4.111183338057333,-0.0002771198564621713,0.0002658610359488
0.1286200691064573,4.110906218295788,4.111183338057387,-0.000277119761599387,0.0002658608462711
0.1286200690533391,4.110906218243461,4.1111833380573435,-0.00027711981388289786,0.0002658600285024
0.1286200692130541,4.11090621824164,4.111183338057424,-0.00027711981578448786,0.0002658608281509
0.1286200691407685,4.1109062182803155,4.111183338057372,-0.00027711977705635604,0.0002658613638448
0.1286200692716405,4.110906218253522,4.111183338057292,-0.00027711980377009837,0.0002658606803832
0.1286200687949469,4.110906218215417,4.111183338057357,-0.00027711984193956596,0.0002658623211155
0.1286200691064573,4.110906218226422,4.111183338057385,-0.00027711983096345705,0.0002658605517821
0.1286200691352324,4.110906218262185,4.1111833380573355,-0.0002771197951503268,0.0002658611098237
0.1286200691064573,4.110906218187516,4.111183338057404,-0.0002771198698878763,0.0002658606803832
0.1286200691308835,4.110906218285922,4.11118333805737,-0.0002771197714483975,0.0002658600405576
0.1286200687949469,4.1109062182636835,4.1111833380573835,-0.00027711979369993145,0.0002658602722175
0.1286200691308835,4.11090621826246,4.111183338057368,-0.0002771197949087423,0.0002658608052017
0.1286200692716405,4.110906218202039,4.111183338057332,-0.0002771198552933285,0.0002658608052017
0.1286200689100014,4.11090621825549,4.111183338057403,-0.0002771198019129173,0.0002658613638448
0.1286200687949469,4.110906218260028,4.1111833380573515,-0.0002771197973236994,0.0002658606125664
0.1286200693339135,4.1109062181390446,4.111183338057351,-0.00027711991830603466,0.0002658602905383
0.1286200693234346,4.110906218288251,4.111183338057369,-0.00027711976911781733,0.0002658605387104
0.1286200692716405,4.110906218246367,4.111183338057348,-0.00027711981098121896,0.0002658606803832
0.1286200690484157,4.110906218206559,4.1111833380573595,-0.0002771198508000339,0.0002658596770356
0.1286200693339135,4.110906218104946,4.111183338057399,-0.00027711995245383036,0.0002658620103872
0.1286200690484157,4.11090621819371,4.111183338057347,-0.0002771198636368766,0.0002658602363048
0.1286200689100014,4.110906218223764,4.111183338057355,-0.0002771198335906888,0.0002658602722175
0.1286200690919358,4.110906218166841,4.111183338057351,-0.00027711989050960284,0.0002658608462711
0.1286200692130541,4.110906218219719,4.111183338057415,-0.00027711983769673765,0.0002658613638448
0.1286200690919358,4.110906218218547,4.111183338057369,-0.0002771198388220597,0.0002658606125664
0.128620068785716,4.1109062182239064,4.111183338057371,-0.0002771198334645675,0.0002658608052017
0.1286200693009225,4.11090621817109,4.111183338057361,-0.0002771198862712154,0.0002658611098237
0.1286200689100014,4.110906218204084,4.111183338057367,-0.00027711985328249256,0.0002658611660287
0.1286200690919358,4.1109062181655425,4.111183338057321,-0.0002771198917788098,0.0002658602905383
0.1286200691064573,4.110906218198104,4.1111833380573515,-0.0002771198592474988,0.0002658608462711
0.1286200687973817,4.110906218262931,4.111183338057363,-0.00027711979443179047,0.0002658614111018
0.1286200691352324,4.110906218217583,4.111183338057358,-0.00027711983977507515,0.0002658610359488
0.1286200691308835,4.110906218278551,4.111183338057375,-0.0002771197788238311,0.0002658606125664
0.1286200692130541,4.110906218197618,4.11118333805735,-0.00027711985973155606,0.0002658610224641
0.1286200691308835,4.110906218264086,4.111183338057374,-0.00027711979328781666,0.0002658602905383
0.1286200688711321,4.110906218235855,4.111183338057369,-0.00027711982151412684,0.0002658610359488
0.1286200689198613,4.110906218293449,4.111183338057353,-0.00027711976390421,0.0002658602466982
0.1286200693009225,4.110906218271534,4.111183338057345,-0.0002771197858111307,0.0002658602466982
0.1286200692130541,4.110906218269264,4.111183338057365,-0.0002771197881008547,0.0002658610224641
0.1286200688711321,4.110906218223056,4.11118333805732,-0.00027711983426481623,0.0002658602363048
0.1286200692750439,4.110906218168111,4.111183338057394,-0.00027711988928302844,0.0002658614111018
0.1286200693397242,4.110906218283139,4.111183338057362,-0.0002771197742230669,0.0002658602363048
0.1286200691407685,4.110906218166963,4.111183338057366,-0.00027711989040302143,0.0002658608052017
0.1286200689100014,4.110906218201045,4.111183338057379,-0.0002771198563342736,0.0002658602722175
0.1286200691025899,4.110906218217431,4.111183338057376,-0.0002771198399456054,0.000265860295005
0.1286200693234346,4.110906218259614,4.111183338057391,-0.0002771197977766704,0.0002658600285024
0.1286200691407685,4.11090621828327,4.111183338057336,-0.0002771197740667475,0.0002658608281509
0.1286200690919358,4.110906218237691,4.111183338057401,-0.00027711981971023647,0.0002658602905383
0.1286200687949469,4.110906218147614,4.1111833380574065,-0.0002771199097928445,0.0002658606803832
0.1286200687973817,4.1109062182283855,4.111183338057334,-0.0002771198289481802,0.0002658611660287
0.1286200690322544,4.110906218223295,4.111183338057393,-0.0002771198340978387,0.0002658608462711
0.1286200692716405,4.110906218227136,4.111183338057392,-0.000277119830256467,0.0002658608281509
0.1286200692750439,4.110906218286436,4.1111833380573035,-0.0002771197708675288,0.0002658605387104
0.1286200690322544,4.110906218204836,4.11118333805738,-0.0002771198525435281,0.0002658611660287
0.1286200690533391,4.11090621824065,4.111183338057371,-0.0002771198167206279,0.0002658608462711
0.1286200692130541,4.110906218248867,4.111183338057398,-0.0002771198085307347,0.000265860295005
0.1286200687846308,4.110906218306089,4.111183338057331,-0.00027711975124233845,0.0002658610359488
0.1286200690919358,4.110906218291846,4.111183338057369,-0.00027711976552335926,0.0002658605517821
0.1286200690484157,4.110906218245947,4.111183338057371,-0.00027711981142442,0.0002658606803832
0.1286200691352324,4.110906218191703,4.111183338057339,-0.0002771198656361662,0.0002658602363048
0.1286200691308835,4.110906218211755,4.1111833380573355,-0.0002771198455802093,0.0002658605387104
0.1286200691352324,4.110906218196298,4.1111833380574,-0.00027711986110201536,0.0002658608052017
0.1286200689198613,4.110906218232929,4.111183338057382,-0.00027711982445310923,0.000265860295005
0.1286200691407685,4.110906218186459,4.111183338057366,-0.00027711987090661694,0.0002658606125664
0.1286200687603389,4.110906218271537,4.111183338057338,-0.00027711978580136076,0.0002658608281509
0.1286200691308835,4.110906218235504,4.111183338057339,-0.00027711982183475925,0.0002658614111018
0.1286200693009225,4.110906218071337,4.111183338057368,-0.0002771199860314155,0.0002658602905383
0.1286200693688851,4.110906218262218,4.1111833380573515,-0.0002771197951334514,0.0002658602363048
0.1286200690484157,4.1109062182478775,4.1111833380573914,-0.0002771198095139482,0.0002658606803832
0.1286200691407685,4.110906218268953,4.111183338057343,-0.0002771197883895127,0.000265860295005
0.1286200687949469,4.110906218258807,4.111183338057345,-0.0002771197985378393,0.0002658611660287
0.1286200689100014,4.110906218237148,4.111183338057372,-0.0002771198202236036,0.000265860295005
0.1286200693339135,4.110906218198936,4.111183338057345,-0.0002771198584090584,0.000265860295005
0.1286200690919358,4.110906218281639,4.11118333805737,-0.00027711977573119384,0.0002658605387104
0.1286200693234346,4.110906218138107,4.111183338057343,-0.00027711991923595747,0.0002658606125664
0.1286200689100014,4.110906218238687,4.111183338057327,-0.0002771198186399815,0.0002658608052017
0.1286200690484157,4.110906218227355,4.111183338057398,-0.000277119830042416,0.0002658614600079
0.1286200693397242,4.110906218261313,4.111183338057386,-0.0002771197960731442,0.0002658595413033
0.1286200690322544,4.110906218288786,4.111183338057363,-0.00027711976857691667,0.0002658608281509
0.1286200691064573,4.110906218189323,4.111183338057365,-0.00027711986804224154,0.0002658608281509
0.1286200693974061,4.110906218256474,4.111183338057362,-0.0002771198008879594,0.0002658602470377
0.1286200691407685,4.1109062182664555,4.111183338057397,-0.0002771197909412493,0.0002658605387104
0.1286200690484157,4.110906218122281,4.111183338057333,-0.0002771199350517506,0.0002658614111018
0.1286200693339135,4.110906218256769,4.1111833380573675,-0.00027711980059841324,0.000265860295005
0.1286200691025899,4.110906218221896,4.111183338057371,-0.0002771198354754034,0.0002658606125664
0.1286200691025899,4.110906218232787,4.111183338057342,-0.00027711982455436157,0.0002658611660287
0.1286200690919358,4.110906218177882,4.111183338057332,-0.00027711987945000516,0.0002658605387104
0.1286200690484157,4.110906218305584,4.111183338057388,-0.0002771197518036672,0.0002658602722175
0.1286200693339135,4.1109062182788225,4.111183338057335,-0.00027711977851208047,0.0002658608281509
0.1286200687949469,4.110906218286017,4.111183338057369,-0.00027711977135247423,0.0002658614600079
0.1286200687973817,4.11090621822255,4.111183338057338,-0.0002771198347879533,0.0002658602466982
0.1286200689095337,4.110906218214449,4.111183338057382,-0.00027711984293254943,0.0002658617756858
0.1286200687846308,4.110906218325444,4.1111833380573675,-0.00027711973192356965,0.0002658606803832
0.1286200691064573,4.110906218114128,4.111183338057381,-0.0002771199432531901,0.0002658602722175
0.1286200690919358,4.110906218263508,4.1111833380573355,-0.00027711979382782914,0.000265860295005
0.1286200690919358,4.110906218224272,4.111183338057375,-0.0002771198331021907,0.0002658605387104
0.1286200691025899,4.110906218233414,4.111183338057363,-0.0002771198239486239,0.0002658610359488
0.1286200691407685,4.110906218262297,4.111183338057308,-0.0002771197950108828,0.0002658608052017
0.1286200691407685,4.110906218259795,4.1111833380573515,-0.00027711979755640215,0.0002658611098237
0.1286200690533391,4.110906218205913,4.111183338057374,-0.0002771198514608386,0.0002658610224641
0.1286200691308835,4.1109062181361455,4.111183338057339,-0.0002771199211935027,0.0002658611098237
0.1286200690322544,4.110906218292579,4.111183338057335,-0.0002771197647559731,0.0002658605387104
0.1286200692750439,4.110906218243487,4.111183338057378,-0.00027711981389089146,0.0002658602905383
0.1286200690533391,4.110906218173377,4.111183338057339,-0.00027711988396195153,0.0002658606803832
0.1286200691308835,4.1109062182711575,4.111183338057307,-0.0002771197861495267,0.0002658606803832
0.1286200693688851,4.110906218236928,4.111183338057359,-0.00027711982043054917,0.0002658605387104
0.1286200689100014,4.110906218266903,4.111183338057361,-0.0002771197904580802,0.0002658605517821
0.1286200691064573,4.1109062182755665,4.111183338057376,-0.00027711978180988694,0.0002658606803832
0.1286200693339135,4.11090621824307,4.111183338057363,-0.0002771198142932363,0.000265860295005
0.1286200690533391,4.110906218224173,4.111183338057358,-0.0002771198331847913,0.0002658610224641
0.128620069359937,4.110906218152084,4.111183338057378,-0.0002771199052942208,0.0002658611098237
0.1286200691407685,4.1109062182422464,4.111183338057357,-0.00027711981511036043,0.0002658600845884
0.1286200693688851,4.110906218300111,4.111183338057384,-0.0002771197572730699,0.0002658605387104
0.128620068785716,4.110906218274096,4.111183338057366,-0.00027711978327005227,0.0002658595413033
0.1286200691308835,4.110906218248541,4.1111833380573675,-0.0002771198088264981,0.000265860295005
0.1286200691407685,4.110906218225365,4.111183338057386,-0.00027711983202127755,0.0002658605517821
0.1286200691064573,4.110906218219671,4.111183338057374,-0.0002771198377029549,0.0002658611660287
0.1286200693339135,4.110906218261155,4.111183338057347,-0.0002771197961921601,0.0002658602466982
0.1286200690533391,4.11090621820883,4.111183338057323,-0.0002771198484934345,0.0002658623211155
0.1286200687296557,4.110906218225385,4.111183338057365,-0.00027711983197953316,0.0002658620103872
0.1286200690919358,4.110906218275151,4.111183338057358,-0.0002771197822069027,0.0002658605517821
0.1286200692130541,4.110906218247543,4.11118333805735,-0.0002771198098070471,0.0002658605387104
0.1286200690484157,4.1109062181901495,4.111183338057408,-0.00027711986725886817,0.0002658606803832
0.1286200690322544,4.110906218289913,4.111183338057343,-0.00027711976742939015,0.0002658600845884
0.1286200693091989,4.110906218273077,4.111183338057378,-0.0002771197843012274,0.0002658602470377
0.1286200687973817,4.110906218207016,4.111183338057337,-0.0002771198503213057,0.0002658614111018
0.1286200693091989,4.110906218218298,4.111183338057387,-0.0002771198390894014,0.0002658617756858
0.1286200692716405,4.110906218182314,4.111183338057389,-0.00027711987507483826,0.0002658602470377
0.1286200691407685,4.110906218230015,4.111183338057363,-0.0002771198273476827,0.0002658608281509
0.1286200690322544,4.1109062182720875,4.111183338057343,-0.00027711978525513103,0.0002658608281509
0.1286200691407685,4.110906218205674,4.111183338057347,-0.00027711985167311326,0.0002658608281509
0.1286200693009225,4.1109062182599665,4.111183338057315,-0.0002771197973485684,0.0002658605387104
0.1286200690919358,4.110906218224758,4.1111833380573275,-0.00027711983256928363,0.0002658602722175
0.1286200687821212,4.11090621809599,4.111183338057372,-0.00027711996138179984,0.0002658614111018
0.1286200690322544,4.110906218202714,4.111183338057371,-0.00027711985465739275,0.0002658614600079
0.1286200689198613,4.110906218225715,4.11118333805739,-0.00027711983167488796,0.0002658600845884
0.1286200689100014,4.110906218277366,4.111183338057367,-0.0002771197800006675,0.0002658602466982
0.1286200690484157,4.110906218195312,4.111183338057365,-0.00027711986205236627,0.0002658608462711
0.1286200687973817,4.1109062182109595,4.111183338057364,-0.0002771198464044389,0.0002658602905383
0.1286200692716405,4.110906218146928,4.111183338057359,-0.0002771199104305566,0.0002658608281509
0.1286200692130541,4.110906218231223,4.111183338057329,-0.00027711982610600927,0.0002658602363048
0.1286200687821212,4.110906218196883,4.111183338057369,-0.0002771198604865077,0.0002658605387104
0.1286200691308835,4.110906218211336,4.111183338057343,-0.00027711984600653494,0.0002658608281509
0.1286200692130541,4.11090621820085,4.111183338057359,-0.0002771198565083566,0.0002658611660287
0.1286200692716405,4.110906218252293,4.111183338057363,-0.0002771198050703916,0.0002658602466982
0.1286200692750439,4.110906218192936,4.111183338057374,-0.0002771198644380135,0.0002658608281509
0.1286200691064573,4.110906218280162,4.111183338057363,-0.0002771197772011291,0.0002658606803832
0.1286200691064573,4.110906218182884,4.111183338057346,-0.00027711987446199515,0.000265860295005
0.1286200690533391,4.110906218256333,4.111183338057385,-0.0002771198010522724,0.0002658614111018
0.1286200691407685,4.110906218293922,4.111183338057339,-0.00027711976341660005,0.0002658606125664
0.1286200692716405,4.110906218276241,4.1111833380573275,-0.0002771197810869097,0.0002658608052017
0.1286200690919358,4.110906218227961,4.111183338057363,-0.0002771198294020394,0.0002658610224641
0.1286200692750439,4.110906218322382,4.111183338057362,-0.0002771197349797916,0.0002658618429636
0.1286200693612195,4.110906218248114,4.111183338057351,-0.00027711980923683655,0.0002658605517821
0.1286200691064573,4.110906218173465,4.111183338057373,-0.00027711988390777265,0.0002658605517821
0.1286200693091989,4.110906218159171,4.111183338057357,-0.0002771198981861289,0.0002658613638448
0.1286200692750439,4.1109062182584735,4.111183338057376,-0.00027711979890288063,0.0002658610359488
0.1286200689198613,4.1109062182266625,4.1111833380573675,-0.00027711983070499713,0.0002658608281509
0.1286200687973817,4.1109062182668135,4.111183338057346,-0.0002771197905326872,0.0002658614111018
0.1286200693091989,4.110906218089393,4.111183338057382,-0.0002771199679889591,0.0002658602466982
0.1286200687973817,4.110906218212795,4.11118333805738,-0.0002771198445845613,0.0002658605517821
0.128620069359937,4.110906218216751,4.1111833380573435,-0.0002771198405921993,0.0002658613638448
0.1286200690533391,4.110906218119666,4.111183338057339,-0.0002771199376727651,0.0002658608052017
0.1286200687973817,4.110906218215011,4.111183338057381,-0.0002771198423694443,0.0002658608462711
0.1286200689100014,4.110906218251551,4.111183338057375,-0.0002771198058235669,0.0002658608462711
0.1286200693234346,4.110906218265691,4.111183338057353,-0.00027711979166245015,0.0002658602470377
0.1286200689095337,4.110906218321704,4.111183338057367,-0.0002771197356628008,0.0002658606125664
0.1286200687846308,4.110906218247982,4.111183338057386,-0.0002771198094038141,0.0002658611098237
0.1286200692130541,4.110906218176734,4.111183338057385,-0.0002771198806508224,0.0002658605387104
0.1286200691025899,4.110906218218957,4.111183338057354,-0.0002771198383975104,0.0002658611098237
0.1286200691308835,4.110906218290565,4.111183338057363,-0.0002771197667978953,0.0002658614600079
0.1286200690919358,4.110906218288803,4.111183338057336,-0.0002771197685333959,0.0002658611098237
0.1286200693234346,4.1109062181972265,4.111183338057382,-0.00027711986015521717,0.0002658618429636
0.1286200690919358,4.110906218259752,4.111183338057359,-0.00027711979760614014,0.0002658620310416
0.1286200693091989,4.11090621819673,4.111183338057337,-0.0002771198606073,0.0002658602722175
0.1286200691308835,4.110906218222652,4.1111833380573,-0.00027711983464762113,0.0002658608281509
0.128620068785716,4.110906218187373,4.111183338057358,-0.00027711986998468774,0.0002658617756858
0.1286200693397242,4.11090621826192,4.111183338057388,-0.0002771197954682947,0.0002658598834377
0.1286200690484157,4.110906218193742,4.111183338057345,-0.0002771198636031258,0.0002658613638448
0.1286200693339135,4.110906218214531,4.111183338057347,-0.00027711984281619806,0.0002658611098237
0.1286200690484157,4.110906218235639,4.1111833380573835,-0.00027711982174416505,0.0002658610224641
0.1286200689198613,4.110906218245783,4.111183338057364,-0.0002771198115807394,0.0002658605387104
0.1286200689198613,4.110906218268294,4.111183338057363,-0.00027711978906896917,0.0002658608052017
0.1286200689095337,4.1109062182700615,4.111183338057352,-0.00027711978729083597,0.0002658602363048
0.1286200689100014,4.110906218257762,4.111183338057338,-0.0002771197995761199,0.0002658602722175
0.1286200690533391,4.110906218280016,4.111183338057336,-0.00027711977732014503,0.0002658608462711
0.1286200691064573,4.1109062181731355,4.111183338057354,-0.0002771198842186351,0.0002658610359488
0.1286200690484157,4.110906218243133,4.111183338057355,-0.000277119814222182,0.0002658605517821
0.1286200689095337,4.110906218272572,4.111183338057358,-0.00027711978478528465,0.0002658623211155
0.1286200693009225,4.110906218180416,4.111183338057331,-0.00027711987691514395,0.0002658608052017
0.1286200693009225,4.110906218210269,4.1111833380573914,-0.00027711984712208704,0.0002658602466982
0.1286200691025899,4.110906218209754,4.111183338057356,-0.0002771198476017034,0.0002658610224641
0.1286200691407685,4.110906218241437,4.11118333805738,-0.0002771198159425836,0.0002658610359488
0.1286200693339135,4.110906218272283,4.1111833380573515,-0.00027711978506861357,0.0002658605517821
0.1286200691064573,4.110906218216699,4.111183338057358,-0.0002771198406588127,0.0002658605387104
0.1286200693009225,4.110906218172853,4.111183338057361,-0.00027711988450818126,0.0002658611660287
0.1286200691025899,4.110906218117311,4.111183338057349,-0.00027711994003798424,0.0002658608281509
0.1286200692716405,4.110906218204292,4.111183338057376,-0.00027711985308442877,0.0002658620103872
0.1286200693091989,4.110906218299639,4.111183338057386,-0.0002771197577473572,0.000265860295005
0.1286200690484157,4.110906218131357,4.111183338057357,-0.00027711992599943613,0.0002658610359488
0.1286200688711321,4.110906218285573,4.111183338057368,-0.00027711977179567526,0.0002658610224641
0.1286200691352324,4.110906218245325,4.111183338057369,-0.00027711981204436853,0.000265860295005
0.1286200692130541,4.110906218256253,4.1111833380573675,-0.0002771198011144449,0.0002658605517821
0.1286200693397242,4.1109062182339935,4.111183338057384,-0.00027711982339084784,0.0002658610359488
0.1286200687384193,4.110906218080957,4.1111833380573755,-0.0002771199764186605,0.0002658605387104
0.1286200690533391,4.110906218213771,4.111183338057347,-0.0002771198435764788,0.0002658606125664
0.1286200690322544,4.110906218178245,4.111183338057354,-0.00027711987910894464,0.0002658610224641
0.1286200690484157,4.1109062181955425,4.111183338057384,-0.000277119861841868,0.0002658614600079
0.1286200693397242,4.110906218269027,4.111183338057355,-0.00027711978832822837,0.0002658597675085
0.1286200691308835,4.110906218271075,4.111183338057358,-0.00027711978628275347,0.0002658605387104
0.1286200693009225,4.11090621828328,4.1111833380573755,-0.0002771197740951692,0.0002658611660287
0.1286200690484157,4.11090621825761,4.111183338057345,-0.0002771197997351038,0.0002658610359488
0.1286200691064573,4.110906218170677,4.111183338057375,-0.00027711988669754106,0.0002658614600079
0.1286200691064573,4.110906218163319,4.111183338057394,-0.000277119894074751,0.0002658617756858
0.1286200687949469,4.1109062182219684,4.111183338057377,-0.00027711983540879004,0.0002658610359488
0.1286200693397242,4.110906218215998,4.111183338057347,-0.0002771198413489273,0.0002658600845884
0.1286200691064573,4.11090621824024,4.111183338057355,-0.00027711981711497913,0.0002658602466982
0.1286200691352324,4.110906218239012,4.111183338057375,-0.0002771198183628698,0.0002658611098237
0.1286200691064573,4.110906218231611,4.111183338057382,-0.00027711982577027783,0.000265860295005
0.1286200692130541,4.110906218156381,4.111183338057337,-0.0002771199009563574,0.0002658600845884
0.1286200690919358,4.110906218193742,4.111183338057338,-0.00027711986359602037,0.0002658605387104
0.1286200691308835,4.110906218207969,4.111183338057384,-0.0002771198494153637,0.000265860295005
0.1286200691308835,4.110906218221367,4.111183338057372,-0.00027711983600475776,0.0002658590053547
0.1286200689198613,4.110906218241927,4.1111833380573835,-0.00027711981545675,0.0002658608281509
0.1286200691407685,4.110906218213933,4.11118333805738,-0.00027711984344680474,0.0002658617756858
0.1286200690533391,4.11090621822135,4.1111833380573355,-0.00027711983598521783,0.0002658606125664
0.1286200693009225,4.11090621812777,4.111183338057345,-0.00027711992957524245,0.0002658613638448
0.1286200692130541,4.110906218216552,4.111183338057356,-0.00027711984080358576,0.0002658611098237
0.1286200691064573,4.110906218183053,4.111183338057353,-0.0002771198743003467,0.0002658595413033
0.1286200691352324,4.110906218239786,4.111183338057372,-0.0002771198175857137,0.0002658608052017
0.1286200691308835,4.1109062182484895,4.111183338057337,-0.0002771198088478144,0.0002658606125664
0.1286200692750439,4.110906218263402,4.111183338057345,-0.00027711979394329234,0.0002658602722175
0.1286200690919358,4.1109062182335405,4.111183338057373,-0.0002771198238322725,0.0002658605517821
0.1286200689100014,4.110906218212037,4.1111833380573195,-0.00027711984528266953,0.0002658611660287
0.1286200690322544,4.110906218277609,4.1111833380573595,-0.0002771197797502012,0.0002658606125664
0.1286200691407685,4.1109062182267495,4.111183338057367,-0.00027711983061706746,0.0002658605517821
0.1286200690322544,4.110906218227359,4.111183338057392,-0.00027711983003353424,0.0002658614111018
0.1286200694462345,4.110906218291047,4.111183338057345,-0.00027711976629785084,0.000265860295005
0.1286200690533391,4.110906218245306,4.111183338057376,-0.0002771198120701257,0.0002658602466982
0.1286200692130541,4.110906218194928,4.111183338057353,-0.0002771198624254012,0.0002658598834377
0.1286200687973817,4.110906218196777,4.111183338057368,-0.00027711986059131277,0.0002658613638448
0.1286200691308835,4.1109062181518325,4.111183338057374,-0.0002771199055411344,0.0002658610359488
0.1286200691025899,4.110906218193467,4.111183338057347,-0.00027711986388023746,0.0002658608052017
0.1286200691308835,4.110906218250388,4.111183338057375,-0.00027711980698619243,0.0002658594979901
0.1286200691025899,4.1109062182358445,4.111183338057393,-0.0002771198215487658,0.0002658611660287
0.1286200689095337,4.110906218241917,4.11118333805736,-0.00027711981544342734,0.0002658606803832
0.1286200690919358,4.110906218166081,4.111183338057377,-0.0002771198912965289,0.0002658606125664
0.1286200691352324,4.1109062182202365,4.111183338057373,-0.00027711983713629706,0.0002658608281509
0.1286200691352324,4.110906218228378,4.111183338057425,-0.000277119829046768,0.0002658602905383
0.1286200693234346,4.110906218217106,4.111183338057416,-0.00027711984031064674,0.0002658606125664
0.1286200691064573,4.110906218233595,4.11118333805737,-0.0002771198237754291,0.0002658610224641
0.1286200690919358,4.110906218255627,4.1111833380574065,-0.00027711980177969053,0.0002658602466982
0.1286200693091989,4.11090621822492,4.111183338057334,-0.0002771198324138524,0.000265860295005
0.1286200692716405,4.110906218264809,4.111183338057344,-0.00027711979253552954,0.0002658610359488
0.1286200690484157,4.110906218272793,4.111183338057331,-0.00027711978453837105,0.0002658605517821
0.1286200690484157,4.110906218287718,4.111183338057375,-0.00027711976965694163,0.0002658602466982
0.1286200689095337,4.110906218179032,4.111183338057399,-0.00027711987836731566,0.0002658605517821
0.1286200693234346,4.110906218170271,4.11118333805731,-0.0002771198870386016,0.0002658605517821
0.1286200692750439,4.110906218181921,4.111183338057331,-0.0002771198754096815,0.0002658602470377
0.1286200691025899,4.110906218197153,4.111183338057361,-0.0002771198602085079,0.0002658606803832
0.1286200690919358,4.110906218254949,4.111183338057377,-0.0002771198024280608,0.0002658632755106
0.1286200692750439,4.110906218290368,4.1111833380573595,-0.0002771197669915182,0.0002658605387104
0.1286200688711321,4.110906218223863,4.111183338057395,-0.00027711983353206904,0.0002658602470377
0.1286200693091989,4.110906218123646,4.111183338057396,-0.000277119933749681,0.0002658617756858
0.1286200690533391,4.110906218291422,4.111183338057363,-0.0002771197659408031,0.0002658606803832
0.1286200687821212,4.110906218170844,4.111183338057342,-0.0002771198864977009,0.0002658606125664
0.1286200690322544,4.110906218238273,4.111183338057398,-0.0002771198191249269,0.0002658600845884
0.1286200690533391,4.11090621822484,4.111183338057347,-0.00027711983250711114,0.0002658606125664
0.1286200691308835,4.11090621818725,4.111183338057338,-0.00027711987008771644,0.0002658602466982
0.1286200693234346,4.110906218219242,4.1111833380573755,-0.00027711983813372143,0.0002658605517821
0.1286200693009225,4.110906218192214,4.111183338057394,-0.00027711986518053067,0.000265860295005
0.1286200689198613,4.110906218217617,4.111183338057355,-0.00027711983973777166,0.0002658610359488
0.1286200688711321,4.110906218198413,4.111183338057367,-0.00027711985895351177,0.0002658606803832
0.1286200692130541,4.110906218297905,4.111183338057377,-0.0002771197594721997,0.0002658602722175
0.1286200692130541,4.1109062182162335,4.111183338057376,-0.0002771198411428699,0.0002658605387104
0.1286200687453511,4.110906218144652,4.1111833380573515,-0.0002771199126998525,0.0002658605517821
0.1286200689100014,4.110906218250646,4.11118333805734,-0.00027711980669398173,0.0002658606125664
0.1286200691407685,4.110906218225177,4.111183338057389,-0.00027711983221134773,0.0002658614600079
0.1286200691025899,4.110906218239065,4.111183338057369,-0.00027711981830425003,0.0002658608281509
0.1286200692716405,4.110906218222611,4.1111833380573515,-0.00027711983474087987,0.0002658605387104
0.1286200693339135,4.110906218217321,4.11118333805739,-0.0002771198400690622,0.0002658602905383
0.1286200693009225,4.1109062182260985,4.111183338057348,-0.0002771198312494505,0.0002658617756858
0.1286200693234346,4.1109062181699,4.111183338057391,-0.0002771198874906844,0.0002658614600079
0.1286200692716405,4.110906218198332,4.111183338057321,-0.0002771198589890389,0.0002658602363048
0.1286200691064573,4.11090621820512,4.111183338057363,-0.0002771198522433238,0.0002658610224641
0.1286200689095337,4.1109062182613645,4.111183338057359,-0.0002771197959940963,0.0002658602905383
0.1286200689100014,4.110906218252623,4.111183338057376,-0.0002771198047533119,0.0002658610224641
0.1286200690919358,4.110906218269455,4.111183338057358,-0.0002771197879027909,0.0002658620103872
0.1286200692130541,4.110906218282453,4.111183338057384,-0.0002771197749309451,0.000265860295005
0.1286200690919358,4.110906218173053,4.111183338057328,-0.0002771198842754785,0.0002658600405576
0.1286200691064573,4.110906218290153,4.111183338057361,-0.0002771197672082337,0.0002658602470377
0.1286200691407685,4.110906218191575,4.111183338057352,-0.00027711986577738656,0.0002658614111018
0.1286200691025899,4.110906218237733,4.111183338057386,-0.00027711981965339305,0.0002658611098237
0.1286200689198613,4.110906218270556,4.111183338057347,-0.0002771197867907915,0.0002658606125664
0.1286200689100014,4.110906218271487,4.1111833380573755,-0.00027711978588840225,0.0002658605387104
0.1286200690919358,4.110906218274092,4.111183338057345,-0.0002771197832531769,0.0002658617756858
0.1286200689198613,4.110906218208308,4.111183338057422,-0.00027711984911338305,0.0002658614111018
0.1286200690533391,4.1109062182694185,4.111183338057387,-0.0002771197879685161,0.0002658610359488
0.1286200689198613,4.110906218191004,4.1111833380573835,-0.00027711986637957153,0.0002658610224641
0.1286200691352324,4.110906218227772,4.11118333805739,-0.00027711982961786674,0.0002658602470377
0.1286200691407685,4.110906218221718,4.1111833380573515,-0.0002771198356334992,0.0002658608052017
0.1286200687949469,4.110906218187636,4.111183338057364,-0.0002771198697280042,0.0002658605517821
0.1286200691407685,4.11090621824109,4.111183338057339,-0.00027711981624900517,0.0002658608052017
0.1286200690919358,4.110906218164478,4.111183338057354,-0.00027711989287571015,0.0002658602905383
0.128620068785716,4.110906218196416,4.111183338057375,-0.00027711986095813046,0.0002658608462711
0.1286200690533391,4.11090621808584,4.111183338057343,-0.00027711997150259293,0.0002658602470377
0.1286200687603389,4.110906218239964,4.111183338057354,-0.00027711981739031444,0.0002658611098237
0.1286200692130541,4.110906218274065,4.111183338057375,-0.0002771197833091321,0.0002658608052017
0.1286200691308835,4.110906218218684,4.111183338057369,-0.00027711983868528023,0.0002658605387104
0.1286200693009225,4.110906218255626,4.111183338057347,-0.00027711980172107076,0.0002658602363048
0.1286200691308835,4.110906218235288,4.111183338057358,-0.00027711982207012653,0.0002658606803832
0.1286200691025899,4.1109062181981955,4.111183338057378,-0.0002771198591826618,0.0002658606125664
0.1286200689198613,4.110906218206939,4.111183338057381,-0.00027711985044209797,0.0002658602363048
0.1286200690533391,4.11090621821728,4.111183338057356,-0.00027711984007616763,0.0002658614111018
0.1286200687973817,4.110906218272653,4.111183338057362,-0.0002771197847089013,0.0002658611098237
0.1286200687973817,4.110906218303346,4.111183338057386,-0.0002771197540401005,0.0002658608462711
0.1286200691352324,4.110906218264828,4.1111833380573755,-0.00027711979254707586,0.0002658608281509
0.1286200688711321,4.110906218257414,4.111183338057362,-0.00027711979994826663,0.0002658618429636
0.128620068785716,4.110906218280777,4.111183338057353,-0.0002771197765758515,0.0002658608281509
0.1286200687973817,4.110906218259445,4.11118333805736,-0.00027711979791522623,0.0002658611660287
0.1286200693091989,4.110906218194589,4.111183338057357,-0.0002771198627682381,0.0002658602905383
0.1286200690322544,4.11090621822979,4.111183338057355,-0.0002771198275652864,0.0002658606803832
0.1286200689100014,4.1109062182714,4.111183338057361,-0.0002771197859612329,0.0002658605387104
0.1286200691064573,4.110906218196115,4.111183338057366,-0.00027711986125034116,0.0002658606803832
0.1286200691352324,4.110906218228454,4.111183338057352,-0.0002771198288984422,0.0002658605517821
0.1286200689100014,4.110906218210385,4.111183338057357,-0.0002771198469719849,0.0002658606125664
0.1286200693339135,4.110906218251595,4.111183338057349,-0.0002771198057534008,0.0002658614111018
0.1286200690919358,4.110906218162519,4.111183338057367,-0.00027711989484746624,0.0002658614111018
0.1286200690533391,4.110906218197633,4.111183338057359,-0.0002771198597253388,0.0002658608462711
0.1286200691308835,4.110906218218809,4.111183338057384,-0.0002771198385751461,0.0002658606125664
0.1286200691407685,4.110906218250306,4.111183338057363,-0.0002771198070572467,0.000265860295005
0.1286200691308835,4.11090621823803,4.11118333805738,-0.00027711981934963603,0.0002658602905383
0.1286200690322544,4.110906218267527,4.111183338057402,-0.0002771197898754352,0.0002658617756858
0.1286200689100014,4.110906218213565,4.1111833380573595,-0.0002771198437940825,0.0002658620103872
0.1286200693009225,4.1109062182443585,4.111183338057369,-0.00027711981301070665,0.0002658610359488
0.1286200693339135,4.1109062180995615,4.111183338057372,-0.0002771199578104344,0.0002658620103872
0.1286200691308835,4.110906218212489,4.111183338057363,-0.00027711984487410746,0.0002658605387104
0.1286200690322544,4.110906218237292,4.111183338057358,-0.00027711982006550784,0.0002658611660287
0.1286200691025899,4.110906218168093,4.111183338057369,-0.000277119889275923,0.0002658605517821
0.1286200689100014,4.110906218219435,4.111183338057358,-0.00027711983792233497,0.0002658605517821
0.1286200693091989,4.110906218252439,4.111183338057351,-0.00027711980491140764,0.0002658600285024
0.1286200687846308,4.110906218198899,4.111183338057361,-0.0002771198584623491,0.0002658613638448
0.1286200689198613,4.11090621820929,4.111183338057372,-0.0002771198480822079,0.0002658618429636
0.1286200692716405,4.110906218247318,4.111183338057319,-0.00027711981000067,0.0002658602466982
0.1286200692130541,4.110906218243835,4.111183338057339,-0.0002771198135036457,0.0002658602905383
0.1286200691025899,4.110906218237069,4.111183338057354,-0.0002771198202848879,0.0002658605517821
0.1286200687317397,4.110906218134683,4.111183338057363,-0.0002771199226803134,0.0002658608462711
0.1286200692130541,4.110906218230342,4.111183338057365,-0.0002771198270226094,0.0002658602722175
0.1286200692716405,4.110906218217812,4.111183338057356,-0.00027711983954414876,0.0002658608462711
0.1286200691025899,4.110906218136425,4.111183338057337,-0.00027711992091195015,0.000265860295005
0.1286200691025899,4.110906218136097,4.111183338057364,-0.0002771199212672215,0.0002658618429636
0.1286200692750439,4.110906218236914,4.111183338057328,-0.00027711982041456196,0.0002658608462711
0.1286200691407685,4.110906218205128,4.111183338057354,-0.0002771198522264484,0.0002658602470377
0.1286200691308835,4.110906218278162,4.111183338057361,-0.00027711977919953057,0.0002658617756858
0.1286200690322544,4.1109062183291005,4.111183338057343,-0.0002771197282420701,0.0002658614111018
0.1286200689100014,4.110906218244764,4.111183338057364,-0.00027711981259948004,0.0002658608052017
0.1286200689100014,4.110906218212531,4.111183338057384,-0.00027711984485367935,0.0002658602722175
0.1286200693339135,4.110906218248211,4.111183338057399,-0.0002771198091888749,0.0002658608052017
0.1286200691025899,4.110906218162174,4.111183338057376,-0.0002771198952027376,0.0002658611660287
0.1286200691064573,4.1109062181976235,4.111183338057359,-0.0002771198597351088,0.0002658597675085
0.1286200693091989,4.110906218261123,4.11118333805736,-0.0002771197962374572,0.0002658613638448
0.1286200689095337,4.110906218293213,4.1111833380573755,-0.0002771197641626699,0.0002658611660287
0.1286200691064573,4.110906218304713,4.111183338057349,-0.0002771197526358904,0.0002658608281509
0.1286200687846308,4.110906218294701,4.1111833380573675,-0.0002771197626660893,0.0002658613638448
0.1286200693091989,4.110906218187248,4.111183338057392,-0.00027711987014455985,0.0002658613638448
0.1286200692130541,4.1109062182911735,4.111183338057394,-0.0002771197662205793,0.0002658610359488
0.1286200691064573,4.110906218238144,4.111183338057426,-0.00027711981928213447,0.0002658617756858
0.1286200690919358,4.110906218160616,4.111183338057321,-0.0002771198967055355,0.0002658610224641
0.1286200693397242,4.110906218228674,4.111183338057368,-0.0002771198286941612,0.0002658602470377
0.1286200687846308,4.110906218219508,4.11118333805736,-0.00027711983785216887,0.0002658610224641
0.1286200691025899,4.110906218217085,4.111183338057357,-0.0002771198402715669,0.0002658602470377
0.1286200692750439,4.110906218241735,4.111183338057391,-0.000277119815655702,0.0002658614111018
0.1286200689198613,4.110906218252758,4.111183338057346,-0.0002771198045881107,0.0002658606803832
0.1286200692130541,4.110906218254937,4.111183338057336,-0.00027711980239963907,0.0002658606803832
0.1286200692750439,4.110906218269254,4.111183338057347,-0.0002771197880928611,0.0002658608052017
0.1286200690533391,4.110906218216412,4.111183338057372,-0.00027711984095990516,0.0002658608462711
0.1286200690322544,4.110906218295236,4.111183338057369,-0.00027711976213318223,0.0002658610224641
0.1286200690484157,4.110906218232642,4.1111833380573515,-0.0002771198247097928,0.000265860295005
0.1286200691352324,4.110906218225471,4.111183338057375,-0.0002771198319031498,0.0002658608281509
0.1286200691407685,4.110906218236377,4.111183338057375,-0.000277119820997207,0.0002658605517821
0.1286200687603389,4.110906218299559,4.111183338057369,-0.00027711975781041787,0.0002658623965811
0.1286200691407685,4.1109062182875995,4.111183338057377,-0.0002771197697777339,0.0002658602466982
0.1286200689198613,4.110906218211865,4.111183338057413,-0.0002771198455473467,0.0002658602722175
0.1286200691064573,4.110906218167164,4.1111833380574,-0.0002771198902360439,0.0002658614600079
0.1286200690484157,4.110906218173925,4.11118333805738,-0.00027711988345480165,0.0002658608281509
0.1286200690919358,4.110906218157852,4.111183338057334,-0.00027711989948198124,0.0002658611660287
0.1286200690322544,4.110906218222042,4.1111833380573595,-0.00027711983531730766,0.0002658602363048
0.1286200691064573,4.110906218223729,4.111183338057393,-0.0002771198336644076,0.0002658602905383
0.1286200691407685,4.110906218260234,4.111183338057383,-0.00027711979714872825,0.0002658605387104
0.1286200693234346,4.110906218195865,4.111183338057365,-0.0002771198614999193,0.0002658608052017
0.1286200692750439,4.11090621811139,4.1111833380573755,-0.00027711994598522693,0.0002658608281509
0.1286200690484157,4.110906218252903,4.111183338057391,-0.00027711980448774653,0.0002658614111018
0.1286200692716405,4.110906218187711,4.111183338057356,-0.0002771198696445154,0.0002658606803832
0.1286200691308835,4.110906218203103,4.111183338057376,-0.00027711985427369967,0.0002658608281509
0.1286200687949469,4.110906218189697,4.111183338057349,-0.00027711986765144303,0.0002658623211155
0.1286200690484157,4.110906218255325,4.111183338057365,-0.0002771198020399268,0.0002658605517821
0.1286200690919358,4.110906218225625,4.111183338057358,-0.00027711983173261956,0.0002658606803832
0.1286200689198613,4.110906218253388,4.111183338057352,-0.00027711980396460945,0.0002658606803832
0.1286200691407685,4.110906218289102,4.11118333805736,-0.0002771197682580606,0.0002658608462711
0.1286200689095337,4.110906218203912,4.111183338057363,-0.00027711985345124646,0.0002658608462711
0.1286200691407685,4.110906218186239,4.111183338057344,-0.0002771198711055689,0.0002658608052017
0.1286200690919358,4.110906218194995,4.111183338057356,-0.0002771198623605642,0.0002658606125664
0.1286200692130541,4.110906218161009,4.111183338057341,-0.0002771198963316124,0.0002658608281509
0.1286200691025899,4.11090621825698,4.1111833380573675,-0.00027711980038702677,0.0002658606803832
0.1286200691064573,4.11090621822949,4.111183338057351,-0.00027711982786016165,0.0002658610359488
0.1286200688711321,4.110906218222436,4.11118333805738,-0.0002771198349442727,0.0002658610224641
0.1286200690484157,4.11090621823764,4.111183338057377,-0.0002771198197368818,0.0002658610224641
0.1286200693009225,4.110906218251157,4.1111833380573355,-0.00027711980617883825,0.0002658608281509
0.1286200691064573,4.110906218241083,4.111183338057358,-0.00027711981627476234,0.0002658610359488
0.1286200691025899,4.110906218271013,4.11118333805738,-0.0002771197863671304,0.0002658610224641
0.1286200693091989,4.110906218239104,4.111183338057366,-0.00027711981826161747,0.000265860295005
0.1286200690533391,4.110906218292073,4.111183338057374,-0.0002771197653004265,0.0002658602722175
0.1286200693234346,4.110906218198957,4.111183338057325,-0.0002771198583682022,0.0002658606803832
0.1286200690484157,4.110906218251066,4.111183338057373,-0.00027711980630673594,0.0002658605387104
0.1286200691025899,4.110906218218593,4.111183338057311,-0.00027711983871725465,0.0002658605517821
0.1286200690322544,4.110906218268738,4.111183338057362,-0.0002771197886239918,0.0002658608462711
0.1286200687696346,4.110906218250826,4.111183338057366,-0.0002771198065394387,0.0002658624196473
0.128620068785716,4.110906218262711,4.11118333805735,-0.00027711979463873604,0.0002658602722175
0.1286200691352324,4.110906218211688,4.11118333805739,-0.00027711984570188974,0.0002658620103872
0.1286200690322544,4.110906218289192,4.1111833380573675,-0.00027711976817546,0.0002658608052017
0.1286200691407685,4.110906218189298,4.111183338057373,-0.00027711986807510414,0.0002658602466982
0.1286200693009225,4.110906218167837,4.1111833380573835,-0.00027711988954681743,0.0002658606125664
0.1286200690484157,4.110906218253385,4.111183338057345,-0.00027711980396016855,0.0002658608052017
