A,v,vprep,delta,resid
0.14712619624227735,4.701100312454853,4.701514530281631,-0.00041421782677719676,0.0003478162989247
0.14712619639914443,4.701100312475679,4.701514530281632,-0.00041421780595296553,0.0003478156540337
0.1471261962784451,4.701100312478087,4.701514530281677,-0.00041421780358952276,0.00034781469917835
0.14712619623360285,4.701100312466975,4.701514530281655,-0.0004142178146793185,0.0003478141023163
0.1471261962646172,4.701100312497941,4.701514530281669,-0.00041421778372807694,0.00034781554340205
0.14712619622359285,4.7011003124875925,4.701514530281688,-0.00041421779409578363,0.00034781578524719996
0.14712619636578805,4.701100312489006,4.701514530281596,-0.0004142177925903212,0.00034781494044785
0.1471261962362931,4.701100312452497,4.701514530281662,-0.00041421782916462035,0.00034781483275254997
0.14712619638153096,4.701100312466665,4.701514530281612,-0.0004142178149466602,0.0003478161852725
0.1471261962646172,4.701100312456543,4.701514530281653,-0.00041421782511008587,0.00034781512109115
0.14712619618791167,4.7011003124548285,4.701514530281659,-0.00041421782683048747,0.0003478154327704
0.1471261962162731,4.701100312412006,4.701514530281634,-0.0004142178696282528,0.0003478154816324
0.1471261963756883,4.701100312462906,4.701514530281621,-0.00041421781871520125,0.00034781469248755
0.14712619611397545,4.701100312484201,4.701514530281634,-0.00041421779743355813,0.0003478151434521
0.14712619633688,4.70110031247403,4.701514530281668,-0.00041421780763784,0.000347813957883
0.14712619629503526,4.701100312482365,4.701514530281659,-0.0004142177992942919,0.00034781464959679996
0.1471261962449676,4.701100312434163,4.701514530281629,-0.0004142178474655367,0.00034781528811125
0.1471261963114234,4.701100312439372,4.701514530281612,-0.00041421784223949487,0.00034781412407135
0.1471261962785461,4.701100312445095,4.701514530281639,-0.00041421783654360667,0.00034781565207145
0.14712619630212376,4.701100312456692,4.7015145302816235,-0.000414217824931562,0.0003478142530481
0.1471261962780576,4.70110031242684,4.701514530281656,-0.0004142178548161013,0.0003478154816324
0.1471261964872143,4.701100312453155,4.701514530281646,-0.00041421782849049293,0.0003478148756433
0.1471261962786471,4.7011003124737325,4.701514530281635,-0.00041421780790251717,0.0003478154816324
0.14712619633688,4.701100312455528,4.701514530281678,-0.0004142178261492546,0.0003478149900294
0.1471261962774681,4.701100312443282,4.701514530281641,-0.00041421783835904336,0.0003478150977247
0.1471261962646172,4.701100312488498,4.701514530281627,-0.0004142177931294455,0.00034781464959679996
0.1471261962449676,4.7011003124692285,4.701514530281654,-0.0004142178124251217,0.0003478143767303
0.1471261963756883,4.701100312448104,4.701514530281624,-0.0004142178335202473,0.0003478150128931
0.1471261962785461,4.7011003124650985,4.701514530281642,-0.000414217816543605,0.00034781519772765
0.14712619630069734,4.701100312449237,4.701514530281657,-0.00041421783241979426,0.00034781509822744995
0.14712619610074812,4.701100312441163,4.701514530281644,-0.0004142178404809016,0.0003478141840158
0.1471261962646172,4.701100312461427,4.701514530281639,-0.0004142178202117819,0.00034781586948559996
0.1471261962655551,4.70110031246619,4.701514530281629,-0.00041421781543871106,0.00034781640317045
0.14712619610074812,4.701100312473265,4.701514530281664,-0.0004142178083990089,0.0003478149833386
0.1471261962785461,4.701100312461588,4.701514530281666,-0.00041421782007766694,0.0003478140468088
0.1471261960179878,4.701100312500872,4.701514530281608,-0.000414217780736692,0.0003478142530481
0.14712619613211697,4.701100312444691,4.701514530281657,-0.0004142178369663796,0.0003478163762917
0.1471261962779566,4.701100312469933,4.701514530281614,-0.00041421781168082816,0.00034781556783305
0.14712619623360285,4.701100312422394,4.701514530281631,-0.0004142178592365653,0.0003478150987302
0.147126196019987,4.701100312422505,4.701514530281655,-0.0004142178591495238,0.00034781482606175004
0.14712619623360285,4.7011003124727635,4.701514530281633,-0.00041421780886974346,0.00034781565207145
0.14712619629493423,4.7011003124547335,4.70151453028164,-0.0004142178269068708,0.00034781556783305
0.14712619630222473,4.701100312457284,4.701514530281644,-0.0004142178243595751,0.0003478154816324
0.14712619630222473,4.701100312471601,4.701514530281649,-0.00041421781004835623,0.0003478150987302
0.1471261962785461,4.70110031247669,4.701514530281608,-0.0004142178049182377,0.00034781556783305
0.1471261964872143,4.701100312456104,4.701514530281634,-0.00041421782553019426,0.00034781482606175004
0.14712619624227735,4.70110031249102,4.701514530281655,-0.00041421779063455233,0.0003478148823341
0.1471261962784451,4.701100312426244,4.7015145302817025,-0.0004142178554582543,0.0003478157382721
0.1471261963292711,4.701100312463577,4.70151453028161,-0.0004142178180330802,0.0003478142530481
0.1471261962655551,4.701100312465328,4.701514530281658,-0.0004142178163304422,0.00034781464959679996
0.1471261963933018,4.7011003124795945,4.701514530281632,-0.00041421780203787506,0.00034781565207145
0.14712619623360285,4.701100312465858,4.70151453028167,-0.000414217815811746,0.0003478141187768
0.1471261962362931,4.701100312476045,4.701514530281643,-0.00041421780559769417,0.0003478152657503
0.1471261960524003,4.701100312478356,4.70151453028162,-0.0004142178032635613,0.0003478142530481
0.14712619618791167,4.701100312457797,4.701514530281626,-0.0004142178238293326,0.00034781554340205
0.1471261961387246,4.701100312442418,4.701514530281684,-0.0004142178392658735,0.00034781399720375
0.1471261962785461,4.701100312435482,4.7015145302816315,-0.0004142178461492563,0.0003478145160226
0.1471261963258024,4.701100312468917,4.701514530281622,-0.0004142178127048979,0.0003478161852725
0.14712619623360285,4.701100312481614,4.701514530281617,-0.0004142178000030583,0.00034781498384134997
0.14712619622359285,4.701100312469473,4.701514530281666,-0.0004142178121933071,0.0003478152967251
0.14712619630222473,4.701100312469824,4.701514530281657,-0.00041421781183359485,0.0003478141023163
0.14712619596966414,4.701100312451001,4.70151453028168,-0.00041421783067896456,0.0003478158225105
0.1471261960001583,4.70110031243021,4.701514530281637,-0.00041421785142681244,0.0003478162420986
0.14712619615108752,4.701100312446057,4.701514530281652,-0.0004142178355950321,0.00034781424775355
0.1471261964618621,4.701100312468083,4.701514530281661,-0.00041421781357797727,0.0003478162420986
0.14712619622359285,4.701100312438045,4.701514530281681,-0.0004142178436365995,0.00034781641208385004
0.1471261963114234,4.701100312453327,4.7015145302816235,-0.00041421782829687004,0.0003478154572014
0.1471261962646172,4.701100312480048,4.701514530281628,-0.000414217801579575,0.00034781512058839996
0.1471261962262831,4.701100312429981,4.701514530281631,-0.00041421785164974523,0.0003478154816324
0.14712619633688,4.701100312443313,4.701514530281665,-0.00041421783835193793,0.0003478156540337
0.1471261963292711,4.701100312478071,4.701514530281642,-0.000414217803570871,0.00034781445626845
0.1471261964872143,4.701100312457571,4.701514530281646,-0.00041421782407446983,0.0003478149409506
0.1471261964109153,4.701100312444057,4.701514530281603,-0.0004142178375463601,0.0003478143767303
0.1471261963114234,4.701100312437367,4.701514530281658,-0.000414217844291187,0.00034781412407135
0.14712619622359285,4.701100312441015,4.701514530281677,-0.00041421784066209,0.0003478154327704
0.1471261963292711,4.701100312451268,4.701514530281628,-0.0004142178303601085,0.0003478134118768
0.1471261962755923,4.701100312478405,4.7015145302816395,-0.0004142178032342514,0.00034781531254225
0.1471261962449676,4.701100312457498,4.701514530281636,-0.0004142178241375305,0.00034781522008860003
0.14712619632938184,4.701100312459442,4.701514530281607,-0.00041421782216488623,0.0003478137972341
0.1471261960179878,4.701100312443843,4.7015145302816785,-0.00041421783783590627,0.00034781538917875
0.1471261962162731,4.7011003124705955,4.701514530281676,-0.00041421781108041955,0.00034781628872455
0.14712619610074812,4.701100312495101,4.701514530281661,-0.00041421778655958974,0.0003478145160226
0.1471261962785461,4.701100312480642,4.701514530281656,-0.0004142178010146935,0.00034781556783305
0.1471261962449676,4.701100312460117,4.701514530281631,-0.00041421782151385145,0.00034781444637645
0.1471261962770187,4.701100312452253,4.701514530281634,-0.0004142178293813359,0.0003478142530481
0.1471261963756883,4.701100312444893,4.701514530281685,-0.00041421783679140844,0.0003478137219118
0.1471261962646172,4.701100312452295,4.701514530281657,-0.00041421782936179596,0.0003478161852725
0.1471261962660436,4.701100312486559,4.701514530281619,-0.0004142177950603454,0.0003478150977247
0.14712619632034724,4.701100312476407,4.701514530281655,-0.00041421780524775187,0.00034781412407135
0.1471261962786471,4.701100312453679,4.70151453028168,-0.0004142178280011066,0.00034781556783305
0.1471261962309126,4.701100312481427,4.701514530281639,-0.00041421780021178023,0.0003478158225105
0.14712619615108752,4.701100312428553,4.701514530281624,-0.0004142178530717189,0.0003478162420986
0.14712619636578805,4.701100312451818,4.701514530281667,-0.0004142178298494059,0.0003478149900294
0.14712619629503526,4.701100312442974,4.701514530281644,-0.0004142178386699058,0.00034781586948559996
0.1471261962162731,4.701100312445085,4.701514530281652,-0.0004142178365666993,0.00034781509822744995
0.14712619616919353,4.701100312458875,4.701514530281613,-0.0004142178227377613,0.0003478150128931
0.1471261962786471,4.701100312466857,4.701514530281679,-0.00041421781482231523,0.00034781400096115
0.14712619601583174,4.701100312476873,4.701514530281652,-0.00041421780477879366,0.0003478154816324
0.1471261960848136,4.701100312460942,4.701514530281672,-0.0004142178207304781,0.0003478145160226
0.147126196214323,4.701100312464001,4.7015145302816785,-0.00041421781767780885,0.0003478146295322
0.1471261962774681,4.701100312451644,4.701514530281643,-0.0004142178299986199,0.00034781482606175004
0.1471261962765302,4.701100312440328,4.701514530281634,-0.00041421784130601935,0.0003478162151922
0.1471261962780576,4.701100312443881,4.701514530281633,-0.0004142178377524175,0.0003478137219118
0.1471261961188896,4.701100312444185,4.701514530281668,-0.00041421783748329943,0.0003478152657503
0.14712619639914443,4.7011003124749795,4.701514530281622,-0.000414217806642192,0.00034781432269425
0.1471261963186129,4.701100312459196,4.701514530281688,-0.00041421782249262407,0.0003478141293659
0.1471261963186129,4.701100312438436,4.701514530281611,-0.00041421784317474675,0.0003478156540337
0.1471261962774681,4.701100312434938,4.701514530281653,-0.00041421784671502593,0.00034781567461554996
0.1471261963258024,4.701100312479618,4.701514530281629,-0.0004142178020112297,0.000347814783171
0.14712619629503526,4.7011003124568465,4.701514530281642,-0.0004142178247956707,0.000347814783171
0.1471261962785461,4.701100312475269,4.70151453028156,-0.0004142178062913615,0.00034781483275254997
0.1471261963600886,4.701100312446203,4.701514530281675,-0.0004142178354715753,0.00034781394169625
0.1471261962309126,4.701100312487779,4.701514530281617,-0.0004142177938382119,0.0003478154816324
0.1471261962449676,4.701100312445605,4.701514530281695,-0.00041421783609063567,0.0003478163622569
0.1471261963292711,4.701100312452763,4.70151453028166,-0.00041421782889727865,0.00034781512058839996
0.1471261963292711,4.701100312453913,4.7015145302816395,-0.0004142178277266595,0.00034781522008860003
0.1471261962755923,4.701100312442698,4.701514530281652,-0.0004142178389541229,0.0003478150977247
0.14712619622359285,4.70110031246255,4.701514530281646,-0.0004142178190953416,0.0003478159164607
0.14712619634257945,4.70110031246844,4.7015145302816235,-0.00041421781318362605,0.0003478163622569
0.1471261962309126,4.7011003124314374,4.701514530281611,-0.0004142178501735927,0.00034781641208385004
0.1471261963292711,4.701100312451829,4.701514530281626,-0.0004142178297970034,0.0003478135251262
0.14712619632753676,4.701100312465922,4.70151453028165,-0.0004142178157282572,0.00034781482606175004
0.1471261962655551,4.701100312501797,4.701514530281695,-0.0004142177798982516,0.0003478142530481
0.1471261962655551,4.70110031250795,4.701514530281631,-0.00041421777368100265,0.00034781509822744995
0.1471261963756883,4.701100312462744,4.701514530281646,-0.0004142178189017187,0.00034781512109115
0.1471261962362931,4.701100312460113,4.701514530281652,-0.00041421782153872044,0.0003478141187768
0.1471261963292711,4.701100312453968,4.701514530281647,-0.00041421782767869786,0.00034781498384134997
0.1471261963292711,4.701100312464627,4.701514530281646,-0.00041421781701878047,0.000347814783171
0.1471261963756883,4.7011003124621595,4.7015145302815675,-0.0004142178194079804,0.0003478145160226
0.1471261963258024,4.701100312493631,4.701514530281669,-0.00041421778803751863,0.00034781385277045
0.1471261963292711,4.701100312505232,4.701514530281689,-0.0004142177764574484,0.0003478141023163
0.14712619623360285,4.701100312490522,4.701514530281645,-0.00041421779112305046,0.00034781444637645
0.1471261964363887,4.701100312444077,4.701514530281611,-0.0004142178375339256,0.0003478141187768
0.14712619622359285,4.70110031246327,4.701514530281636,-0.00041421781836614713,0.0003478163673783
0.1471261961634504,4.701100312476652,4.701514530281656,-0.000414217805004391,0.0003478154327704
0.1471261962536421,4.701100312455788,4.701514530281661,-0.00041421782587303113,0.00034781628872455
0.1471261963873736,4.701100312430121,4.701514530281616,-0.0004142178514952022,0.0003478154816324
0.14712619620292466,4.701100312453443,4.701514530281622,-0.0004142178281787423,0.00034781522008860003
0.1471261962536421,4.701100312445517,4.70151453028166,-0.0004142178361430382,0.0003478148689525
0.1471261962536421,4.701100312444216,4.701514530281626,-0.0004142178374104688,0.0003478160508666
0.14712619623360285,4.701100312439005,4.701514530281693,-0.000414217842688025,0.0003478138725564
0.14712619616919353,4.701100312456338,4.701514530281682,-0.0004142178253436768,0.00034781625705844997
0.14712619609854174,4.7011003124627715,4.701514530281663,-0.00041421781889194875,0.0003478154816324
0.1471261961634504,4.701100312442443,4.701514530281647,-0.00041421783920370103,0.0003478149900294
0.1471261962770187,4.701100312466235,4.701514530281626,-0.0004142178153907494,0.00034781512109115
0.14712619616919353,4.70110031246581,4.701514530281667,-0.0004142178158570431,0.00034781625705844997
0.1471261962786471,4.701100312459328,4.701514530281673,-0.00041421782234518645,0.00034781444637645
0.1471261962646172,4.701100312441016,4.701514530281615,-0.00041421784059902933,0.0003478156540337
0.14712619625325246,4.70110031248074,4.701514530281642,-0.00041421780090189486,0.00034781464959679996
0.1471261963186129,4.701100312451252,4.701514530281665,-0.0004142178304133992,0.0003478160038915
0.1471261961956049,4.70110031247414,4.701514530281676,-0.0004142178075356995,0.0003478146228414
0.1471261961634504,4.7011003124290704,4.701514530281691,-0.00041421785262052424,0.00034781620023235
0.14712619613786015,4.701100312458254,4.701514530281641,-0.00041421782338701973,0.0003478140468088
0.1471261962779566,4.701100312462131,4.701514530281627,-0.0004142178194959101,0.00034781519772765
0.14712619613211697,4.70110031243409,4.701514530281641,-0.0004142178475508018,0.0003478150987302
0.14712619615108752,4.701100312459411,4.701514530281669,-0.00041421782225814496,0.0003478138823238
0.14712619601583174,4.701100312493911,4.701514530281654,-0.0004142177877426434,0.0003478142395233
0.1471261963258024,4.701100312480116,4.70151453028164,-0.00041421780152450793,0.00034781444637645
0.1471261961255093,4.701100312450423,4.701514530281649,-0.00041421783122608247,0.00034781565207145
0.14712619632034724,4.701100312425736,4.701514530281625,-0.0004142178558890208,0.0003478143767303
0.14712619638340155,4.701100312473572,4.701514530281699,-0.0004142178081272263,0.0003478136796882
0.1471261961255093,4.701100312449306,4.701514530281676,-0.00041421783237005627,0.00034781512109115
0.14712619633688,4.701100312463135,4.701514530281593,-0.0004142178184585177,0.00034781538917875
0.14712619632753676,4.701100312480242,4.7015145302816395,-0.0004142178013974984,0.00034781531254225
0.1471261962779566,4.701100312471527,4.701514530281616,-0.00041421781008921243,0.0003478157382721
0.1471261962779566,4.701100312446798,4.701514530281678,-0.0004142178348800485,0.00034781482606175004
0.1471261963186129,4.701100312443632,4.701514530281638,-0.00041421783800554834,0.0003478154572014
0.1471261962362931,4.701100312471029,4.701514530281629,-0.000414217810599915,0.0003478148756433
0.1471261961936548,4.701100312470671,4.701514530281674,-0.00041421781100314803,0.0003478141293659
0.1471261962309126,4.70110031246012,4.701514530281622,-0.00041421782150141695,0.0003478151434521
0.14712619616919353,4.701100312448656,4.701514530281634,-0.0004142178329784585,0.0003478163622569
0.1471261960848136,4.701100312467114,4.701514530281621,-0.0004142178145070119,0.0003478143767303
0.1471261963258024,4.70110031248038,4.701514530281649,-0.00041421780126960073,0.0003478161852725
0.1471261962785461,4.70110031248798,4.701514530281655,-0.00041421779367478706,0.0003478150987302
0.1471261962780576,4.7011003124915405,4.7015145302816626,-0.0004142177901220734,0.00034781519772765
0.1471261962785461,4.701100312465878,4.701514530281668,-0.00041421781578954153,0.0003478160038915
0.14712619622359285,4.701100312472025,4.70151453028164,-0.00041421780961492516,0.0003478150977247
0.1471261963873736,4.701100312475122,4.701514530281646,-0.00041421780652406426,0.0003478145160226
0.1471261962785461,4.701100312481599,4.701514530281594,-0.0004142177999950647,0.00034781412407135
0.14712619618791167,4.701100312467336,4.701514530281633,-0.0004142178142974018,0.00034781512109115
0.1471261961255093,4.701100312431365,4.701514530281647,-0.00041421785028195046,0.0003478152967251
0.1471261962765302,4.701100312445477,4.701514530281671,-0.00041421783619455255,0.0003478149833386
0.14712619622359285,4.70110031247646,4.701514530281655,-0.00041421780519446116,0.0003478143767303
0.1471261962646172,4.701100312457805,4.701514530281634,-0.0004142178238293326,0.0003478162420986
0.147126196214323,4.701100312483478,4.7015145302816626,-0.0004142177981849571,0.00034781411054655
0.14712619630222473,4.701100312461621,4.701514530281635,-0.0004142178200137181,0.00034781536474775003
0.1471261962162731,4.701100312445614,4.701514530281654,-0.0004142178360400095,0.00034781556783305
0.1471261961936548,4.70110031248274,4.701514530281646,-0.0004142177989052698,0.0003478160508666
0.1471261963292711,4.701100312443701,4.7015145302816235,-0.0004142178379220596,0.00034781512058839996
0.1471261962785461,4.70110031246913,4.701514530281649,-0.0004142178125192686,0.00034781498384134997
0.1471261962755923,4.701100312449288,4.701514530281625,-0.00041421783233719367,0.00034781483275254997
0.1471261962765302,4.701100312491701,4.701514530281675,-0.0004142177899737476,0.0003478151434521
0.1471261962655551,4.701100312457898,4.701514530281691,-0.00041421782379291727,0.0003478148689525
0.1471261961956049,4.701100312455936,4.701514530281638,-0.0004142178257016127,0.00034781620023235
0.1471261962449676,4.701100312452518,4.701514530281598,-0.0004142178290793552,0.0003478150977247
0.14712619622359285,4.701100312440803,4.701514530281674,-0.0004142178408708119,0.00034781536474775003
0.1471261963292711,4.701100312445903,4.70151453028166,-0.0004142178357566806,0.00034781376768075
0.1471261963114234,4.701100312468382,4.701514530281664,-0.00041421781328221385,0.00034781499053215
0.1471261962536421,4.701100312464497,4.701514530281631,-0.0004142178171333555,0.0003478157382721
0.14712619630222473,4.701100312440774,4.701514530281698,-0.00041421784092410263,0.0003478151434521
0.1471261962536421,4.701100312451441,4.701514530281639,-0.00041421783019757186,0.0003478148689525
0.1471261962309126,4.701100312466489,4.701514530281651,-0.0004142178151615994,0.000347814005434
0.1471261962362931,4.701100312447222,4.7015145302816626,-0.00041421783444040017,0.00034781384300305
0.1471261961634504,4.701100312452305,4.701514530281689,-0.0004142178293840004,0.00034781641208385004
0.1471261962765302,4.7011003124690305,4.701514530281604,-0.0004142178125734475,0.0003478148823341
0.1471261962786471,4.701100312454594,4.701514530281653,-0.0004142178270587493,0.00034781469248755
0.1471261962785461,4.701100312492543,4.701514530281654,-0.00041421778911043816,0.0003478141293659
0.1471261962536421,4.7011003124715804,4.701514530281636,-0.00041421781005546165,0.0003478151434521
0.1471261962774681,4.701100312439622,4.701514530281674,-0.0004142178420520892,0.00034781628872455
0.1471261962309126,4.701100312471175,4.70151453028167,-0.0004142178104942218,0.0003478150987302
0.1471261961749367,4.701100312435176,4.701514530281673,-0.0004142178464974222,0.0003478156540337
0.14712619632938184,4.701100312467957,4.701514530281642,-0.00041421781368544686,0.00034781482606175004
0.1471261961122699,4.701100312478369,4.701514530281626,-0.00041421780325734403,0.00034781641208385004
0.1471261963444889,4.701100312468779,4.701514530281657,-0.00041421781287809267,0.0003478141023163
0.1471261959550003,4.70110031242474,4.7015145302816395,-0.00041421785689976787,0.0003478149900294
0.1471261962536421,4.701100312459976,4.701514530281607,-0.0004142178216302028,0.0003478142530481
0.1471261962362931,4.701100312497698,4.701514530281622,-0.0004142177839234762,0.00034781538917875
0.1471261966203099,4.701100312481936,4.701514530281686,-0.00041421779974992745,0.0003478148823341
0.14712619623360285,4.701100312479678,4.701514530281652,-0.0004142178019739262,0.00034781556783305
0.14712619610074812,4.701100312481789,4.701514530281654,-0.00041421779986450247,0.00034781411054655
0.1471261962362931,4.701100312461025,4.701514530281616,-0.00041421782059103407,0.0003478148689525
0.1471261962655551,4.701100312504603,4.701514530281674,-0.0004142177770711797,0.0003478140468088
0.14712619622359285,4.701100312437018,4.70151453028165,-0.00041421784463224753,0.0003478162151922
0.147126196214323,4.701100312431039,4.701514530281647,-0.00041421785060791194,0.00034781483275254997
0.1471261962573691,4.701100312433953,4.701514530281637,-0.0004142178476840286,0.0003478149900294
0.1471261962655551,4.7011003124283794,4.701514530281631,-0.0004142178532511309,0.0003478156540337
0.147126196214323,4.701100312419567,4.701514530281678,-0.00041421786211071066,0.0003478149833386
0.1471261962262831,4.701100312457998,4.701514530281648,-0.00041421782364992055,0.00034781509822744995
0.1471261962655551,4.701100312444565,4.701514530281635,-0.00041421783707029647,0.0003478152967251
0.14712619610736782,4.7011003124525725,4.701514530281677,-0.0004142178291042242,0.00034781444637645
0.1471261964618621,4.701100312455608,4.701514530281651,-0.0004142178260426732,0.0003478150987302
0.1471261962774681,4.701100312439072,4.70151453028168,-0.0004142178426080889,0.00034781483275254997
0.1471261961387246,4.70110031244261,4.701514530281648,-0.00041421783903849985,0.00034781519772765
0.1471261961387246,4.70110031246723,4.70151453028168,-0.0004142178144501685,0.0003478138134497
0.14712619632938184,4.701100312459812,4.7015145302816315,-0.0004142178218193848,0.00034781522008860003
0.1471261962655551,4.701100312481383,4.701514530281651,-0.00041421780026773547,0.00034781480687365
0.14712619624227735,4.7011003124944,4.701514530281636,-0.0004142177872354935,0.00034781536474775003
0.14712619618791167,4.70110031244,4.701514530281649,-0.0004142178416488562,0.0003478158225105
0.1471261962162731,4.701100312472956,4.70151453028164,-0.0004142178086841142,0.00034781444637645
0.1471261963558878,4.701100312442357,4.701514530281616,-0.0004142178392596563,0.00034781444637645
0.14712619615108752,4.701100312459825,4.70151453028163,-0.0004142178218042858,0.0003478157382721
0.14712619634257945,4.70110031246137,4.701514530281674,-0.00041421782030415244,0.00034781509822744995
0.14712619630163526,4.701100312437436,4.701514530281633,-0.0004142178441970401,0.0003478141187768
0.1471261963186129,4.701100312496598,4.701514530281686,-0.0004142177850878781,0.00034781482606175004
0.1471261962779566,4.701100312492849,4.701514530281607,-0.00041421778875783133,0.0003478158225105
0.14712619601783095,4.701100312413203,4.701514530281609,-0.0004142178684061193,0.00034781411054655
0.1471261963186129,4.701100312459467,4.701514530281716,-0.0004142178222492632,0.00034781498384134997
0.1471261962646172,4.701100312450156,4.701514530281668,-0.0004142178315120759,0.0003478166959418
0.1471261962774681,4.701100312484637,4.7015145302816475,-0.0004142177970107852,0.00034781480687365
0.1471261962262831,4.701100312458662,4.7015145302816785,-0.00041421782301664933,0.00034781628872455
0.14712619625419035,4.70110031250306,4.701514530281645,-0.0004142177785846357,0.0003478138823238
0.1471261964872143,4.701100312481473,4.701514530281654,-0.000414217800180694,0.0003478152967251
0.1471261963258024,4.701100312491928,4.7015145302816395,-0.00041421778971173495,0.000347814005434
0.1471261964541471,4.7011003124813096,4.701514530281653,-0.00041421780034323064,0.0003478139913013
0.14712619615108752,4.701100312440643,4.7015145302816395,-0.0004142178409960451,0.0003478154816324
0.1471261963558878,4.7011003124610875,4.701514530281671,-0.00041421782058392864,0.0003478150987302
0.1471261962770187,4.701100312467291,4.7015145302816235,-0.00041421781433204075,0.00034781399720375
0.1471261962785461,4.701100312438797,4.701514530281659,-0.00041421784286210794,0.0003478149900294
0.1471261962449676,4.701100312433812,4.701514530281643,-0.000414217847830578,0.00034781376768075
0.14712619614447986,4.70110031246157,4.701514530281595,-0.0004142178200252644,0.00034781483275254997
0.1471261962784451,4.7011003124709205,4.701514530281638,-0.0004142178107171546,0.00034781483275254997
0.1471261962779566,4.701100312480848,4.701514530281626,-0.00041421780077843806,0.00034781528811125
0.1471261961956049,4.701100312446003,4.701514530281655,-0.00041421783565187553,0.00034781606582645
0.1471261961749367,4.701100312469332,4.70151453028164,-0.0004142178123087703,0.0003478161852725
0.14712619635018837,4.701100312442166,4.701514530281659,-0.0004142178394932472,0.0003478138134497
0.14712619622359285,4.7011003124596185,4.701514530281655,-0.00041421782203610036,0.00034781499053215
0.1471261963186129,4.701100312480764,4.701514530281596,-0.00041421780083172877,0.0003478150987302
0.1471261966213169,4.701100312469174,4.701514530281653,-0.0004142178124784124,0.00034781431739969995
0.14712619632938184,4.701100312492959,4.701514530281638,-0.00041421778867878345,0.00034781469248755
0.1471261963258024,4.701100312493454,4.70151453028163,-0.00041421778817607446,0.0003478152967251
0.14712619641690283,4.70110031251611,4.70151453028163,-0.00041421776551953116,0.0003478138725564
0.14712619629503526,4.701100312469016,4.701514530281644,-0.00041421781262762636,0.0003478163673783
0.1471261963114234,4.701100312469253,4.70151453028169,-0.000414217812436668,0.00034781700039715
0.1471261962162731,4.701100312454599,4.701514530281658,-0.0004142178270587493,0.0003478149833386
0.14712619625688061,4.701100312417077,4.701514530281637,-0.00041421786455941856,0.00034781536474775003
0.1471261962536421,4.701100312483902,4.701514530281656,-0.00041421779775419054,0.0003478148689525
0.1471261962646172,4.7011003124714765,4.701514530281659,-0.00041421781018247117,0.0003478142530481
0.1471261961188896,4.701100312466641,4.701514530281639,-0.0004142178149972864,0.0003478150128931
0.1471261962536421,4.701100312445558,4.701514530281662,-0.00041421783610395835,0.00034781644574995
0.1471261965097117,4.70110031246604,4.701514530281702,-0.00041421781566164384,0.0003478148073764
0.1471261962779566,4.701100312455279,4.701514530281656,-0.0004142178263775165,0.0003478143767303
0.1471261962162731,4.701100312477372,4.70151453028162,-0.00041421780424766297,0.00034781509822744995
0.1471261961255093,4.701100312510923,4.701514530281628,-0.00041421777070471677,0.000347814783171
0.1471261962646172,4.701100312461462,4.701514530281663,-0.00041421782020112374,0.00034781536474775003
0.1471261960159886,4.701100312469097,4.701514530281668,-0.00041421781257078294,0.0003478136374646
0.1471261962785461,4.701100312431815,4.701514530281696,-0.000414217849881382,0.0003478141158411
0.1471261963933018,4.701100312460758,4.701514530281609,-0.00041421782085127035,0.0003478158225105
0.14712619629503526,4.701100312494368,4.701514530281684,-0.0004142177873154296,0.0003478149833386
0.1471261961527497,4.701100312478293,4.701514530281666,-0.0004142178033728072,0.00034781536474775003
0.1471261964872143,4.701100312458113,4.701514530281661,-0.00041421782354778003,0.0003478138823238
0.14712619633699076,4.7011003124543,4.701514530281659,-0.00041421782735895363,0.0003478141023163
0.1471261962765302,4.70110031247712,4.701514530281648,-0.00041421780452832735,0.00034781482606175004
0.1471261962646172,4.701100312481617,4.701514530281646,-0.0004142178000288155,0.0003478151972249
0.14712619613211697,4.70110031245692,4.701514530281646,-0.0004142178247255046,0.0003478154327704
0.1471261963292711,4.701100312433609,4.701514530281637,-0.00041421784802775363,0.00034781628872455
0.1471261963114234,4.70110031244581,4.701514530281663,-0.00041421783585349203,0.00034781522008860003
0.1471261963444889,4.701100312451461,4.701514530281674,-0.0004142178302126709,0.0003478151434521
0.1471261962774681,4.701100312464498,4.70151453028166,-0.0004142178171617772,0.0003478158225105
0.1471261962771197,4.701100312480527,4.7015145302815995,-0.0004142178010724251,0.00034781482606175004
0.1471261962056149,4.701100312453005,4.701514530281661,-0.0004142178286556941,0.00034781394169625
0.1471261962646172,4.701100312471623,4.701514530281618,-0.0004142178099950655,0.00034781519772765
0.14712619623360285,4.701100312463907,4.701514530281659,-0.00041421781775241584,0.000347814783171
0.1471261964872143,4.701100312468653,4.701514530281635,-0.00041421781298200955,0.00034781444637645
0.1471261964286737,4.7011003124902455,4.701514530281641,-0.00041421779139572124,0.00034781412407135
0.1471261963584331,4.701100312478128,4.701514530281642,-0.0004142178035140276,0.00034781469917835
0.1471261962655551,4.701100312426531,4.701514530281674,-0.00041421785514295095,0.00034781578524719996
0.147126196214323,4.701100312456354,4.701514530281601,-0.00041421782524686535,0.0003478148823341
0.1471261962362931,4.701100312470853,4.701514530281648,-0.0004142178107953143,0.0003478152967251
0.14712619614447986,4.701100312440749,4.7015145302816315,-0.00041421784088235825,0.0003478160508666
0.14712619624227735,4.701100312438566,4.70151453028164,-0.0004142178430743826,0.0003478151434521
0.1471261962162731,4.701100312420776,4.701514530281646,-0.0004142178608699254,0.0003478150977247
0.1471261961634504,4.701100312469036,4.701514530281623,-0.00041421781258677015,0.00034781565207145
0.14712619632795615,4.7011003124426685,4.701514530281669,-0.0004142178390003082,0.00034781432269425
0.1471261964872143,4.7011003124657895,4.701514530281624,-0.00041421781583483863,0.0003478151434521
0.1471261963292711,4.701100312444261,4.7015145302816075,-0.00041421783734651996,0.00034781424775355
0.1471261962162731,4.701100312479604,4.701514530281659,-0.00041421780205475045,0.0003478156540337
0.14712619632753676,4.701100312482233,4.701514530281637,-0.00041421779940353787,0.0003478132094635
0.1471261962785461,4.701100312465373,4.701514530281594,-0.00041421781622119624,0.0003478150987302
0.14712619616919353,4.70110031246385,4.701514530281634,-0.00041421781778439026,0.00034781499053215
0.14712619629503526,4.701100312443166,4.701514530281628,-0.00041421783846207205,0.0003478145160226
0.1471261963258024,4.7011003124532165,4.7015145302816235,-0.00041421782840700416,0.0003478162989247
0.1471261962262831,4.701100312453354,4.701514530281641,-0.0004142178282871001,0.0003478141293659
0.1471261962449676,4.701100312442354,4.701514530281646,-0.0004142178392916307,0.0003478148689525
0.1471261962536421,4.701100312459592,4.7015145302816155,-0.00041421782202366586,0.00034781586948559996
0.1471261963558878,4.701100312452093,4.701514530281672,-0.0004142178295793997,0.00034781482606175004
0.147126196214323,4.701100312475125,4.701514530281643,-0.000414217806517847,0.00034781482606175004
0.1471261962349576,4.7011003124652175,4.701514530281613,-0.0004142178163952792,0.0003478149900294
0.1471261962765302,4.70110031245215,4.701514530281672,-0.00041421782952255626,0.0003478163622569
0.1471261962786471,4.701100312490985,4.701514530281633,-0.000414217790647875,0.0003478154327704
0.1471261963114234,4.701100312480396,4.701514530281626,-0.0004142178012305209,0.0003478162420986
0.1471261962362931,4.701100312443898,4.701514530281662,-0.0004142178377639638,0.00034781522008860003
0.14712619636593124,4.701100312470713,4.701514530281638,-0.00041421781092498833,0.0003478150977247
0.1471261962362931,4.701100312470336,4.701514530281653,-0.000414217811316675,0.00034781528811125
0.14712619624227735,4.701100312451663,4.701514530281623,-0.00041421782995954004,0.00034781625705844997
0.1471261962774681,4.7011003124876645,4.701514530281625,-0.0004142177939607805,0.0003478160038915
0.1471261962362931,4.701100312457802,4.701514530281685,-0.0004142178238826233,0.000347814783171
0.1471261963294926,4.701100312486469,4.701514530281672,-0.0004142177952033421,0.00034781620023235
0.1471261962362931,4.7011003124643835,4.701514530281611,-0.0004142178172275024,0.0003478143767303
0.14712619622164275,4.70110031246317,4.701514530281651,-0.00041421781848072214,0.0003478148689525
0.1471261961936548,4.70110031248597,4.701514530281656,-0.0004142177956865112,0.0003478158225105
0.1471261962755923,4.701100312467803,4.701514530281664,-0.0004142178138613062,0.00034781469248755
0.1471261962449676,4.70110031249793,4.701514530281627,-0.0004142177836969907,0.0003478141187768
0.14712619622359285,4.70110031246345,4.701514530281654,-0.0004142178182036105,0.0003478154327704
0.1471261962785461,4.701100312442248,4.701514530281652,-0.0004142178394035412,0.000347816373731
0.1471261965174267,4.701100312474132,4.7015145302816705,-0.000414217807538364,0.0003478142530481
0.1471261963258024,4.7011003124657735,4.701514530281623,-0.0004142178158490495,0.0003478149900294
0.1471261962162731,4.701100312462561,4.701514530281624,-0.0004142178190633672,0.0003478162151922
0.1471261966203099,4.701100312477118,4.70151453028167,-0.00041421780455142,0.0003478141293659
0.14712619622359285,4.701100312460747,4.70151453028164,-0.00041421782089301473,0.0003478151972249
0.1471261962536421,4.701100312450682,4.701514530281672,-0.0004142178309907152,0.000347814783171
0.1471261964541471,4.7011003124678306,4.7015145302816626,-0.0004142178138319963,0.00034781509822744995
0.1471261964110602,4.701100312462529,4.701514530281647,-0.00041421781911754607,0.00034781512109115
0.147126196214323,4.701100312471798,4.701514530281666,-0.000414217809868056,0.00034781464959679996
0.1471261963292711,4.701100312493424,4.701514530281614,-0.00041421778818939714,0.0003478139913013
0.1471261961387246,4.701100312434377,4.701514530281616,-0.0004142178472390512,0.0003478152967251
0.1471261962349576,4.701100312410691,4.701514530281653,-0.0004142178709614086,0.0003478154327704
0.14712619632045798,4.701100312473116,4.701514530281671,-0.0004142178085553283,0.00034781556783305
0.1471261963292711,4.701100312454577,4.701514530281673,-0.0004142178270960528,0.0003478148073764
0.14712619610074812,4.701100312461636,4.701514530281622,-0.0004142178199852964,0.00034781538917875
0.14712619622359285,4.701100312445307,4.70151453028163,-0.00041421783632245024,0.0003478154327704
0.14712619629503526,4.701100312469834,4.701514530281648,-0.0004142178118140549,0.0003478148689525
0.1471261962755923,4.7011003124720565,4.701514530281682,-0.0004142178096255833,0.00034781464959679996
0.1471261963258024,4.701100312442551,4.701514530281661,-0.0004142178391095541,0.0003478161852725
0.147126196150223,4.701100312485758,4.701514530281597,-0.0004142177958383897,0.00034781464959679996
0.1471261960504011,4.701100312468976,4.701514530281635,-0.0004142178126587126,0.0003478154327704
0.1471261962786471,4.701100312476956,4.701514530281656,-0.00041421780470063396,0.00034781641208385004
0.1471261962770187,4.701100312490144,4.7015145302816155,-0.0004142177914712164,0.0003478150987302
0.1471261961749367,4.7011003124683315,4.701514530281638,-0.00041421781330619467,0.00034781482606175004
0.1471261962786471,4.701100312477313,4.7015145302816475,-0.00041421780433470445,0.00034781444637645
0.1471261964286737,4.7011003124422155,4.701514530281656,-0.00041421783944084467,0.0003478150977247
0.1471261962349576,4.701100312486828,4.7015145302816315,-0.00041421779480366183,0.0003478156540337
0.1471261962536421,4.701100312470548,4.7015145302816554,-0.0004142178111070649,0.00034781630019865
0.1471261963558878,4.701100312484791,4.701514530281652,-0.00041421779686068305,0.00034781567461554996
0.1471261963292711,4.7011003124004755,4.701514530281647,-0.00041421788117101954,0.0003478154327704
0.1471261962142894,4.701100312445451,4.701514530281692,-0.0004142178362407378,0.00034781457995065
0.1471261963292711,4.701100312479145,4.7015145302816785,-0.0004142178025334786,0.0003478154816324
0.14712619625688061,4.701100312468547,4.701514530281645,-0.00041421781309747274,0.00034781625705844997
0.14712619623360285,4.701100312476989,4.701514530281669,-0.00041421780468020586,0.00034781522008860003
0.1471261962660436,4.701100312443404,4.701514530281623,-0.00041421783821871117,0.00034781444637645
0.1471261964872143,4.7011003124828665,4.701514530281651,-0.0004142177987844775,0.00034781424775355
0.1471261962536421,4.701100312474967,4.701514530281649,-0.00041421780668216,0.0003478163305908
0.14712619615108752,4.701100312476369,4.701514530281604,-0.00041421780523531737,0.0003478152967251
0.1471261962784451,4.701100312490173,4.701514530281652,-0.00041421779147921,0.0003478149833386
0.14712619622359285,4.701100312476774,4.701514530281683,-0.0004142178049093559,0.0003478148756433
0.14712619629503526,4.701100312423525,4.701514530281622,-0.0004142178580970324,0.0003478148689525
0.14712619630222473,4.701100312456678,4.70151453028162,-0.00041421782494222015,0.00034781528967855
0.1471261962774681,4.70110031247134,4.701514530281641,-0.0004142178103014871,0.0003478140468088
0.1471261962449676,4.701100312473961,4.701514530281643,-0.0004142178076822489,0.0003478141187768
0.14712619610074812,4.701100312460546,4.701514530281655,-0.0004142178211088421,0.00034781512058839996
0.1471261961188896,4.701100312440227,4.701514530281635,-0.00041421784140815987,0.00034781629128524997
0.14712619622359285,4.701100312466851,4.701514530281649,-0.0004142178147983344,0.00034781482606175004
0.1471261962362931,4.7011003124769495,4.701514530281641,-0.0004142178046917522,0.00034781424775355
0.1471261962449676,4.701100312469652,4.701514530281675,-0.00041421781202277685,0.0003478149833386
0.147126196224333,4.70110031251314,4.701514530281629,-0.0004142177684887116,0.0003478149833386
0.14712619601583174,4.701100312458653,4.701514530281655,-0.0004142178230015503,0.0003478150895296
0.1471261962162731,4.701100312436428,4.701514530281668,-0.00041421784523976157,0.0003478149900294
0.14712619632753676,4.701100312440447,4.701514530281617,-0.00041421784117012805,0.00034781536474775003
0.1471261962162731,4.701100312456457,4.701514530281645,-0.0004142178251873574,0.0003478141023163
0.1471261963294926,4.701100312457148,4.701514530281641,-0.00041421782449280187,0.00034781412407135
0.14712619613786015,4.701100312441231,4.701514530281655,-0.00041421784042317,0.0003478160038915
0.1471261961936548,4.701100312484235,4.701514530281625,-0.0004142177973900374,0.0003478148756433
0.1471261962660436,4.701100312441212,4.7015145302815835,-0.00041421784037165565,0.0003478159164607
0.1471261962573691,4.701100312476729,4.701514530281661,-0.00041421780493156035,0.00034781620023235
0.1471261962774681,4.701100312460939,4.701514530281654,-0.00041421782071449087,0.00034781578524719996
0.14712619634257945,4.701100312474267,4.701514530281688,-0.00041421780742112446,0.0003478141187768
0.1471261964618621,4.701100312440229,4.70151453028166,-0.0004142178414312525,0.0003478141293659
0.1471261962755923,4.701100312462337,4.701514530281657,-0.00041421781932005075,0.00034781512058839996
0.1471261962309126,4.701100312458668,4.701514530281631,-0.00041421782296247045,0.0003478162989247
0.14712619632034724,4.7011003124531525,4.70151453028163,-0.00041421782847717026,0.00034781353708920003
0.14712619616919353,4.70110031247597,4.701514530281633,-0.00041421780566341937,0.00034781512109115
0.14712619622359285,4.70110031246066,4.70151453028161,-0.00041421782094985815,0.0003478148689525
0.1471261962780576,4.701100312451113,4.701514530281644,-0.00041421783053063876,0.000347814783171
0.14712619613211697,4.701100312469551,4.701514530281636,-0.00041421781208494934,0.0003478152967251
0.1471261962536421,4.701100312476064,4.701514530281622,-0.00041421780555772614,0.00034781464959679996
0.1471261962362931,4.701100312471525,4.701514530281611,-0.0004142178100856597,0.0003478148756433
0.1471261963558878,4.70110031245374,4.701514530281626,-0.0004142178278865316,0.00034781509822744995
0.14712619630222473,4.70110031245268,4.701514530281667,-0.00041421782898698467,0.00034781509822744995
0.14712619610074812,4.701100312483563,4.701514530281626,-0.00041421779806327663,0.0003478154327704
0.1471261962655551,4.701100312471946,4.7015145302816554,-0.00041421780970907207,0.00034781519772765
0.1471261963444889,4.701100312481461,4.701514530281633,-0.0004142178001718122,0.00034781536474775003
0.14712619635018837,4.701100312447167,4.701514530281654,-0.00041421783448658545,0.0003478139913013
0.14712619609854174,4.7011003124657424,4.701514530281668,-0.00041421781592543283,0.0003478162151922
0.14712619635018837,4.701100312448557,4.70151453028163,-0.0004142178330726054,0.0003478151434521
0.1471261963292711,4.701100312498126,4.701514530281666,-0.0004142177835397831,0.00034781536474775003
0.1471261963276475,4.70110031246878,4.701514530281633,-0.0004142178128532237,0.0003478156540337
0.14712619629503526,4.701100312491363,4.701514530281667,-0.00041421779030414996,0.0003478160038915
0.1471261963186129,4.7011003124581485,4.701514530281632,-0.0004142178234838312,0.0003478149900294
0.1471261962774681,4.701100312485383,4.7015145302815915,-0.0004142177962087601,0.0003478148689525
0.1471261962755923,4.7011003124254565,4.701514530281644,-0.0004142178561874488,0.0003478141023163
0.1471261963292711,4.701100312473749,4.701514530281619,-0.00041421780786965456,0.00034781565207145
0.14712619615683065,4.701100312422955,4.701514530281635,-0.0004142178586796774,0.0003478154572014
0.14712619609854174,4.701100312463257,4.701514530281622,-0.00041421781836437077,0.00034781620023235
0.1471261962536421,4.701100312477468,4.701514530281644,-0.0004142178041757205,0.0003478157382721
0.14712619633688,4.701100312467858,4.701514530281659,-0.00041421781380091005,0.0003478148689525
0.14712619630222473,4.701100312469751,4.70151453028162,-0.000414217811869122,0.0003478137219118
0.14712619636578805,4.701100312448702,4.7015145302816705,-0.0004142178329686885,0.00034781445626845
0.147126196214323,4.7011003124406665,4.701514530281654,-0.0004142178409871633,0.0003478152967251
0.1471261962362931,4.701100312469896,4.701514530281589,-0.00041421781169326266,0.00034781482606175004
0.1471261962755923,4.701100312468234,4.701514530281659,-0.0004142178134252106,0.0003478150987302
0.1471261962123729,4.701100312454413,4.701514530281633,-0.0004142178272203978,0.0003478145160226
0.147126196224333,4.701100312468641,4.701514530281657,-0.0004142178130166485,0.0003478148823341
0.14712619639914443,4.701100312471385,4.701514530281652,-0.0004142178102668481,0.0003478157382721
0.14712619632938184,4.701100312474689,4.701514530281613,-0.00041421780692374455,0.00034781512109115
0.14712619610074812,4.701100312439956,4.701514530281663,-0.000414217841707476,0.00034781482606175004
0.1471261962362931,4.7011003124469015,4.701514530281637,-0.0004142178347352754,0.0003478141293659
0.1471261962056149,4.701100312465526,4.701514530281619,-0.00041421781609329855,0.0003478141023163
0.1471261962655551,4.701100312447681,4.701514530281649,-0.00041421783396788925,0.0003478139023755
0.147126196214323,4.701100312499067,4.701514530281651,-0.00041421778258410313,0.0003478148756433
0.14712619629503526,4.70110031246632,4.7015145302816475,-0.00041421781532768875,0.00034781394169625
0.1471261962784451,4.701100312448262,4.701514530281672,-0.0004142178334101132,0.0003478167716715
0.1471261962779566,4.701100312470473,4.701514530281638,-0.0004142178111647965,0.0003478158225105
0.14712619647949932,4.701100312447505,4.701514530281605,-0.00041421783410022783,0.0003478154327704
0.1471261962536421,4.701100312449941,4.701514530281656,-0.0004142178317154688,0.0003478151434521
0.1471261962309126,4.701100312416403,4.701514530281635,-0.0004142178652317696,0.00034781411054655
0.14712619623360285,4.701100312452626,4.701514530281624,-0.000414217828998531,0.00034781464959679996
0.1471261962646172,4.7011003124683945,4.7015145302816626,-0.000414217813268003,0.0003478163852051
0.1471261962646172,4.701100312467873,4.701514530281643,-0.0004142178137698238,0.0003478143767303
0.1471261962784451,4.701100312471508,4.701514530281652,-0.0004142178101442795,0.00034781464959679996
0.1471261961749367,4.701100312432245,4.701514530281661,-0.0004142178494159765,0.0003478142395233
0.1471261962779566,4.70110031246233,4.701514530281653,-0.0004142178193227153,0.0003478151434521
0.14712619632938184,4.7011003124730015,4.701514530281617,-0.00041421780861572444,0.0003478148689525
0.14712619618791167,4.701100312485822,4.701514530281656,-0.0004142177958339488,0.0003478159164607
0.1471261963258024,4.701100312499264,4.701514530281621,-0.00041421778235672946,0.0003478145160226
0.1471261962162731,4.701100312445616,4.701514530281646,-0.00041421783602935136,0.00034781565207145
0.14712619632753676,4.701100312455649,4.701514530281627,-0.0004142178259778362,0.00034781620023235
0.1471261962786471,4.7011003124931126,4.701514530281653,-0.0004142177885402276,0.00034781578524719996
0.1471261962779566,4.701100312439446,4.701514530281655,-0.0004142178422084086,0.0003478163852051
0.1471261962536421,4.701100312457019,4.70151453028166,-0.00041421782464112766,0.0003478149900294
0.14712619629493423,4.701100312457087,4.701514530281615,-0.0004142178245274408,0.0003478160038915
0.1471261962536421,4.701100312452176,4.701514530281637,-0.00041421782946038377,0.0003478151972249
0.1471261963444889,4.701100312441904,4.701514530281651,-0.0004142178397472662,0.00034781531254225
0.1471261963186129,4.701100312471062,4.701514530281648,-0.00041421781058659235,0.0003478157382721
0.1471261962765302,4.70110031248807,4.701514530281626,-0.00041421779355577115,0.0003478143767303
0.1471261962765302,4.701100312456803,4.701514530281691,-0.00041421782488804126,0.00034781482606175004
0.1471261962785461,4.701100312483358,4.701514530281698,-0.0004142177983403883,0.0003478158225105
0.1471261964286737,4.701100312484459,4.701514530281678,-0.00041421779721861895,0.00034781394169625
0.14712619623360285,4.701100312448559,4.701514530281648,-0.0004142178330894808,0.0003478152967251
0.1471261963716307,4.701100312470131,4.701514530281629,-0.0004142178114978634,0.0003478163648176
0.1471261960159886,4.70110031247073,4.701514530281672,-0.0004142178109427519,0.0003478154816324
0.1471261963258024,4.701100312469755,4.701514530281663,-0.00041421781190820184,0.0003478163622569
0.1471261963756883,4.701100312442169,4.701514530281651,-0.0004142178394817009,0.0003478151434521
0.1471261962309126,4.701100312445385,4.701514530281634,-0.00041421783624873143,0.0003478145160226
0.14712619601783095,4.7011003124643524,4.701514530281679,-0.0004142178173269784,0.0003478152967251
0.1471261963292711,4.701100312451883,4.7015145302816554,-0.0004142178297721344,0.00034781499053215
0.14712619622359285,4.701100312462766,4.70151453028165,-0.00041421781888395515,0.0003478157978249
0.1471261962786471,4.701100312444191,4.701514530281679,-0.0004142178374886285,0.0003478141158411
0.1471261961188896,4.701100312458259,4.701514530281695,-0.0004142178234367577,0.0003478148756433
0.1471261962786471,4.701100312468529,4.701514530281617,-0.00041421781308859096,0.0003478151434521
0.14712619617749884,4.701100312448755,4.701514530281619,-0.00041421783286388347,0.0003478163305908
0.1471261962309126,4.701100312457048,4.701514530281633,-0.0004142178245851724,0.00034781628872455
0.1471261962362931,4.7011003124614,4.701514530281645,-0.0004142178202446445,0.0003478141293659
0.14712619633688,4.701100312489598,4.701514530281612,-0.0004142177920138934,0.0003478156540337
0.1471261963114234,4.701100312440393,4.701514530281631,-0.0004142178412376296,0.00034781556783305
0.1471261962780576,4.701100312454663,4.701514530281676,-0.00041421782701256404,0.0003478143767303
0.1471261961708912,4.701100312482389,4.701514530281619,-0.0004142177992303431,0.00034781483275254997
0.14712619633688,4.701100312482388,4.701514530281659,-0.0004142177992711993,0.00034781536474775003
0.1471261962779566,4.701100312457372,4.701514530281674,-0.0004142178243018435,0.00034781613935880003
0.1471261963258024,4.701100312485301,4.701514530281639,-0.00041421779633754596,0.0003478152967251
0.1471261962765302,4.7011003124563615,4.701514530281629,-0.00041421782526729345,0.00034781411054655
0.1471261960848136,4.701100312455178,4.701514530281602,-0.00041421782642458993,0.0003478143767303
0.14712619630222473,4.701100312469235,4.701514530281642,-0.0004142178124073581,0.000347814783171
0.14712619618791167,4.701100312445097,4.701514530281629,-0.00041421783653206035,0.0003478149900294
0.1471261962449676,4.701100312430782,4.701514530281611,-0.00041421785082906837,0.0003478151972249
0.1471261964541471,4.701100312464487,4.701514530281656,-0.0004142178171697708,0.000347814783171
0.1471261961387246,4.701100312459526,4.701514530281666,-0.00041421782214001723,0.0003478164726287
0.1471261962262831,4.701100312485126,4.701514530281653,-0.00041421779652672797,0.0003478141023163
0.1471261962646172,4.701100312466835,4.701514530281661,-0.00041421781482586795,0.0003478141023163
0.14712619629503526,4.701100312448357,4.701514530281645,-0.0004142178332875446,0.00034781412407135
0.1471261962362931,4.701100312424436,4.701514530281689,-0.0004142178572532629,0.0003478149900294
0.1471261962786471,4.701100312432729,4.701514530281658,-0.00041421784892925473,0.00034781509822744995
0.14712619633699076,4.701100312460699,4.701514530281632,-0.00041421782093298276,0.00034781586948559996
0.14712619615108752,4.701100312446101,4.701514530281648,-0.0004142178355470705,0.00034781424775355
0.14712619616894113,4.701100312495249,4.701514530281635,-0.00041421778638639495,0.0003478150987302
0.14712619633699076,4.701100312484817,4.701514530281654,-0.00041421779683670223,0.0003478154327704
0.1471261962536421,4.701100312451502,4.7015145302816315,-0.0004142178301291821,0.00034781556783305
0.14712619632938184,4.701100312464019,4.701514530281643,-0.00041421781762362997,0.00034781536474775003
0.1471261962774681,4.701100312426662,4.701514530281647,-0.0004142178549848552,0.0003478148823341
0.1471261961956049,4.701100312468007,4.70151453028166,-0.00041421781365258425,0.00034781536474775003
0.14712619633699076,4.701100312457951,4.701514530281677,-0.0004142178237254157,0.00034781444637645
0.1471261962162731,4.701100312486426,4.701514530281612,-0.00041421779518557855,0.00034781556783305
0.1471261962771197,4.701100312474332,4.701514530281645,-0.0004142178073127667,0.00034781522008860003
0.14712619622359285,4.701100312450139,4.701514530281656,-0.000414217831517405,0.0003478145160226
0.14712619622359285,4.701100312455082,4.701514530281642,-0.00041421782656048123,0.0003478156540337
0.1471261962536421,4.70110031247655,4.701514530281639,-0.00041421780508876793,0.0003478154327704
0.1471261962655551,4.701100312485841,4.701514530281689,-0.00041421779584815965,0.0003478162151922
0.1471261963186129,4.701100312446459,4.70151453028165,-0.00041421783519091093,0.00034781519772765
0.1471261962536421,4.701100312509008,4.701514530281673,-0.00041421777266492654,0.000347814783171
0.1471261964286737,4.701100312462538,4.701514530281658,-0.0004142178191202106,0.0003478152967251
0.1471261960848136,4.7011003124813495,4.701514530281625,-0.0004142178002757291,0.00034781522008860003
0.1471261964109153,4.701100312467895,4.701514530281636,-0.0004142178137405139,0.00034781512058839996
0.1471261963258024,4.701100312502159,4.701514530281639,-0.00041421777947991956,0.00034781640060975005
0.1471261963186129,4.701100312470531,4.701514530281612,-0.00041421781108130773,0.00034781536474775003
0.147126196214323,4.701100312452776,4.701514530281643,-0.0004142178288670806,0.00034781538917875
0.1471261962559427,4.701100312484745,4.70151453028165,-0.00041421779690509197,0.0003478149900294
0.1471261963276475,4.701100312492689,4.701514530281679,-0.0004142177889905341,0.00034781424775355
0.1471261962779566,4.701100312438243,4.701514530281655,-0.0004142178434118904,0.00034781538917875
0.1471261962162731,4.701100312481662,4.701514530281645,-0.0004142177999826302,0.00034781565207145
0.14712619624227735,4.701100312482084,4.701514530281617,-0.0004142177995332119,0.00034781512109115
0.14712619616919353,4.701100312462544,4.701514530281617,-0.00041421781907313715,0.0003478148823341
0.1471261962774681,4.70110031249458,4.701514530281692,-0.0004142177871120367,0.000347816373731
0.1471261963444889,4.701100312464561,4.701514530281652,-0.0004142178170907229,0.00034781464959679996
0.1471261962646172,4.701100312473486,4.7015145302816315,-0.00041421780814587805,0.0003478164389626
0.1471261963756883,4.70110031247426,4.701514530281615,-0.0004142178073545111,0.00034781469248755
0.14712619622359285,4.701100312484936,4.701514530281642,-0.00041421779670614,0.0003478156540337
0.1471261962309126,4.7011003124786646,4.701514530281676,-0.0004142178030113186,0.00034781444637645
0.14712619635018837,4.701100312458914,4.701514530281618,-0.00041421782270401053,0.00034781509822744995
0.1471261963258024,4.701100312439515,4.7015145302816155,-0.00041421784210005086,0.00034781651086605
0.14712619601583174,4.7011003124543915,4.701514530281659,-0.00041421782726747125,0.0003478151434521
0.14712619630406984,4.701100312445616,4.701514530281622,-0.00041421783600537054,0.0003478150977247
0.14712619613786015,4.701100312491266,4.7015145302816315,-0.00041421779036543427,0.00034781482606175004
0.1471261962784451,4.70110031250822,4.701514530281635,-0.0004142177734154373,0.00034781482606175004
0.14712619617554876,4.701100312442256,4.701514530281622,-0.0004142178393653495,0.00034781586948559996
0.1471261962770187,4.701100312470944,4.701514530281657,-0.00041421781071360186,0.0003478159164607
0.1471261962262831,4.701100312462626,4.70151453028163,-0.00041421781900385923,0.0003478141293659
0.14712619636578805,4.701100312444777,4.701514530281631,-0.00041421783685358093,0.0003478162151922
0.1471261960848136,4.701100312480587,4.701514530281625,-0.00041421780103867434,0.0003478137550105
0.1471261960892263,4.701100312425194,4.701514530281637,-0.000414217856442356,0.0003478157382721
0.1471261962309126,4.701100312448832,4.701514530281639,-0.0004142178328061519,0.00034781586948559996
0.14712619623360285,4.701100312473554,4.701514530281658,-0.00041421780810413367,0.00034781536474775003
0.14712619624227735,4.701100312455378,4.701514530281643,-0.0004142178262647178,0.0003478162151922
0.14712619625325246,4.701100312437767,4.701514530281639,-0.0004142178438719668,0.0003478148823341
0.14712619629503526,4.701100312491016,4.701514530281653,-0.00041421779063721686,0.0003478139714078
0.14712619635018837,4.701100312423885,4.7015145302816475,-0.0004142178577621891,0.00034781586948559996
0.1471261962786471,4.701100312461398,4.701514530281655,-0.0004142178202561908,0.0003478154572014
0.14712619625325246,4.701100312465477,4.701514530281616,-0.00041421781613948383,0.0003478148689525
0.1471261964286737,4.7011003125043604,4.701514530281667,-0.00041421777730654696,0.00034781480687365
0.1471261961387246,4.701100312469265,4.701514530281644,-0.0004142178123789364,0.0003478149900294
0.1471261962559427,4.701100312443469,4.701514530281638,-0.0004142178381689732,0.0003478141293659
0.1471261962765302,4.701100312428853,4.701514530281662,-0.00041421785280881807,0.00034781394169625
0.1471261962786471,4.701100312464488,4.70151453028162,-0.0004142178171315791,0.0003478148823341
0.14712619622164275,4.701100312435022,4.701514530281622,-0.00041421784659956273,0.0003478148823341
0.1471261961188896,4.701100312470782,4.7015145302816865,-0.0004142178109045602,0.0003478154572014
0.1471261962755923,4.701100312467898,4.701514530281658,-0.00041421781376005384,0.0003478148689525
0.1471261962362931,4.70110031244866,4.701514530281668,-0.0004142178330077684,0.00034781625705844997
0.1471261962362931,4.70110031247954,4.70151453028168,-0.0004142178021400156,0.0003478139913013
0.14712619623360285,4.701100312450475,4.701514530281676,-0.00041421783120121347,0.0003478159164607
0.1471261962765302,4.701100312472348,4.701514530281653,-0.0004142178093049509,0.00034781565207145
0.1471261962755923,4.701100312459706,4.701514530281634,-0.0004142178219277426,0.00034781482606175004
0.14712619601583174,4.7011003124542405,4.701514530281657,-0.0004142178274166852,0.0003478154572014
0.14712619622359285,4.701100312449595,4.701514530281667,-0.0004142178320716283,0.0003478154816324
0.14712619616919353,4.701100312458013,4.7015145302816395,-0.0004142178236268279,0.0003478154327704
0.14712619615108752,4.701100312436659,4.701514530281661,-0.00041421784500172976,0.00034781512109115
0.1471261962536421,4.701100312427223,4.701514530281622,-0.00041421785439865744,0.0003478156540337
0.147126196150223,4.70110031246727,4.701514530281636,-0.0004142178143657915,0.00034781464959679996
0.1471261963294926,4.701100312465332,4.701514530281665,-0.0004142178163331067,0.00034781538917875
0.1471261961634504,4.701100312464814,4.701514530281638,-0.0004142178168233812,0.0003478139913013
0.14712619639914443,4.701100312437514,4.701514530281659,-0.0004142178441446376,0.00034781424775355
0.1471261960504011,4.701100312451714,4.7015145302816395,-0.00041421782992578926,0.0003478141293659
0.1471261962779566,4.701100312446495,4.701514530281667,-0.0004142178351722592,0.0003478162989247
0.14712619623360285,4.701100312443372,4.701514530281624,-0.00041421783825246195,0.0003478156540337
0.1471261962449676,4.701100312445755,4.701514530281682,-0.00041421783592721084,0.00034781398743635
0.1471261962646172,4.701100312427674,4.7015145302816,-0.0004142178539261465,0.000347814783171
0.1471261962784451,4.701100312458178,4.70151453028166,-0.0004142178234820548,0.00034781512109115
0.1471261963294926,4.701100312433403,4.7015145302816155,-0.00041421784821249474,0.0003478150977247
0.1471261963114234,4.701100312489747,4.7015145302816626,-0.0004142177919153056,0.0003478162989247
0.147126196214323,4.701100312478096,4.701514530281629,-0.00041421780353267934,0.0003478145160226
0.14712619624227735,4.701100312477389,4.70151453028163,-0.00041421780424055754,0.0003478150987302
0.1471261962655551,4.701100312466558,4.701514530281676,-0.00041421781511807865,0.0003478148689525
0.1471261963292711,4.701100312472219,4.70151453028164,-0.00041421780942130226,0.0003478138823238
0.1471261962449676,4.701100312487929,4.701514530281675,-0.00041421779374584133,0.00034781464959679996
0.1471261960897195,4.701100312456087,4.70151453028163,-0.00041421782554262876,0.0003478151434521
0.1471261961634504,4.70110031246558,4.701514530281657,-0.00041421781607731134,0.0003478161852725
0.14712619636578805,4.701100312454895,4.701514530281651,-0.0004142178267558805,0.0003478150977247
0.1471261961122699,4.701100312471463,4.701514530281693,-0.0004142178102295446,0.00034781482606175004
0.14712619629503526,4.7011003124463935,4.701514530281636,-0.0004142178352424253,0.0003478153987429
0.1471261963114234,4.701100312472588,4.701514530281681,-0.0004142178090935644,0.0003478162151922
0.1471261962755923,4.701100312453702,4.701514530281644,-0.00041421782794159867,0.0003478148823341
0.1471261962123729,4.701100312465455,4.70151453028165,-0.00041421781619543907,0.0003478158225105
0.1471261962559427,4.701100312465938,4.701514530281655,-0.0004142178157167109,0.0003478141023163
0.1471261962755923,4.701100312460882,4.701514530281621,-0.0004142178207384717,0.0003478142530481
0.1471261962765302,4.701100312489169,4.701514530281629,-0.000414217792459759,0.0003478145160226
0.1471261962779566,4.701100312486744,4.701514530281647,-0.00041421779490224964,0.00034781512109115
0.1471261962774681,4.701100312490313,4.701514530281647,-0.00041421779133354875,0.0003478145160226
0.1471261961122699,4.701100312444361,4.701514530281626,-0.00041421783726480754,0.0003478163852051
0.14712619608701993,4.701100312445554,4.701514530281654,-0.00041421783609951746,0.00034781628872455
0.1471261962123729,4.70110031246803,4.7015145302816315,-0.0004142178136010699,0.00034781556783305
0.1471261964618621,4.701100312458174,4.701514530281647,-0.00041421782347228486,0.0003478151434521
0.1471261962646172,4.701100312461414,4.701514530281636,-0.00041421782022155185,0.0003478141293659
0.1471261962770187,4.701100312451922,4.701514530281631,-0.00041421782970818555,0.0003478154572014
0.14712619632034724,4.701100312434888,4.701514530281651,-0.00041421784676298756,0.0003478161852725
0.1471261962755923,4.7011003124781165,4.7015145302816395,-0.0004142178035229094,0.000347814783171
0.14712619638153096,4.701100312486714,4.701514530281638,-0.0004142177949235659,0.00034781499053215
0.1471261962655551,4.701100312482057,4.701514530281676,-0.00041421779961847704,0.0003478149900294
0.14712619632034724,4.701100312437851,4.70151453028165,-0.0004142178437991362,0.00034781483275254997
0.14712619629493423,4.701100312464097,4.7015145302816626,-0.00041421781756589837,0.0003478148823341
0.14712619636578805,4.701100312451775,4.701514530281617,-0.0004142178298423005,0.00034781444637645
0.1471261962536421,4.701100312440576,4.701514530281648,-0.00041421784107242843,0.00034781464959679996
0.1471261963114234,4.70110031249363,4.701514530281602,-0.00041421778797179343,0.00034781499053215
0.14712619633688,4.701100312457352,4.701514530281637,-0.0004142178242849681,0.00034781411054655
0.1471261962755923,4.701100312461997,4.7015145302816475,-0.0004142178196504531,0.00034781625705844997
0.14712619639914443,4.701100312519622,4.701514530281656,-0.00041421776203431904,0.0003478138134497
0.1471261962449676,4.7011003124501825,4.701514530281666,-0.0004142178314836542,0.0003478167716715
0.14712619639914443,4.701100312473273,4.701514530281624,-0.00041421780835104727,0.00034781522008860003
0.1471261961188896,4.701100312435444,4.701514530281639,-0.0004142178461945534,0.0003478150977247
0.1471261962784451,4.701100312436575,4.701514530281627,-0.0004142178450523559,0.0003478148756433
0.14712619635018837,4.701100312452529,4.701514530281662,-0.00041421782913264593,0.00034781424775355
0.1471261962784451,4.7011003124641535,4.701514530281662,-0.0004142178175081668,0.0003478152967251
0.1471261963558878,4.701100312443126,4.701514530281653,-0.0004142178385269091,0.00034781412407135
0.1471261961255093,4.701100312472421,4.701514530281664,-0.0004142178092436666,0.00034781512109115
0.1471261961122699,4.701100312447119,4.701514530281655,-0.00041421783453543526,0.0003478146295322
0.1471261962362931,4.70110031248251,4.701514530281655,-0.00041421779914418977,0.00034781432269425
0.1471261962362931,4.7011003124406905,4.701514530281617,-0.00041421784092676717,0.00034781512109115
0.1471261963292711,4.701100312477609,4.70151453028163,-0.0004142178040202893,0.00034781469248755
0.1471261962765302,4.701100312462589,4.701514530281644,-0.0004142178190544854,0.00034781556783305
0.1471261961749367,4.7011003124573145,4.701514530281635,-0.00041421782432049525,0.00034781411054655
0.14712619622359285,4.701100312470385,4.701514530281617,-0.00041421781123229806,0.00034781620023235
0.14712619632753676,4.7011003124823345,4.701514530281662,-0.0004142177993271545,0.00034781528811125
0.14712619632938184,4.701100312482752,4.701514530281644,-0.0004142177988919471,0.00034781512109115
0.14712619616919353,4.701100312456365,4.701514530281656,-0.00041421782529127427,0.00034781556783305
0.1471261962309126,4.701100312442193,4.7015145302816945,-0.0004142178395012408,0.0003478154572014
0.1471261963444889,4.70110031245882,4.701514530281676,-0.00041421782285588904,0.00034781578524719996
0.14712619614447986,4.7011003124809,4.701514530281657,-0.0004142178007571218,0.0003478138920912
0.1471261961122699,4.701100312464547,4.7015145302816626,-0.0004142178171155919,0.00034781482606175004
0.14712619629503526,4.701100312472299,4.7015145302816075,-0.0004142178093085036,0.0003478149900294
0.1471261962785461,4.701100312452558,4.701514530281592,-0.0004142178290340581,0.00034781469248755
0.14712619632045798,4.701100312426479,4.70151453028165,-0.00041421785517137266,0.0003478163622569
0.14712619629503526,4.701100312460767,4.70151453028157,-0.0004142178208033087,0.00034781444637645
0.1471261961956049,4.701100312451591,4.701514530281657,-0.00041421783006612145,0.0003478151434521
0.1471261962449676,4.701100312460427,4.701514530281655,-0.000414217821227858,0.00034781536474775003
0.1471261962765302,4.701100312482564,4.701514530281624,-0.000414217799060701,0.0003478162420986
0.1471261962123729,4.701100312483086,4.7015145302816395,-0.0004142177985535511,0.00034781464959679996
0.1471261962309126,4.701100312477516,4.701514530281646,-0.00041421780412953524,0.00034781583345245
0.1471261962780576,4.701100312430577,4.701514530281673,-0.00041421785109641007,0.00034781586948559996
0.14712619613786015,4.7011003124670445,4.70151453028164,-0.00041421781459582974,0.00034781519772765
0.1471261963426902,4.701100312464219,4.701514530281659,-0.00041421781743977704,0.0003478149409506
0.1471261963258024,4.7011003124462425,4.701514530281664,-0.0004142178354218373,0.0003478149900294
0.1471261963258024,4.701100312477304,4.701514530281618,-0.00041421780431427635,0.0003478158225105
0.147126196214323,4.701100312474055,4.701514530281676,-0.0004142178076209646,0.00034781536474775003
0.14712619613211697,4.7011003124571635,4.701514530281638,-0.0004142178244741501,0.0003478151434521
0.14712619615108752,4.70110031246757,4.701514530281629,-0.0004142178140584818,0.0003478148756433
0.14712619632753676,4.701100312477004,4.701514530281625,-0.0004142178046215861,0.0003478154816324
0.1471261962779566,4.701100312451161,4.701514530281668,-0.00041421783050665795,0.0003478154816324
0.1471261963292711,4.701100312503154,4.701514530281609,-0.00041421777845496166,0.0003478134118768
0.1471261962362931,4.701100312433062,4.7015145302816235,-0.00041421784856154886,0.0003478156540337
0.1471261963292711,4.701100312462376,4.701514530281651,-0.00041421781927475365,0.0003478160508666
0.14712619618791167,4.701100312482801,4.70151453028166,-0.0004142177988590845,0.00034781586948559996
0.14712619629493423,4.701100312503573,4.701514530281634,-0.0004142177780614986,0.00034781509822744995
0.14712619638153096,4.7011003124674895,4.701514530281608,-0.0004142178141188779,0.00034781394169625
0.1471261963426902,4.701100312488774,4.701514530281667,-0.00041421779289319005,0.0003478157382721
0.14712619596966414,4.7011003124805635,4.701514530281611,-0.0004142178010475561,0.0003478154572014
0.1471261962162731,4.701100312460252,4.701514530281631,-0.00041421782137884833,0.00034781444637645
0.1471261962449676,4.701100312480879,4.701514530281682,-0.00041421780080330706,0.00034781512058839996
0.1471261961387246,4.701100312462869,4.701514530281644,-0.0004142178187747092,0.0003478161852725
0.14712619630222473,4.701100312455461,4.701514530281643,-0.0004142178261821172,0.0003478162151922
0.1471261962786471,4.701100312444327,4.701514530281619,-0.0004142178372923411,0.00034781512109115
0.1471261962536421,4.701100312443731,4.701514530281647,-0.0004142178379158423,0.0003478138920912
0.1471261963756883,4.701100312453072,4.701514530281624,-0.0004142178285526654,0.00034781556783305
0.1471261963558878,4.70110031247794,4.701514530281649,-0.00041421780370942685,0.0003478150987302
0.1471261962362931,4.701100312480295,4.701514530281637,-0.0004142178013415432,0.00034781528811125
0.147126196214323,4.701100312471702,4.701514530281636,-0.0004142178099337812,0.0003478158225105
0.14712619625688061,4.701100312458494,4.701514530281682,-0.00041421782318806777,0.0003478143767303
0.1471261962362931,4.701100312498382,4.701514530281666,-0.00041421778328398773,0.0003478149900294
0.14712619622359285,4.7011003124614374,4.701514530281621,-0.0004142178201833602,0.00034781512109115
0.1471261962786471,4.701100312476913,4.701514530281636,-0.0004142178047228384,0.0003478143767303
0.1471261963186129,4.701100312472246,4.701514530281619,-0.00041421780937334063,0.0003478148689525
0.1471261963276475,4.7011003124488955,4.701514530281644,-0.0004142178327484203,0.00034781444637645
0.14712619615683065,4.70110031246921,4.701514530281682,-0.00041421781247219513,0.0003478156540337
0.1471261963258024,4.701100312445409,4.701514530281656,-0.0004142178362469551,0.0003478148823341
0.1471261962536421,4.701100312467253,4.701514530281633,-0.0004142178143800024,0.0003478149900294
0.14712619629503526,4.701100312487786,4.701514530281664,-0.0004142177938781799,0.0003478163852051
0.14712619615683065,4.7011003124789825,4.701514530281628,-0.0004142178026453891,0.0003478140468088
0.1471261961387246,4.701100312472872,4.701514530281663,-0.00041421780879158376,0.00034781482606175004
0.14712619617554876,4.701100312445321,4.701514530281626,-0.00041421783630557485,0.00034781586948559996
0.14712619629503526,4.7011003124700625,4.701514530281656,-0.0004142178115937867,0.0003478154816324
0.14712619625325246,4.7011003124497455,4.7015145302816395,-0.00041421783189399264,0.00034781620023235
0.1471261964541471,4.701100312437256,4.701514530281629,-0.00041421784437289944,0.0003478142530481
0.1471261962449676,4.701100312453924,4.70151453028164,-0.00041421782771600135,0.0003478150987302
0.1471261962765302,4.70110031241957,4.701514530281662,-0.0004142178620920589,0.0003478151434521
0.1471261961749367,4.701100312440793,4.70151453028165,-0.00041421784085748925,0.00034781394169625
0.1471261962785461,4.701100312459336,4.701514530281656,-0.00041421782232031745,0.0003478141293659
0.1471261963024317,4.701100312434582,4.701514530281676,-0.0004142178470942781,0.0003478139913013
0.1471261962362931,4.7011003124645665,4.701514530281662,-0.0004142178170951638,0.000347814783171
0.14712619613211697,4.701100312445662,4.7015145302816626,-0.00041421783600092965,0.00034781482606175004
0.14712619636578805,4.701100312431391,4.701514530281632,-0.00041421785024109425,0.00034781482606175004
0.14712619635018837,4.701100312450604,4.70151453028165,-0.00041421783104578225,0.0003478154572014
0.1471261962559427,4.701100312474969,4.701514530281655,-0.00041421780668571273,0.0003478141023163
0.1471261962786471,4.701100312494812,4.701514530281637,-0.0004142177868251551,0.0003478138823238
0.1471261962123729,4.70110031247481,4.7015145302816,-0.0004142178067905178,0.0003478159164607
0.1471261962755923,4.701100312468922,4.701514530281668,-0.0004142178127457541,0.00034781449386465
0.1471261962655551,4.701100312431667,4.701514530281642,-0.0004142178499755289,0.0003478163762917
0.1471261962449676,4.7011003124378,4.701514530281651,-0.0004142178438506505,0.00034781536474775003
0.1471261962449676,4.701100312472566,4.701514530281648,-0.0004142178090820181,0.0003478142530481
0.1471261962655551,4.701100312474841,4.701514530281634,-0.0004142178067931823,0.0003478152967251
0.1471261962786471,4.701100312456139,4.701514530281666,-0.0004142178255275297,0.00034781464959679996
0.1471261962785461,4.701100312452879,4.701514530281639,-0.000414217828759611,0.00034781522008860003
0.14712619633699076,4.701100312457627,4.701514530281604,-0.0004142178239767702,0.000347816373731
0.14712619629503526,4.70110031248064,4.70151453028164,-0.00041421780100048267,0.0003478148756433
0.1471261959853376,4.701100312431008,4.701514530281688,-0.00041421785068074257,0.0003478149900294
0.14712619632034724,4.701100312447263,4.70151453028165,-0.00041421783438710946,0.00034781522008860003
0.14712619636578805,4.701100312468109,4.701514530281647,-0.00041421781353712106,0.0003478154816324
0.1471261962755923,4.701100312485918,4.701514530281651,-0.00041421779573269646,0.0003478156540337
0.14712619623360285,4.7011003124365445,4.701514530281613,-0.00041421784506834314,0.00034781424775355
0.1471261962765302,4.701100312454477,4.701514530281618,-0.0004142178271413499,0.0003478160508666
0.1471261961387246,4.701100312469819,4.701514530281645,-0.00041421781182560125,0.00034781483275254997
0.1471261964109153,4.701100312476374,4.701514530281642,-0.00041421780526817997,0.00034781509822744995
0.14712619608701993,4.701100312459422,4.70151453028162,-0.00041421782219774883,0.0003478150062023
0.14712619613211697,4.701100312444801,4.701514530281633,-0.00041421783683226465,0.00034781509822744995
0.1471261962162731,4.70110031244953,4.701514530281626,-0.0004142178320964973,0.00034781522008860003
0.1471261963558878,4.70110031246022,4.701514530281671,-0.00041421782145167896,0.0003478150987302
0.1471261962123729,4.701100312472469,4.701514530281639,-0.00041421780916994777,0.00034781444637645
0.1471261962765302,4.701100312503613,4.701514530281611,-0.00041421777799843795,0.0003478135932584
0.1471261962362931,4.701100312498996,4.701514530281672,-0.0004142177826764737,0.00034781512109115
0.1471261961634504,4.7011003124551465,4.7015145302816155,-0.00041421782646899885,0.0003478151972249
0.14712619639914443,4.701100312469072,4.701514530281637,-0.0004142178125645657,0.00034781556783305
0.14712619629444573,4.701100312439642,4.701514530281663,-0.000414217842021003,0.00034781399720375
0.1471261962774681,4.701100312459079,4.701514530281624,-0.0004142178225450266,0.0003478154572014
0.1471261962779566,4.7011003124397055,4.701514530281638,-0.00041421784193218514,0.0003478150977247
0.1471261960159886,4.701100312450289,4.70151453028163,-0.0004142178313406575,0.0003478163673783
0.1471261962780576,4.7011003124641855,4.701514530281631,-0.0004142178174451061,0.0003478159164607
0.1471261961188896,4.701100312458495,4.701514530281607,-0.0004142178231116844,0.00034781482606175004
0.14712619641690283,4.701100312433336,4.701514530281624,-0.0004142178482879899,0.00034781513240169997
0.1471261961936548,4.701100312429041,4.701514530281601,-0.0004142178525601281,0.0003478148756433
0.1471261962755923,4.7011003124694115,4.701514530281626,-0.0004142178122146234,0.0003478148689525
0.1471261962660436,4.701100312452689,4.701514530281686,-0.00041421782899675463,0.00034781483275254997
0.14712619623360285,4.701100312473539,4.701514530281672,-0.00041421780813344355,0.0003478149833386
0.1471261962559427,4.701100312424545,4.701514530281597,-0.0004142178570516464,0.00034781412407135
0.14712619623360285,4.701100312467409,4.701514530281614,-0.00041421781420503123,0.0003478150987302
0.14712619615108752,4.701100312424514,4.701514530281669,-0.0004142178571546751,0.0003478154327704
0.1471261962362931,4.701100312411103,4.70151453028166,-0.0004142178705572874,0.0003478152967251
0.1471261962755923,4.701100312464983,4.701514530281638,-0.0004142178166546273,0.0003478158225105
0.1471261963444889,4.701100312456168,4.7015145302816155,-0.00041421782544759367,0.0003478154816324
0.1471261962646172,4.701100312452838,4.701514530281661,-0.00041421782882267166,0.0003478166959418
0.14712619630222473,4.701100312450197,4.701514530281628,-0.0004142178314312517,0.00034781411054655
0.1471261962785461,4.701100312467626,4.7015145302815915,-0.00041421781396522306,0.0003478142530481
0.14712619608701993,4.701100312481933,4.701514530281669,-0.0004142177997357166,0.00034781424775355
0.1471261963186129,4.701100312446234,4.701514530281611,-0.0004142178353774284,0.00034781556783305
0.14712619622359285,4.701100312448027,4.7015145302816475,-0.0004142178336206115,0.00034781469917835
0.1471261963294926,4.701100312465745,4.701514530281665,-0.00041421781592010376,0.00034781464959679996
0.1471261962162731,4.701100312446323,4.7015145302816155,-0.00041421783529216327,0.0003478163305908
0.14712619630222473,4.701100312461403,4.701514530281622,-0.0004142178202188873,0.0003478146228414
0.1471261961848186,4.701100312509795,4.701514530281622,-0.0004142177718264861,0.0003478156540337
0.1471261961255093,4.701100312461747,4.7015145302816626,-0.0004142178199151303,0.00034781620023235
0.14712619612633837,4.701100312469101,4.701514530281661,-0.0004142178125601248,0.0003478161852725
0.1471261962123729,4.701100312420779,4.701514530281668,-0.00041421786088857715,0.0003478149900294
0.14712619623360285,4.701100312452144,4.701514530281646,-0.00041421782950124,0.0003478148756433
0.1471261962646172,4.701100312452166,4.701514530281644,-0.00041421782947814734,0.0003478149833386
0.1471261962784451,4.701100312452577,4.701514530281659,-0.00041421782908201976,0.0003478148689525
0.1471261960504011,4.701100312450358,4.70151453028164,-0.0004142178312820377,0.00034781509822744995
0.14712619622359285,4.701100312477716,4.701514530281647,-0.00041421780393058327,0.00034781498384134997
0.1471261963114234,4.701100312462996,4.701514530281651,-0.0004142178186548051,0.00034781483275254997
0.1471261963276475,4.701100312475533,4.7015145302816626,-0.00041421780612971304,0.00034781509822744995
0.1471261963873736,4.701100312468175,4.701514530281667,-0.00041421781349182396,0.00034781464959679996
0.14712619632753676,4.701100312459743,4.701514530281641,-0.0004142178218984327,0.0003478148689525
0.14712619629493423,4.701100312498346,4.701514530281626,-0.000414217783280435,0.00034781394169625
0.1471261962755923,4.701100312479027,4.701514530281683,-0.00041421780265604724,0.0003478150987302
0.14712619632753676,4.701100312500577,4.701514530281649,-0.00041421778107242346,0.00034781376768075
0.14712619629503526,4.701100312447644,4.701514530281663,-0.0004142178340194036,0.0003478138920912
0.14712619623360285,4.701100312420115,4.701514530281709,-0.0004142178615937908,0.00034781405503905
0.1471261963186129,4.701100312461618,4.7015145302816475,-0.0004142178200297053,0.00034781578524719996
0.1471261963933018,4.701100312478464,4.701514530281624,-0.0004142178031605326,0.00034781464959679996
0.14712619612549727,4.701100312486725,4.701514530281617,-0.0004142177948924797,0.00034781567461554996
0.1471261963292711,4.701100312487627,4.7015145302816554,-0.00041421779402828207,0.0003478140603336
0.1471261963258024,4.701100312452602,4.7015145302816395,-0.00041421782903761084,0.0003478149900294
0.1471261964464321,4.701100312474829,4.701514530281623,-0.0004142178067931823,0.00034781384300305
0.1471261963294926,4.701100312451123,4.701514530281654,-0.00041421783053063876,0.00034781405503905
0.14712619632753676,4.701100312453821,4.701514530281686,-0.00041421782786432715,0.00034781512109115
0.1471261962123729,4.7011003124628115,4.701514530281637,-0.00041421781882533537,0.00034781509822744995
0.1471261961634504,4.701100312476843,4.7015145302816395,-0.00041421780479655723,0.00034781586948559996
0.1471261961749367,4.701100312457331,4.7015145302816395,-0.00041421782430806076,0.0003478148689525
0.1471261962646172,4.70110031248566,4.701514530281696,-0.0004142177960364535,0.00034781648398730003
0.14712619633688,4.701100312445217,4.70151453028169,-0.00041421783647344057,0.00034781469248755
0.1471261962765302,4.701100312481708,4.7015145302816785,-0.0004142177999701957,0.0003478162420986
0.1471261962774681,4.701100312479601,4.701514530281645,-0.0004142178020440923,0.0003478138725564
0.1471261962655551,4.701100312427806,4.7015145302816075,-0.00041421785380180154,0.0003478138725564
0.14712619609854174,4.701100312469302,4.701514530281706,-0.0004142178124038054,0.0003478154572014
0.14712619630222473,4.701100312441471,4.701514530281628,-0.0004142178401567165,0.00034781431739969995
0.1471261962309126,4.701100312434937,4.70151453028164,-0.0004142178467034796,0.0003478156540337
0.14712619633699076,4.7011003124598405,4.701514530281634,-0.00041421782179362765,0.0003478162989247
0.1471261962449676,4.701100312469135,4.701514530281605,-0.0004142178124695306,0.0003478154572014
0.1471261962785461,4.701100312453477,4.701514530281658,-0.00041421782818140684,0.0003478138134497
0.14712619654277892,4.7011003124579815,4.701514530281636,-0.00041421782365436144,0.00034781482606175004
0.1471261963756883,4.701100312498136,4.701514530281646,-0.00041421778350958505,0.0003478145160226
0.1471261962123729,4.701100312436119,4.701514530281587,-0.0004142178454680234,0.0003478151434521
0.1471261962309126,4.7011003124748285,4.70151453028163,-0.0004142178068011759,0.00034781528811125
0.1471261962536421,4.701100312464819,4.701514530281662,-0.00041421781684292114,0.0003478141293659
0.14712619623360285,4.701100312464419,4.701514530281639,-0.0004142178172195088,0.0003478154327704
0.1471261961936548,4.7011003124256305,4.701514530281668,-0.0004142178560373466,0.0003478151434521
0.1471261963292711,4.701100312461655,4.701514530281629,-0.00041421781997375007,0.00034781578524719996
0.1471261962765302,4.7011003124538036,4.701514530281655,-0.00041421782785100447,0.0003478163305908
0.1471261962779566,4.701100312468509,4.701514530281649,-0.0004142178131401053,0.0003478138823238
0.1471261962123729,4.701100312465269,4.701514530281593,-0.00041421781632422494,0.0003478151434521
0.1471261964617409,4.701100312447467,4.701514530281617,-0.0004142178341499658,0.0003478154572014
0.1471261963114234,4.701100312465179,4.701514530281625,-0.0004142178164459054,0.0003478159164607
0.1471261962309126,4.7011003124568145,4.701514530281614,-0.0004142178247992234,0.00034781509822744995
0.1471261961122699,4.701100312468796,4.70151453028164,-0.0004142178128443419,0.00034781528811125
0.14712619636578805,4.701100312434343,4.701514530281685,-0.0004142178473420799,0.0003478148823341
0.14712619623360285,4.7011003124838044,4.701514530281663,-0.0004142177978589956,0.00034781444637645
0.1471261962362931,4.701100312466891,4.701514530281651,-0.00041421781476014274,0.00034781512109115
0.1471261961848186,4.701100312433285,4.701514530281672,-0.0004142178483874659,0.00034781522008860003
0.14712619629503526,4.701100312476096,4.701514530281669,-0.00041421780557282517,0.00034781565207145
0.1471261961749367,4.701100312461113,4.701514530281672,-0.00041421782055905965,0.0003478154816324
0.14712619629503526,4.701100312446651,4.70151453028164,-0.00041421783498929443,0.00034781482606175004
0.1471261963558878,4.7011003124648685,4.701514530281586,-0.000414217816717688,0.0003478142530481
0.1471261962362931,4.701100312490547,4.701514530281637,-0.00041421779109018786,0.00034781412407135
0.1471261962536421,4.701100312441407,4.701514530281702,-0.00041421784029438413,0.00034781411054655
0.14712619633688,4.701100312441552,4.701514530281634,-0.0004142178400821095,0.0003478157382721
0.1471261962655551,4.7011003124522945,4.701514530281647,-0.000414217829352026,0.0003478139913013
0.14712619630222473,4.701100312460587,4.701514530281654,-0.0004142178210670977,0.00034781469248755
0.14712619632795615,4.70110031246183,4.701514530281649,-0.000414217819819207,0.0003478154572014
0.14712619616919353,4.701100312470885,4.701514530281614,-0.0004142178107287009,0.0003478154572014
0.14712619630222473,4.7011003124461395,4.701514530281595,-0.0004142178354555881,0.0003478163648176
0.14712619632938184,4.701100312465583,4.7015145302816395,-0.00041421781605688324,0.0003478140603336
0.14712619636578805,4.701100312454051,4.701514530281639,-0.0004142178275872155,0.00034781556783305
0.14712619629503526,4.70110031248034,4.701514530281648,-0.0004142178013086806,0.00034781405503905
0.1471261962349576,4.701100312500428,4.70151453028163,-0.0004142177812020975,0.0003478154327704
0.14712619638153096,4.701100312482814,4.701514530281656,-0.0004142177988422091,0.00034781538917875
0.1471261963186129,4.701100312464625,4.701514530281596,-0.00041421781697081883,0.00034781444637645
0.1471261963114234,4.701100312488552,4.701514530281596,-0.0004142177930441804,0.00034781562764045
0.14712619610074812,4.7011003124408655,4.701514530281652,-0.000414217840786435,0.00034781578524719996
0.1471261962123729,4.701100312485659,4.701514530281634,-0.00041421779597516917,0.0003478135490522
0.147126196214323,4.701100312468081,4.701514530281668,-0.00041421781358685905,0.00034781606582645
0.1471261965966506,4.701100312460874,4.701514530281623,-0.00041421782074824165,0.0003478152967251
0.1471261962646172,4.7011003124771795,4.701514530281655,-0.00041421780447503664,0.0003478157382721
0.14712619633699076,4.701100312448954,4.701514530281635,-0.0004142178326809187,0.0003478156540337
0.147126196214323,4.701100312462576,4.701514530281657,-0.00041421781908113076,0.0003478154327704
0.14712619635259044,4.701100312462863,4.70151453028162,-0.00041421781875694563,0.0003478142530481
0.1471261962162731,4.701100312449319,4.7015145302816554,-0.0004142178323363055,0.0003478154816324
0.1471261961956049,4.701100312444742,4.701514530281677,-0.00041421783693440517,0.0003478164389626
0.1471261962765302,4.701100312479812,4.701514530281627,-0.0004142178018149423,0.0003478154816324
0.1471261961122699,4.701100312463649,4.7015145302816626,-0.0004142178180135403,0.0003478143767303
0.1471261962349576,4.701100312448322,4.701514530281649,-0.0004142178333275126,0.00034781671508535
0.1471261961122699,4.701100312457431,4.701514530281614,-0.0004142178241828276,0.0003478159196531
0.14712619633699076,4.701100312446627,4.701514530281671,-0.0004142178350443615,0.0003478151434521
0.1471261962362931,4.701100312468859,4.701514530281665,-0.0004142178128061502,0.00034781519772765
0.14712619623360285,4.7011003124869095,4.7015145302816075,-0.0004142177946979686,0.0003478151972249
0.1471261962123729,4.701100312442566,4.701514530281639,-0.0004142178390722506,0.000347814783171
0.14712619632938184,4.70110031246586,4.701514530281619,-0.00041421781575934347,0.0003478162151922
0.14712619630222473,4.701100312476266,4.701514530281666,-0.00041421780540051856,0.0003478156540337
0.1471261963258024,4.701100312487628,4.701514530281636,-0.00041421779400785397,0.0003478151434521
0.1471261962786471,4.701100312470444,4.7015145302816626,-0.0004142178112189754,0.0003478162989247
0.1471261962765302,4.701100312465573,4.701514530281644,-0.0004142178160710941,0.0003478144991592
0.1471261962536421,4.701100312452701,4.701514530281624,-0.0004142178289230358,0.00034781464959679996
0.14712619629503526,4.701100312458897,4.701514530281659,-0.00041421782276174213,0.0003478148756433
0.1471261962780576,4.701100312447956,4.701514530281656,-0.00041421783370054754,0.00034781509822744995
0.1471261962755923,4.701100312457923,4.701514530281659,-0.00041421782373607385,0.00034781411054655
0.14712619614360328,4.701100312463432,4.701514530281631,-0.0004142178181982814,0.0003478156540337
0.14712619616919353,4.701100312516933,4.701514530281653,-0.0004142177647201706,0.0003478145160226
0.1471261962536421,4.70110031247148,4.701514530281609,-0.00041421781012918046,0.0003478154327704
0.1471261963186129,4.7011003124469255,4.701514530281607,-0.0004142178346810965,0.0003478149900294
0.14712619600000143,4.70110031248251,4.701514530281641,-0.0004142177991308671,0.0003478141023163
0.1471261962162731,4.701100312434159,4.701514530281648,-0.0004142178474895175,0.0003478141187768
0.1471261964872143,4.701100312475203,4.701514530281559,-0.00041421780635531036,0.00034781464959679996
0.14712619629503526,4.701100312459224,4.7015145302816785,-0.0004142178224544324,0.0003478141158411
0.14712619635018837,4.701100312430977,4.701514530281604,-0.0004142178506265637,0.00034781522008860003
0.14712619614447986,4.7011003124715,4.701514530281624,-0.00041421781012473957,0.0003478132814203
0.1471261962449676,4.701100312455245,4.701514530281601,-0.0004142178263562002,0.00034781482606175004
0.1471261962349576,4.701100312460456,4.701514530281642,-0.0004142178211861136,0.0003478159164607
0.1471261962785461,4.701100312470566,4.701514530281628,-0.0004142178110617678,0.00034781536474775003
0.1471261962660436,4.7011003124679585,4.7015145302816475,-0.00041421781368899957,0.00034781394169625
0.1471261963873736,4.701100312502543,4.701514530281658,-0.0004142177791148782,0.00034781464959679996
0.14712619632753676,4.701100312429083,4.701514530281657,-0.00041421785257433896,0.0003478141293659
0.1471261963292711,4.701100312456636,4.701514530281626,-0.0004142178249901818,0.0003478154327704
0.1471261962786471,4.701100312470326,4.701514530281648,-0.0004142178113220041,0.0003478143767303
0.1471261962123729,4.701100312461394,4.701514530281688,-0.0004142178202943825,0.0003478162151922
0.14712619633301033,4.701100312433301,4.7015145302816705,-0.0004142178483697023,0.0003478150987302
0.1471261962646172,4.701100312492043,4.7015145302816315,-0.00041421778958827815,0.0003478154327704
0.14712619630212376,4.701100312452206,4.701514530281635,-0.0004142178294292975,0.00034781522008860003
0.1471261962780576,4.701100312504567,4.7015145302816475,-0.00041421777708006147,0.00034781556783305
0.1471261964286737,4.701100312472385,4.701514530281623,-0.00041421780923744933,0.0003478140468088
0.14712619629503526,4.7011003124531685,4.701514530281689,-0.000414217828520691,0.0003478141158411
0.1471261963873736,4.701100312475604,4.70151453028165,-0.00041421780604622427,0.0003478140468088
0.14712619632938184,4.701100312461033,4.7015145302816626,-0.00041421782062922574,0.0003478154572014
0.14712619634257945,4.701100312465047,4.701514530281689,-0.0004142178166421928,0.0003478159196531
0.1471261961971815,4.7011003124580375,4.701514530281628,-0.0004142178235904126,0.00034781651086605
0.1471261962785461,4.701100312470657,4.7015145302816395,-0.0004142178109827199,0.0003478149900294
0.1471261963444889,4.701100312465667,4.70151453028164,-0.00041421781597339447,0.00034781654453215
0.14712619635018837,4.701100312447259,4.701514530281617,-0.00041421783435868775,0.0003478148756433
0.14712619633699076,4.701100312447853,4.7015145302816315,-0.00041421783377870725,0.0003478149833386
0.14712619639914443,4.701100312431077,4.701514530281634,-0.00041421785055728577,0.0003478148756433
0.1471261962123729,4.701100312465975,4.701514530281661,-0.00041421781568562466,0.00034781578524719996
0.1471261961749367,4.701100312429594,4.70151453028163,-0.00041421785203610284,0.0003478148689525
0.1471261962449676,4.701100312444866,4.701514530281647,-0.0004142178367807503,0.0003478156540337
0.1471261962785461,4.701100312452445,4.701514530281634,-0.00041421782918948935,0.0003478167716715
0.1471261962770187,4.7011003124682915,4.701514530281658,-0.0004142178133665908,0.0003478145160226
0.1471261962765302,4.701100312462632,4.701514530281643,-0.00041421781901096466,0.0003478150987302
0.14712619622164275,4.701100312483139,4.701514530281638,-0.00041421779849848406,0.0003478154572014
0.1471261962559427,4.7011003124708415,4.701514530281664,-0.0004142178108228478,0.00034781499053215
0.1471261962784451,4.701100312464093,4.70151453028164,-0.0004142178175472466,0.00034781384300305
0.14712619633699076,4.701100312469679,4.701514530281629,-0.0004142178119499462,0.0003478148756433
0.1471261961936548,4.701100312476593,4.70151453028165,-0.0004142178050567935,0.0003478148689525
0.14712619632938184,4.70110031245593,4.701514530281651,-0.0004142178257211526,0.0003478142530481
0.1471261964109153,4.701100312478913,4.701514530281613,-0.000414217802699568,0.00034781512058839996
0.14712619630222473,4.701100312471012,4.701514530281639,-0.0004142178106265604,0.00034781512109115
0.147126196214323,4.7011003124944475,4.701514530281627,-0.0004142177871795383,0.0003478149833386
0.1471261962779566,4.701100312429653,4.701514530281651,-0.00041421785199791117,0.0003478141187768
0.1471261962785461,4.701100312472137,4.701514530281619,-0.0004142178094816984,0.00034781556783305
0.1471261960848136,4.7011003124539705,4.7015145302816554,-0.0004142178276849151,0.0003478146228414
0.1471261962774681,4.7011003124384345,4.701514530281657,-0.0004142178432227084,0.00034781522008860003
0.1471261963276475,4.7011003124560595,4.701514530281634,-0.0004142178255746032,0.00034781483275254997
0.1471261963444889,4.701100312463597,4.701514530281653,-0.00041421781805617286,0.0003478157382721
0.14712619629503526,4.7011003124403805,4.701514530281641,-0.00041421784126072225,0.00034781405503905
0.1471261964617409,4.701100312452777,4.7015145302816235,-0.0004142178288466525,0.0003478145160226
0.14712619623360285,4.701100312483813,4.701514530281628,-0.0004142177978145867,0.0003478150987302
0.14712619616919353,4.701100312458138,4.701514530281667,-0.0004142178235291283,0.0003478149833386
0.1471261962162731,4.701100312453149,4.701514530281669,-0.0004142178285198028,0.00034781528811125
0.1471261961749367,4.701100312474565,4.7015145302816315,-0.00041421780706674127,0.0003478149833386
0.14712619629503526,4.701100312477789,4.701514530281622,-0.00041421780383288365,0.00034781499053215
0.14712619609854174,4.701100312493428,4.701514530281647,-0.00041421778821870703,0.0003478157382721
0.14712619633699076,4.701100312476584,4.701514530281642,-0.0004142178050576817,0.00034781399720375
0.1471261962765302,4.701100312419781,4.701514530281644,-0.0004142178618629089,0.00034781554340205
0.1471261962162731,4.701100312426188,4.701514530281655,-0.0004142178554662479,0.0003478141293659
0.14712619633699076,4.701100312459924,4.701514530281641,-0.0004142178217172443,0.00034781512109115
0.1471261962779566,4.701100312487378,4.701514530281673,-0.0004142177942956238,0.00034781556783305
0.1471261961387246,4.7011003124683235,4.701514530281663,-0.00041421781333994545,0.0003478148756433
0.14712619615683065,4.70110031244449,4.70151453028165,-0.0004142178371600025,0.0003478157382721
0.1471261962774681,4.701100312440115,4.701514530281612,-0.0004142178414969777,0.00034781531254225
0.1471261962786471,4.701100312447934,4.701514530281632,-0.0004142178336987712,0.0003478141293659
0.1471261962755923,4.70110031243647,4.701514530281683,-0.0004142178452131162,0.0003478161852725
0.1471261962646172,4.701100312477964,4.701514530281689,-0.00041421780372541406,0.0003478154816324
0.1471261965125665,4.701100312459938,4.701514530281654,-0.00041421782171546795,0.0003478145160226
0.1471261962779566,4.701100312459212,4.701514530281635,-0.00041421782242334615,0.00034781483275254997
0.1471261963558878,4.701100312457932,4.7015145302816475,-0.00041421782371564575,0.0003478145160226
0.14712619632938184,4.701100312452014,4.7015145302816705,-0.0004142178296566712,0.0003478149833386
0.1471261962755923,4.701100312453473,4.7015145302816235,-0.0004142178281503206,0.0003478145160226
0.147126196224333,4.701100312475202,4.701514530281641,-0.00041421780643879913,0.0003478149900294
0.14712619622164275,4.701100312484539,4.701514530281695,-0.00041421779715644647,0.00034781464959679996
0.1471261962786471,4.701100312466619,4.701514530281648,-0.0004142178150292608,0.0003478159164607
0.1471261963276475,4.701100312463223,4.701514530281632,-0.00041421781840966787,0.0003478135102696
0.1471261962449676,4.701100312457708,4.701514530281634,-0.00041421782392614404,0.00034781444637645
0.1471261962536421,4.701100312476435,4.701514530281665,-0.0004142178052299883,0.0003478158225105
0.147126196214323,4.7011003124135735,4.7015145302815995,-0.00041421786802597893,0.00034781432269425
0.1471261962779566,4.701100312406799,4.701514530281643,-0.0004142178748436365,0.0003478143767303
0.1471261962362931,4.701100312467159,4.701514530281689,-0.00041421781453010453,0.0003478152967251
0.1471261962362931,4.701100312456481,4.7015145302816626,-0.00041421782518114014,0.0003478143767303
0.1471261962770187,4.701100312470509,4.701514530281669,-0.00041421781115946743,0.0003478154327704
0.1471261962362931,4.701100312453249,4.701514530281667,-0.0004142178284176623,0.00034781522008860003
0.1471261962765302,4.7011003124822,4.701514530281647,-0.00041421779944617043,0.00034781444637645
0.14712619632938184,4.701100312474682,4.7015145302816554,-0.00041421780697348254,0.00034781464959679996
0.1471261962449676,4.701100312497437,4.701514530281612,-0.0004142177841748307,0.000347813635482
0.147126196214323,4.7011003124442645,4.701514530281647,-0.0004142178373820471,0.0003478142530481
0.1471261962309126,4.701100312440674,4.701514530281651,-0.00041421784097739334,0.00034781538917875
0.1471261962536421,4.701100312451041,4.701514530281684,-0.00041421783064254925,0.00034781644574995
0.1471261962309126,4.701100312457701,4.701514530281652,-0.00041421782395101303,0.0003478149900294
0.1471261963186129,4.701100312472726,4.701514530281634,-0.00041421780890793514,0.0003478151434521
0.1471261962362931,4.701100312444935,4.701514530281617,-0.0004142178366821625,0.00034781512058839996
0.1471261962655551,4.701100312481824,4.701514530281644,-0.00041421779982009355,0.00034781353708920003
0.1471261963186129,4.701100312439633,4.701514530281638,-0.00041421784200501577,0.00034781625705844997
0.14712619632034724,4.7011003124485375,4.701514530281653,-0.00041421783311523797,0.0003478140468088
0.1471261962309126,4.70110031242875,4.701514530281658,-0.00041421785290829405,0.0003478135932584
0.14712619613211697,4.701100312486384,4.701514530281661,-0.00041421779527706093,0.00034781512058839996
0.14712619633699076,4.701100312474187,4.701514530281693,-0.0004142178075055014,0.0003478150987302
0.14712619630222473,4.701100312492395,4.701514530281632,-0.0004142177892374477,0.0003478163762917
0.1471261962779566,4.701100312520904,4.7015145302816475,-0.0004142177607437958,0.0003478142530481
0.14712619633688,4.701100312462648,4.701514530281682,-0.0004142178190340573,0.00034781509822744995
0.1471261961188896,4.701100312480762,4.701514530281624,-0.00041421780086192683,0.0003478143767303
0.1471261961255093,4.701100312449075,4.701514530281656,-0.00041421783258144274,0.00034781643683655004
0.1471261962655551,4.701100312453597,4.701514530281632,-0.0004142178280357456,0.0003478136796882
0.1471261962660436,4.701100312460261,4.70151453028168,-0.00041421782141970453,0.0003478152657503
0.1471261961848186,4.701100312440264,4.701514530281676,-0.0004142178414117126,0.0003478163673783
0.1471261963186129,4.7011003124883075,4.701514530281668,-0.0004142177933603719,0.0003478143767303
0.1471261962309126,4.701100312482364,4.701514530281678,-0.00041421779931383185,0.00034781586948559996
0.1471261963294926,4.70110031246258,4.701514530281647,-0.0004142178190669199,0.0003478141158411
0.1471261961936548,4.7011003124605635,4.701514530281646,-0.00041421782108219674,0.00034781528811125
0.1471261963294926,4.701100312435882,4.701514530281673,-0.00041421784579132037,0.0003478146228414
0.14712619622359285,4.701100312442562,4.701514530281653,-0.0004142178390909024,0.0003478143767303
0.1471261962779566,4.701100312470509,4.701514530281666,-0.0004142178111568029,0.00034781536474775003
0.1471261963558878,4.701100312430951,4.70151453028166,-0.0004142178507091643,0.0003478152967251
0.14712619635018837,4.7011003124621356,4.701514530281671,-0.0004142178195358781,0.0003478141187768
0.14712619639914443,4.701100312508145,4.701514530281592,-0.00041421777344741173,0.00034781483275254997
0.1471261963756883,4.701100312475646,4.701514530281665,-0.0004142178060195789,0.0003478162151922
0.1471261962449676,4.701100312448444,4.701514530281664,-0.000414217833220043,0.0003478150987302
0.147126196019987,4.701100312470607,4.701514530281651,-0.00041421781104400424,0.0003478150977247
0.1471261961387246,4.701100312422165,4.701514530281611,-0.0004142178594461754,0.0003478165827695
0.1471261962449676,4.7011003124543755,4.7015145302816475,-0.00041421782727191214,0.00034781536474775003
0.14712619629503526,4.701100312467928,4.701514530281657,-0.0004142178137289676,0.0003478143767303
0.1471261964464321,4.701100312480093,4.7015145302816475,-0.000414217801554706,0.0003478138070015
0.1471261963258024,4.70110031245308,4.701514530281661,-0.00041421782858108713,0.0003478150977247
0.1471261962784451,4.701100312464228,4.701514530281612,-0.0004142178173838218,0.00034781482606175004
0.1471261963292711,4.701100312466135,4.701514530281641,-0.0004142178155062126,0.00034781509822744995
0.14712619633699076,4.701100312468085,4.701514530281624,-0.0004142178135397856,0.00034781522008860003
0.1471261962123729,4.701100312477922,4.701514530281672,-0.00041421780375028305,0.00034781394169625
0.1471261961749367,4.701100312467434,4.701514530281655,-0.00041421781422013026,0.00034781469248755
0.1471261962559427,4.701100312447712,4.701514530281648,-0.0004142178339359148,0.0003478154572014
0.1471261961188896,4.701100312454853,4.701514530281613,-0.0004142178267594332,0.0003478141293659
0.1471261963294926,4.701100312454064,4.701514530281632,-0.00041421782756856373,0.0003478154816324
0.1471261962779566,4.701100312469893,4.70151453028165,-0.0004142178117572115,0.00034781482606175004
0.147126196214323,4.70110031244342,4.701514530281642,-0.0004142178382222639,0.00034781641208385004
0.14712619633688,4.701100312469256,4.701514530281633,-0.00041421781237716004,0.00034781444274365
0.14712619601583174,4.701100312440706,4.7015145302816235,-0.0004142178409178854,0.00034781411054655
0.1471261962536421,4.701100312483346,4.701514530281648,-0.0004142177983021966,0.00034781444637645
0.147126196214323,4.701100312440166,4.701514530281653,-0.00041421784148720775,0.00034781464959679996
0.1471261963258024,4.701100312484114,4.701514530281621,-0.00041421779750638876,0.0003478145160226
0.1471261963294926,4.7011003124850745,4.701514530281648,-0.0004142177965738014,0.0003478154572014
0.14712619629503526,4.70110031246028,4.701514530281619,-0.0004142178213388803,0.00034781620023235
0.1471261963114234,4.701100312451345,4.701514530281624,-0.00041421783027928427,0.00034781499053215
0.1471261962536421,4.701100312445296,4.701514530281625,-0.00041421783632955567,0.0003478141293659
0.1471261962449676,4.701100312458432,4.701514530281649,-0.00041421782321737766,0.0003478149900294
0.1471261962123729,4.701100312465254,4.701514530281609,-0.0004142178163553112,0.0003478140468088
0.14712619632753676,4.701100312428813,4.701514530281605,-0.0004142178527919427,0.00034781654453215
0.1471261963444889,4.70110031245186,4.701514530281664,-0.0004142178298041088,0.0003478156540337
0.1471261962646172,4.701100312430795,4.701514530281627,-0.0004142178508317329,0.0003478154816324
0.1471261961936548,4.701100312461574,4.70151453028163,-0.0004142178200554625,0.0003478158225105
0.1471261962162731,4.70110031244682,4.701514530281674,-0.0004142178348542913,0.00034781482606175004
0.1471261962309126,4.701100312483198,4.701514530281705,-0.00041421779850736584,0.00034781556783305
0.1471261962449676,4.701100312454684,4.701514530281682,-0.0004142178269983532,0.0003478156540337
0.14712619638153096,4.7011003124520165,4.701514530281627,-0.0004142178296104859,0.0003478164389626
0.1471261962786471,4.701100312450753,4.701514530281636,-0.0004142178308832456,0.00034781464959679996
0.1471261962162731,4.7011003124554,4.701514530281631,-0.00041421782623096703,0.00034781457995065
0.1471261963756883,4.701100312448013,4.701514530281615,-0.00041421783360195974,0.00034781531254225
0.14712619629503526,4.701100312456952,4.701514530281669,-0.00041421782471662283,0.00034781620023235
0.1471261963276475,4.701100312482672,4.701514530281636,-0.00041421779896388955,0.00034781411054655
0.14712619638153096,4.701100312451197,4.701514530281641,-0.00041421783044448546,0.0003478163622569
0.1471261963444889,4.701100312462058,4.701514530281627,-0.0004142178195687407,0.00034781512109115
0.1471261963292711,4.701100312393197,4.701514530281596,-0.0004142178883990155,0.0003478138920912
0.14712619616919353,4.701100312459618,4.701514530281627,-0.000414217822009455,0.00034781522008860003
0.14712619634257945,4.701100312456069,4.70151453028166,-0.0004142178255905904,0.0003478149833386
0.1471261962123729,4.701100312458759,4.701514530281643,-0.00041421782288431075,0.000347814783171
0.1471261962559427,4.701100312402722,4.7015145302816075,-0.00041421787888573647,0.0003478150977247
0.1471261962349576,4.701100312466507,4.701514530281664,-0.0004142178151571585,0.0003478163622569
0.1471261962646172,4.701100312461205,4.7015145302816075,-0.00041421782040274024,0.00034781522008860003
0.1471261963756883,4.701100312487307,4.701514530281678,-0.00041421779437023076,0.00034781547537940003
0.14712619630222473,4.701100312445396,4.7015145302816554,-0.00041421783625938957,0.00034781522008860003
0.14712619629503526,4.7011003124694195,4.7015145302816235,-0.00041421781220396525,0.00034781411054655
0.14712619632938184,4.701100312481792,4.701514530281611,-0.00041421779981920537,0.0003478150977247
0.1471261962786471,4.701100312499001,4.70151453028169,-0.0004142177826889082,0.0003478163762917
0.14712619608701993,4.701100312467781,4.701514530281648,-0.00041421781386752343,0.00034781556783305
0.1471261963258024,4.70110031246541,4.701514530281662,-0.0004142178162513943,0.0003478149833386
0.1471261962646172,4.701100312483206,4.701514530281637,-0.0004142177984309825,0.00034781509822744995
0.1471261963558878,4.701100312494698,4.701514530281676,-0.0004142177869779218,0.00034781412407135
0.14712619629503526,4.701100312448667,4.701514530281629,-0.0004142178329615831,0.00034781512058839996
0.1471261962780576,4.701100312459187,4.70151453028166,-0.00041421782247308414,0.00034781464959679996
0.1471261963258024,4.701100312434701,4.701514530281615,-0.0004142178469139779,0.0003478154572014
0.14712619610074812,4.7011003124580135,4.70151453028167,-0.0004142178236561378,0.00034781512109115
0.1471261965125665,4.7011003124668855,4.701514530281668,-0.0004142178147823472,0.0003478152967251
0.1471261965729913,4.70110031243574,4.701514530281626,-0.00041421784588635546,0.0003478148689525
0.1471261962786471,4.701100312450371,4.701514530281679,-0.00041421783130868306,0.0003478145160226
0.14712619632034724,4.701100312420238,4.70151453028165,-0.00041421786141171424,0.0003478142530481
0.14712619615683065,4.701100312480114,4.701514530281693,-0.0004142178015786868,0.0003478150977247
0.14712619625325246,4.70110031246293,4.701514530281649,-0.00041421781871964214,0.00034781483275254997
0.1471261962785461,4.701100312460434,4.701514530281649,-0.0004142178212154235,0.0003478140603336
0.1471261962262831,4.701100312464856,4.701514530281658,-0.00041421781680206493,0.0003478163762917
0.1471261962784451,4.701100312474166,4.701514530281639,-0.0004142178074726388,0.000347814783171
0.14712619633514565,4.701100312435059,4.701514530281662,-0.00041421784660222727,0.00034781494044785
0.1471261962784451,4.701100312468941,4.701514530281659,-0.00041421781271822056,0.00034781536474775003
0.1471261962536421,4.701100312442061,4.701514530281685,-0.0004142178396238094,0.0003478141187768
0.14712619622164275,4.701100312451743,4.701514530281643,-0.0004142178299000321,0.0003478148756433
0.14712619623360285,4.701100312444079,4.701514530281639,-0.0004142178375596828,0.0003478149833386
0.147126196214323,4.701100312435812,4.701514530281622,-0.0004142178458099721,0.0003478148823341
0.1471261962646172,4.701100312445201,4.70151453028166,-0.0004142178364592297,0.0003478138920912
0.1471261960524003,4.701100312457627,4.70151453028164,-0.0004142178240131855,0.0003478148689525
0.1471261962774681,4.701100312467361,4.7015145302816395,-0.00041421781427875004,0.0003478154816324
0.14712619617554876,4.701100312438525,4.7015145302816315,-0.000414217843106357,0.0003478158225105
0.14712619633514565,4.701100312477884,4.701514530281654,-0.000414217803769823,0.0003478151434521
0.14712619633514565,4.701100312477484,4.701514530281658,-0.00041421780417394416,0.00034781556783305
0.14712619635018837,4.701100312477926,4.701514530281672,-0.00041421780374673034,0.0003478152967251
0.1471261962765302,4.701100312453162,4.701514530281623,-0.00041421782846029487,0.00034781625705844997
0.1471261961936548,4.701100312443761,4.701514530281682,-0.0004142178379211714,0.0003478154572014
0.1471261962655551,4.701100312456882,4.701514530281662,-0.0004142178247796835,0.00034781536474775003
0.14712619629503526,4.7011003124623345,4.70151453028162,-0.0004142178192854118,0.0003478161852725
0.14712619629503526,4.701100312466187,4.701514530281651,-0.00041421781546358005,0.00034781482606175004
0.1471261962786471,4.701100312486508,4.701514530281659,-0.0004142177951509396,0.0003478145160226
0.1471261962755923,4.701100312472538,4.701514530281663,-0.00041421780912553885,0.0003478158225105
0.1471261963258024,4.7011003124890856,4.701514530281655,-0.00041421779256900493,0.00034781469917835
0.14712619605460664,4.701100312439998,4.701514530281671,-0.0004142178416737252,0.00034781628872455
0.1471261961971815,4.70110031246527,4.7015145302816554,-0.00041421781638550925,0.00034781547537940003
0.147126196214323,4.701100312479769,4.701514530281652,-0.000414217801883332,0.00034781444637645
0.1471261962646172,4.701100312434561,4.701514530281695,-0.00041421784713424614,0.0003478163762917
0.14712619639914443,4.701100312473764,4.701514530281674,-0.00041421780791051077,0.00034781536474775003
0.1471261961749367,4.701100312451893,4.701514530281688,-0.00041421782979522703,0.00034781482606175004
0.14712619613211697,4.701100312446722,4.701514530281651,-0.0004142178349288983,0.00034781444637645
0.1471261962362931,4.7011003124384985,4.701514530281638,-0.0004142178431392196,0.0003478150977247
0.147126196214323,4.7011003124474655,4.7015145302816705,-0.0004142178342050329,0.00034781522008860003
0.147126196214323,4.701100312454317,4.70151453028166,-0.0004142178273429664,0.0003478151434521
0.1471261962774681,4.701100312447155,4.701514530281625,-0.00041421783447059823,0.00034781464959679996
0.1471261962162731,4.7011003124598885,4.701514530281668,-0.0004142178217794168,0.0003478139913013
0.14712619629503526,4.701100312450991,4.701514530281674,-0.00041421783068340545,0.0003478148823341
0.14712619616894113,4.70110031245533,4.701514530281679,-0.00041421782634909476,0.00034781411054655
0.1471261963292711,4.701100312469596,4.701514530281643,-0.00041421781204675767,0.00034781538917875
0.1471261962755923,4.701100312466159,4.701514530281656,-0.00041421781549733083,0.0003478163420649
0.1471261962536421,4.701100312461287,4.70151453028166,-0.0004142178203725422,0.0003478148823341
0.14712619629350787,4.701100312456074,4.70151453028166,-0.0004142178255861495,0.00034781509822744995
0.1471261962362931,4.701100312429972,4.701514530281667,-0.00041421785169504233,0.00034781482606175004
0.1471261963292711,4.701100312437643,4.701514530281658,-0.00041421784401496353,0.0003478150987302
0.1471261962309126,4.701100312426858,4.7015145302816155,-0.0004142178547574815,0.00034781512058839996
0.1471261962755923,4.701100312469762,4.7015145302816395,-0.0004142178118771156,0.00034781512109115
0.14712619623360285,4.701100312474768,4.7015145302816155,-0.0004142178068473612,0.00034781519772765
0.1471261962786471,4.70110031244347,4.701514530281646,-0.0004142178381760786,0.00034781625705844997
0.1471261961749367,4.701100312468587,4.701514530281676,-0.00041421781308859096,0.0003478148823341
0.1471261962162731,4.701100312442861,4.701514530281616,-0.00041421783875517093,0.00034781522008860003
0.1471261962779566,4.7011003124440345,4.701514530281664,-0.00041421783762984887,0.0003478148823341
0.1471261962309126,4.701100312471706,4.701514530281664,-0.0004142178099586502,0.00034781519772765
0.1471261960159886,4.7011003124550665,4.701514530281637,-0.0004142178265702512,0.0003478149900294
0.1471261962785461,4.701100312460672,4.701514530281662,-0.0004142178209898262,0.00034781526524754996
0.1471261964541471,4.701100312489268,4.7015145302816075,-0.0004142177923398549,0.0003478149900294
0.14712619632938184,4.701100312483386,4.701514530281621,-0.00041421779823469507,0.0003478152657503
0.1471261962771197,4.701100312489263,4.701514530281618,-0.00041421779235495393,0.00034781531254225
0.1471261963292711,4.701100312469573,4.701514530281665,-0.00041421781209205477,0.0003478159164607
0.1471261962162731,4.701100312448147,4.70151453028165,-0.00041421783350337193,0.00034781512109115
0.14712619625325246,4.701100312456634,4.701514530281631,-0.00041421782499639903,0.0003478154572014
0.14712619617821096,4.701100312470533,4.70151453028163,-0.00041421781109640676,0.0003478157382721
0.1471261963258024,4.701100312472655,4.70151453028167,-0.00041421780901451655,0.00034781522008860003
0.1471261963716307,4.701100312472236,4.7015145302816554,-0.0004142178094195259,0.00034781554340205
0.147126196019987,4.701100312441036,4.7015145302816235,-0.000414217840587483,0.0003478154327704
0.1471261962309126,4.701100312458642,4.70151453028164,-0.0004142178229979976,0.0003478148689525
0.1471261963873736,4.701100312453088,4.701514530281636,-0.00041421782854822453,0.0003478150987302
0.1471261962774681,4.701100312486755,4.701514530281714,-0.00041421779495909306,0.00034781411054655
0.1471261961708912,4.701100312437059,4.701514530281677,-0.0004142178446180367,0.00034781536474775003
0.1471261964618621,4.701100312434439,4.70151453028164,-0.0004142178472017477,0.0003478151434521
0.1471261962779566,4.7011003124962425,4.701514530281666,-0.00041421778542360954,0.00034781597647920003
0.14712619595843024,4.701100312465742,4.701514530281615,-0.0004142178158730303,0.0003478143767303
0.1471261962309126,4.7011003124444795,4.701514530281629,-0.00041421783714934435,0.00034781606582645
0.1471261962755923,4.701100312452969,4.7015145302816395,-0.00041421782867079315,0.00034781586948559996
0.1471261963756883,4.701100312456264,4.70151453028165,-0.00041421782538630936,0.0003478138920912
0.14712619632753676,4.7011003124384185,4.701514530281664,-0.000414217843245801,0.0003478148823341
0.1471261961956049,4.701100312468777,4.701514530281639,-0.0004142178128612173,0.00034781580902145
0.147126196224333,4.7011003124354795,4.701514530281628,-0.0004142178461483681,0.00034781482606175004
0.14712619613211697,4.701100312452988,4.70151453028165,-0.00041421782866191137,0.00034781512109115
0.1471261963716307,4.701100312451186,4.70151453028165,-0.0004142178304640254,0.00034781327111659997
0.1471261962449676,4.701100312491304,4.701514530281628,-0.0004142177903236899,0.0003478141023163
0.1471261963258024,4.701100312493549,4.701514530281611,-0.0004142177880623876,0.0003478142530481
0.1471261964109153,4.701100312469273,4.701514530281657,-0.00041421781238426547,0.00034781464959679996
0.1471261962784451,4.70110031248903,4.7015145302816554,-0.00041421779262584835,0.0003478154816324
0.1471261963294926,4.701100312450522,4.7015145302815995,-0.00041421783107775667,0.0003478141023163
0.1471261962765302,4.701100312448402,4.701514530281637,-0.00041421783323514205,0.00034781586948559996
0.1471261961936548,4.701100312470125,4.701514530281659,-0.0004142178115342787,0.00034781586948559996
0.14712619613211697,4.701100312443391,4.701514530281644,-0.00041421783825246195,0.0003478159164607
0.1471261962309126,4.70110031241656,4.7015145302816075,-0.0004142178650479167,0.00034781586948559996
0.1471261962646172,4.701100312454195,4.701514530281627,-0.00041421782743178426,0.00034781509822744995
0.14712619622359285,4.7011003124992925,4.701514530281662,-0.00041421778236916396,0.0003478141187768
0.1471261962785461,4.701100312457664,4.701514530281663,-0.00041421782399986284,0.00034781509822744995
0.14712619630163526,4.701100312471271,4.701514530281639,-0.0004142178103672123,0.00034781499053215
0.14712619624227735,4.701100312425314,4.7015145302816626,-0.00041421785634820907,0.0003478154327704
0.1471261961122699,4.70110031245152,4.701514530281622,-0.0004142178301016486,0.0003478163673783
0.1471261962449676,4.701100312459692,4.701514530281641,-0.0004142178219490589,0.00034781531254225
0.1471261963039591,4.70110031248287,4.7015145302816785,-0.0004142177988084583,0.0003478150987302
0.14712619618791167,4.7011003124810555,4.701514530281627,-0.0004142178005714925,0.00034781625705844997
0.1471261962755923,4.701100312438967,4.701514530281631,-0.000414217842663156,0.0003478166959418
0.1471261962573691,4.701100312461806,4.701514530281616,-0.00041421781981032524,0.0003478141023163
0.147126196214323,4.70110031247201,4.701514530281616,-0.0004142178096060434,0.00034781509822744995
0.14712619615108752,4.701100312431813,4.7015145302816705,-0.0004142178498574012,0.0003478158225105
0.1471261963276475,4.701100312449202,4.701514530281665,-0.000414217832463315,0.00034781536474775003
0.147126196214323,4.70110031246772,4.701514530281678,-0.00041421781395722945,0.00034781499053215
0.1471261962779566,4.701100312436725,4.701514530281671,-0.0004142178449466627,0.0003478148756433
0.1471261962655551,4.701100312485589,4.701514530281664,-0.00041421779607553333,0.0003478142530481
0.1471261963258024,4.701100312478889,4.701514530281613,-0.0004142178027235488,0.0003478165827695
0.14712619618791167,4.701100312436834,4.7015145302816235,-0.0004142178447894551,0.0003478148823341
0.1471261963716307,4.701100312444947,4.701514530281636,-0.0004142178366892679,0.0003478141187768
0.14712619639914443,4.701100312463591,4.701514530281646,-0.0004142178180543965,0.00034781444637645
0.14712619632753676,4.701100312475787,4.70151453028164,-0.00041421780585348955,0.0003478151434521
0.14712619633688,4.701100312441321,4.7015145302815995,-0.0004142178402783969,0.0003478150977247
0.1471261963558878,4.701100312457497,4.701514530281641,-0.0004142178241446359,0.00034781531254225
0.1471261961936548,4.701100312476918,4.701514530281609,-0.000414217804690864,0.00034781628872455
0.14712619632753676,4.701100312494495,4.701514530281646,-0.00041421778715111657,0.0003478142395233
0.1471261962779566,4.701100312457438,4.701514530281638,-0.000414217824199703,0.00034781519772765
0.1471261962780576,4.701100312444443,4.701514530281635,-0.0004142178371919769,0.0003478154816324
0.14712619630212376,4.701100312467152,4.70151453028161,-0.0004142178144581621,0.0003478150987302
0.1471261965729913,4.7011003124524615,4.7015145302816475,-0.00041421782918593664,0.00034781499053215
0.14712619635018837,4.701100312435993,4.7015145302816705,-0.00041421784567763353,0.0003478156540337
0.1471261962123729,4.701100312471772,4.701514530281632,-0.0004142178098600624,0.0003478162151922
0.14712619618791167,4.701100312450923,4.7015145302816554,-0.00041421783073225527,0.0003478141023163
0.1471261962646172,4.70110031248544,4.701514530281638,-0.00041421779619810195,0.0003478150977247
0.14712619632034724,4.701100312434689,4.701514530281687,-0.00041421784699835484,0.0003478140468088
0.1471261962779566,4.70110031246765,4.701514530281683,-0.0004142178140327246,0.00034781499053215
0.1471261963114234,4.701100312471314,4.7015145302816475,-0.0004142178103334615,0.000347814783171
0.1471261963444889,4.701100312476062,4.70151453028162,-0.00041421780555772614,0.00034781412407135
0.14712619629503526,4.701100312489491,4.701514530281662,-0.000414217792171101,0.0003478151434521
0.1471261962765302,4.701100312465479,4.701514530281629,-0.00041421781615014197,0.0003478149900294
0.14712619636578805,4.701100312477395,4.701514530281645,-0.0004142178042494393,0.00034781464959679996
0.1471261962784451,4.701100312470865,4.701514530281676,-0.0004142178108113015,0.0003478135932584
0.1471261963600886,4.701100312469845,4.701514530281669,-0.0004142178118238249,0.0003478148689525
0.14712619615683065,4.701100312486331,4.7015145302816705,-0.0004142177953392334,0.0003478148756433
0.14712619616232142,4.701100312508971,4.7015145302816475,-0.00041421777267647286,0.00034781620023235
0.14712619632034724,4.701100312465666,4.701514530281668,-0.0004142178160018162,0.0003478149833386
0.1471261962646172,4.701100312468823,4.701514530281702,-0.00041421781287898085,0.0003478138823238
0.1471261963276475,4.701100312463416,4.701514530281629,-0.00041421781821249226,0.0003478141187768
0.147126196214323,4.701100312439166,4.701514530281641,-0.00041421784247486215,0.00034781536474775003
0.1471261963292711,4.701100312445283,4.7015145302816315,-0.0004142178363482074,0.00034781482606175004
0.14712619629350787,4.701100312444313,4.701514530281643,-0.00041421783732964457,0.0003478160508666
0.1471261962655551,4.701100312452227,4.701514530281628,-0.0004142178294008758,0.00034781522008860003
0.14712619623360285,4.701100312495321,4.701514530281655,-0.0004142177863339924,0.00034781509822744995
0.14712619633699076,4.701100312457566,4.7015145302816395,-0.00041421782407358165,0.0003478149833386
0.1471261963756883,4.701100312482372,4.701514530281681,-0.00041421779930939095,0.00034781464959679996
0.14712619618791167,4.701100312453032,4.701514530281601,-0.0004142178285695408,0.0003478162989247
0.14712619616919353,4.701100312433685,4.701514530281612,-0.0004142178479265013,0.0003478154816324
0.14712619616919353,4.701100312450573,4.701514530281626,-0.0004142178310528877,0.00034781385277045
0.14712619616919353,4.701100312454036,4.70151453028165,-0.00041421782761386083,0.0003478141023163
0.1471261963186129,4.701100312468147,4.701514530281711,-0.0004142178135646546,0.000347814783171
0.1471261962330075,4.701100312475987,4.7015145302816075,-0.0004142178056207868,0.0003478148756433
0.14712619632034724,4.701100312463858,4.701514530281634,-0.00041421781777639666,0.00034781536474775003
0.1471261961387246,4.701100312456447,4.7015145302816705,-0.0004142178252237727,0.00034781405503905
0.1471261964109153,4.701100312457283,4.7015145302816785,-0.00041421782439510224,0.0003478141293659
0.1471261962785461,4.701100312478191,4.701514530281649,-0.00041421780345807235,0.0003478154572014
0.1471261962785461,4.701100312464182,4.701514530281659,-0.00041421781747708053,0.0003478137219118
0.1471261962765302,4.701100312487068,4.701514530281666,-0.0004142177945984926,0.0003478149833386
0.147126196214323,4.701100312449466,4.701514530281604,-0.0004142178321382417,0.0003478154327704
0.14712619624227735,4.701100312481836,4.701514530281626,-0.0004142177997898955,0.00034781469248755
0.14712619618791167,4.701100312444554,4.701514530281667,-0.00041421783711292903,0.00034781464959679996
0.14712619616919353,4.701100312449337,4.701514530281624,-0.0004142178322874557,0.00034781482606175004
0.14712619613211697,4.701100312456944,4.701514530281641,-0.0004142178246970829,0.0003478161852725
0.1471261962784451,4.70110031247278,4.701514530281648,-0.0004142178088679671,0.0003478157382721
0.14712619613786015,4.7011003124664095,4.701514530281623,-0.00041421781521311374,0.0003478151434521
0.1471261962349576,4.7011003124926445,4.701514530281648,-0.00041421778900385675,0.00034781412407135
0.14712619647949932,4.701100312448368,4.701514530281633,-0.0004142178332653401,0.00034781528811125
0.14712619631726745,4.701100312464539,4.701514530281677,-0.0004142178171377964,0.0003478151434521
0.1471261962646172,4.7011003124359005,4.701514530281649,-0.0004142178457486878,0.00034781464959679996
0.1471261963558878,4.701100312438633,4.701514530281664,-0.00041421784303175,0.00034781394169625
0.1471261963258024,4.701100312486936,4.701514530281655,-0.0004142177947183967,0.00034781606582645
0.1471261962559427,4.701100312449592,4.701514530281619,-0.0004142178320272194,0.0003478142530481
0.1471261962755923,4.701100312459983,4.701514530281688,-0.000414217821705698,0.0003478154327704
0.14712619633699076,4.7011003124305875,4.701514530281678,-0.0004142178510901928,0.00034781464959679996
0.14712619601583174,4.701100312467328,4.7015145302816395,-0.00041421781431161264,0.00034781628872455
0.1471261960156749,4.701100312467905,4.7015145302816155,-0.00041421781371031585,0.0003478160038915
0.1471261962536421,4.701100312445702,4.701514530281636,-0.00041421783593431627,0.00034781625705844997
0.1471261962786471,4.701100312437028,4.701514530281626,-0.00041421784459849675,0.0003478148689525
0.14712619633699076,4.701100312483287,4.70151453028165,-0.00041421779836348094,0.0003478139913013
0.1471261962765302,4.701100312472935,4.701514530281634,-0.0004142178086992132,0.00034781625705844997
0.1471261962646172,4.701100312468916,4.701514530281638,-0.00041421781272177327,0.0003478159164607
0.1471261962774681,4.701100312447741,4.701514530281632,-0.0004142178338915059,0.00034781512109115
0.14712619635018837,4.701100312491657,4.701514530281659,-0.0004142177900021693,0.00034781469248755
0.1471261962774681,4.701100312445885,4.701514530281634,-0.000414217835748687,0.00034781509822744995
0.1471261962142894,4.701100312460684,4.701514530281655,-0.00041421782097028625,0.00034781606582645
0.1471261962770187,4.701100312482212,4.701514530281631,-0.0004142177994186369,0.0003478141187768
0.1471261962765302,4.701100312444171,4.701514530281634,-0.00041421783746287133,0.0003478159164607
0.1471261963258024,4.701100312452608,4.7015145302816395,-0.0004142178290313936,0.00034781556783305
0.1471261962779566,4.701100312432548,4.701514530281638,-0.000414217849090015,0.00034781412407135
0.147126196214323,4.701100312417592,4.7015145302816705,-0.00041421786407891403,0.0003478154327704
0.1471261960179878,4.701100312458144,4.701514530281654,-0.00041421782350958836,0.0003478141187768
0.1471261962646172,4.701100312474824,4.701514530281637,-0.00041421780681272224,0.00034781569904655
0.14712619629503526,4.7011003124655675,4.701514530281652,-0.00041421781608441677,0.0003478148823341
0.14712619632938184,4.701100312469677,4.7015145302816785,-0.00041421781200146057,0.0003478154572014
0.14712619633699076,4.701100312440064,4.701514530281648,-0.0004142178415840192,0.00034781469917835
0.1471261962309126,4.701100312441605,4.701514530281632,-0.00041421784002704243,0.0003478162989247
0.1471261962309126,4.701100312461051,4.701514530281674,-0.0004142178206230085,0.00034781394169625
0.14712619605460664,4.7011003124521915,4.701514530281633,-0.000414217829441732,0.00034781528811125
0.1471261962765302,4.701100312447555,4.701514530281601,-0.00041421783404604895,0.000347814783171
0.14712619633688,4.701100312449579,4.701514530281657,-0.00041421783207784557,0.0003478161852725
0.1471261962786471,4.701100312440413,4.701514530281615,-0.0004142178412012143,0.0003478141293659
0.1471261964541471,4.70110031246913,4.701514530281635,-0.00041421781250505774,0.00034781512109115
0.1471261961188896,4.701100312479994,4.701514530281637,-0.00041421780164263566,0.0003478157382721
0.14712619623360285,4.7011003124763056,4.701514530281648,-0.00041421780534278696,0.0003478150987302
0.1471261962770187,4.701100312442369,4.701514530281644,-0.0004142178392747553,0.0003478154816324
0.1471261962765302,4.701100312482283,4.701514530281634,-0.00041421779935113534,0.0003478154327704
0.1471261962779566,4.701100312479751,4.701514530281688,-0.0004142178019375109,0.00034781444637645
0.14712619616919353,4.701100312455629,4.70151453028163,-0.0004142178260009288,0.00034781445626845
0.1471261961122699,4.701100312425482,4.701514530281634,-0.00041421785615192164,0.0003478163762917
0.1471261961255093,4.70110031244474,4.7015145302816554,-0.0004142178369157534,0.0003478148756433
0.1471261962536421,4.701100312477587,4.7015145302816395,-0.0004142178040522637,0.00034781494044785
0.1471261962765302,4.70110031243736,4.701514530281628,-0.0004142178442680944,0.0003478141187768
0.14712619622359285,4.701100312468839,4.701514530281618,-0.00041421781277950487,0.0003478163673783
0.14712619638153096,4.7011003124649395,4.701514530281651,-0.00041421781671147073,0.00034781536474775003
0.1471261962786471,4.701100312477584,4.701514530281639,-0.00041421780405492825,0.00034781620023235
0.14712619622359285,4.70110031245052,4.701514530281619,-0.00041421783109907295,0.00034781482606175004
0.1471261962771197,4.701100312462533,4.701514530281627,-0.00041421781909445343,0.00034781464959679996
0.1471261963756883,4.701100312486662,4.701514530281623,-0.0004142177949608694,0.00034781499053215
0.1471261962770187,4.701100312428443,4.701514530281663,-0.0004142178532200447,0.0003478138823238
0.14712619632753676,4.701100312480987,4.7015145302816155,-0.0004142178006283359,0.00034781654453215
0.147126196019987,4.701100312446825,4.701514530281647,-0.0004142178348214287,0.00034781578524719996
0.1471261963114234,4.701100312455265,4.701514530281638,-0.0004142178263730756,0.0003478157382721
0.1471261962449676,4.701100312447379,4.701514530281602,-0.00041421783422279645,0.0003478162989247
0.14712619624227735,4.701100312470192,4.701514530281633,-0.00041421781144102,0.00034781444637645
0.1471261961634504,4.701100312474485,4.7015145302816705,-0.0004142178071857572,0.00034781483275254997
0.1471261962765302,4.70110031244074,4.701514530281631,-0.00041421784089035185,0.00034781464959679996
0.1471261962785461,4.701100312439829,4.701514530281649,-0.00041421784182027466,0.00034781412407135
0.1471261965125665,4.701100312480672,4.7015145302815995,-0.00041421780092765204,0.0003478145160226
0.1471261962765302,4.701100312430231,4.701514530281653,-0.0004142178514214834,0.0003478149833386
0.1471261962784451,4.701100312474981,4.701514530281638,-0.00041421780665640284,0.0003478136374646
0.1471261962784451,4.701100312471612,4.701514530281669,-0.00041421781005634983,0.0003478152967251
0.1471261961749367,4.701100312429078,4.701514530281652,-0.0004142178525734508,0.00034781499053215
0.1471261962779566,4.701100312438094,4.701514530281674,-0.0004142178435797561,0.0003478158225105
0.1471261961936548,4.7011003124589195,4.701514530281623,-0.00041421782270312235,0.0003478156540337
0.1471261963600886,4.7011003124621515,4.701514530281658,-0.0004142178195065682,0.00034781411054655
0.1471261963114234,4.70110031247537,4.701514530281684,-0.00041421780631356597,0.0003478152657503
0.14712619608701993,4.7011003124260045,4.701514530281623,-0.0004142178556181264,0.00034781445626845
0.1471261962362931,4.701100312454023,4.7015145302816626,-0.000414217827639618,0.0003478140468088
0.147126196224333,4.701100312485765,4.701514530281641,-0.00041421779587658136,0.0003478158225105
0.14712619629503526,4.701100312502722,4.701514530281659,-0.00041421777893724254,0.00034781512109115
0.1471261961956049,4.701100312507285,4.70151453028164,-0.0004142177743551301,0.0003478154572014
0.14712619635018837,4.701100312458175,4.701514530281633,-0.000414217823458074,0.0003478149900294
0.14712619614447986,4.701100312468404,4.701514530281633,-0.00041421781322892315,0.0003478152967251
0.1471261962755923,4.701100312447487,4.70151453028163,-0.0004142178341428604,0.00034781620023235
0.14712619629493423,4.701100312486442,4.701514530281651,-0.0004142177952086712,0.00034781528811125
0.1471261962309126,4.701100312506611,4.70151453028166,-0.0004142177750487974,0.0003478154327704
0.14712619617749884,4.701100312464898,4.701514530281658,-0.00041421781676032055,0.0003478163673783
0.1471261963294926,4.701100312429703,4.7015145302816475,-0.00041421785194462046,0.0003478148823341
0.14712619624227735,4.70110031243625,4.701514530281668,-0.00041421784541828544,0.00034781469248755
0.14712619625325246,4.7011003125055115,4.70151453028165,-0.00041421777613859234,0.0003478148823341
0.14712619615683065,4.701100312482705,4.701514530281631,-0.0004142177989256979,0.00034781628872455
0.1471261961188896,4.701100312475046,4.7015145302816315,-0.00041421780658534857,0.0003478163648176
0.14712619632034724,4.7011003124494435,4.701514530281619,-0.0004142178321755452,0.0003478156540337
0.14712619629503526,4.701100312437289,4.701514530281648,-0.00041421784435957676,0.00034781483275254997
0.1471261962780576,4.7011003124619375,4.701514530281647,-0.0004142178197090729,0.00034781424775355
0.1471261962262831,4.701100312451581,4.701514530281632,-0.0004142178300510224,0.000347816373731
0.1471261962559427,4.701100312456244,4.701514530281669,-0.00041421782542450103,0.00034781412407135
0.1471261963294926,4.701100312444222,4.701514530281678,-0.0004142178374557659,0.0003478150987302
0.14712619622359285,4.70110031245058,4.7015145302816395,-0.0004142178310591049,0.00034781620023235
0.14712619622359285,4.7011003124738995,4.70151453028162,-0.0004142178077204406,0.00034781444637645
0.1471261962449676,4.701100312451956,4.701514530281672,-0.00041421782971617915,0.0003478150977247
0.14712619632753676,4.701100312463119,4.701514530281639,-0.000414217818519802,0.0003478141187768
0.14712619623360285,4.701100312464095,4.7015145302816475,-0.0004142178175525757,0.00034781482606175004
0.14712619632938184,4.701100312483381,4.70151453028166,-0.000414217798279104,0.0003478138134497
0.1471261962646172,4.7011003124515165,4.70151453028165,-0.000414217830133623,0.00034781536474775003
0.1471261964363887,4.701100312474453,4.701514530281632,-0.00041421780717953993,0.0003478135251262
0.1471261962646172,4.70110031244569,4.7015145302816626,-0.00041421783597250794,0.0003478140468088
0.1471261960156749,4.701100312482535,4.70151453028167,-0.0004142177991344198,0.0003478154327704
0.14712619615108752,4.701100312447751,4.701514530281616,-0.00041421783386574873,0.0003478163622569
0.1471261962536421,4.70110031244458,4.7015145302816475,-0.00041421783706763193,0.0003478154327704
0.14712619632938184,4.701100312469082,4.701514530281665,-0.00041421781258321744,0.0003478141187768
0.1471261962784451,4.7011003124461554,4.701514530281632,-0.0004142178354769044,0.0003478148823341
0.1471261964464321,4.701100312443281,4.701514530281635,-0.0004142178383537143,0.00034781663935565
0.1471261963258024,4.701100312458087,4.701514530281605,-0.00041421782351758196,0.00034781512109115
0.147126196224333,4.701100312442056,4.701514530281618,-0.0004142178395625251,0.00034781483275254997
0.1471261963186129,4.701100312454446,4.701514530281646,-0.0004142178271999697,0.0003478154572014
0.1471261962162731,4.701100312465589,4.701514530281626,-0.0004142178160373433,0.000347813468046
0.1471261963258024,4.701100312452609,4.701514530281619,-0.0004142178290100773,0.00034781554340205
0.14712619625325246,4.701100312447999,4.701514530281654,-0.00041421783365436227,0.0003478151434521
0.1471261962770187,4.701100312435583,4.701514530281652,-0.0004142178460693202,0.0003478160508666
0.14712619639914443,4.701100312464634,4.701514530281623,-0.0004142178169885824,0.0003478141293659
0.1471261963294926,4.701100312442437,4.701514530281688,-0.00041421783925166267,0.0003478149900294
0.14712619622164275,4.7011003124765605,4.7015145302816155,-0.00041421780505501715,0.0003478157382721
0.1471261961122699,4.701100312465622,4.701514530281654,-0.00041421781603201424,0.00034781628872455
0.14712619624227735,4.701100312480583,4.701514530281643,-0.0004142178010599906,0.0003478150987302
0.1471261962780576,4.701100312463475,4.701514530281631,-0.00041421781815564884,0.0003478138823238
0.1471261962770187,4.701100312486307,4.70151453028162,-0.00041421779531258807,0.00034781394169625
0.1471261962779566,4.7011003124518185,4.701514530281648,-0.000414217829829866,0.00034781444637645
0.1471261963114234,4.701100312473859,4.701514530281639,-0.00041421780777994854,0.00034781586948559996
0.1471261962362931,4.701100312453724,4.70151453028164,-0.0004142178279167297,0.0003478148823341
0.14712619615108752,4.701100312441947,4.701514530281612,-0.00041421783966466563,0.0003478163305908
0.1471261962536421,4.701100312500989,4.701514530281664,-0.0004142177806754077,0.00034781494044785
0.14712619616919353,4.701100312446529,4.7015145302816315,-0.0004142178351020931,0.0003478163331515
0.1471261963186129,4.701100312471658,4.701514530281616,-0.0004142178099586502,0.0003478150987302
0.1471261963294926,4.701100312480596,4.701514530281653,-0.0004142178010564379,0.0003478145160226
0.1471261962349576,4.701100312447248,4.701514530281657,-0.0004142178344093139,0.00034781384300305
0.1471261963186129,4.701100312452261,4.701514530281672,-0.00041421782941153396,0.0003478154572014
0.1471261962774681,4.7011003124697,4.701514530281598,-0.0004142178118975437,0.0003478151434521
0.1471261962755923,4.701100312450606,4.701514530281646,-0.000414217831039565,0.0003478161852725
0.1471261962536421,4.701100312476021,4.70151453028164,-0.00041421780561901045,0.00034781522008860003
0.1471261961634504,4.70110031246478,4.7015145302816395,-0.00041421781685979653,0.0003478154572014
0.1471261963294926,4.701100312438831,4.701514530281661,-0.0004142178428301335,0.0003478132986274
0.1471261961255093,4.701100312439584,4.701514530281646,-0.0004142178420618592,0.0003478149833386
0.1471261962362931,4.70110031247401,4.701514530281633,-0.00041421780762362914,0.00034781412407135
0.1471261964464321,4.701100312466761,4.701514530281661,-0.00041421781489958676,0.00034781509822744995
0.14712619638153096,4.701100312471666,4.7015145302816554,-0.00041421780998973645,0.0003478152967251
0.1471261964618621,4.701100312493127,4.701514530281632,-0.00041421778850558866,0.00034781536474775003
0.1471261965966506,4.701100312465857,4.701514530281654,-0.00041421781579664696,0.00034781522008860003
0.1471261963558878,4.701100312433979,4.701514530281617,-0.0004142178476378433,0.00034781547537940003
0.1471261963276475,4.70110031247219,4.701514530281642,-0.0004142178094523885,0.0003478136796882
0.14712619633699076,4.701100312460929,4.701514530281627,-0.0004142178206976155,0.0003478141293659
0.1471261961255093,4.701100312477188,4.7015145302816315,-0.0004142178044430622,0.00034781536474775003
0.1471261963558878,4.701100312445806,4.701514530281633,-0.0004142178358268467,0.0003478163305908
0.1471261961634504,4.701100312460587,4.701514530281635,-0.00041421782104844596,0.00034781431739969995
0.1471261962786471,4.701100312436712,4.701514530281656,-0.00041421784494399816,0.00034781522008860003
0.14712619632938184,4.701100312476957,4.701514530281657,-0.00041421780470063396,0.00034781499053215
0.14712619607274816,4.701100312467659,4.701514530281596,-0.00041421781393680135,0.00034781482606175004
0.14712619632753676,4.701100312459086,4.701514530281612,-0.00041421782252548667,0.0003478143767303
0.1471261962362931,4.701100312502726,4.701514530281686,-0.000414217778959447,0.00034781509822744995
0.1471261963114234,4.7011003124347885,4.701514530281619,-0.0004142178468304891,0.0003478154572014
0.1471261962123729,4.701100312429852,4.701514530281669,-0.00041421785181672277,0.00034781509822744995
0.1471261963756883,4.70110031243997,4.701514530281647,-0.00041421784167638975,0.00034781538917875
0.1471261963294926,4.701100312436948,4.701514530281655,-0.0004142178447068545,0.0003478148756433
0.1471261963114234,4.7011003124369815,4.7015145302816395,-0.0004142178446580047,0.00034781444637645
0.1471261962655551,4.701100312437312,4.70151453028168,-0.00041421784436845854,0.0003478138725564
0.1471261962765302,4.701100312419766,4.701514530281671,-0.00041421786190554144,0.0003478163305908
0.14712619632045798,4.701100312458399,4.701514530281637,-0.00041421782323780576,0.00034781482606175004
0.1471261962774681,4.701100312487558,4.70151453028161,-0.0004142177940522629,0.00034781376768075
0.1471261962449676,4.701100312468826,4.70151453028167,-0.0004142178128434537,0.00034781376768075
0.14712619629503526,4.701100312455086,4.701514530281672,-0.0004142178265862384,0.00034781512109115
0.1471261961634504,4.701100312419733,4.701514530281686,-0.0004142178619526149,0.0003478158225105
0.14712619610516145,4.701100312467265,4.701514530281635,-0.0004142178143702324,0.00034781620023235
0.1471261960848136,4.701100312463887,4.701514530281665,-0.000414217817778173,0.00034781556783305
0.14712619623360285,4.7011003124577435,4.70151453028163,-0.000414217823886176,0.0003478148823341
0.14712619629493423,4.701100312453829,4.701514530281661,-0.00041421782783146455,0.00034781625705844997
0.14712619632938184,4.701100312507468,4.701514530281628,-0.0004142177741597308,0.00034781394169625
0.1471261962449676,4.701100312460442,4.701514530281677,-0.0004142178212349634,0.0003478136374646
0.14712619632753676,4.701100312475598,4.701514530281674,-0.00041421780607642233,0.00034781522008860003
0.14712619632938184,4.701100312454835,4.701514530281626,-0.0004142178267914076,0.0003478142530481
0.14712619636593124,4.701100312484342,4.7015145302816554,-0.00041421779731365405,0.00034781620023235
0.1471261961634504,4.7011003124512944,4.70151453028165,-0.0004142178303556676,0.00034781411054655
0.1471261962655551,4.701100312464367,4.70151453028162,-0.00041421781725325957,0.0003478163762917
0.1471261962755923,4.701100312474705,4.701514530281644,-0.0004142178069388436,0.0003478152967251
0.14712619610074812,4.701100312461565,4.7015145302816475,-0.00041421782008210783,0.0003478143767303
0.14712619622164275,4.70110031244247,4.701514530281661,-0.00041421783919037836,0.0003478148756433
0.1471261962536421,4.701100312475062,4.701514530281672,-0.00041421780661021756,0.0003478158225105
0.1471261963292711,4.701100312459116,4.701514530281664,-0.0004142178225485793,0.00034781385277045
0.14712619615683065,4.70110031244525,4.701514530281647,-0.00041421783639616905,0.0003478150977247
0.1471261962780576,4.70110031241856,4.701514530281661,-0.0004142178631010296,0.0003478151434521
0.14712619625325246,4.701100312447466,4.7015145302816395,-0.00041421783417305846,0.0003478149900294
0.1471261962646172,4.701100312474958,4.701514530281632,-0.0004142178066741664,0.00034781556783305
0.1471261962262831,4.7011003124814135,4.701514530281629,-0.00041421780021533294,0.0003478163331515
0.1471261963292711,4.701100312442479,4.701514530281645,-0.00041421783916550936,0.0003478149900294
0.1471261962536421,4.701100312493112,4.701514530281654,-0.000414217788542004,0.00034781358129540004
0.1471261963294926,4.70110031247987,4.701514530281615,-0.0004142178017447762,0.00034781509822744995
0.1471261962785461,4.701100312457561,4.701514530281603,-0.00041421782404160723,0.00034781464959679996
0.1471261962765302,4.701100312465709,4.701514530281649,-0.00041421781594053186,0.00034781556783305
0.14712619630222473,4.701100312463907,4.701514530281642,-0.00041421781773554045,0.0003478148823341
0.1471261963258024,4.701100312487679,4.701514530281614,-0.00041421779393502334,0.0003478154572014
0.1471261962786471,4.701100312454293,4.70151453028163,-0.00041421782733674917,0.0003478156540337
0.1471261962765302,4.701100312488951,4.701514530281652,-0.00041421779270045533,0.00034781536474775003
0.14712619617554876,4.701100312470174,4.701514530281667,-0.0004142178114934225,0.00034781483275254997
0.14712619615683065,4.701100312474878,4.701514530281626,-0.0004142178067478852,0.00034781578524719996
0.1471261962755923,4.701100312410553,4.701514530281638,-0.0004142178710848654,0.00034781586948559996
0.1471261962785461,4.701100312476824,4.701514530281665,-0.00041421780484096615,0.0003478142530481
0.14712619624227735,4.701100312437678,4.70151453028166,-0.00041421784398210093,0.0003478161852725
0.1471261962785461,4.701100312499422,4.701514530281621,-0.0004142177821986337,0.000347814783171
0.1471261960156749,4.70110031244876,4.701514530281651,-0.000414217832891417,0.0003478148756433
0.1471261962785461,4.70110031245746,4.701514530281652,-0.0004142178241917094,0.00034781580902145
0.14712619635018837,4.701100312457605,4.7015145302816395,-0.0004142178240345018,0.00034781522008860003
0.14712619630222473,4.7011003124922945,4.701514530281643,-0.00041421778934847,0.00034781554340205
0.1471261964286737,4.701100312480222,4.701514530281626,-0.00041421780140371567,0.00034781509822744995
0.1471261963716307,4.701100312444551,4.701514530281668,-0.00041421783711648175,0.0003478154327704
0.1471261962765302,4.701100312441849,4.701514530281608,-0.0004142178397597007,0.0003478163648176
0.14712619635018837,4.701100312462141,4.701514530281648,-0.0004142178195074564,0.00034781464959679996
0.1471261962362931,4.701100312466915,4.701514530281616,-0.00041421781470152297,0.0003478161852725
0.1471261963258024,4.70110031246073,4.701514530281663,-0.00041421782093387094,0.0003478142530481
0.14712619638153096,4.7011003124665605,4.701514530281653,-0.0004142178150923215,0.0003478148689525
0.14712619632034724,4.701100312454827,4.701514530281654,-0.00041421782682693475,0.0003478131582498
0.14712619635018837,4.7011003124596735,4.70151453028165,-0.0004142178219765924,0.00034781509822744995
0.1471261962770187,4.701100312483155,4.701514530281628,-0.0004142177984727269,0.00034781384300305
0.14712619622526452,4.7011003124455435,4.7015145302816075,-0.0004142178360639903,0.0003478158225105
0.1471261963114234,4.70110031248162,4.701514530281648,-0.0004142178000279273,0.00034781512109115
0.1471261962780576,4.701100312456998,4.701514530281705,-0.00041421782470685287,0.0003478138823238
0.1471261961255093,4.701100312494659,4.701514530281653,-0.000414217786993909,0.00034781536474775003
0.1471261963294926,4.70110031245033,4.701514530281645,-0.0004142178313149003,0.0003478160508666
0.14712619632753676,4.701100312483647,4.701514530281618,-0.0004142177979709061,0.0003478154572014
0.1471261964541471,4.701100312453606,4.701514530281631,-0.00041421782802419926,0.00034781536474775003
0.1471261962774681,4.701100312443536,4.701514530281623,-0.0004142178380863726,0.0003478154572014
0.1471261963873736,4.7011003124934785,4.7015145302816475,-0.00041421778816896904,0.00034781399720375
0.14712619636578805,4.701100312424051,4.701514530281654,-0.000414217857602317,0.0003478141187768
0.14712619623360285,4.701100312447359,4.701514530281656,-0.00041421783429740344,0.00034781641208385004
0.1471261963114234,4.701100312457815,4.70151453028163,-0.00041421782381512173,0.0003478143767303
0.14712619630222473,4.701100312475318,4.701514530281608,-0.00041421780629047333,0.00034781482606175004
0.1471261963186129,4.701100312464144,4.701514530281635,-0.0004142178174912914,0.00034781536474775003
0.1471261962786471,4.701100312452307,4.701514530281638,-0.0004142178293307097,0.00034781522008860003
0.1471261962162731,4.701100312457507,4.701514530281656,-0.0004142178241490768,0.0003478148689525
0.1471261963558878,4.701100312447338,4.70151453028164,-0.0004142178343027325,0.00034781528811125
0.14712619615683065,4.701100312423194,4.701514530281637,-0.0004142178584425338,0.00034781512109115
0.1471261962309126,4.701100312465869,4.701514530281658,-0.00041421781578954153,0.0003478162737647
0.14712619610074812,4.7011003124937485,4.7015145302816705,-0.00041421778792205544,0.0003478156540337
0.1471261963933018,4.701100312450804,4.7015145302816395,-0.00041421783083528396,0.0003478142530481
0.14712619624227735,4.701100312459063,4.70151453028166,-0.00041421782259654094,0.0003478149900294
0.1471261962123729,4.701100312487645,4.701514530281617,-0.00041421779397232683,0.0003478149900294
0.1471261962536421,4.701100312412699,4.70151453028168,-0.0004142178689816589,0.00034781444637645
0.1471261960179878,4.70110031245006,4.701514530281623,-0.0004142178315627021,0.0003478154572014
0.14712619617554876,4.701100312414682,4.701514530281622,-0.0004142178669397367,0.00034781522008860003
0.1471261961936548,4.701100312457812,4.701514530281627,-0.00041421782381512173,0.0003478144991592
0.14712619608701993,4.701100312452574,4.701514530281646,-0.0004142178290713616,0.00034781483275254997
0.147126195984328,4.701100312468476,4.701514530281696,-0.00041421781322004136,0.0003478163762917
0.1471261962536421,4.701100312484598,4.7015145302816475,-0.00041421779704986506,0.00034781522008860003
0.1471261962123729,4.701100312487275,4.701514530281638,-0.00041421779436312534,0.0003478162989247
0.1471261961936548,4.701100312456801,4.701514530281695,-0.0004142178248942585,0.00034781522008860003
0.1471261962162731,4.7011003124463935,4.701514530281631,-0.0004142178352370962,0.00034781578524719996
0.1471261963258024,4.7011003124850355,4.701514530281642,-0.000414217796606664,0.0003478154816324
0.1471261961634504,4.701100312461036,4.701514530281626,-0.0004142178205901459,0.00034781499053215
0.14712619636578805,4.701100312471076,4.701514530281639,-0.00041421781056261153,0.0003478140468088
0.1471261963444889,4.70110031245375,4.701514530281644,-0.00041421782789363704,0.00034781565207145
0.1471261962309126,4.701100312490515,4.701514530281608,-0.00041421779109374057,0.0003478160038915
0.1471261963558878,4.701100312475475,4.701514530281629,-0.00041421780615369386,0.0003478138823238
0.1471261961749367,4.7011003124528825,4.701514530281628,-0.00041421782874540014,0.00034781522008860003
0.1471261962784451,4.701100312462058,4.70151453028164,-0.0004142178195820634,0.00034781536474775003
0.14712619612549727,4.701100312473691,4.701514530281633,-0.0004142178079424852,0.0003478139913013
0.1471261962774681,4.701100312463797,4.701514530281678,-0.00041421781788031353,0.00034781509822744995
0.1471261964872143,4.701100312464304,4.701514530281651,-0.0004142178173474065,0.00034781398743635
0.1471261961749367,4.701100312474026,4.701514530281652,-0.0004142178076262937,0.0003478148756433
0.1471261962784451,4.70110031248453,4.701514530281623,-0.0004142177970924976,0.0003478157382721
0.1471261963114234,4.701100312478855,4.701514530281664,-0.0004142178028097021,0.00034781498384134997
0.14712619632938184,4.701100312450428,4.701514530281653,-0.0004142178312251943,0.00034781620023235
0.1471261963114234,4.701100312491048,4.701514530281633,-0.00041421779058481434,0.00034781430916945
0.14712619629503526,4.701100312504697,4.701514530281646,-0.00041421777694861106,0.00034781464959679996
0.147126196214323,4.701100312446323,4.701514530281613,-0.00041421783528949874,0.00034781469917835
0.1471261962780576,4.701100312473422,4.701514530281641,-0.00041421780821959686,0.0003478156540337
0.14712619624227735,4.701100312478021,4.701514530281667,-0.0004142178036463662,0.00034781412407135
0.1471261962765302,4.701100312460039,4.701514530281634,-0.00041421782159556386,0.0003478150977247
0.1471261964618621,4.701100312466174,4.701514530281641,-0.00041421781546713277,0.0003478141187768
0.14712619632753676,4.701100312484246,4.701514530281661,-0.0004142177974149064,0.00034781522008860003
0.1471261962785461,4.701100312447514,4.701514530281669,-0.0004142178341544067,0.0003478148689525
0.14712619623360285,4.7011003124516355,4.701514530281654,-0.0004142178300181598,0.0003478154327704
0.147126196019987,4.701100312457428,4.70151453028162,-0.0004142178241917094,0.0003478162151922
0.147126196214323,4.7011003124329065,4.701514530281651,-0.0004142178487445136,0.00034781625705844997
0.1471261963258024,4.701100312468448,4.7015145302816235,-0.00041421781317563244,0.0003478154327704
0.1471261961749367,4.701100312469677,4.701514530281668,-0.00041421781199080243,0.00034781411054655
0.1471261962780576,4.701100312462296,4.701514530281604,-0.00041421781930761625,0.00034781412407135
0.14712619629503526,4.701100312453657,4.701514530281647,-0.0004142178279895603,0.0003478159164607
0.14712619629503526,4.701100312479801,4.701514530281664,-0.0004142178018629039,0.0003478154572014
0.1471261963186129,4.701100312455551,4.701514530281643,-0.0004142178260924112,0.00034781536474775003
0.14712619629503526,4.701100312491967,4.7015145302816475,-0.0004142177896806487,0.0003478149900294
0.1471261962785461,4.70110031249408,4.701514530281637,-0.0004142177875570141,0.00034781565207145
0.1471261962162731,4.701100312464872,4.701514530281659,-0.0004142178167869659,0.0003478159164607
0.14712619622359285,4.701100312490977,4.701514530281675,-0.000414217790697613,0.0003478154327704
0.14712619639914443,4.701100312460517,4.701514530281704,-0.0004142178211870018,0.0003478148823341
0.1471261963558878,4.701100312433216,4.701514530281642,-0.00041421784842654574,0.000347814783171
0.1471261962449676,4.701100312459192,4.701514530281646,-0.0004142178224535442,0.0003478159196531
0.1471261962309126,4.701100312455433,4.7015145302816785,-0.0004142178262451779,0.0003478149900294
0.14712619632938184,4.701100312461917,4.701514530281644,-0.00041421781972683647,0.0003478151434521
0.1471261962779566,4.701100312443494,4.70151453028167,-0.0004142178381760786,0.0003478143767303
0.1471261962449676,4.7011003124773065,4.701514530281685,-0.0004142178043782252,0.0003478163331515
0.14712619635018837,4.701100312457764,4.701514530281671,-0.0004142178239074923,0.00034781522008860003
0.14712619633688,4.70110031246398,4.701514530281688,-0.0004142178177080069,0.0003478145160226
0.1471261962660436,4.701100312461083,4.7015145302816235,-0.0004142178205404079,0.0003478135490522
0.14712619629503526,4.701100312421416,4.7015145302816235,-0.0004142178602073443,0.00034781526524754996
0.14712619622359285,4.701100312438537,4.701514530281624,-0.00041421784308770526,0.00034781554340205
0.14712619622359285,4.7011003124549156,4.701514530281628,-0.00041421782671235974,0.0003478150977247
0.1471261961749367,4.701100312448518,4.7015145302816315,-0.0004142178331134616,0.0003478150987302
0.1471261962449676,4.7011003124268615,4.701514530281641,-0.000414217854779686,0.0003478158225105
0.1471261963114234,4.701100312483986,4.701514530281644,-0.00041421779765826727,0.00034781537638195
0.14712619620292466,4.701100312444293,4.701514530281641,-0.0004142178373482963,0.00034781512058839996
0.14712619622359285,4.701100312500343,4.701514530281698,-0.0004142177813548642,0.00034781412407135
0.14712619639914443,4.7011003124679585,4.701514530281643,-0.0004142178136845587,0.0003478142530481
0.14712619638340155,4.701100312492027,4.701514530281624,-0.00041421778959715994,0.0003478160508666
0.14712619614360328,4.701100312466871,4.701514530281668,-0.00041421781479655806,0.0003478154816324
0.14712619638153096,4.701100312474071,4.701514530281672,-0.0004142178076014247,0.0003478150128931
0.1471261962536421,4.701100312468836,4.701514530281645,-0.00041421781280881476,0.0003478164389626
0.14712619623360285,4.701100312476354,4.701514530281639,-0.0004142178052841672,0.0003478137219118
0.1471261962330075,4.701100312475723,4.701514530281647,-0.00041421780592365565,0.00034781556783305
0.1471261963186129,4.701100312455383,4.701514530281684,-0.00041421782630113313,0.00034781482606175004
0.1471261963756883,4.701100312472884,4.70151453028164,-0.0004142178087560566,0.00034781512109115
0.1471261962786471,4.701100312442923,4.701514530281677,-0.0004142178387533946,0.0003478162151922
0.1471261964286737,4.701100312492891,4.701514530281643,-0.0004142177887516141,0.0003478141293659
0.1471261964109153,4.701100312477277,4.7015145302816626,-0.0004142178043853306,0.0003478157382721
0.14712619629503526,4.7011003124718105,4.70151453028164,-0.00041421780982986434,0.0003478148823341
0.1471261962784451,4.701100312496135,4.701514530281676,-0.0004142177855408491,0.0003478158225105
0.14712619622359285,4.701100312422787,4.70151453028164,-0.0004142178588537604,0.00034781376768075
0.1471261962142894,4.701100312443682,4.70151453028166,-0.0004142178379780148,0.0003478151434521
0.1471261963294926,4.701100312496454,4.701514530281671,-0.00041421778521755215,0.0003478150987302
0.1471261962784451,4.701100312430767,4.701514530281631,-0.0004142178508637073,0.00034781469248755
0.14712619608701993,4.701100312468215,4.701514530281646,-0.00041421781343053965,0.0003478158225105
0.1471261960159886,4.701100312464952,4.701514530281661,-0.0004142178167088062,0.00034781499053215
0.1471261962309126,4.701100312465642,4.701514530281671,-0.0004142178160293497,0.00034781586948559996
0.1471261962755923,4.701100312476276,4.7015145302816315,-0.00041421780535522146,0.00034781444637645
0.1471261963292711,4.701100312475413,4.7015145302816395,-0.0004142178062265245,0.00034781512109115
0.1471261960179878,4.701100312465331,4.70151453028162,-0.0004142178162886978,0.0003478161852725
0.1471261962755923,4.701100312468096,4.701514530281637,-0.0004142178135406738,0.0003478150128931
0.1471261962765302,4.70110031247352,4.701514530281643,-0.0004142178081227854,0.00034781412407135
0.14712619629503526,4.701100312470441,4.701514530281647,-0.0004142178112056527,0.0003478166959418
0.1471261962449676,4.701100312449848,4.701514530281629,-0.000414217831781194,0.0003478163762917
0.1471261963292711,4.7011003124739315,4.701514530281639,-0.0004142178077071179,0.0003478152967251
0.1471261963292711,4.70110031246748,4.701514530281671,-0.00041421781419170856,0.0003478136796882
0.14712619629503526,4.701100312494005,4.701514530281682,-0.0004142177876769182,0.0003478157382721
0.1471261962786471,4.701100312430726,4.701514530281625,-0.00041421785089923446,0.000347814783171
0.1471261963186129,4.701100312469374,4.701514530281645,-0.00041421781227057863,0.0003478157382721
0.1471261965966506,4.701100312465672,4.701514530281612,-0.0004142178159396437,0.0003478138725564
0.14712619609854174,4.701100312464015,4.701514530281672,-0.00041421781765738075,0.00034781411054655
0.1471261962785461,4.7011003124452895,4.701514530281625,-0.0004142178363357729,0.0003478142530481
0.14712619622359285,4.701100312418535,4.7015145302816475,-0.0004142178631125759,0.000347816373731
0.1471261963444889,4.701100312447106,4.701514530281685,-0.000414217834578956,0.00034781522008860003
0.1471261962786471,4.701100312455419,4.701514530281594,-0.0004142178261750118,0.00034781405503905
0.1471261966910692,4.701100312479259,4.701514530281658,-0.0004142178023993637,0.0003478141187768
0.1471261963716307,4.701100312460394,4.701514530281648,-0.00041421782125450335,0.00034781509822744995
0.14712619635018837,4.701100312454875,4.701514530281659,-0.0004142178267843022,0.0003478157382721
0.1471261961122699,4.701100312459666,4.701514530281628,-0.00041421782196149337,0.0003478163420649
0.1471261962162731,4.701100312463166,4.701514530281664,-0.0004142178184984857,0.0003478140468088
0.1471261962784451,4.701100312428961,4.701514530281664,-0.00041421785270312483,0.0003478141293659
0.1471261962755923,4.701100312514583,4.701514530281627,-0.0004142177670436453,0.000347814783171
0.14712619625688061,4.701100312474235,4.7015145302816554,-0.0004142178074202363,0.0003478141023163
0.1471261963584331,4.701100312441036,4.701514530281658,-0.00041421784062212197,0.0003478152657503
0.1471261962786471,4.70110031249033,4.701514530281607,-0.00041421779127670533,0.00034781586948559996
0.1471261962786471,4.701100312446008,4.701514530281664,-0.0004142178356563164,0.0003478150987302
0.14712619630406984,4.701100312458292,4.701514530281647,-0.00041421782335415713,0.0003478139023755
0.1471261961749367,4.701100312471113,4.701514530281679,-0.00041421781056616425,0.0003478148823341
0.1471261963276475,4.701100312492948,4.70151453028167,-0.000414217788721416,0.0003478163762917
0.1471261962661446,4.701100312443266,4.701514530281628,-0.0004142178383617079,0.0003478150977247
0.1471261962142894,4.701100312477278,4.70151453028164,-0.000414217804362238,0.00034781583345245
0.1471261963186129,4.701100312452959,4.701514530281648,-0.0004142178286894449,0.00034781393192885
0.1471261963933018,4.701100312466013,4.701514530281592,-0.00041421781557904325,0.00034781469248755
0.1471261962162731,4.701100312444201,4.701514530281636,-0.0004142178374353378,0.0003478143767303
0.1471261962774681,4.7011003124413415,4.701514530281669,-0.00041421784032724673,0.0003478148756433
0.14712619617554876,4.701100312446853,4.701514530281652,-0.00041421783479922425,0.00034781522008860003
0.1471261962459327,4.7011003124744715,4.701514530281626,-0.00041421780715467094,0.00034781464959679996
0.1471261962536421,4.701100312452885,4.701514530281622,-0.00041421782873651836,0.00034781444637645
0.1471261961936548,4.701100312454931,4.7015145302816155,-0.0004142178266848262,0.0003478149833386
0.1471261961255093,4.701100312445795,4.701514530281666,-0.0004142178358712556,0.0003478157382721
0.1471261961387246,4.7011003124317785,4.701514530281634,-0.0004142178498556248,0.0003478148756433
0.1471261962780576,4.701100312452437,4.701514530281636,-0.0004142178291992593,0.0003478161852725
0.1471261963292711,4.7011003124606585,4.70151453028167,-0.00041421782101114246,0.00034781586948559996
0.1471261962449676,4.701100312466885,4.701514530281648,-0.00041421781476369546,0.00034781496331155
0.1471261962784451,4.70110031243668,4.701514530281662,-0.00041421784498130165,0.00034781509822744995
0.1471261963292711,4.70110031244874,4.701514530281661,-0.0004142178329207269,0.0003478141158411
0.1471261961749367,4.701100312458103,4.701514530281653,-0.0004142178235495564,0.00034781394169625
0.1471261963276475,4.701100312470784,4.701514530281608,-0.00041421781082462417,0.00034781606582645
0.14712619616919353,4.701100312471379,4.701514530281621,-0.0004142178102419791,0.0003478150977247
0.1471261961387246,4.70110031246885,4.701514530281663,-0.00041421781281325565,0.0003478160508666
0.1471261963558878,4.701100312468071,4.701514530281633,-0.00041421781356199006,0.0003478141293659
0.1471261963600886,4.701100312437904,4.701514530281642,-0.00041421784373785187,0.000347814783171
0.14712619608701993,4.701100312437564,4.7015145302816315,-0.00041421784406736606,0.00034781494044785
0.1471261962785461,4.701100312482685,4.701514530281639,-0.0004142177989532314,0.0003478140468088
0.14712619633688,4.70110031245367,4.701514530281624,-0.00041421782795403317,0.0003478145160226
0.1471261962162731,4.701100312471659,4.701514530281629,-0.0004142178099701965,0.0003478145160226
0.14712619618791167,4.701100312443859,4.701514530281712,-0.00041421783785366983,0.00034781444637645
0.1471261962309126,4.701100312470406,4.701514530281646,-0.0004142178112394035,0.00034781457995065
0.1471261962765302,4.701100312466736,4.701514530281652,-0.00041421781491557397,0.00034781522008860003
0.14712619613211697,4.701100312456438,4.701514530281584,-0.0004142178251465012,0.0003478154572014
0.14712619638153096,4.701100312472724,4.701514530281659,-0.0004142178089345805,0.0003478150987302
0.1471261961936548,4.701100312443585,4.70151453028165,-0.0004142178380650563,0.0003478156540337
0.1471261962784451,4.701100312465266,4.7015145302816395,-0.00041421781637307475,0.00034781509822744995
0.14712619605024424,4.701100312468333,4.701514530281646,-0.0004142178133124119,0.0003478148689525
0.1471261962755923,4.701100312466174,4.701514530281635,-0.0004142178154609155,0.00034781519772765
0.1471261962774681,4.701100312484056,4.701514530281671,-0.0004142177976156347,0.00034781444637645
0.1471261962559427,4.701100312453524,4.701514530281675,-0.0004142178281512088,0.00034781509822744995
0.1471261962770187,4.701100312487323,4.701514530281608,-0.00041421779428496563,0.00034781586948559996
0.1471261963186129,4.701100312455521,4.701514530281609,-0.0004142178260879703,0.0003478150128931
0.14712619635018837,4.701100312457357,4.7015145302816315,-0.00041421782427431,0.000347814783171
0.1471261961936548,4.701100312457815,4.70151453028165,-0.00041421782383554984,0.00034781432269425
0.1471261962765302,4.701100312447653,4.701514530281683,-0.00041421783403006174,0.00034781536474775003
0.1471261963444889,4.701100312458994,4.701514530281638,-0.0004142178226436144,0.00034781512109115
0.1471261963114234,4.701100312443761,4.70151453028163,-0.00041421783786876887,0.0003478138823238
0.14712619614447986,4.7011003124464565,4.701514530281638,-0.00041421783518114097,0.0003478148823341
0.1471261963186129,4.7011003124687925,4.701514530281623,-0.00041421781283013104,0.0003478148756433
0.1471261963186129,4.701100312461616,4.701514530281634,-0.000414217820018159,0.0003478150987302
0.1471261961971815,4.701100312462447,4.701514530281643,-0.00041421781919570577,0.0003478162989247
0.14712619633699076,4.70110031246229,4.701514530281633,-0.0004142178193431434,0.00034781464959679996
0.14712619614447986,4.701100312472272,4.701514530281645,-0.00041421780937245245,0.0003478165827695
0.1471261962784451,4.701100312486069,4.701514530281664,-0.0004142177955950288,0.0003478134118768
0.14712619623360285,4.701100312461005,4.701514530281647,-0.00041421782064166024,0.0003478142530481
0.14712619635832236,4.70110031246991,4.701514530281649,-0.00041421781173944794,0.0003478145160226
0.1471261963258024,4.701100312492133,4.701514530281668,-0.00041421778953498745,0.0003478154816324
0.14712619617749884,4.7011003124342166,4.701514530281688,-0.00041421784747175394,0.00034781405503905
0.14712619617554876,4.701100312463635,4.701514530281618,-0.00041421781798334223,0.0003478149900294
0.1471261963444889,4.701100312490012,4.701514530281665,-0.000414217791653293,0.0003478150987302
0.14712619632034724,4.701100312477279,4.701514530281653,-0.0004142178043737843,0.00034781565207145
0.14712619629503526,4.701100312483049,4.701514530281663,-0.00041421779861483543,0.0003478160508666
0.1471261962449676,4.701100312436325,4.701514530281664,-0.00041421784533923756,0.00034781531254225
0.1471261963558878,4.701100312463956,4.701514530281634,-0.00041421781767780885,0.00034781444637645
0.14712619624227735,4.701100312466787,4.7015145302816315,-0.0004142178148445197,0.00034781586948559996
0.1471261962574701,4.701100312444704,4.701514530281627,-0.00041421783692285885,0.00034781412407135
0.1471261961936548,4.701100312438672,4.701514530281671,-0.0004142178429997756,0.0003478143767303
0.147126196214323,4.7011003124565836,4.701514530281651,-0.0004142178250674533,0.0003478160508666
0.1471261963873736,4.701100312442882,4.701514530281668,-0.0004142178387862572,0.0003478151434521
0.1471261962449676,4.701100312413892,4.70151453028165,-0.00041421786775774905,0.00034781586948559996
0.1471261962755923,4.701100312477645,4.701514530281631,-0.00041421780398565033,0.0003478154572014
0.1471261961634504,4.701100312431402,4.701514530281658,-0.0004142178502561933,0.0003478151434521
0.14712619635018837,4.701100312450262,4.701514530281632,-0.00041421783136996737,0.0003478143767303
0.1471261962536421,4.701100312463777,4.701514530281629,-0.0004142178178518918,0.0003478162151922
0.1471261963258024,4.701100312428646,4.70151453028167,-0.00041421785302375724,0.0003478150977247
0.1471261963276475,4.701100312462427,4.701514530281633,-0.0004142178192063639,0.00034781412407135
0.14712619608701993,4.70110031247711,4.701514530281619,-0.0004142178045087874,0.0003478150977247
0.1471261964541471,4.7011003124648205,4.701514530281624,-0.0004142178168038413,0.00034781411054655
0.1471261962785461,4.701100312472794,4.7015145302816395,-0.00041421780884576265,0.0003478142530481
0.1471261963600886,4.701100312475455,4.701514530281638,-0.00041421780618300374,0.00034781482606175004
0.1471261962262831,4.701100312447969,4.7015145302816785,-0.00041421783370942933,0.00034781512109115
0.1471261962765302,4.701100312485808,4.701514530281662,-0.0004142177958534887,0.0003478157382721
0.14712619629503526,4.7011003124726365,4.70151453028163,-0.00041421780899320026,0.00034781384300305
0.14712619623360285,4.701100312445835,4.7015145302816235,-0.000414217835788655,0.00034781512109115
0.14712619624227735,4.7011003124588004,4.701514530281632,-0.0004142178228319082,0.00034781620023235
0.1471261963258024,4.701100312481575,4.701514530281638,-0.00041421780006256625,0.0003478154572014
0.1471261962784451,4.701100312460176,4.701514530281688,-0.0004142178215120751,0.00034781522008860003
0.1471261963873736,4.701100312475357,4.701514530281621,-0.000414217806263828,0.00034781578524719996
0.1471261962309126,4.701100312457758,4.701514530281628,-0.0004142178238701888,0.0003478150987302
0.1471261961936548,4.701100312454411,4.701514530281656,-0.0004142178272452668,0.0003478138725564
0.1471261961188896,4.70110031245947,4.7015145302816315,-0.0004142178221613335,0.0003478154572014
0.14712619632938184,4.701100312440495,4.701514530281668,-0.0004142178411727926,0.0003478154572014
0.14712619635259044,4.701100312445426,4.701514530281664,-0.0004142178362380733,0.00034781394169625
0.1471261960159886,4.701100312426761,4.701514530281651,-0.0004142178548898201,0.0003478156540337
0.14712619654277892,4.701100312440732,4.701514530281597,-0.0004142178408645947,0.0003478148823341
0.1471261962779566,4.701100312473281,4.701514530281672,-0.0004142178083910153,0.0003478152967251
0.1471261962449676,4.701100312440414,4.701514530281661,-0.0004142178412465114,0.0003478137972341
0.14712619639914443,4.701100312515423,4.70151453028164,-0.0004142177662176394,0.0003478161852725
0.1471261963114234,4.701100312489089,4.701514530281645,-0.00041421779255568225,0.0003478159164607
0.14712619629444573,4.7011003124468855,4.701514530281678,-0.0004142178347921188,0.0003478163762917
0.14712619613211697,4.701100312476071,4.701514530281652,-0.0004142178055808188,0.0003478162420986
0.1471261962309126,4.70110031249152,4.701514530281659,-0.00041421779013894877,0.0003478154816324
0.14712619623360285,4.701100312471932,4.701514530281656,-0.0004142178097241711,0.0003478156540337
0.1471261963756883,4.70110031245042,4.7015145302816626,-0.00041421783124295786,0.00034781509822744995
0.1471261962755923,4.701100312491223,4.7015145302816235,-0.0004142177904000732,0.00034781586948559996
0.1471261962449676,4.701100312470472,4.7015145302816235,-0.0004142178111514738,0.00034781498384134997
0.14712619613211697,4.701100312446804,4.701514530281649,-0.00041421783484540953,0.00034781538917875
0.1471261962785461,4.701100312439974,4.701514530281688,-0.0004142178417145814,0.0003478150987302
0.14712619622359285,4.701100312447591,4.7015145302816395,-0.0004142178340487135,0.0003478141293659
0.1471261962785461,4.701100312428186,4.701514530281629,-0.00041421785344297746,0.00034781512058839996
0.1471261962660436,4.7011003124570525,4.701514530281672,-0.0004142178246198114,0.00034781556783305
0.147126196224333,4.7011003124745585,4.701514530281647,-0.00041421780708805755,0.0003478146228414
0.1471261962449676,4.701100312451641,4.7015145302816315,-0.0004142178299906263,0.0003478149833386
0.1471261963114234,4.701100312473304,4.701514530281663,-0.0004142178083590409,0.0003478149900294
0.1471261962362931,4.701100312474564,4.70151453028162,-0.00041421780705608313,0.00034781424775355
0.14712619637770208,4.7011003124559005,4.701514530281611,-0.0004142178257104945,0.0003478157382721
0.14712619615108752,4.701100312442444,4.701514530281641,-0.0004142178391974838,0.00034781412407135
0.14712619611397545,4.701100312470232,4.7015145302816785,-0.00041421781144634906,0.00034781625705844997
0.1471261962784451,4.701100312468643,4.701514530281682,-0.00041421781303885297,0.0003478146228414
0.147126196214323,4.701100312462693,4.701514530281679,-0.00041421781898609566,0.0003478136374646
0.1471261962559427,4.70110031246781,4.70151453028167,-0.0004142178138595298,0.0003478162151922
0.14712619622359285,4.7011003124607695,4.701514530281624,-0.00041421782085482306,0.00034781483275254997
0.14712619630396884,4.70110031246883,4.701514530281672,-0.00041421781284256554,0.0003478145160226
0.14712619632753676,4.701100312437979,4.7015145302816475,-0.00041421784366857395,0.000347814783171
0.1471261963756883,4.701100312439048,4.701514530281657,-0.0004142178426089771,0.0003478149900294
0.1471261962785461,4.701100312461108,4.701514530281663,-0.00041421782055550693,0.0003478136374646
0.14712619624227735,4.701100312502211,4.7015145302816554,-0.0004142177794443924,0.00034781482606175004
0.14712619633699076,4.70110031245729,4.7015145302816235,-0.00041421782433381793,0.0003478141293659
0.1471261962765302,4.701100312440705,4.701514530281641,-0.00041421784093653713,0.0003478154572014
0.1471261963114234,4.70110031247647,4.701514530281675,-0.0004142178052051193,0.0003478150987302
0.1471261963186129,4.701100312458588,4.701514530281616,-0.00041421782302819565,0.0003478151434521
0.1471261962162731,4.7011003124731525,4.701514530281654,-0.0004142178085011494,0.00034781554340205
0.1471261962646172,4.701100312460572,4.701514530281627,-0.0004142178210546632,0.00034781536474775003
0.1471261960524003,4.70110031244804,4.701514530281626,-0.00041421783358597253,0.000347814783171
0.1471261962536421,4.70110031245498,4.7015145302816315,-0.0004142178266510754,0.0003478162420986
0.1471261962779566,4.701100312443734,4.701514530281651,-0.0004142178379167305,0.0003478160508666
0.1471261962262831,4.701100312465829,4.701514530281644,-0.0004142178158152987,0.0003478157382721
0.1471261963186129,4.7011003124959,4.701514530281652,-0.00041421778575223556,0.0003478154327704
0.1471261963039591,4.70110031247941,4.701514530281623,-0.0004142178022128462,0.0003478152967251
0.1471261963258024,4.7011003124764565,4.7015145302816235,-0.00041421780516692763,0.0003478154327704
0.14712619623360285,4.701100312472454,4.701514530281656,-0.0004142178092019222,0.00034781384300305
0.14712619616919353,4.701100312517737,4.701514530281623,-0.00041421776388528286,0.0003478156540337
0.14712619630222473,4.701100312471663,4.701514530281658,-0.0004142178099950655,0.00034781512109115
0.1471261962655551,4.7011003124820405,4.701514530281635,-0.00041421779959449623,0.0003478154327704
0.1471261962786471,4.701100312473756,4.701514530281635,-0.0004142178078794245,0.0003478149900294
0.14712619632034724,4.7011003124412145,4.701514530281644,-0.00041421784042938725,0.0003478156540337
0.1471261961122699,4.701100312440486,4.701514530281659,-0.0004142178411727926,0.0003478141158411
0.1471261963276475,4.701100312420171,4.701514530281602,-0.00041421786143125416,0.0003478161852725
0.1471261962655551,4.701100312459761,4.701514530281669,-0.00041421782190820267,0.00034781469248755
0.1471261963716307,4.701100312453149,4.701514530281657,-0.0004142178285082565,0.0003478158225105
0.1471261962449676,4.701100312462684,4.701514530281646,-0.00041421781896211485,0.0003478158225105
0.1471261962774681,4.7011003124679585,4.701514530281594,-0.00041421781363570886,0.00034781482606175004
0.1471261963294926,4.70110031243526,4.701514530281677,-0.000414217846416598,0.0003478154572014
0.14712619633514565,4.701100312478651,4.701514530281674,-0.00041421780302286493,0.00034781376768075
0.1471261961122699,4.701100312460322,4.701514530281631,-0.00041421782130868223,0.0003478145160226
0.1471261963444889,4.701100312448346,4.701514530281655,-0.00041421783330886086,0.0003478145160226
0.1471261961936548,4.701100312408401,4.701514530281613,-0.0004142178732120527,0.0003478138920912
0.1471261963292711,4.701100312444983,4.7015145302816235,-0.0004142178366404181,0.00034781469248755
0.1471261963186129,4.701100312486588,4.701514530281674,-0.00041421779508610257,0.00034781412407135
0.1471261962646172,4.701100312470119,4.701514530281606,-0.0004142178114863171,0.0003478139913013
0.14712619635018837,4.7011003124714845,4.701514530281635,-0.00041421781015049675,0.0003478141840158
0.1471261962755923,4.701100312468355,4.701514530281609,-0.0004142178132546803,0.0003478156540337
0.14712619634257945,4.701100312476153,4.701514530281659,-0.0004142178055062118,0.00034781580902145
0.14712619622359285,4.701100312474909,4.701514530281637,-0.0004142178067274571,0.0003478149900294
0.1471261962330075,4.701100312496498,4.701514530281636,-0.0004142177851376161,0.0003478148756433
0.14712619624227735,4.701100312432201,4.701514530281687,-0.0004142178494861426,0.0003478154572014
0.1471261962780576,4.7011003124494675,4.701514530281646,-0.00041421783217820973,0.0003478141023163
0.1471261961255093,4.701100312450526,4.701514530281638,-0.00041421783111150745,0.0003478145160226
0.1471261961387246,4.701100312447934,4.701514530281648,-0.0004142178337147584,0.0003478157382721
0.1471261962779566,4.7011003124745905,4.701514530281589,-0.00041421780699835153,0.0003478141293659
0.147126196214323,4.701100312428714,4.7015145302816705,-0.0004142178529562557,0.0003478143767303
0.1471261963444889,4.701100312450542,4.701514530281648,-0.0004142178311061784,0.00034781464959679996
0.1471261961634504,4.701100312492503,4.701514530281657,-0.0004142177891539589,0.00034781512058839996
0.1471261962309126,4.701100312462181,4.70151453028163,-0.0004142178194488366,0.0003478157382721
0.1471261962779566,4.701100312423651,4.701514530281603,-0.0004142178579522593,0.0003478148689525
0.1471261961634504,4.70110031246179,4.701514530281645,-0.00041421781985473416,0.0003478141293659
0.1471261962765302,4.701100312433384,4.701514530281633,-0.00041421784824891006,0.0003478150977247
0.14712619622359285,4.701100312468959,4.701514530281608,-0.00041421781264894264,0.00034781482606175004
0.1471261963186129,4.701100312459345,4.701514530281663,-0.0004142178223185411,0.0003478149900294
0.1471261962755923,4.701100312463281,4.701514530281615,-0.0004142178183332845,0.0003478154816324
0.1471261962536421,4.701100312496165,4.701514530281612,-0.0004142177854467022,0.00034781482606175004
0.1471261962123729,4.701100312479372,4.701514530281618,-0.0004142178022457088,0.0003478157382721
0.1471261962449676,4.701100312433111,4.7015145302816235,-0.00041421784851269905,0.0003478152967251
0.147126196214323,4.701100312489344,4.701514530281665,-0.00041421779232120315,0.00034781512109115
0.1471261962785461,4.7011003124638515,4.701514530281672,-0.0004142178178208056,0.0003478154572014
0.1471261962784451,4.7011003124829385,4.7015145302816626,-0.0004142177987240814,0.00034781556783305
0.14712619614360328,4.701100312475155,4.701514530281624,-0.0004142178064689972,0.0003478152967251
0.14712619601583174,4.70110031244256,4.701514530281599,-0.00041421783903849985,0.00034781482606175004
0.1471261963114234,4.70110031247029,4.7015145302816785,-0.00041421781138861746,0.00034781509822744995
0.14712619622359285,4.70110031244484,4.701514530281607,-0.00041421783676653945,0.0003478142395233
0.14712619629503526,4.701100312457334,4.701514530281673,-0.000414217824339147,0.0003478150977247
0.1471261964286737,4.70110031250169,4.701514530281671,-0.00041421777998174036,0.0003478142530481
0.14712619633699076,4.701100312475014,4.701514530281623,-0.0004142178066084412,0.0003478138725564
0.1471261964286737,4.70110031246014,4.701514530281616,-0.00041421782147654795,0.0003478141187768
0.1471261962779566,4.701100312458711,4.701514530281653,-0.00041421782294204235,0.00034781512109115
0.14712619623360285,4.701100312449681,4.701514530281604,-0.0004142178319233025,0.0003478162737647
0.1471261962784451,4.701100312452823,4.701514530281661,-0.0004142178288377707,0.0003478142395233
0.14712619635259044,4.7011003124992,4.70151453028165,-0.0004142177824499882,0.00034781536474775003
0.1471261962449676,4.701100312462133,4.701514530281636,-0.0004142178195030155,0.00034781411054655
0.14712619633688,4.70110031245463,4.701514530281681,-0.0004142178270516439,0.00034781509822744995
0.1471261962162731,4.701100312437179,4.701514530281637,-0.00041421784445816456,0.0003478160508666
0.14712619647949932,4.701100312468146,4.701514530281613,-0.00041421781346695496,0.0003478140468088
0.1471261962123729,4.701100312445045,4.70151453028165,-0.000414217836604891,0.00034781519772765
0.1471261963873736,4.701100312450224,4.701514530281586,-0.00041421783136197377,0.0003478148756433
0.1471261963258024,4.701100312489396,4.701514530281685,-0.00041421779228834055,0.0003478164726287
0.14712619632034724,4.701100312467789,4.701514530281606,-0.00041421781381689726,0.0003478154327704
0.1471261964541471,4.7011003124673065,4.701514530281612,-0.0004142178143053954,0.00034781432269425
0.1471261960892263,4.701100312441617,4.701514530281649,-0.0004142178400323715,0.00034781512109115
0.1471261962536421,4.7011003124654485,4.701514530281652,-0.0004142178162034327,0.0003478138725564
0.1471261962780576,4.701100312468236,4.7015145302816945,-0.00041421781345896136,0.0003478151434521
0.1471261962655551,4.701100312497746,4.701514530281623,-0.00041421778387640273,0.00034781554340205
0.1471261962765302,4.7011003124703485,4.701514530281641,-0.0004142178112926942,0.0003478149900294
0.1471261962785461,4.701100312453091,4.701514530281627,-0.00041421782853579003,0.00034781445626845
0.14712619628253276,4.701100312460667,4.7015145302816155,-0.0004142178209480818,0.00034781512109115
0.1471261963100406,4.701100312453348,4.701514530281665,-0.00041421782831729814,0.0003478138920912
0.14712619614447986,4.701100312456676,4.701514530281642,-0.00041421782496620096,0.0003478142530481
0.1471261962755923,4.701100312487998,4.70151453028168,-0.0004142177936818925,0.0003478143767303
0.1471261962779566,4.70110031244897,4.70151453028163,-0.00041421783265960244,0.00034781512058839996
0.14712619629493423,4.701100312468179,4.7015145302816475,-0.0004142178134687313,0.0003478138920912
0.1471261962765302,4.701100312460858,4.70151453028164,-0.00041421782078199243,0.00034781536474775003
0.1471261962774681,4.7011003124457,4.7015145302816554,-0.00041421783595563255,0.0003478142530481
0.14712619632753676,4.7011003124748845,4.701514530281641,-0.000414217806756767,0.00034781424775355
0.1471261962785461,4.701100312439102,4.701514530281644,-0.00041421784254147553,0.0003478148689525
0.1471261963444889,4.701100312463447,4.701514530281655,-0.0004142178182071632,0.0003478151434521
0.1471261961936548,4.701100312479555,4.701514530281644,-0.00041421780208850123,0.00034781401072855
0.1471261962774681,4.701100312485382,4.701514530281653,-0.0004142177962709326,0.0003478149833386
0.1471261963258024,4.70110031246886,4.7015145302816554,-0.0004142178127954921,0.00034781586948559996
0.1471261962765302,4.701100312445861,4.701514530281641,-0.0004142178357806614,0.0003478163305908
0.14712619622359285,4.7011003124600625,4.701514530281664,-0.0004142178216017811,0.0003478157382721
0.14712619612549727,4.701100312444092,4.701514530281639,-0.0004142178375463601,0.00034781512058839996
0.1471261962449676,4.701100312462301,4.701514530281662,-0.00041421781936090696,0.00034781424775355
0.14712619612549727,4.701100312457913,4.701514530281684,-0.0004142178237707128,0.0003478148689525
0.1471261964872143,4.70110031247812,4.70151453028164,-0.00041421780352024484,0.0003478145160226
0.14712619632753676,4.701100312479362,4.701514530281632,-0.0004142178022705778,0.00034781424775355
0.1471261962774681,4.701100312458655,4.7015145302816315,-0.0004142178229766813,0.00034781547537940003
0.1471261961255093,4.701100312447096,4.7015145302816554,-0.0004142178345594161,0.00034781483275254997
0.1471261962362931,4.701100312475198,4.701514530281655,-0.0004142178064565627,0.0003478160508666
0.1471261962536421,4.701100312471781,4.7015145302815835,-0.0004142178098023308,0.0003478148756433
0.14712619636593124,4.701100312436603,4.701514530281629,-0.0004142178450257106,0.0003478150977247
0.1471261963258024,4.701100312480661,4.701514530281668,-0.0004142178010066999,0.00034781457995065
0.14712619630396884,4.701100312456982,4.701514530281626,-0.0004142178246437922,0.0003478148689525
0.1471261963258024,4.7011003124615245,4.701514530281641,-0.0004142178201167468,0.0003478162151922
0.14712619610074812,4.701100312463238,4.701514530281636,-0.00041421781839812155,0.00034781528811125
0.1471261963426902,4.7011003124617465,4.701514530281712,-0.00041421781996575646,0.0003478151434521
0.1471261962765302,4.701100312438559,4.701514530281663,-0.00041421784310458065,0.00034781482606175004
0.1471261962123729,4.701100312451655,4.701514530281656,-0.0004142178300012844,0.00034781432269425
0.1471261962123729,4.7011003124406585,4.701514530281664,-0.00041421784100581505,0.00034781444637645
0.14712619615108752,4.701100312472272,4.7015145302816395,-0.0004142178093671234,0.0003478159164607
0.1471261961188896,4.701100312494526,4.701514530281627,-0.0004142177871013786,0.00034781394169625
0.14712619613211697,4.70110031247255,4.701514530281609,-0.00041421780905892547,0.0003478156540337
0.1471261961387246,4.701100312475629,4.701514530281616,-0.0004142178059876045,0.0003478154327704
0.1471261963114234,4.7011003124677195,4.701514530281667,-0.0004142178139474595,0.0003478160038915
0.1471261963292711,4.701100312485387,4.701514530281683,-0.0004142177962958016,0.00034781483275254997
0.14712619612549727,4.701100312481054,4.701514530281654,-0.0004142178005999142,0.0003478151434521
0.1471261962362931,4.701100312465702,4.701514530281629,-0.0004142178159272092,0.0003478150987302
0.1471261964541471,4.701100312463241,4.701514530281661,-0.00041421781841943783,0.0003478150987302
0.14712619610074812,4.70110031245106,4.701514530281642,-0.0004142178305821531,0.0003478161852725
0.1471261963426902,4.701100312485536,4.701514530281634,-0.0004142177960977378,0.00034781457995065
0.14712619616919353,4.701100312474811,4.701514530281641,-0.0004142178068304858,0.0003478154816324
0.1471261960892263,4.701100312480719,4.701514530281659,-0.00041421780094008653,0.00034781536474775003
0.1471261961936548,4.701100312474242,4.70151453028163,-0.0004142178073873737,0.0003478148689525
0.1471261962309126,4.701100312471727,4.701514530281691,-0.0004142178099639793,0.00034781522008860003
0.1471261962162731,4.701100312469877,4.701514530281662,-0.00041421781178474504,0.00034781528811125
0.1471261962774681,4.701100312437395,4.701514530281638,-0.0004142178442423372,0.0003478150977247
0.1471261962123729,4.701100312473976,4.701514530281636,-0.00041421780766004446,0.00034781536474775003
0.14712619647949932,4.701100312464887,4.701514530281651,-0.00041421781676387326,0.0003478145160226
0.1471261963276475,4.701100312452663,4.701514530281649,-0.0004142178289860965,0.0003478143767303
0.1471261962755923,4.701100312467499,4.701514530281642,-0.00041421781414285874,0.0003478157382721
0.1471261963600886,4.701100312477924,4.7015145302816554,-0.0004142178037316313,0.0003478143767303
0.1471261962309126,4.7011003124415875,4.7015145302816315,-0.0004142178400439178,0.0003478151434521
0.1471261962784451,4.701100312477905,4.701514530281651,-0.00041421780374584216,0.0003478140468088
0.1471261962770187,4.701100312466929,4.701514530281634,-0.0004142178147050757,0.00034781482973735
0.14712619618791167,4.7011003124269335,4.701514530281624,-0.00041421785469086814,0.0003478144509739
0.1471261963114234,4.701100312475406,4.701514530281663,-0.00041421780625761073,0.00034781586948559996
0.1471261963873736,4.701100312477382,4.70151453028159,-0.00041421780420769494,0.00034781512058839996
0.1471261962449676,4.701100312463609,4.701514530281647,-0.0004142178180375211,0.00034781445626845
0.1471261962309126,4.70110031244538,4.70151453028166,-0.0004142178362798177,0.00034781394169625
0.1471261962765302,4.701100312477888,4.701514530281633,-0.000414217803744954,0.00034781482606175004
0.1471261963933018,4.701100312458199,4.701514530281626,-0.00041421782342698776,0.0003478151434521
0.1471261962536421,4.701100312454301,4.70151453028163,-0.00041421782732875556,0.00034781512058839996
0.1471261962536421,4.701100312471644,4.701514530281683,-0.00041421781003858626,0.00034781464959679996
0.14712619632034724,4.701100312412292,4.70151453028166,-0.0004142178693680165,0.000347814783171
0.1471261963024317,4.701100312466656,4.701514530281666,-0.0004142178150097209,0.00034781538917875
0.14712619629493423,4.701100312428478,4.701514530281598,-0.0004142178531196805,0.0003478141187768
0.1471261962362931,4.70110031244733,4.701514530281651,-0.00041421783432138426,0.00034781620023235
0.1471261962449676,4.701100312459592,4.701514530281633,-0.00041421782204142943,0.00034781606582645
0.1471261962646172,4.701100312451982,4.701514530281623,-0.000414217829640684,0.00034781509822744995
0.1471261962765302,4.70110031244982,4.701514530281669,-0.00041421783184869554,0.00034781620023235
0.1471261962765302,4.701100312446007,4.701514530281645,-0.0004142178356376647,0.00034781554340205
0.14712619632938184,4.701100312460933,4.701514530281686,-0.00041421782075268254,0.0003478154327704
0.14712619620292466,4.701100312425949,4.701514530281686,-0.00041421785573625414,0.0003478148756433
0.1471261963033696,4.701100312456582,4.701514530281672,-0.00041421782509054594,0.0003478152967251
0.1471261962755923,4.701100312428596,4.701514530281607,-0.00041421785301043457,0.00034781482606175004
0.14712619629503526,4.701100312486873,4.701514530281646,-0.0004142177947725756,0.0003478148756433
0.1471261961956049,4.701100312468081,4.701514530281628,-0.000414217813546891,0.00034781586948559996
0.14712619625419035,4.701100312482644,4.7015145302816554,-0.0004142177990118512,0.0003478161852725
0.1471261962785461,4.701100312457949,4.701514530281683,-0.0004142178237342975,0.0003478148756433
0.1471261962536421,4.701100312450037,4.701514530281623,-0.0004142178315857947,0.00034781482606175004
0.1471261962362931,4.701100312442661,4.701514530281654,-0.00041421783899231457,0.00034781522008860003
0.1471261963558878,4.701100312432189,4.701514530281631,-0.0004142178494417337,0.00034781482606175004
0.1471261962162731,4.701100312474587,4.701514530281624,-0.0004142178070374314,0.0003478151434521
0.1471261962536421,4.70110031247237,4.701514530281642,-0.0004142178092720883,0.00034781512109115
0.14712619615108752,4.701100312433618,4.701514530281644,-0.0004142178480259773,0.00034781444637645
0.1471261962449676,4.701100312445307,4.701514530281662,-0.00041421783635442466,0.0003478159164607
0.1471261962123729,4.701100312466444,4.701514530281637,-0.00041421781519268563,0.0003478154816324
0.1471261961188896,4.701100312418782,4.701514530281657,-0.0004142178628754323,0.0003478154327704
0.14712619622164275,4.701100312449861,4.701514530281609,-0.0004142178317483314,0.0003478154327704
0.14712619615108752,4.701100312468699,4.701514530281664,-0.00041421781296513416,0.00034781522008860003
0.1471261962765302,4.701100312447492,4.7015145302816395,-0.0004142178341473013,0.0003478142395233
0.1471261963933018,4.701100312471692,4.7015145302816554,-0.0004142178099630911,0.0003478157382721
0.1471261962449676,4.701100312456741,4.70151453028167,-0.00041421782492889747,0.0003478152657503
0.1471261962780576,4.701100312464112,4.701514530281652,-0.0004142178175401412,0.0003478154572014
0.14712619616919353,4.701100312461389,4.701514530281628,-0.0004142178202393154,0.0003478160508666
0.1471261962123729,4.701100312434281,4.7015145302816,-0.00041421784731898725,0.00034781512058839996
0.1471261962309126,4.701100312482248,4.70151453028167,-0.00041421779942130144,0.0003478154572014
0.1471261962786471,4.701100312458444,4.701514530281663,-0.000414217823219154,0.00034781412407135
0.1471261962780576,4.701100312435761,4.701514530281631,-0.00041421784586948007,0.0003478151434521
0.1471261962162731,4.701100312480347,4.70151453028164,-0.00041421780129358154,0.00034781522008860003
0.14712619630222473,4.701100312451276,4.701514530281653,-0.0004142178303769839,0.0003478149900294
0.1471261963186129,4.701100312449845,4.701514530281653,-0.00041421783180783933,0.00034781444637645
0.1471261962559427,4.701100312459071,4.701514530281657,-0.0004142178225858828,0.00034781522008860003
0.1471261962786471,4.701100312501275,4.701514530281642,-0.0004142177803672098,0.0003478148756433
0.14712619647949932,4.701100312506646,4.70151453028167,-0.0004142177750239284,0.00034781432269425
0.1471261962786471,4.7011003124338036,4.701514530281639,-0.0004142178478350189,0.0003478141293659
0.1471261962655551,4.70110031243875,4.701514530281656,-0.00041421784290651686,0.0003478141293659
0.14712619608701993,4.7011003124756225,4.70151453028166,-0.0004142178060373425,0.0003478154572014
0.1471261963258024,4.701100312453653,4.701514530281655,-0.0004142178280019948,0.000347814783171
0.1471261963258024,4.701100312482566,4.701514530281638,-0.00041421779907135914,0.0003478150895296
0.14712619632753676,4.70110031247384,4.701514530281639,-0.0004142178077986003,0.00034781512109115
0.147126195984328,4.701100312464702,4.701514530281666,-0.0004142178169637134,0.00034781412407135
0.1471261962449676,4.701100312458982,4.701514530281637,-0.0004142178226551607,0.00034781457995065
0.1471261963114234,4.701100312465514,4.701514530281609,-0.0004142178160950749,0.00034781411054655
0.1471261962755923,4.701100312427232,4.701514530281623,-0.00041421785439066383,0.0003478148823341
0.1471261961936548,4.701100312460365,4.701514530281679,-0.0004142178213140113,0.0003478149900294
0.14712619633699076,4.7011003124361235,4.7015145302816626,-0.0004142178455390777,0.0003478141293659
0.1471261962786471,4.701100312478512,4.7015145302816554,-0.0004142178031436572,0.00034781431739969995
0.1471261962449676,4.70110031246019,4.701514530281638,-0.00041421782144812624,0.0003478149900294
0.1471261960159886,4.701100312464612,4.701514530281672,-0.00041421781706052485,0.0003478154816324
0.1471261962536421,4.701100312481197,4.701514530281652,-0.0004142178004551411,0.0003478151434521
0.1471261962162731,4.70110031242889,4.701514530281659,-0.00041421785276885004,0.0003478162989247
0.14712619610074812,4.701100312446355,4.701514530281681,-0.00041421783532591405,0.00034781536474775003
0.1471261962779566,4.701100312452863,4.701514530281646,-0.00041421782878270363,0.0003478157382721
0.1471261962655551,4.701100312458994,4.701514530281636,-0.00041421782264183804,0.00034781565207145
0.14712619629503526,4.701100312435432,4.701514530281657,-0.0004142178462256396,0.0003478148823341
0.147126196214323,4.701100312428304,4.701514530281623,-0.0004142178533186325,0.00034781536474775003
0.1471261962162731,4.70110031247427,4.701514530281624,-0.0004142178073545111,0.00034781509822744995
0.1471261961255093,4.701100312451369,4.701514530281609,-0.0004142178302402044,0.0003478149900294
0.1471261963426902,4.701100312410783,4.70151453028163,-0.0004142178708468336,0.0003478154572014
0.14712619622359285,4.701100312446632,4.701514530281667,-0.00041421783503459153,0.0003478148756433
0.14712619609854174,4.701100312414891,4.701514530281657,-0.00041421786676654193,0.0003478154816324
0.1471261962786471,4.701100312484547,4.701514530281626,-0.00041421779707917494,0.00034781394169625
0.14712619632753676,4.701100312499339,4.7015145302816475,-0.0004142177823087678,0.00034781424775355
0.1471261963292711,4.701100312467484,4.701514530281603,-0.0004142178141188779,0.00034781509822744995
0.14712619638153096,4.701100312447415,4.701514530281651,-0.00041421783423611913,0.0003478150987302
0.1471261963114234,4.7011003124699355,4.701514530281636,-0.0004142178117003681,0.00034781512109115
0.1471261961749367,4.701100312458556,4.701514530281645,-0.0004142178230885918,0.0003478154327704
0.14712619609854174,4.70110031248634,4.701514530281653,-0.00041421779531258807,0.0003478160038915
0.147126196214323,4.701100312467134,4.7015145302816395,-0.00041421781450523554,0.0003478145160226
0.1471261962774681,4.701100312435166,4.7015145302816475,-0.000414217846481435,0.0003478141023163
0.14712619625467885,4.7011003124483794,4.701514530281654,-0.0004142178332742219,0.0003478138920912
0.14712619629503526,4.701100312462772,4.701514530281661,-0.00041421781888839604,0.0003478135490522
0.1471261963039591,4.701100312418015,4.701514530281637,-0.00041421786362150215,0.00034781519772765
0.14712619638153096,4.701100312455888,4.701514530281602,-0.0004142178257140472,0.0003478150987302
0.1471261961749367,4.701100312464359,4.701514530281669,-0.000414217817310103,0.0003478148756433
0.1471261962785461,4.701100312458259,4.701514530281618,-0.0004142178233594862,0.000347814783171
0.1471261962362931,4.701100312455449,4.701514530281654,-0.0004142178262043217,0.0003478142530481
0.1471261962449676,4.701100312489566,4.701514530281655,-0.0004142177920885004,0.0003478148756433
0.1471261961936548,4.701100312442763,4.701514530281656,-0.00041421783889372676,0.0003478162151922
0.1471261962786471,4.701100312485658,4.701514530281691,-0.00041421779603290076,0.0003478154327704
0.1471261962162731,4.701100312473171,4.701514530281651,-0.00041421780847983314,0.0003478145160226
0.1471261962779566,4.7011003124606185,4.701514530281649,-0.0004142178210306824,0.00034781482606175004
0.1471261963186129,4.701100312465375,4.701514530281619,-0.0004142178162442889,0.00034781494044785
0.1471261963294926,4.701100312438358,4.701514530281637,-0.0004142178432786636,0.00034781412407135
0.1471261964617409,4.701100312490799,4.701514530281661,-0.000414217790861926,0.00034781482606175004
0.1471261962536421,4.701100312442215,4.701514530281674,-0.0004142178394594964,0.00034781528811125
0.14712619636578805,4.701100312422149,4.701514530281564,-0.00041421785941508915,0.0003478159196531
0.1471261963294926,4.7011003124565125,4.701514530281632,-0.00041421782511985583,0.00034781522008860003
0.1471261962162731,4.701100312442575,4.701514530281614,-0.00041421783903849985,0.0003478157382721
0.14712619638153096,4.701100312420768,4.701514530281676,-0.0004142178609081171,0.0003478148689525
0.14712619624227735,4.701100312465621,4.7015145302816235,-0.00041421781600270435,0.00034781411054655
0.1471261962784451,4.70110031247157,4.701514530281636,-0.0004142178100661198,0.0003478142530481
0.14712619630212376,4.701100312431797,4.701514530281632,-0.0004142178498351967,0.0003478149833386
0.1471261961749367,4.701100312454618,4.701514530281673,-0.0004142178270551966,0.0003478148689525
0.1471261962162731,4.701100312476916,4.701514530281621,-0.00041421780470507485,0.0003478161852725
0.1471261962459327,4.70110031245353,4.701514530281645,-0.00041421782811479346,0.0003478145160226
0.1471261963039591,4.701100312472983,4.7015145302816315,-0.00041421780864858704,0.0003478154327704
0.1471261962449676,4.701100312444546,4.70151453028167,-0.0004142178371235872,0.0003478142530481
0.1471261960159886,4.701100312472825,4.701514530281668,-0.0004142178088430981,0.0003478154816324
0.1471261962536421,4.701100312460886,4.701514530281634,-0.00041421782074824165,0.0003478148756433
0.1471261963258024,4.701100312471365,4.701514530281644,-0.0004142178102792826,0.0003478150977247
0.1471261962785461,4.7011003124886335,4.701514530281639,-0.00041421779300510053,0.00034781522008860003
0.1471261962779566,4.701100312455862,4.701514530281624,-0.00041421782576200883,0.0003478150987302
0.1471261963444889,4.701100312464104,4.701514530281659,-0.00041421781755524023,0.00034781528811125
0.14712619622359285,4.701100312480851,4.701514530281635,-0.00041421780078376713,0.00034781509822744995
0.1471261961255093,4.701100312461125,4.701514530281624,-0.0004142178204995517,0.00034781528811125
0.14712619632753676,4.701100312468507,4.70151453028162,-0.0004142178131125718,0.00034781412407135
0.1471261962536421,4.701100312494327,4.701514530281649,-0.000414217787322535,0.00034781482606175004
0.14712619630069734,4.701100312503023,4.701514530281608,-0.0004142177785855239,0.0003478142530481
0.1471261962765302,4.701100312472196,4.701514530281638,-0.00041421780944173037,0.00034781509822744995
0.1471261962536421,4.7011003124900235,4.701514530281643,-0.0004142177916195422,0.00034781512109115
0.14712619629493423,4.701100312470189,4.701514530281625,-0.0004142178114365791,0.0003478152967251
0.1471261962770187,4.70110031245868,4.7015145302816475,-0.0004142178229677995,0.0003478145160226
0.1471261962755923,4.7011003124494675,4.701514530281622,-0.0004142178321542289,0.0003478148756433
0.1471261962362931,4.701100312472183,4.70151453028167,-0.00041421780948702747,0.0003478150987302
0.14712619613211697,4.701100312473913,4.701514530281639,-0.00041421780772576966,0.00034781565207145
0.14712619629503526,4.701100312486487,4.701514530281651,-0.00041421779516426227,0.00034781620023235
0.14712619615683065,4.701100312453708,4.701514530281646,-0.00041421782793804596,0.0003478152967251
0.14712619635018837,4.701100312468743,4.70151453028162,-0.0004142178128772045,0.0003478154816324
0.1471261963444889,4.701100312486346,4.701514530281613,-0.0004142177952664028,0.00034781522008860003
0.1471261962765302,4.70110031249219,4.701514530281617,-0.00041421778942751786,0.00034781444637645
0.1471261963258024,4.70110031247329,4.701514530281625,-0.00041421780833506006,0.0003478138725564
0.1471261962779566,4.701100312462131,4.701514530281665,-0.00041421781953410175,0.00034781556783305
0.14712619618986175,4.701100312497309,4.701514530281669,-0.0004142177843595718,0.00034781444637645
0.1471261961956049,4.701100312473964,4.701514530281608,-0.00041421780764405725,0.0003478159164607
0.1471261962559427,4.701100312453135,4.701514530281666,-0.00041421782853134914,0.00034781593461295
0.14712619632938184,4.701100312464594,4.701514530281615,-0.0004142178170205568,0.0003478149900294
0.14712619622359285,4.701100312437466,4.701514530281654,-0.00041421784418727015,0.00034781586948559996
0.1471261961936548,4.701100312439346,4.701514530281601,-0.0004142178422554821,0.0003478151434521
0.1471261961188896,4.701100312423061,4.701514530281614,-0.0004142178585526679,0.0003478154816324
0.1471261963558878,4.701100312477402,4.701514530281629,-0.00041421780422723486,0.0003478154816324
0.14712619620292466,4.701100312472864,4.701514530281638,-0.0004142178087738202,0.0003478148823341
0.1471261962362931,4.701100312500548,4.701514530281667,-0.00041421778111860874,0.0003478159164607
0.14712619622359285,4.701100312444173,4.70151453028162,-0.0004142178374468841,0.0003478151434521
0.1471261962786471,4.701100312491505,4.7015145302816315,-0.0004142177901265143,0.0003478141023163
0.1471261963444889,4.701100312475515,4.701514530281615,-0.000414217806099515,0.0003478154327704
0.14712619616919353,4.701100312439331,4.701514530281661,-0.00041421784233008907,0.00034781554340205
0.1471261962765302,4.701100312453655,4.70151453028163,-0.00041421782797446127,0.0003478154572014
0.1471261961634504,4.701100312462179,4.7015145302816475,-0.00041421781946837655,0.0003478132606141
0.1471261962786471,4.701100312459004,4.701514530281635,-0.0004142178226311799,0.0003478148823341
0.14712619632938184,4.701100312510644,4.7015145302816705,-0.00041421777102623736,0.00034781393192885
0.1471261962661446,4.701100312431295,4.701514530281645,-0.000414217850349452,0.00034781424775355
0.14712619629503526,4.701100312454921,4.701514530281624,-0.00041421782670347795,0.0003478154816324
0.14712619632045798,4.701100312460335,4.701514530281633,-0.0004142178212980241,0.0003478141187768
0.1471261962262831,4.701100312441277,4.70151453028163,-0.0004142178403530039,0.0003478149900294
0.1471261962785461,4.70110031248382,4.701514530281599,-0.00041421779777817136,0.00034781482606175004
0.1471261962765302,4.701100312486555,4.701514530281624,-0.0004142177950692272,0.00034781509822744995
0.14712619629503526,4.701100312423536,4.701514530281602,-0.00041421785806594613,0.0003478152967251
0.1471261962755923,4.701100312458007,4.70151453028162,-0.00041421782361261705,0.00034781411054655
0.1471261962660436,4.701100312451455,4.701514530281659,-0.0004142178302037891,0.00034781556783305
0.1471261962262831,4.7011003124572035,4.701514530281618,-0.00041421782441464217,0.00034781512058839996
0.1471261963039591,4.701100312430841,4.701514530281679,-0.00041421785083883833,0.00034781519772765
0.1471261962779566,4.701100312448949,4.701514530281658,-0.00041421783270934043,0.0003478148756433
0.1471261963276475,4.701100312460496,4.701514530281646,-0.0004142178211496983,0.0003478150987302
0.14712619624227735,4.701100312461773,4.701514530281644,-0.00041421781987072137,0.00034781482606175004
0.1471261962784451,4.7011003124642,4.701514530281631,-0.00041421781743089525,0.00034781399720375
0.14712619629503526,4.701100312439458,4.701514530281655,-0.0004142178421968623,0.0003478159164607
0.1471261962309126,4.701100312477358,4.701514530281613,-0.0004142178042547684,0.0003478149833386
0.1471261962774681,4.701100312449424,4.701514530281631,-0.00041421783220663144,0.00034781483275254997
0.1471261961188896,4.701100312449512,4.70151453028163,-0.0004142178321178136,0.00034781536474775003
0.1471261960156749,4.701100312438732,4.701514530281641,-0.0004142178429091814,0.00034781643427585
0.14712619629503526,4.701100312469514,4.701514530281613,-0.0004142178120991602,0.0003478148823341
0.1471261963294926,4.701100312471939,4.701514530281654,-0.00041421780971440114,0.0003478138725564
0.14712619614447986,4.701100312488178,4.701514530281653,-0.0004142177934749469,0.0003478154572014
0.1471261962262831,4.701100312457471,4.701514530281636,-0.00041421782416506403,0.00034781565207145
0.1471261962330075,4.70110031245009,4.701514530281646,-0.00041421783155559666,0.0003478154572014
0.14712619635018837,4.701100312469129,4.701514530281618,-0.0004142178124890705,0.0003478150987302
0.14712619635018837,4.701100312461351,4.701514530281607,-0.0004142178202553026,0.00034781509822744995
0.1471261963186129,4.701100312454245,4.701514530281632,-0.00041421782738737534,0.0003478143767303
0.1471261962786471,4.701100312464776,4.70151453028164,-0.0004142178168642374,0.0003478159196531
0.1471261962765302,4.701100312487072,4.701514530281656,-0.00041421779458428176,0.0003478148756433
0.1471261962362931,4.701100312459524,4.701514530281641,-0.0004142178221169246,0.0003478154572014
0.1471261962536421,4.701100312453998,4.701514530281672,-0.00041421782767425697,0.0003478154572014
0.14712619610074812,4.701100312460325,4.701514530281628,-0.00041421782130335316,0.00034781556783305
0.1471261963114234,4.701100312452015,4.70151453028164,-0.00041421782962558495,0.0003478154572014
0.14712619629503526,4.701100312449532,4.701514530281646,-0.0004142178321133727,0.0003478137219118
0.1471261962449676,4.701100312489985,4.701514530281612,-0.0004142177916266476,0.0003478154572014
0.147126196214323,4.70110031246608,4.701514530281616,-0.0004142178155364107,0.0003478154572014
0.1471261962774681,4.7011003124657575,4.701514530281701,-0.0004142178159431964,0.00034781464959679996
0.14712619636593124,4.701100312445273,4.701514530281652,-0.00041421783637929366,0.0003478145160226
0.1471261962785461,4.701100312496572,4.70151453028164,-0.0004142177850683382,0.0003478139913013
0.1471261962362931,4.701100312468545,4.7015145302815995,-0.0004142178130548402,0.0003478154816324
0.1471261961936548,4.701100312477331,4.701514530281675,-0.00041421780434358624,0.00034781509822744995
0.1471261962784451,4.7011003124344874,4.701514530281655,-0.00041421784716710874,0.00034781412407135
0.1471261961936548,4.701100312456751,4.701514530281649,-0.0004142178248978112,0.0003478148756433
0.1471261962449676,4.7011003124750905,4.701514530281627,-0.00041421780653649876,0.00034781554340205
0.1471261962780576,4.701100312450901,4.701514530281613,-0.00041421783071182716,0.00034781536474775003
0.1471261963186129,4.701100312475922,4.70151453028166,-0.00041421780573802636,0.00034781512109115
0.1471261962646172,4.701100312460637,4.701514530281626,-0.000414217820988938,0.00034781482606175004
0.14712619615108752,4.701100312481819,4.701514530281632,-0.0004142177998129881,0.00034781512109115
0.1471261964286737,4.701100312450102,4.70151453028167,-0.00041421783156803116,0.00034781578524719996
0.1471261962779566,4.701100312469333,4.70151453028164,-0.00041421781230699395,0.0003478158225105
0.14712619632938184,4.7011003124324615,4.701514530281636,-0.00041421784917439197,0.00034781483275254997
0.1471261963258024,4.7011003124778865,4.701514530281632,-0.00041421780374584216,0.0003478163622569
0.147126196214323,4.701100312505123,4.701514530281648,-0.00041421777652494995,0.0003478150977247
0.1471261963186129,4.701100312474992,4.701514530281621,-0.0004142178066288693,0.0003478150128931
0.1471261963186129,4.701100312467273,4.701514530281684,-0.0004142178144110886,0.0003478138823238
0.1471261960001583,4.701100312456598,4.701514530281609,-0.00041421782501149806,0.00034781512109115
0.1471261963444889,4.701100312469144,4.701514530281669,-0.00041421781252459766,0.0003478141293659
0.14712619613211697,4.701100312454838,4.701514530281658,-0.0004142178268198293,0.0003478152967251
0.14712619609854174,4.701100312482197,4.701514530281641,-0.0004142177994443941,0.00034781606071760003
0.1471261962770187,4.701100312482646,4.701514530281658,-0.0004142177990118512,0.0003478148823341
0.14712619632034724,4.701100312458641,4.7015145302815995,-0.00041421782295891774,0.0003478158225105
0.1471261963444889,4.701100312471976,4.701514530281659,-0.0004142178096833149,0.0003478151434521
0.1471261962536421,4.701100312494317,4.7015145302816475,-0.0004142177873305286,0.0003478135932584
0.14712619632034724,4.701100312451249,4.701514530281638,-0.0004142178303885302,0.00034781499053215
0.14712619612549727,4.701100312485798,4.701514530281642,-0.00041421779584371876,0.0003478163622569
0.1471261962786471,4.701100312423121,4.701514530281639,-0.00041421785851714077,0.0003478152967251
0.1471261962785461,4.701100312467554,4.701514530281645,-0.0004142178140904562,0.00034781432269425
0.1471261962162731,4.70110031247319,4.7015145302816395,-0.00041421780844963507,0.00034781498384134997
0.1471261962765302,4.701100312479181,4.701514530281647,-0.00041421780246597706,0.0003478148823341
0.1471261961255093,4.701100312461787,4.701514530281674,-0.0004142178198867086,0.0003478141187768
0.1471261962646172,4.701100312483785,4.701514530281642,-0.00041421779785721924,0.0003478141293659
0.14712619632938184,4.701100312469161,4.701514530281675,-0.0004142178125139395,0.0003478138823238
0.1471261962765302,4.701100312429671,4.701514530281623,-0.0004142178519517259,0.0003478138920912
0.1471261962770187,4.701100312459423,4.701514530281617,-0.0004142178221941961,0.000347814783171
0.1471261962536421,4.701100312463044,4.701514530281633,-0.0004142178185890799,0.00034781499053215
0.14712619632753676,4.701100312442265,4.701514530281666,-0.00041421783940087664,0.0003478154327704
0.1471261962765302,4.701100312475859,4.701514530281661,-0.0004142178058019752,0.00034781536474775003
0.14712619623360285,4.701100312476449,4.7015145302816785,-0.0004142178052291001,0.0003478142530481
0.1471261963292711,4.7011003124638915,4.701514530281665,-0.0004142178177737321,0.0003478142530481
0.1471261962655551,4.701100312463367,4.70151453028163,-0.00041421781826311843,0.0003478148756433
0.14712619632938184,4.701100312445591,4.701514530281635,-0.0004142178360444504,0.00034781482606175004
0.1471261962774681,4.701100312465036,4.701514530281637,-0.00041421781660044843,0.00034781457995065
0.1471261963292711,4.701100312504661,4.70151453028165,-0.00041421777698946727,0.000347814783171
0.1471261963258024,4.701100312492247,4.701514530281587,-0.00041421778934047637,0.0003478149900294
0.1471261965729913,4.701100312481798,4.701514530281661,-0.0004142177998627261,0.0003478152901813
0.14712619623360285,4.701100312451835,4.701514530281633,-0.00041421782979789157,0.0003478150128931
0.14712619635018837,4.7011003124246376,4.701514530281658,-0.00041421785702056013,0.0003478157382721
0.1471261963716307,4.701100312448412,4.701514530281639,-0.00041421783322626027,0.00034781509822744995
0.1471261962785461,4.70110031248643,4.701514530281643,-0.0004142177952131121,0.0003478160508666
0.1471261962309126,4.701100312485953,4.701514530281632,-0.00041421779567940575,0.0003478159164607
0.14712619632045798,4.701100312453366,4.701514530281663,-0.0004142178282977582,0.0003478152967251
0.14712619625688061,4.7011003124469335,4.701514530281651,-0.00041421783471751183,0.0003478143767303
0.1471261962309126,4.701100312446337,4.701514530281622,-0.00041421783528505784,0.0003478151434521
0.1471261963276475,4.701100312448329,4.70151453028165,-0.00041421783332129536,0.0003478148689525
0.1471261963186129,4.701100312489232,4.701514530281663,-0.00041421779243133727,0.0003478136374646
0.1471261962784451,4.701100312457717,4.701514530281598,-0.00041421782388084694,0.0003478143767303
0.1471261966203099,4.70110031245493,4.701514530281652,-0.0004142178267221297,0.00034781464959679996
0.1471261962786471,4.701100312427846,4.701514530281624,-0.0004142178537787089,0.0003478141293659
0.14712619620292466,4.701100312463867,4.701514530281654,-0.0004142178177870548,0.00034781482606175004
0.1471261962785461,4.701100312454072,4.701514530281665,-0.00041421782759343273,0.0003478141187768
0.147126196214323,4.701100312479516,4.701514530281634,-0.0004142178021178111,0.0003478142395233
0.1471261962646172,4.70110031251272,4.701514530281632,-0.0004142177689123727,0.00034781620023235
0.1471261962162731,4.701100312469574,4.701514530281644,-0.0004142178120698503,0.0003478154327704
0.147126196214323,4.701100312482351,4.701514530281595,-0.00041421779924366575,0.0003478159164607
0.1471261962780576,4.701100312464581,4.701514530281638,-0.00041421781705697214,0.00034781586948559996
0.1471261961936548,4.701100312442081,4.701514530281626,-0.00041421783954476155,0.00034781522008860003
0.1471261963292711,4.7011003124578234,4.701514530281657,-0.0004142178238337735,0.00034781586948559996
0.14712619605460664,4.701100312486438,4.70151453028166,-0.00041421779522199387,0.00034781512058839996
0.14712619638153096,4.701100312445259,4.701514530281661,-0.0004142178364014981,0.0003478154327704
0.1471261961749367,4.7011003124620645,4.7015145302816554,-0.00041421781959094517,0.00034781464959679996
0.1471261962765302,4.70110031244303,4.701514530281639,-0.0004142178386086215,0.00034781515086145
0.1471261962784451,4.701100312468482,4.70151453028162,-0.00041421781313832895,0.0003478149900294
0.1471261963294926,4.701100312432485,4.70151453028165,-0.0004142178491655102,0.0003478150977247
0.1471261963756883,4.701100312473542,4.701514530281608,-0.000414217808065942,0.0003478151434521
0.1471261962785461,4.70110031246008,4.701514530281616,-0.0004142178215360559,0.0003478154327704
0.1471261962536421,4.7011003124351145,4.7015145302816554,-0.00041421784654094296,0.0003478154572014
0.14712619616919353,4.701100312482881,4.7015145302816075,-0.0004142177987267459,0.0003478154572014
0.1471261962655551,4.701100312436325,4.70151453028166,-0.00041421784533479666,0.0003478151434521
0.1471261960524003,4.701100312481713,4.701514530281658,-0.0004142177999453267,0.0003478164726287
0.1471261963258024,4.701100312474718,4.701514530281611,-0.0004142178068926583,0.0003478149900294
0.14712619630222473,4.701100312473855,4.701514530281631,-0.00041421780777550765,0.0003478136796882
0.14712619623360285,4.701100312483858,4.701514530281641,-0.00041421779778350043,0.0003478159164607
0.14712619623360285,4.7011003124561865,4.701514530281631,-0.00041421782544404095,0.00034781556783305
0.14712619623360285,4.7011003124889665,4.70151453028162,-0.0004142177926533819,0.0003478150977247
0.1471261963444889,4.7011003124674025,4.701514530281666,-0.000414217814263651,0.0003478152967251
0.1471261961749367,4.701100312498735,4.701514530281687,-0.0004142177829526972,0.00034781432269425
0.1471261962755923,4.701100312452264,4.7015145302816554,-0.00041421782939110585,0.00034781538917875
0.1471261962786471,4.7011003124417625,4.701514530281666,-0.00041421783990358563,0.0003478143767303
0.1471261962774681,4.701100312467968,4.7015145302816315,-0.0004142178136632424,0.00034781512109115
0.1471261962536421,4.70110031244731,4.701514530281659,-0.0004142178343489178,0.0003478154572014
0.14712619635018837,4.7011003124716355,4.701514530281622,-0.00041421780998618374,0.0003478158225105
0.1471261963258024,4.701100312488652,4.7015145302816395,-0.00041421779298733696,0.00034781519772765
0.1471261962349576,4.701100312449091,4.70151453028164,-0.0004142178325494683,0.00034781509822744995
0.14712619623360285,4.7011003124745185,4.701514530281633,-0.0004142178071147029,0.00034781509822744995
0.1471261962780576,4.7011003124132,4.70151453028167,-0.00041421786847006814,0.0003478163673783
0.1471261963114234,4.701100312470132,4.701514530281647,-0.0004142178115147388,0.00034781512109115
0.1471261962536421,4.701100312451246,4.701514530281624,-0.00041421783037876025,0.00034781444637645
0.14712619632753676,4.701100312508486,4.701514530281592,-0.0004142177731063512,0.0003478142530481
0.1471261961936548,4.701100312488753,4.701514530281615,-0.00041421779286121563,0.0003478141023163
0.1471261963292711,4.70110031249154,4.701514530281621,-0.0004142177900812172,0.00034781464959679996
0.1471261963186129,4.701100312476202,4.701514530281629,-0.0004142178054271639,0.00034781464959679996
0.14712619614447986,4.701100312453011,4.70151453028164,-0.00041421782862904877,0.0003478163648176
0.1471261962536421,4.701100312457128,4.701514530281665,-0.0004142178245372108,0.0003478154572014
0.14712619616919353,4.701100312441741,4.701514530281637,-0.000414217839895592,0.00034781412407135
0.1471261962774681,4.701100312480074,4.701514530281619,-0.00041421780154493604,0.00034781444637645
0.1471261962536421,4.7011003124717465,4.701514530281669,-0.0004142178099222349,0.0003478150977247
0.1471261963114234,4.70110031249564,4.701514530281649,-0.0004142177860089191,0.00034781482606175004
0.1471261962573691,4.7011003124607305,4.70151453028165,-0.0004142178209196601,0.00034781469248755
0.1471261960179878,4.701100312458626,4.70151453028167,-0.0004142178230432947,0.0003478154816324
0.1471261963276475,4.701100312452334,4.701514530281629,-0.0004142178292951826,0.00034781411054655
0.1471261962459327,4.701100312458149,4.70151453028167,-0.0004142178235202465,0.0003478149900294
0.147126196214323,4.701100312440525,4.701514530281672,-0.0004142178411470354,0.00034781586948559996
0.1471261963258024,4.701100312458251,4.701514530281621,-0.00041421782337014434,0.0003478163305908
0.1471261962162731,4.701100312472329,4.701514530281651,-0.0004142178093218263,0.00034781522008860003
0.1471261962660436,4.701100312465755,4.70151453028168,-0.00041421781592543283,0.0003478152657503
0.1471261961749367,4.701100312479442,4.701514530281637,-0.00041421780219508264,0.0003478150977247
0.1471261962646172,4.701100312440335,4.701514530281664,-0.000414217841329112,0.0003478159196531
0.1471261962449676,4.701100312455604,4.701514530281646,-0.00041421782604178503,0.0003478151434521
0.147126196224333,4.701100312448395,4.701514530281618,-0.00041421783322270755,0.0003478146228414
0.1471261962309126,4.70110031244329,4.701514530281642,-0.00041421783835193793,0.00034781509822744995
0.1471261960848136,4.701100312427503,4.701514530281586,-0.0004142178540833541,0.00034781482606175004
0.1471261963276475,4.701100312482833,4.701514530281644,-0.00041421779881112286,0.0003478163622569
0.1471261962655551,4.701100312435006,4.701514530281616,-0.0004142178466102209,0.00034781412407135
0.14712619622359285,4.701100312436717,4.701514530281621,-0.00041421784490403013,0.0003478163622569
0.1471261963294926,4.7011003124850745,4.701514530281647,-0.00041421779657202507,0.00034781483275254997
0.14712619610074812,4.701100312459729,4.701514530281618,-0.0004142178218895509,0.0003478142530481
0.1471261963444889,4.701100312466648,4.701514530281648,-0.0004142178149999509,0.00034781625705844997
0.1471261964109153,4.701100312453583,4.701514530281679,-0.0004142178280961417,0.0003478138725564
0.1471261962774681,4.701100312458245,4.701514530281632,-0.00041421782338701973,0.0003478163331515
0.14712619629444573,4.7011003125081166,4.701514530281672,-0.0004142177735557695,0.0003478145160226
0.14712619615108752,4.701100312424612,4.701514530281632,-0.00041421785702056013,0.00034781519772765
0.1471261962780576,4.70110031245062,4.701514530281612,-0.00041421783099160336,0.0003478141187768
0.1471261961122699,4.701100312457499,4.701514530281633,-0.0004142178241339778,0.0003478163420649
0.1471261963258024,4.701100312453189,4.70151453028163,-0.00041421782844075494,0.0003478154327704
0.1471261963114234,4.701100312472551,4.701514530281651,-0.0004142178090997817,0.0003478142530481
0.1471261963258024,4.7011003124711195,4.70151453028166,-0.00041421781054040707,0.00034781424775355
0.14712619613211697,4.701100312480617,4.7015145302816315,-0.0004142178010146935,0.000347814783171
0.1471261962162731,4.70110031247644,4.7015145302816315,-0.00041421780519179663,0.00034781512109115
0.1471261961936548,4.701100312461366,4.7015145302816235,-0.000414217820257079,0.00034781394169625
0.1471261962779566,4.70110031245775,4.701514530281675,-0.00041421782392525586,0.0003478148823341
0.1471261962449676,4.701100312466146,4.701514530281643,-0.00041421781549733083,0.00034781483275254997
0.1471261962646172,4.701100312479453,4.701514530281668,-0.00041421780221462257,0.0003478149900294
0.1471261961255093,4.701100312452432,4.701514530281647,-0.00041421782921435835,0.0003478138920912
0.14712619610074812,4.701100312450139,4.70151453028167,-0.00041421783153072766,0.00034781565207145
0.1471261962784451,4.701100312423576,4.701514530281669,-0.0004142178580925915,0.0003478148756433
0.1471261963933018,4.701100312458364,4.701514530281619,-0.00041421782325468115,0.0003478163622569
0.1471261962785461,4.701100312460411,4.701514530281625,-0.0004142178212145353,0.00034781522008860003
0.1471261963038581,4.701100312436661,4.701514530281632,-0.0004142178449715317,0.00034781384300305
0.14712619622164275,4.701100312421393,4.70151453028164,-0.00041421786024731233,0.0003478142530481
0.14712619632753676,4.701100312455414,4.7015145302816554,-0.0004142178262416252,0.00034781464959679996
0.1471261962784451,4.7011003124750355,4.701514530281659,-0.00041421780662354024,0.0003478139956666
0.1471261963258024,4.701100312457385,4.701514530281657,-0.0004142178242725336,0.00034781482606175004
0.1471261962646172,4.701100312461651,4.701514530281668,-0.0004142178200172708,0.00034781556783305
0.1471261962784451,4.701100312448772,4.701514530281649,-0.00041421783287720615,0.00034781444637645
0.14712619609854174,4.701100312421809,4.70151453028167,-0.0004142178598609547,0.00034781482606175004
0.1471261962449676,4.70110031246855,4.70151453028161,-0.00041421781306016925,0.0003478157382721
0.1471261963444889,4.701100312510804,4.701514530281691,-0.00041421777088679335,0.0003478150987302
0.14712619616919353,4.701100312472609,4.701514530281667,-0.0004142178090580373,0.00034781457995065
0.1471261962646172,4.701100312476251,4.701514530281647,-0.0004142178053951895,0.0003478160508666
0.14712619636578805,4.701100312457128,4.701514530281598,-0.00041421782446970923,0.0003478138920912
0.147126196214323,4.701100312462138,4.70151453028166,-0.00041421781952166725,0.0003478154327704
0.14712619615108752,4.701100312492456,4.701514530281629,-0.00041421778917261065,0.0003478162151922
0.1471261963186129,4.701100312465557,4.701514530281671,-0.00041421781611461483,0.0003478150128931
0.14712619629503526,4.70110031244752,4.701514530281647,-0.0004142178341268732,0.0003478140468088
0.1471261962774681,4.701100312465095,4.7015145302816315,-0.0004142178165364996,0.00034781586948559996
0.1471261962779566,4.701100312442922,4.701514530281625,-0.0004142178387036566,0.00034781519772765
0.14712619614447986,4.70110031242181,4.701514530281638,-0.0004142178598280921,0.0003478148756433
0.1471261962784451,4.701100312464438,4.701514530281669,-0.0004142178172310551,0.0003478145160226
0.14712619622164275,4.701100312470404,4.701514530281666,-0.00041421781126249613,0.00034781412407135
0.1471261961188896,4.701100312455797,4.701514530281657,-0.00041421782586059663,0.00034781509822744995
0.1471261962779566,4.701100312469461,4.701514530281644,-0.00041421781218264897,0.00034781469248755
0.1471261960892263,4.701100312434609,4.701514530281636,-0.00041421784702677655,0.00034781519772765
0.1471261962785461,4.7011003124369495,4.701514530281647,-0.00041421784469708456,0.00034781519772765
0.14712619629503526,4.701100312498693,4.701514530281653,-0.0004142177829598026,0.0003478143767303
0.1471261963294926,4.701100312465835,4.701514530281637,-0.00041421781580197603,0.0003478154572014
0.1471261962349576,4.701100312482482,4.701514530281649,-0.0004142177991672824,0.00034781384300305
0.1471261963873736,4.701100312435381,4.701514530281639,-0.00041421784625761404,0.0003478152967251
0.1471261962573691,4.701100312446278,4.701514530281662,-0.00041421783538364565,0.0003478154572014
0.1471261962774681,4.701100312437417,4.701514530281631,-0.0004142178442139155,0.00034781522008860003
0.14712619601583174,4.701100312455081,4.70151453028166,-0.000414217826579133,0.0003478150987302
0.1471261962536421,4.70110031247895,4.701514530281653,-0.0004142178027031207,0.0003478148756433
0.1471261963444889,4.701100312456833,4.701514530281654,-0.0004142178248205397,0.0003478152657503
0.1471261963600886,4.701100312459091,4.7015145302816785,-0.00041421782258765916,0.0003478160508666
0.14712619625419035,4.701100312466415,4.701514530281632,-0.00041421781521755463,0.00034781499053215
0.14712619622359285,4.701100312463716,4.7015145302816395,-0.0004142178179238343,0.00034781483275254997
0.14712619669983334,4.701100312483519,4.701514530281646,-0.0004142177981263373,0.00034781376768075
0.1471261963426902,4.701100312454805,4.7015145302816626,-0.0004142178268571328,0.0003478160508666
0.1471261962770187,4.701100312469098,4.701514530281641,-0.0004142178125432494,0.0003478146295322
0.1471261961956049,4.701100312453834,4.701514530281648,-0.00041421782781458916,0.00034781482606175004
0.1471261962536421,4.701100312454137,4.701514530281651,-0.00041421782751438485,0.0003478148756433
0.14712619616919353,4.701100312461004,4.701514530281654,-0.00041421782064965385,0.0003478157382721
0.1471261962784451,4.701100312475699,4.701514530281646,-0.0004142178059467483,0.0003478152901813
0.1471261963294926,4.7011003124727715,4.701514530281651,-0.00041421780887951343,0.0003478141293659
0.1471261962536421,4.701100312476194,4.7015145302816626,-0.0004142178054689083,0.0003478156540337
0.14712619588274012,4.701100312457092,4.701514530281657,-0.0004142178245656325,0.00034781494044785
0.1471261962765302,4.7011003124498965,4.701514530281644,-0.0004142178317474432,0.0003478142530481
0.14712619632753676,4.70110031246047,4.701514530281636,-0.0004142178211656855,0.0003478159164607
0.147126196019987,4.701100312480432,4.70151453028167,-0.0004142178012376263,0.00034781556783305
0.1471261960179878,4.701100312458578,4.70151453028165,-0.0004142178230717164,0.00034781565207145
0.1471261962309126,4.701100312462467,4.701514530281619,-0.00041421781915218503,0.00034781464959679996
0.14712619629444573,4.701100312455013,4.701514530281636,-0.0004142178266226537,0.00034781578524719996
0.14712619632045798,4.701100312434375,4.701514530281665,-0.00041421784729056554,0.00034781586948559996
0.1471261962786471,4.7011003124992365,4.701514530281649,-0.0004142177824126847,0.00034781457995065
0.1471261963756883,4.701100312479502,4.70151453028163,-0.0004142178021275811,0.00034781384300305
0.1471261963292711,4.701100312467211,4.701514530281691,-0.00041421781448036654,0.0003478150977247
0.147126196214323,4.701100312480166,4.701514530281647,-0.0004142178014809872,0.0003478148689525
0.1471261963292711,4.701100312444069,4.701514530281639,-0.00041421783756945274,0.00034781562764045
0.1471261962774681,4.701100312477908,4.701514530281633,-0.00041421780372541406,0.00034781528811125
0.14712619622359285,4.701100312461829,4.701514530281651,-0.00041421781982187156,0.0003478156540337
0.1471261963294926,4.701100312462459,4.701514530281624,-0.0004142178191655077,0.0003478145160226
0.14712619625688061,4.701100312471227,4.70151453028164,-0.00041421781041339756,0.0003478142530481
0.1471261961122699,4.701100312443445,4.701514530281672,-0.00041421783822759295,0.00034781538917875
0.1471261962646172,4.701100312464517,4.701514530281633,-0.0004142178171164801,0.00034781620023235
0.1471261962123729,4.701100312444076,4.701514530281627,-0.000414217837550801,0.0003478148689525
0.1471261962779566,4.701100312485727,4.701514530281629,-0.00041421779590145036,0.00034781578524719996
0.147126196214323,4.701100312471167,4.701514530281678,-0.000414217810510209,0.0003478158225105
0.14712619633699076,4.701100312488711,4.701514530281646,-0.00041421779293493444,0.00034781547537940003
0.1471261961122699,4.701100312448551,4.701514530281648,-0.0004142178330974744,0.00034781483275254997
0.14712619629503526,4.701100312458729,4.701514530281614,-0.00041421782288431075,0.0003478154327704
0.14712619622359285,4.701100312452368,4.701514530281596,-0.000414217829227681,0.000347814783171
0.1471261964286737,4.701100312495454,4.70151453028167,-0.0004142177862158647,0.0003478148756433
0.1471261962786471,4.701100312483254,4.701514530281631,-0.0004142177983768036,0.00034781411054655
0.14712619625325246,4.701100312459756,4.7015145302816155,-0.00041421782185935285,0.0003478163420649
0.1471261962785461,4.701100312493881,4.701514530281658,-0.00041421778777728235,0.0003478140468088
0.14712619616919353,4.7011003124946065,4.701514530281624,-0.0004142177870178898,0.00034781565207145
0.1471261963294926,4.7011003124412944,4.7015145302816554,-0.0004142178403609975,0.00034781519772765
0.1471261963756883,4.701100312464589,4.701514530281625,-0.00041421781703654403,0.00034781498384134997
0.1471261962123729,4.701100312425658,4.701514530281625,-0.0004142178559671805,0.0003478158225105
0.1471261962755923,4.701100312472998,4.70151453028167,-0.0004142178086716797,0.00034781444637645
0.14712619618986175,4.70110031245287,4.7015145302816626,-0.0004142178287924736,0.0003478141293659
0.1471261962646172,4.701100312444218,4.701514530281617,-0.0004142178373989225,0.0003478143767303
0.1471261962786471,4.701100312449562,4.701514530281648,-0.00041421783208672736,0.00034781444637645
0.1471261962646172,4.701100312413873,4.701514530281651,-0.00041421786777817715,0.00034781528811125
0.1471261963258024,4.7011003124719934,4.701514530281622,-0.00041421780962824784,0.0003478149900294
0.14712619624227735,4.701100312479474,4.701514530281685,-0.00041421780221106985,0.0003478153987429
0.1471261961634504,4.7011003124573225,4.701514530281653,-0.0004142178243302652,0.00034781536474775003
0.1471261962646172,4.701100312431613,4.70151453028165,-0.0004142178500368132,0.00034781509822744995
0.1471261964617409,4.701100312457425,4.701514530281593,-0.00041421782416861674,0.00034781464959679996
0.1471261962755923,4.70110031246343,4.701514530281648,-0.0004142178182187095,0.0003478163852051
0.147126196214323,4.70110031245907,4.701514530281652,-0.0004142178225823301,0.0003478140468088
0.1471261962449676,4.701100312444415,4.701514530281625,-0.00041421783721062866,0.0003478138070015
0.14712619623360285,4.701100312475902,4.701514530281648,-0.00041421780574601996,0.0003478143767303
0.14712619629493423,4.701100312444211,4.701514530281676,-0.0004142178374646477,0.00034781444637645
0.1471261962774681,4.701100312455493,4.70151453028166,-0.0004142178261670182,0.0003478148756433
0.1471261963258024,4.701100312514069,4.701514530281671,-0.00041421776760230955,0.00034781536474775003
0.1471261962262831,4.701100312454563,4.701514530281686,-0.00041421782712269817,0.0003478164750739
0.1471261961936548,4.701100312450898,4.701514530281648,-0.00041421783075001883,0.0003478168768859
0.1471261962779566,4.701100312477014,4.701514530281669,-0.0004142178046544487,0.0003478163648176
0.14712619623360285,4.701100312453233,4.701514530281669,-0.00041421782843542587,0.00034781394169625
0.14712619618791167,4.701100312456117,4.701514530281635,-0.00041421782551775976,0.00034781411054655
0.1471261962774681,4.701100312461586,4.701514530281645,-0.0004142178200590152,0.00034781482606175004
0.14712619629503526,4.7011003124510555,4.701514530281671,-0.0004142178306159039,0.0003478141158411
0.14712619601783095,4.701100312460956,4.701514530281622,-0.00041421782066564106,0.0003478154327704
0.1471261963276475,4.701100312471749,4.701514530281636,-0.00041421780988670776,0.0003478162420986
0.1471261962573691,4.701100312455186,4.70151453028161,-0.00041421782642458993,0.00034781482606175004
0.1471261961936548,4.701100312435761,4.70151453028164,-0.00041421784587925004,0.000347814783171
0.14712619632753676,4.701100312478279,4.70151453028162,-0.0004142178033408328,0.0003478162989247
0.14712619639914443,4.701100312455412,4.701514530281627,-0.0004142178262149798,0.0003478138725564
0.1471261962536421,4.70110031246881,4.70151453028166,-0.00041421781284967096,0.00034781499053215
0.1471261962123729,4.701100312462885,4.7015145302816155,-0.0004142178187303003,0.0003478140468088
0.14712619629503526,4.701100312446181,4.70151453028164,-0.0004142178354591408,0.0003478152967251
0.14712619635018837,4.701100312482617,4.701514530281622,-0.00041421779900474576,0.00034781482606175004
0.1471261962536421,4.7011003125025965,4.701514530281625,-0.0004142177790287249,0.00034781444637645
0.14712619638153096,4.701100312489103,4.701514530281628,-0.000414217792524596,0.00034781444637645
0.1471261963114234,4.70110031246033,4.701514530281626,-0.00041421782129624773,0.0003478141187768
0.14712619617749884,4.701100312457623,4.70151453028167,-0.0004142178240469363,0.0003478159164607
0.1471261962309126,4.7011003124647335,4.701514530281625,-0.00041421781689177095,0.00034781586948559996
0.1471261962660436,4.701100312462153,4.701514530281647,-0.00041421781949324554,0.00034781620023235
0.1471261962786471,4.701100312457522,4.701514530281709,-0.0004142178241863803,0.0003478135251262
0.1471261962559427,4.701100312447155,4.701514530281646,-0.00041421783449102634,0.0003478154572014
0.14712619623360285,4.701100312460831,4.701514530281641,-0.00041421782081041414,0.0003478151434521
0.1471261962362931,4.701100312482368,4.701514530281632,-0.00041421779926409386,0.0003478138725564
0.1471261959008246,4.701100312440938,4.701514530281666,-0.0004142178407278152,0.00034781512058839996
0.1471261962755923,4.701100312462676,4.701514530281607,-0.0004142178189310286,0.0003478141023163
0.1471261962536421,4.70110031244523,4.7015145302816235,-0.0004142178363935045,0.0003478141293659
0.1471261963258024,4.701100312489933,4.701514530281614,-0.0004142177916808265,0.00034781512109115
0.14712619622359285,4.701100312447174,4.701514530281651,-0.0004142178344768155,0.0003478148756433
0.1471261962646172,4.701100312495787,4.701514530281642,-0.00041421778585526425,0.0003478162420986
0.1471261962309126,4.701100312459373,4.701514530281624,-0.00041421782225103954,0.0003478162151922
0.1471261964618621,4.701100312451092,4.70151453028163,-0.0004142178305377442,0.000347814783171
0.1471261962349576,4.701100312449496,4.701514530281658,-0.0004142178321622225,0.00034781432269425
0.1471261963444889,4.701100312472741,4.701514530281627,-0.0004142178088857307,0.0003478163331515
0.1471261963039591,4.701100312438686,4.701514530281669,-0.0004142178429829002,0.00034781499053215
0.1471261962785461,4.701100312483769,4.701514530281665,-0.0004142177978962991,0.00034781522008860003
0.14712619605260746,4.701100312486777,4.7015145302816554,-0.0004142177948782688,0.0003478158225105
0.1471261962755923,4.70110031248233,4.701514530281669,-0.00041421779933870084,0.0003478149900294
0.147126196019987,4.701100312422406,4.701514530281658,-0.0004142178592525525,0.00034781528811125
0.1471261963038581,4.701100312424823,4.701514530281647,-0.0004142178568233845,0.0003478141293659
0.14712619629503526,4.701100312462471,4.701514530281635,-0.00041421781916373135,0.00034781444637645
0.14712619615108752,4.701100312464092,4.701514530281602,-0.00041421781750994313,0.00034781512109115
0.1471261962449676,4.701100312459854,4.701514530281651,-0.00041421782179718036,0.000347814783171
0.1471261962774681,4.701100312479731,4.7015145302816705,-0.00041421780193928726,0.0003478150987302
0.1471261962765302,4.701100312460373,4.7015145302816235,-0.00041421782125006246,0.0003478150977247
0.14712619642461783,4.701100312482757,4.701514530281644,-0.00041421779888661803,0.0003478151434521
0.1471261963873736,4.701100312460002,4.701514530281633,-0.000414217821631091,0.0003478149833386
0.14712619633699076,4.701100312467023,4.701514530281613,-0.0004142178145896125,0.00034781562764045
0.1471261963114234,4.701100312436072,4.701514530281685,-0.0004142178456127965,0.00034781536474775003
0.1471261962765302,4.701100312482195,4.701514530281613,-0.0004142177994177487,0.00034781512058839996
0.1471261962123729,4.701100312490536,4.70151453028165,-0.0004142177911141687,0.00034781519772765
0.1471261961936548,4.701100312459357,4.701514530281644,-0.00041421782228656667,0.00034781499053215
0.14712619629503526,4.701100312448168,4.701514530281634,-0.00041421783346606844,0.0003478144991592
0.1471261963294926,4.701100312478764,4.701514530281628,-0.000414217802863881,0.00034781385277045
0.1471261962786471,4.701100312508173,4.7015145302816315,-0.00041421777345806987,0.00034781444637645
0.14712619632753676,4.701100312474021,4.701514530281629,-0.00041421780760764193,0.00034781556783305
0.14712619623360285,4.70110031246368,4.701514530281654,-0.00041421781797357227,0.00034781522008860003
0.1471261962123729,4.701100312458124,4.7015145302815995,-0.0004142178234758376,0.0003478152967251
0.14712619622359285,4.701100312474276,4.701514530281665,-0.00041421780738915004,0.0003478150987302
0.1471261961936548,4.70110031246851,4.701514530281641,-0.0004142178131312235,0.0003478154816324
0.1471261962655551,4.701100312445159,4.701514530281648,-0.0004142178364894278,0.00034781482606175004
0.14712619638153096,4.701100312491488,4.701514530281633,-0.000414217790145166,0.00034781554340205
0.1471261962765302,4.701100312420622,4.70151453028164,-0.0004142178610182512,0.0003478164726287
0.14712619638153096,4.701100312456478,4.701514530281659,-0.00041421782518114014,0.0003478151434521
0.1471261961749367,4.701100312458639,4.701514530281665,-0.0004142178230264193,0.0003478148689525
0.1471261962362931,4.701100312464894,4.701514530281652,-0.000414217816757656,0.0003478145160226
0.1471261962774681,4.701100312433863,4.701514530281644,-0.00041421784778084003,0.0003478148823341
0.1471261962774681,4.701100312481449,4.701514530281663,-0.00041421780021444476,0.00034781536474775003
0.14712619632753676,4.701100312453404,4.70151453028167,-0.0004142178282657838,0.00034781376768075
0.1471261962765302,4.701100312491997,4.701514530281683,-0.0004142177896859778,0.0003478154816324
0.1471261962779566,4.7011003124567035,4.701514530281652,-0.0004142178249484374,0.0003478154816324
0.1471261962123729,4.7011003124673545,4.701514530281659,-0.0004142178143045072,0.0003478149900294
0.1471261961387246,4.701100312460491,4.701514530281602,-0.0004142178211115066,0.0003478148689525
0.14712619623360285,4.701100312461038,4.70151453028162,-0.0004142178205821523,0.0003478159164607
0.1471261962646172,4.701100312459652,4.70151453028164,-0.0004142178219881387,0.0003478162737647
0.1471261964187752,4.701100312443647,4.701514530281646,-0.0004142178379984429,0.00034781469248755
0.1471261964187752,4.701100312428524,4.701514530281628,-0.0004142178531036933,0.0003478138823238
0.14712619623360285,4.701100312470441,4.701514530281598,-0.0004142178111568029,0.0003478154327704
0.1471261963186129,4.7011003124752335,4.7015145302816785,-0.0004142178064450164,0.00034781444637645
0.1471261963756883,4.701100312482099,4.701514530281644,-0.00041421779954475824,0.0003478145160226
0.14712619632938184,4.70110031245519,4.70151453028161,-0.00041421782642014904,0.00034781494044785
0.1471261962779566,4.701100312462984,4.701514530281618,-0.000414217818634377,0.00034781538917875
0.1471261963114234,4.701100312450923,4.701514530281644,-0.00041421783072070895,0.00034781536474775003
0.14712619622359285,4.70110031247571,4.701514530281611,-0.0004142178059014512,0.0003478160038915
0.14712619622359285,4.701100312453607,4.7015145302816705,-0.0004142178280632791,0.0003478159164607
0.14712619632034724,4.701100312458331,4.701514530281656,-0.0004142178233257354,0.0003478154816324
0.1471261961387246,4.701100312419099,4.701514530281669,-0.0004142178625698989,0.0003478149900294
0.1471261961634504,4.701100312481599,4.701514530281624,-0.00041421780002526276,0.0003478154572014
0.14712619610736782,4.70110031247292,4.701514530281639,-0.00041421780871875313,0.00034781509822744995
0.14712619633688,4.701100312458832,4.70151453028165,-0.00041421782281769737,0.0003478139956666
0.1471261963873736,4.7011003124966395,4.701514530281651,-0.00041421778501149475,0.0003478148756433
0.1471261962755923,4.701100312436899,4.701514530281624,-0.00041421784472550627,0.00034781444637645
0.14712619618791167,4.7011003124384665,4.701514530281619,-0.0004142178431525423,0.00034781512058839996
0.1471261963258024,4.701100312460023,4.701514530281646,-0.0004142178216230974,0.00034781512109115
0.1471261962785461,4.7011003124462665,4.701514530281666,-0.00041421783539963286,0.0003478150977247
0.1471261961749367,4.701100312458049,4.701514530281638,-0.00041421782358863624,0.00034781512109115
0.14712619625419035,4.701100312468333,4.701514530281656,-0.00041421781332307006,0.00034781620023235
0.1471261963258024,4.7011003125058854,4.701514530281645,-0.00041421777575934016,0.0003478150977247
0.1471261962774681,4.701100312425926,4.701514530281647,-0.0004142178557202669,0.00034781483275254997
0.14712619615108752,4.701100312456032,4.701514530281647,-0.0004142178256145712,0.00034781547537940003
0.14712619607274816,4.70110031244024,4.701514530281658,-0.00041421784141792983,0.0003478158225105
0.1471261962449676,4.701100312482511,4.701514530281626,-0.0004142177991148799,0.00034781464959679996
0.1471261963186129,4.7011003124846455,4.701514530281636,-0.0004142177969903571,0.0003478163622569
0.14712619622359285,4.701100312451804,4.701514530281685,-0.00041421782988049216,0.0003478145160226
0.1471261962123729,4.701100312443029,4.7015145302816785,-0.0004142178386494777,0.0003478148756433
0.1471261961936548,4.701100312447384,4.7015145302816475,-0.00041421783426365266,0.0003478148823341
0.14712619630222473,4.701100312467534,4.7015145302816315,-0.00041421781409756164,0.0003478138134497
0.14712619615108752,4.701100312465019,4.701514530281667,-0.00041421781664841006,0.0003478157382721
0.1471261960848136,4.701100312472647,4.7015145302816475,-0.0004142178090003057,0.0003478150977247
0.1471261962559427,4.701100312503702,4.701514530281649,-0.0004142177779469236,0.0003478142530481
0.1471261962262831,4.701100312445927,4.70151453028165,-0.0004142178357229298,0.0003478148756433
0.1471261962755923,4.7011003124555035,4.701514530281661,-0.0004142178261572482,0.0003478148823341
0.1471261963292711,4.70110031246911,4.701514530281646,-0.0004142178125352558,0.0003478135932584
0.14712619615108752,4.701100312490768,4.701514530281671,-0.0004142177909036704,0.0003478152967251
0.1471261961255093,4.701100312453795,4.701514530281644,-0.0004142178278492281,0.0003478159164607
0.1471261963294926,4.701100312481902,4.701514530281658,-0.0004142177997561447,0.0003478154327704
0.147126196224333,4.70110031243253,4.701514530281657,-0.0004142178491273185,0.0003478162989247
0.1471261962309126,4.701100312456243,4.7015145302816315,-0.0004142178253880857,0.00034781528811125
0.14712619625325246,4.701100312496809,4.7015145302816235,-0.00041421778481431915,0.00034781554340205
0.1471261962559427,4.701100312489992,4.701514530281634,-0.00041421779164174666,0.0003478163420649
0.1471261962655551,4.701100312493265,4.701514530281646,-0.0004142177883803555,0.00034781565207145
0.1471261962309126,4.701100312456974,4.701514530281666,-0.00041421782469175383,0.00034781482606175004
0.1471261962362931,4.701100312477013,4.701514530281578,-0.00041421780456474266,0.00034781499053215
0.1471261962755923,4.701100312494439,4.701514530281652,-0.00041421778721328906,0.00034781482606175004
0.14712619636578805,4.7011003124417625,4.701514530281648,-0.00041421783988582206,0.0003478154816324
0.14712619623360285,4.701100312431479,4.70151453028165,-0.00041421785017092816,0.0003478154572014
0.1471261962646172,4.701100312459572,4.701514530281612,-0.00041421782203965307,0.0003478154327704
0.1471261962755923,4.701100312433223,4.701514530281643,-0.0004142178484203285,0.0003478157382721
0.14712619630222473,4.701100312468949,4.701514530281658,-0.0004142178127093388,0.0003478141293659
0.1471261961387246,4.701100312482755,4.701514530281643,-0.0004142177988883944,0.00034781444637645
0.14712619610736782,4.7011003124653135,4.701514530281663,-0.0004142178163499821,0.0003478150987302
0.1471261963933018,4.701100312452401,4.7015145302816626,-0.0004142178292614318,0.00034781512109115
0.1471261963276475,4.701100312455593,4.7015145302816155,-0.0004142178260222451,0.00034781522008860003
0.14712619624227735,4.701100312456436,4.7015145302816235,-0.0004142178251873574,0.00034781556783305
0.147126196224333,4.7011003124637485,4.701514530281646,-0.0004142178178971889,0.0003478161852725
0.1471261962123729,4.701100312487944,4.701514530281648,-0.00041421779370409695,0.0003478150977247
0.14712619641690283,4.70110031243679,4.701514530281643,-0.00041421784485340396,0.00034781536474775003
0.1471261962262831,4.701100312477743,4.701514530281678,-0.00041421780393502416,0.0003478148689525
0.1471261962449676,4.701100312461912,4.701514530281641,-0.000414217819729501,0.0003478138823238
0.1471261963114234,4.701100312479468,4.701514530281652,-0.0004142178021835363,0.0003478150987302
0.1471261962362931,4.701100312456042,4.701514530281638,-0.00041421782559591946,0.0003478158225105
0.1471261962646172,4.701100312506725,4.701514530281637,-0.00041421777491201794,0.0003478150987302
0.1471261962786471,4.701100312473436,4.701514530281595,-0.00041421780815920073,0.00034781376768075
0.1471261964109153,4.7011003124819295,4.701514530281647,-0.00041421779971706485,0.0003478149900294
0.14712619622164275,4.701100312471617,4.701514530281654,-0.0004142178100368099,0.00034781641208385004
0.1471261962162731,4.701100312440918,4.701514530281696,-0.00041421784077844137,0.0003478138070015
0.147126196214323,4.701100312469479,4.7015145302816554,-0.0004142178121764317,0.0003478162151922
0.1471261962779566,4.701100312486404,4.701514530281632,-0.0004142177952282111,0.0003478148689525
0.14712619632938184,4.7011003124180935,4.701514530281637,-0.00041421786354334245,0.00034781444637645
0.1471261962162731,4.701100312474847,4.701514530281589,-0.00041421780674166797,0.0003478160508666
0.1471261962786471,4.701100312473258,4.701514530281623,-0.00041421780836436994,0.0003478148689525
0.14712619632753676,4.70110031243889,4.701514530281631,-0.0004142178427404275,0.0003478157382721
0.1471261962771197,4.701100312472166,4.701514530281633,-0.00041421780946748754,0.0003478145160226
0.1471261962784451,4.701100312424786,4.701514530281671,-0.000414217856885557,0.00034781464959679996
0.1471261962655551,4.701100312434572,4.701514530281627,-0.00041421784705519826,0.0003478148823341
0.1471261961749367,4.7011003124559405,4.701514530281632,-0.00041421782569184273,0.0003478162151922
0.1471261963186129,4.701100312470026,4.701514530281673,-0.0004142178116470774,0.00034781444637645
0.1471261962770187,4.7011003124727235,4.70151453028167,-0.0004142178089461268,0.00034781464959679996
0.1471261962646172,4.701100312476349,4.701514530281681,-0.0004142178053321288,0.00034781509822744995
0.14712619613211697,4.701100312466939,4.701514530281673,-0.00041421781473438557,0.0003478158225105
0.1471261963038581,4.701100312455973,4.701514530281635,-0.00041421782566164467,0.0003478148756433
0.1471261962123729,4.701100312452631,4.701514530281612,-0.0004142178289807674,0.0003478162989247
0.1471261962784451,4.701100312454222,4.701514530281636,-0.0004142178274140207,0.0003478161076927
0.1471261962536421,4.701100312459498,4.701514530281669,-0.0004142178221711035,0.00034781498384134997
0.14712619624227735,4.7011003124855675,4.701514530281657,-0.0004142177960897442,0.0003478156540337
0.1471261962784451,4.701100312439543,4.7015145302816475,-0.00041421784210449175,0.00034781620023235
0.14712619605460664,4.701100312456568,4.701514530281652,-0.0004142178250843287,0.0003478149900294
0.1471261963294926,4.701100312471465,4.701514530281675,-0.0004142178102100047,0.0003478148823341
0.1471261963292711,4.701100312486451,4.7015145302816315,-0.0004142177951802495,0.0003478159164607
0.1471261963873736,4.701100312461496,4.701514530281653,-0.0004142178201567148,0.0003478139913013
0.14712619613211697,4.701100312454784,4.701514530281656,-0.00041421782687223185,0.0003478154327704
0.14712619636578805,4.701100312466795,4.701514530281651,-0.000414217814856066,0.00034781431739969995
0.14712619622164275,4.701100312491671,4.7015145302816475,-0.0004142177899764121,0.0003478142530481
0.1471261962362931,4.701100312439904,4.701514530281634,-0.00041421784173056864,0.0003478161852725
0.1471261963756883,4.701100312436872,4.701514530281645,-0.0004142178447725797,0.00034781586948559996
0.14712619635018837,4.7011003124773865,4.701514530281655,-0.00041421780426809107,0.0003478151434521
0.1471261962559427,4.701100312454723,4.701514530281633,-0.0004142178269104235,0.0003478141187768
0.14712619635018837,4.7011003124603965,4.70151453028162,-0.0004142178212234171,0.00034781412407135
0.1471261960892263,4.701100312483489,4.701514530281654,-0.00041421779816452897,0.0003478160508666
0.1471261963276475,4.701100312489093,4.701514530281633,-0.0004142177925405832,0.0003478154327704
0.1471261962559427,4.701100312444527,4.701514530281623,-0.00041421783709516546,0.00034781509822744995
0.1471261961634504,4.70110031247055,4.701514530281658,-0.0004142178111079531,0.0003478138725564
0.1471261961387246,4.701100312457807,4.701514530281613,-0.00041421782380623995,0.0003478159164607
0.1471261962309126,4.70110031248925,4.701514530281653,-0.00041421779240291556,0.0003478163673783
0.14712619622359285,4.701100312456836,4.701514530281617,-0.00041421782478145985,0.00034781464959679996
0.1471261962785461,4.701100312458373,4.701514530281646,-0.0004142178232724447,0.0003478154816324
0.1471261963444889,4.7011003124854005,4.701514530281675,-0.0004142177962744853,0.0003478152967251
0.1471261962765302,4.70110031248996,4.701514530281661,-0.00041421779170036643,0.0003478163305908
0.1471261962162731,4.701100312476012,4.701514530281599,-0.000414217805587036,0.0003478154327704
0.14712619632753676,4.701100312469001,4.701514530281608,-0.00041421781260719825,0.0003478160508666
0.14712619635018837,4.701100312462414,4.701514530281606,-0.0004142178191912649,0.0003478151434521
0.14712619615683065,4.7011003124807615,4.701514530281618,-0.00041421780085659776,0.0003478145160226
0.1471261963600886,4.7011003124851225,4.70151453028171,-0.0004142177965871241,0.0003478148823341
0.1471261962536421,4.701100312457867,4.701514530281626,-0.0004142178237591665,0.0003478151434521
0.1471261962774681,4.701100312472829,4.701514530281627,-0.000414217808797801,0.0003478161852725
0.1471261962449676,4.701100312449874,4.701514530281681,-0.00041421783180695115,0.0003478163622569
0.1471261963258024,4.701100312500149,4.7015145302816075,-0.0004142177814587811,0.00034781482606175004
0.1471261961527497,4.701100312463553,4.701514530281639,-0.00041421781808548275,0.0003478158225105
0.14712619622359285,4.701100312473083,4.701514530281594,-0.0004142178085109194,0.00034781464959679996
0.1471261963114234,4.701100312508347,4.701514530281652,-0.0004142177733053032,0.00034781411054655
0.14712619629503526,4.701100312494194,4.701514530281651,-0.00041421778745664994,0.00034781464959679996
0.14712619636578805,4.701100312448044,4.701514530281642,-0.000414217833598407,0.00034781432269425
0.1471261962162731,4.701100312472373,4.701514530281679,-0.00041421780930672725,0.00034781620023235
0.14712619622164275,4.701100312438224,4.701514530281628,-0.0004142178434038968,0.0003478156540337
0.14712619639914443,4.701100312453895,4.701514530281655,-0.0004142178277595221,0.00034781625705844997
0.1471261962123729,4.701100312447041,4.7015145302816475,-0.00041421783460648953,0.0003478150977247
0.1471261962770187,4.7011003124794115,4.7015145302816395,-0.00041421780222794524,0.000347814783171
0.14712619620854625,4.701100312452578,4.701514530281657,-0.0004142178290793552,0.0003478158225105
0.1471261962770187,4.701100312489526,4.7015145302816554,-0.0004142177921293566,0.0003478143767303
0.1471261962646172,4.701100312429936,4.701514530281619,-0.00041421785168260783,0.0003478154572014
0.147126196224333,4.701100312478431,4.701514530281653,-0.0004142178032218169,0.00034781432269425
0.14712619638153096,4.701100312463832,4.701514530281659,-0.00041421781782702283,0.0003478148756433
0.14712619615683065,4.701100312413085,4.7015145302816,-0.00041421786851536524,0.0003478148756433
0.14712619629493423,4.701100312445275,4.701514530281615,-0.00041421783633932563,0.000347814783171
0.14712619629503526,4.701100312459219,4.7015145302816475,-0.0004142178224286752,0.0003478145160226
0.1471261960524003,4.701100312419347,4.70151453028165,-0.00041421786230344537,0.0003478150987302
0.14712619608701993,4.701100312434371,4.701514530281621,-0.00041421784724970934,0.00034781522008860003
0.14712619608701993,4.701100312408215,4.701514530281623,-0.000414217873407452,0.0003478150977247
0.14712619632753676,4.7011003124476245,4.7015145302816395,-0.0004142178340149627,0.0003478146295322
0.1471261962262831,4.701100312466911,4.701514530281643,-0.00041421781473172103,0.0003478148823341
0.14712619660428886,4.701100312465823,4.701514530281649,-0.00041421781582595685,0.0003478132642132
0.1471261964618621,4.701100312475674,4.701514530281646,-0.0004142178059716173,0.00034781522008860003
0.1471261963114234,4.701100312469782,4.701514530281665,-0.00041421781188333284,0.00034781469248755
0.1471261962349576,4.701100312460503,4.701514530281621,-0.00041421782111772387,0.0003478154327704
0.1471261963292711,4.701100312445822,4.701514530281623,-0.00041421783580020133,0.00034781522008860003
0.14712619635018837,4.701100312447906,4.701514530281637,-0.0004142178337307456,0.0003478159164607
0.1471261962646172,4.701100312466797,4.701514530281648,-0.0004142178148516251,0.0003478149900294
0.14712619629503526,4.701100312420759,4.701514530281647,-0.00041421786088768897,0.0003478163305908
0.1471261962661446,4.701100312468588,4.701514530281644,-0.00041421781305572836,0.0003478150987302
0.1471261963558878,4.701100312498221,4.701514530281684,-0.0004142177834625116,0.00034781522008860003
0.14712619616919353,4.701100312474357,4.7015145302815915,-0.000414217807234607,0.00034781482606175004
0.147126196214323,4.7011003124663215,4.70151453028163,-0.00041421781530814883,0.00034781412407135
0.14712619620292466,4.701100312462938,4.7015145302816315,-0.00041421781869388496,0.00034781536474775003
0.1471261963292711,4.701100312455991,4.70151453028165,-0.00041421782565898013,0.00034781512058839996
0.1471261961749367,4.701100312426626,4.701514530281629,-0.00041421785500261876,0.00034781556783305
0.1471261963444889,4.701100312453726,4.701514530281655,-0.000414217827928276,0.000347814783171
0.1471261963600886,4.701100312472738,4.701514530281625,-0.00041421780888750703,0.0003478149900294
0.14712619624227735,4.7011003124283395,4.701514530281655,-0.00041421785331507976,0.0003478150977247
0.1471261962646172,4.70110031243786,4.701514530281676,-0.00041421784381601157,0.0003478146295322
0.1471261962784451,4.701100312471882,4.701514530281656,-0.0004142178097739091,0.0003478149900294
0.1471261962162731,4.701100312468593,4.701514530281668,-0.0004142178130752683,0.0003478141293659
0.1471261962449676,4.701100312469878,4.701514530281663,-0.0004142178117856332,0.0003478160508666
0.1471261962784451,4.7011003124845265,4.7015145302816705,-0.00041421779714401197,0.00034781412407135
0.1471261962765302,4.701100312447091,4.701514530281683,-0.0004142178345922787,0.0003478154327704
0.1471261963426902,4.701100312482077,4.701514530281633,-0.00041421779955630456,0.00034781411054655
0.14712619629503526,4.70110031248091,4.701514530281626,-0.00041421780071626557,0.0003478151434521
0.1471261962449676,4.701100312463711,4.701514530281669,-0.00041421781795758505,0.0003478150987302
0.1471261962362931,4.7011003124754405,4.701514530281652,-0.00041421780621142545,0.00034781444637645
0.14712619610736782,4.70110031246158,4.701514530281624,-0.00041421782004391616,0.00034781536474775003
0.1471261962755923,4.701100312430749,4.701514530281681,-0.00041421785093209706,0.00034781444637645
0.1471261962786471,4.701100312460515,4.701514530281664,-0.0004142178211496983,0.00034781444637645
0.1471261962755923,4.7011003124614055,4.701514530281639,-0.00041421782023309817,0.00034781469248755
0.1471261962784451,4.70110031247819,4.701514530281628,-0.00041421780343764425,0.0003478159164607
0.147126196019987,4.7011003124666155,4.701514530281605,-0.0004142178149892928,0.00034781512058839996
0.1471261962449676,4.701100312484856,4.701514530281675,-0.00041421779681893867,0.00034781482606175004
0.1471261963292711,4.70110031246044,4.701514530281707,-0.00041421782126693785,0.0003478148756433
0.1471261962779566,4.701100312461849,4.701514530281647,-0.00041421781979789074,0.00034781498384134997
0.14712619632034724,4.7011003124879025,4.7015145302816865,-0.000414217793784033,0.0003478157382721
0.1471261960773566,4.70110031245508,4.701514530281638,-0.0004142178265578167,0.00034781445626845
0.1471261962646172,4.701100312451262,4.701514530281632,-0.00041421783037076665,0.00034781586948559996
0.1471261963114234,4.701100312457298,4.701514530281649,-0.0004142178243515815,0.00034781399720375
0.14712619623360285,4.701100312454407,4.701514530281623,-0.0004142178272159569,0.0003478160508666
0.1471261962262831,4.701100312437951,4.701514530281644,-0.00041421784369255477,0.0003478141023163
0.14712619605460664,4.701100312496492,4.701514530281675,-0.0004142177851829132,0.0003478154327704
0.1471261963276475,4.701100312452593,4.701514530281653,-0.0004142178290598153,0.00034781522008860003
0.1471261962646172,4.701100312449503,4.701514530281646,-0.0004142178321426826,0.00034781509822744995
0.147126196214323,4.701100312488838,4.701514530281647,-0.0004142177928088131,0.0003478161852725
0.1471261962785461,4.701100312495972,4.701514530281609,-0.00041421778563766054,0.0003478150987302
0.1471261962774681,4.701100312440122,4.701514530281686,-0.0004142178415635911,0.0003478151972249
0.147126196019987,4.701100312476583,4.70151453028163,-0.00041421780504702355,0.00034781512109115
0.1471261961634504,4.701100312488162,4.701514530281629,-0.0004142177934669533,0.000347814783171
0.14712619635018837,4.7011003124453605,4.701514530281646,-0.00041421783628514675,0.00034781512109115
0.1471261962573691,4.701100312460381,4.701514530281656,-0.00041421782127493145,0.00034781482606175004
0.1471261962536421,4.7011003124716195,4.701514530281654,-0.00041421781003414537,0.00034781483275254997
0.1471261962784451,4.701100312466878,4.701514530281628,-0.0004142178147494846,0.00034781526524754996
0.14712619635018837,4.70110031243459,4.701514530281654,-0.00041421784706408005,0.00034781498384134997
0.1471261962774681,4.701100312435886,4.701514530281652,-0.0004142178457655632,0.000347814783171
0.1471261962468706,4.701100312472851,4.70151453028167,-0.0004142178088182291,0.00034781512109115
0.1471261962784451,4.701100312466478,4.701514530281655,-0.0004142178151766984,0.00034781483275254997
0.1471261964109153,4.70110031250317,4.701514530281655,-0.00041421777848427155,0.00034781554340205
0.1471261962774681,4.7011003124855995,4.701514530281636,-0.0004142177960364535,0.0003478143767303
0.1471261962779566,4.7011003124521915,4.701514530281667,-0.0004142178294754828,0.00034781554340205
0.1471261963294926,4.701100312481088,4.7015145302816785,-0.00041421780059014424,0.00034781586948559996
0.14712619636578805,4.701100312478421,4.701514530281661,-0.00041421780323958046,0.00034781538917875
0.1471261962162731,4.701100312461841,4.701514530281673,-0.0004142178198325297,0.0003478148756433
0.14712619629503526,4.701100312455044,4.70151453028162,-0.00041421782657558026,0.0003478157382721
0.1471261962786471,4.701100312424417,4.70151453028163,-0.00041421785721240667,0.00034781457995065
0.1471261962774681,4.7011003124730415,4.701514530281635,-0.00041421780859352,0.00034781641208385004
0.14712619638153096,4.701100312454165,4.70151453028167,-0.0004142178275046149,0.00034781445626845
0.14712619615108752,4.7011003124793564,4.7015145302816626,-0.00041421780230610494,0.000347814783171
0.14712619623360285,4.701100312436769,4.701514530281666,-0.0004142178448969247,0.00034781556783305
0.14712619618791167,4.7011003124573465,4.7015145302816395,-0.0004142178242929617,0.00034781483275254997
0.1471261962142894,4.7011003125040585,4.701514530281676,-0.0004142177776174094,0.00034781522008860003
0.1471261962536421,4.7011003124506505,4.701514530281645,-0.0004142178309942679,0.0003478154572014
0.1471261962646172,4.701100312448024,4.701514530281668,-0.0004142178336437041,0.0003478152967251
0.147126196150223,4.701100312454696,4.701514530281678,-0.0004142178269814778,0.00034781512109115
0.1471261963873736,4.701100312449543,4.701514530281646,-0.00041421783210271457,0.00034781556783305
0.1471261962362931,4.70110031248378,4.7015145302816235,-0.00041421779784389656,0.00034781444637645
0.14712619632034724,4.701100312455688,4.701514530281639,-0.00041421782595030265,0.0003478154572014
0.1471261962559427,4.701100312468853,4.701514530281618,-0.000414217812765294,0.0003478150977247
0.1471261963756883,4.7011003124370125,4.701514530281652,-0.00041421784463935296,0.00034781464959679996
0.1471261961936548,4.701100312466683,4.701514530281627,-0.0004142178149439957,0.0003478151434521
0.14712619622359285,4.701100312448416,4.701514530281639,-0.00041421783322270755,0.000347814783171
0.1471261960179878,4.701100312459192,4.70151453028164,-0.00041421782244821514,0.0003478162420986
0.14712619632938184,4.70110031246688,4.701514530281629,-0.0004142178147485964,0.00034781528967855
0.14712619624227735,4.701100312449055,4.70151453028168,-0.0004142178326249635,0.0003478152657503
0.147126196214323,4.701100312437941,4.701514530281642,-0.00041421784370143655,0.0003478158225105
0.1471261962786471,4.70110031243364,4.701514530281657,-0.0004142178480170955,0.00034781512058839996
0.1471261962786471,4.701100312472707,4.701514530281659,-0.00041421780895234406,0.00034781554340205
0.1471261962646172,4.701100312499264,4.701514530281646,-0.00041421778238159845,0.00034781578524719996
0.1471261961188896,4.7011003124584105,4.7015145302816705,-0.0004142178232600102,0.0003478157382721
0.1471261963186129,4.701100312467085,4.701514530281665,-0.0004142178145798425,0.0003478152967251
0.1471261962646172,4.701100312439997,4.701514530281631,-0.0004142178416337572,0.0003478163622569
0.1471261963292711,4.701100312457119,4.701514530281627,-0.0004142178245079009,0.0003478148756433
0.1471261963186129,4.701100312452905,4.701514530281656,-0.0004142178287516174,0.0003478145160226
0.1471261962449676,4.7011003124523425,4.701514530281627,-0.00041421782928452444,0.0003478141023163
0.1471261962362931,4.701100312413748,4.7015145302816475,-0.0004142178678998576,0.000347814783171
0.1471261963258024,4.701100312484405,4.701514530281621,-0.0004142177972159544,0.0003478154572014
0.1471261963276475,4.701100312467648,4.701514530281647,-0.00041421781399897384,0.00034781464959679996
0.14712619609854174,4.701100312438566,4.70151453028166,-0.0004142178430939225,0.0003478161852725
0.1471261962536421,4.7011003124536845,4.701514530281631,-0.00041421782794603956,0.0003478151434521
0.1471261963756883,4.7011003124853685,4.701514530281626,-0.0004142177962576099,0.00034781469248755
0.1471261961122699,4.701100312464897,4.701514530281606,-0.0004142178167088062,0.0003478159164607
0.1471261963186129,4.7011003124681485,4.701514530281624,-0.00041421781347583675,0.00034781431739969995
0.1471261962779566,4.701100312442933,4.701514530281599,-0.0004142178386654649,0.00034781469248755
0.14712619633699076,4.7011003124417465,4.701514530281634,-0.0004142178398875984,0.0003478158225105
0.14712619623360285,4.7011003124548045,4.701514530281617,-0.0004142178268127239,0.0003478141187768
0.14712619609854174,4.70110031247509,4.701514530281664,-0.00041421780657469043,0.0003478162737647
0.1471261962660436,4.701100312453598,4.701514530281661,-0.00041421782806239094,0.0003478141187768
0.1471261961255093,4.701100312453783,4.701514530281712,-0.0004142178279291642,0.0003478140468088
0.1471261962309126,4.701100312473615,4.701514530281671,-0.00041421780805617203,0.000347814783171
0.1471261961188896,4.701100312446852,4.701514530281685,-0.00041421783483297503,0.0003478154572014
0.14712619630406984,4.701100312482825,4.701514530281646,-0.0004142177988208928,0.0003478148823341
0.14712619622359285,4.701100312420101,4.701514530281677,-0.00041421786157602725,0.0003478150977247
0.1471261962536421,4.701100312449358,4.701514530281651,-0.00041421783229278475,0.0003478152967251
0.14712619605024424,4.701100312459697,4.701514530281655,-0.00041421782195794066,0.00034781554340205
0.1471261962123729,4.701100312452817,4.701514530281659,-0.0004142178288422116,0.00034781528811125
0.1471261961749367,4.701100312445868,4.701514530281626,-0.00041421783575845694,0.0003478150987302
0.1471261961255093,4.701100312436993,4.7015145302816315,-0.0004142178446384648,0.0003478152967251
0.1471261962785461,4.701100312490259,4.701514530281647,-0.00041421779138772763,0.00034781628872455
0.1471261962573691,4.7011003124334545,4.701514530281623,-0.0004142178481680858,0.000347814783171
0.14712619616919353,4.701100312446069,4.7015145302816554,-0.00041421783558615033,0.0003478139023755
0.1471261962309126,4.701100312428772,4.701514530281625,-0.000414217852853227,0.0003478154572014
0.1471261960159886,4.70110031247353,4.701514530281644,-0.00041421780811390363,0.0003478160508666
0.1471261962309126,4.701100312441986,4.701514530281687,-0.00041421783970108095,0.00034781457995065
0.1471261963558878,4.701100312476517,4.701514530281683,-0.00041421780516603945,0.00034781565207145
0.1471261961255093,4.701100312487411,4.701514530281591,-0.0004142177941792724,0.00034781586948559996
0.14712619622359285,4.7011003124474255,4.701514530281628,-0.00041421783420236835,0.0003478156540337
0.1471261961255093,4.701100312493275,4.7015145302816235,-0.0004142177883483811,0.00034781394169625
0.14712619629493423,4.701100312450581,4.70151453028162,-0.0004142178310386768,0.0003478148823341
0.14712619622164275,4.701100312460042,4.70151453028163,-0.00041421782158757026,0.0003478144991592
0.1471261962309126,4.701100312456848,4.701514530281658,-0.00041421782480988156,0.00034781578524719996
0.1471261962162731,4.701100312457532,4.701514530281625,-0.0004142178240931216,0.00034781499053215
0.1471261964109153,4.701100312471214,4.701514530281643,-0.00041421781042938477,0.00034781509822744995
0.1471261963933018,4.701100312472062,4.7015145302816554,-0.0004142178095936089,0.0003478150987302
0.14712619632034724,4.701100312448075,4.701514530281666,-0.0004142178335913016,0.0003478148689525
0.1471261962774681,4.70110031246346,4.701514530281676,-0.000414217818216045,0.00034781700935335
0.14712619635018837,4.701100312462937,4.701514530281632,-0.0004142178186956613,0.00034781494044785
0.1471261962655551,4.701100312491893,4.701514530281649,-0.00041421778975614387,0.0003478149833386
0.14712619615108752,4.701100312433538,4.701514530281656,-0.00041421784811834783,0.00034781554340205
0.1471261962779566,4.701100312490161,4.701514530281646,-0.0004142177914845391,0.00034781522008860003
0.1471261962123729,4.701100312443324,4.701514530281657,-0.0004142178383332862,0.00034781509822744995
0.1471261964541471,4.7011003124677115,4.701514530281647,-0.000414217813935025,0.0003478156540337
0.14712619615108752,4.701100312493604,4.701514530281657,-0.00041421778805350584,0.00034781412407135
0.14712619608701993,4.701100312448764,4.7015145302816554,-0.000414217832891417,0.0003478152967251
0.1471261962646172,4.701100312459532,4.701514530281686,-0.0004142178221533399,0.00034781482606175004
0.1471261963186129,4.701100312451515,4.7015145302816235,-0.000414217830108754,0.00034781509822744995
0.1471261963294926,4.701100312470627,4.701514530281603,-0.0004142178109756145,0.00034781663935565
0.1471261962536421,4.701100312478971,4.70151453028163,-0.0004142178026587118,0.00034781536474775003
0.14712619635018837,4.701100312458529,4.70151453028164,-0.0004142178231116844,0.0003478154327704
0.14712619647949932,4.701100312465836,4.701514530281641,-0.00041421781580552874,0.0003478132436058
0.147126196214323,4.701100312416297,4.701514530281621,-0.0004142178653241402,0.0003478152967251
0.1471261963294926,4.701100312438593,4.70151453028168,-0.00041421784308770526,0.0003478141293659
0.1471261962779566,4.701100312501673,4.701514530281636,-0.0004142177799630886,0.00034781499053215
0.1471261963756883,4.701100312434288,4.701514530281652,-0.00041421784736428435,0.00034781399720375
0.14712619622359285,4.701100312412856,4.701514530281674,-0.0004142178688182341,0.0003478161852725
0.147126196214323,4.701100312451453,4.701514530281652,-0.00041421783019846004,0.00034781376768075
0.14712619632753676,4.701100312472494,4.701514530281637,-0.00041421780914241424,0.00034781625705844997
0.14712619622164275,4.701100312443487,4.7015145302816075,-0.00041421783812012336,0.0003478150977247
0.14712619632753676,4.70110031247953,4.701514530281679,-0.00041421780214978554,0.0003478151972249
0.1471261963292711,4.701100312461012,4.701514530281627,-0.0004142178206150149,0.00034781411054655
0.14712619657399464,4.70110031244788,4.701514530281594,-0.0004142178337138702,0.0003478156540337
0.1471261962646172,4.701100312460873,4.701514530281672,-0.000414217820799756,0.00034781457995065
0.14712619633699076,4.7011003124601185,4.7015145302816315,-0.00041421782151296327,0.00034781464959679996
0.1471261962780576,4.701100312442436,4.701514530281672,-0.00041421783923656363,0.00034781562764045
0.1471261962449676,4.701100312488102,4.70151453028167,-0.00041421779356731747,0.0003478159164607
0.1471261962780576,4.701100312482426,4.701514530281635,-0.0004142177992090268,0.00034781464959679996
0.1471261964286737,4.701100312453086,4.701514530281648,-0.0004142178285624354,0.00034781556783305
0.1471261962785461,4.701100312505261,4.7015145302816475,-0.0004142177763863941,0.00034781538917875
0.14712619614447986,4.701100312460761,4.701514530281675,-0.000414217820914331,0.0003478149900294
0.14712619629503526,4.7011003124529145,4.701514530281661,-0.0004142178287462883,0.0003478145160226
0.1471261961749367,4.701100312469528,4.70151453028164,-0.0004142178121124829,0.0003478154572014
0.1471261963756883,4.701100312456459,4.701514530281648,-0.00041421782518913375,0.0003478138920912
0.1471261962785461,4.701100312425646,4.70151453028164,-0.00041421785599471406,0.0003478158225105
0.14712619623360285,4.701100312461581,4.7015145302816315,-0.0004142178200501334,0.00034781483275254997
0.1471261962771197,4.70110031246987,4.7015145302816475,-0.0004142178117776396,0.000347814783171
0.14712619636593124,4.701100312457313,4.701514530281628,-0.0004142178243151662,0.00034781578524719996
0.1471261962784451,4.701100312450096,4.701514530281603,-0.00041421783150674685,0.0003478141023163
0.1471261961122699,4.701100312475983,4.701514530281653,-0.0004142178056696366,0.0003478163648176
0.1471261963258024,4.701100312484683,4.701514530281634,-0.00041421779695127725,0.00034781482606175004
0.1471261962309126,4.701100312420651,4.701514530281648,-0.0004142178609969349,0.0003478164389626
0.14712619634084512,4.701100312459833,4.701514530281605,-0.0004142178217714232,0.00034781556783305
0.1471261963294926,4.701100312481616,4.701514530281618,-0.0004142178000021701,0.0003478149900294
0.1471261963186129,4.701100312454147,4.701514530281624,-0.00041421782747708136,0.0003478143767303
0.1471261962123729,4.701100312484818,4.70151453028164,-0.0004142177968224914,0.0003478152657503
0.14712619608701993,4.7011003124226285,4.701514530281621,-0.0004142178589923162,0.0003478150977247
0.1471261961936548,4.701100312477028,4.701514530281618,-0.00041421780459049984,0.00034781482606175004
0.1471261962784451,4.70110031246974,4.701514530281661,-0.00041421781192063634,0.0003478150987302
0.1471261962162731,4.7011003124918505,4.701514530281653,-0.00041421778980232915,0.0003478149900294
0.14712619629503526,4.7011003124685775,4.701514530281649,-0.00041421781307171557,0.00034781412407135
0.1471261962779566,4.701100312496641,4.701514530281651,-0.0004142177850097184,0.00034781556783305
0.14712619635018837,4.701100312432437,4.701514530281612,-0.00041421784917528015,0.0003478132436058
0.14712619610074812,4.7011003124743045,4.7015145302816475,-0.00041421780734296476,0.0003478143767303
0.14712619613211697,4.7011003124682915,4.701514530281631,-0.00041421781333905727,0.0003478154816324
0.1471261962660436,4.70110031244661,4.701514530281627,-0.00041421783501682796,0.0003478141023163
0.1471261964109153,4.701100312452859,4.701514530281625,-0.00041421782876582824,0.0003478158225105
0.14712619615683065,4.701100312460902,4.701514530281644,-0.0004142178207420244,0.00034781509822744995
0.1471261962449676,4.701100312455976,4.7015145302816315,-0.0004142178256554274,0.0003478161852725
0.1471261960892263,4.701100312451876,4.701514530281654,-0.00041421782977746346,0.0003478148823341
0.14712619633699076,4.701100312475909,4.701514530281598,-0.00041421780568828837,0.0003478145160226
0.1471261966861272,4.70110031245596,4.701514530281631,-0.00041421782567052645,0.00034781457995065
0.1471261962162731,4.701100312490104,4.7015145302815995,-0.0004142177914951972,0.0003478152967251
0.1471261966223239,4.701100312461503,4.701514530281616,-0.0004142178201131941,0.00034781464959679996
0.1471261961122699,4.701100312460848,4.701514530281655,-0.0004142178208068614,0.0003478145160226
0.1471261963114234,4.7011003124549715,4.701514530281663,-0.00041421782669193163,0.00034781565207145
0.14712619610074812,4.701100312463839,4.70151453028161,-0.0004142178177710676,0.0003478158225105
0.14712619608701993,4.701100312439169,4.701514530281639,-0.0004142178424695331,0.00034781654453215
0.1471261961956049,4.701100312437234,4.701514530281658,-0.0004142178444244138,0.0003478158225105
0.14712619622359285,4.701100312454517,4.701514530281643,-0.0004142178271262509,0.00034781385277045
0.1471261962162731,4.701100312453005,4.701514530281679,-0.00041421782867434587,0.00034781376768075
0.1471261963444889,4.701100312458971,4.701514530281662,-0.00041421782269068785,0.0003478149900294
0.14712619632034724,4.701100312458697,4.701514530281665,-0.0004142178229677995,0.000347814005434
0.1471261963444889,4.701100312472636,4.7015145302816155,-0.0004142178089798776,0.0003478148823341
0.14712619622359285,4.70110031242386,4.701514530281625,-0.00041421785776485365,0.00034781509822744995
0.14712619623360285,4.701100312436449,4.701514530281652,-0.0004142178452024581,0.0003478131582498
0.1471261963292711,4.701100312485404,4.701514530281617,-0.000414217796213201,0.00034781405503905
0.14712619623360285,4.701100312424412,4.701514530281629,-0.00041421785721684756,0.00034781394169625
0.14712619616919353,4.701100312419935,4.701514530281674,-0.0004142178617394521,0.0003478163648176
0.1471261963600886,4.701100312498139,4.701514530281675,-0.0004142177835362304,0.00034781562764045
0.1471261962780576,4.70110031246093,4.7015145302816315,-0.0004142178207011682,0.0003478150128931
0.1471261962309126,4.701100312453851,4.701514530281622,-0.0004142178277710684,0.0003478137550105
0.1471261962162731,4.701100312446221,4.701514530281643,-0.0004142178354218373,0.00034781444274365
0.14712619633688,4.701100312434853,4.701514530281654,-0.00041421784680029106,0.00034781399720375
0.1471261960892263,4.70110031244889,4.701514530281642,-0.000414217832751973,0.0003478163648176
0.14712619623360285,4.7011003124639865,4.701514530281659,-0.0004142178176724798,0.0003478148823341
0.1471261962774681,4.701100312454814,4.701514530281628,-0.0004142178268136121,0.00034781620023235
0.1471261961634504,4.701100312459237,4.701514530281654,-0.0004142178224162407,0.00034781538917875
0.1471261962655551,4.70110031244389,4.70151453028166,-0.00041421783777018106,0.0003478154816324
0.1471261963933018,4.701100312492451,4.701514530281632,-0.00041421778918149244,0.00034781483275254997
0.14712619630406984,4.701100312428211,4.7015145302816554,-0.0004142178534447538,0.0003478149900294
0.1471261962784451,4.7011003124649005,4.701514530281635,-0.00041421781673456337,0.0003478148823341
0.14712619635259044,4.701100312490338,4.701514530281693,-0.00041421779135486503,0.00034781499053215
0.1471261962765302,4.701100312439081,4.70151453028165,-0.00041421784256900906,0.0003478150977247
0.1471261963294926,4.701100312460267,4.701514530281662,-0.00041421782139483554,0.00034781509822744995
0.1471261963444889,4.701100312448212,4.701514530281607,-0.00041421783339501417,0.0003478142530481
0.1471261962770187,4.701100312450734,4.7015145302816075,-0.00041421783087347563,0.0003478150987302
0.1471261962779566,4.701100312439495,4.701514530281638,-0.0004142178421426834,0.0003478158225105
0.1471261960524003,4.701100312451192,4.701514530281638,-0.00041421783044537364,0.00034781556783305
0.1471261962755923,4.701100312467583,4.701514530281672,-0.00041421781408956804,0.00034781412407135
0.14712619610074812,4.7011003124650275,4.701514530281654,-0.0004142178166262056,0.00034781522008860003
0.1471261962779566,4.7011003124482,4.701514530281646,-0.00041421783344564034,0.0003478161852725
0.1471261963258024,4.701100312483547,4.7015145302816395,-0.0004142177980925865,0.00034781538917875
0.1471261964286737,4.701100312463654,4.7015145302816475,-0.0004142178179931122,0.00034781499053215
0.1471261962536421,4.701100312488341,4.701514530281671,-0.00041421779333017383,0.00034781412407135
0.1471261963558878,4.701100312461849,4.701514530281637,-0.0004142178197881208,0.00034781536474775003
0.14712619614360328,4.701100312465499,4.70151453028163,-0.00041421781613060205,0.0003478163852051
0.14712619623360285,4.7011003124429225,4.701514530281674,-0.0004142178387516182,0.0003478152967251
0.1471261961634504,4.701100312476435,4.701514530281655,-0.00041421780521933016,0.00034781512109115
0.1471261963114234,4.701100312460117,4.701514530281632,-0.0004142178215156278,0.00034781636894365
0.147126196224333,4.701100312449896,4.701514530281636,-0.00041421783174033777,0.00034781509822744995
0.1471261962779566,4.701100312504241,4.701514530281625,-0.0004142177773838185,0.0003478149833386
0.1471261962755923,4.701100312445467,4.701514530281612,-0.00041421783614481456,0.00034781498384134997
0.1471261962765302,4.701100312468202,4.701514530281633,-0.00041421781343142783,0.0003478141187768
0.1471261962162731,4.701100312449543,4.701514530281662,-0.0004142178321187018,0.00034781512109115
0.14712619633688,4.701100312487396,4.701514530281631,-0.00041421779423433946,0.0003478151972249
0.1471261960159886,4.701100312438911,4.701514530281636,-0.00041421784272532847,0.000347813623519
0.14712619632753676,4.701100312460437,4.7015145302816554,-0.00041421782121808803,0.0003478148756433
0.1471261962449676,4.701100312441838,4.701514530281669,-0.000414217839830755,0.00034781512058839996
0.1471261963444889,4.7011003124304835,4.701514530281607,-0.0004142178511230554,0.0003478143767303
0.1471261962123729,4.701100312438461,4.701514530281667,-0.000414217843205833,0.0003478170151395
0.14712619625688061,4.70110031245599,4.701514530281642,-0.0004142178256518747,0.0003478139913013
0.1471261963258024,4.701100312498593,4.701514530281647,-0.0004142177830539495,0.0003478141187768
0.1471261962362931,4.701100312436562,4.701514530281633,-0.0004142178450710077,0.00034781444637645
0.14712619632753676,4.7011003124646304,4.701514530281663,-0.0004142178170329913,0.00034781469917835
0.1471261962262831,4.7011003124472435,4.701514530281649,-0.0004142178344057612,0.0003478156540337
0.1471261961387246,4.7011003124879265,4.701514530281605,-0.0004142177936783398,0.00034781519772765
0.14712619601583174,4.701100312466406,4.701514530281658,-0.0004142178152521936,0.0003478163648176
0.1471261964872143,4.701100312462807,4.7015145302816626,-0.00041421781885553344,0.0003478148689525
0.1471261964464321,4.701100312444365,4.701514530281619,-0.0004142178372541494,0.00034781519772765
0.14712619633699076,4.701100312459752,4.7015145302816705,-0.0004142178219188608,0.00034781586948559996
0.14712619616919353,4.70110031246639,4.701514530281641,-0.0004142178152513054,0.00034781444637645
0.1471261962309126,4.7011003124476485,4.701514530281616,-0.00041421783396788925,0.0003478141187768
0.14712619623360285,4.7011003124846775,4.701514530281639,-0.0004142177969610472,0.0003478139023755
0.1471261962785461,4.701100312474144,4.701514530281683,-0.0004142178075392522,0.0003478148689525
0.1471261962646172,4.701100312449475,4.701514530281668,-0.00041421783219330877,0.0003478141293659
0.1471261962362931,4.701100312452256,4.701514530281669,-0.00041421782941242213,0.00034781620023235
0.1471261962784451,4.701100312417812,4.701514530281627,-0.00041421786381512504,0.0003478154327704
0.1471261962785461,4.7011003124298805,4.701514530281665,-0.00041421785178474835,0.0003478154327704
0.1471261962785461,4.701100312458411,4.701514530281643,-0.0004142178232315885,0.0003478151434521
0.1471261962779566,4.701100312458394,4.701514530281606,-0.0004142178232120486,0.0003478149900294
0.1471261961936548,4.7011003124654795,4.701514530281616,-0.0004142178161368193,0.00034781498384134997
0.1471261962362931,4.701100312460945,4.701514530281662,-0.0004142178207162672,0.00034781641208385004
0.14712619605260746,4.701100312476513,4.701514530281643,-0.00041421780512962414,0.00034781528811125
0.14712619615108752,4.7011003124309765,4.701514530281635,-0.0004142178506585381,0.00034781578524719996
0.1471261962162731,4.7011003124766795,4.701514530281633,-0.0004142178049537648,0.0003478160508666
0.1471261962309126,4.701100312447152,4.7015145302816235,-0.0004142178344714864,0.000347814783171
0.14712619623360285,4.70110031244771,4.701514530281627,-0.0004142178339172631,0.0003478156540337
0.14712619624227735,4.701100312461306,4.7015145302816395,-0.00041421782033346233,0.0003478148756433
0.1471261963756883,4.7011003124533595,4.701514530281652,-0.00041421782829242915,0.0003478136796882
0.14712619608701993,4.7011003124319375,4.701514530281674,-0.0004142178497366089,0.000347814783171
0.14712619634257945,4.701100312472053,4.701514530281637,-0.0004142178095838389,0.0003478143767303
0.14712619633514565,4.701100312469216,4.701514530281657,-0.0004142178124411089,0.00034781494044785
0.147126196214323,4.7011003124757975,4.701514530281652,-0.00041421780585437773,0.00034781522008860003
0.14712619629503526,4.701100312460325,4.701514530281624,-0.00041421782129980045,0.0003478150987302
0.1471261963716307,4.701100312458428,4.701514530281649,-0.00041421782322093037,0.0003478138920912
0.14712619620292466,4.701100312456931,4.701514530281613,-0.00041421782468198387,0.0003478163648176
0.1471261961936548,4.701100312454258,4.701514530281667,-0.0004142178274086916,0.0003478150062023
0.14712619615108752,4.701100312432689,4.701514530281652,-0.0004142178489630055,0.00034781620023235
0.1471261964187752,4.701100312431444,4.701514530281635,-0.00041421785019135626,0.0003478140468088
0.1471261962162731,4.701100312467549,4.701514530281663,-0.00041421781411443703,0.00034781405503905
0.14712619613211697,4.7011003124487365,4.701514530281663,-0.00041421783292694414,0.0003478149900294
0.1471261962536421,4.701100312443512,4.701514530281647,-0.0004142178381343342,0.0003478141293659
0.1471261962770187,4.701100312475673,4.70151453028162,-0.0004142178059467483,0.0003478148689525
0.1471261963114234,4.701100312441123,4.701514530281624,-0.0004142178405013297,0.0003478159164607
0.1471261962309126,4.701100312474914,4.701514530281655,-0.0004142178067407798,0.0003478141293659
0.1471261962765302,4.701100312483627,4.7015145302816155,-0.00041421779798866964,0.0003478140468088
0.1471261963444889,4.70110031247208,4.7015145302816395,-0.0004142178095598581,0.0003478154572014
0.14712619629503526,4.7011003124666955,4.701514530281634,-0.0004142178149386666,0.0003478158225105
0.14712619629493423,4.70110031249072,4.70151453028165,-0.00041421779093031574,0.00034781556783305
0.14712619630163526,4.701100312483841,4.7015145302816554,-0.0004142177978145867,0.00034781483275254997
0.14712619615108752,4.701100312469587,4.701514530281644,-0.00041421781205652763,0.00034781469248755
0.1471261962755923,4.701100312444059,4.701514530281634,-0.0004142178375747818,0.0003478161852725
0.1471261961634504,4.701100312449466,4.70151453028164,-0.000414217832174657,0.00034781586948559996
0.14712619623360285,4.701100312454618,4.701514530281656,-0.0004142178270383212,0.00034781528811125
0.147126196214323,4.701100312482255,4.701514530281668,-0.00041421779941330783,0.00034781528811125
0.14712619632938184,4.701100312435699,4.701514530281662,-0.0004142178459627388,0.0003478156540337
0.1471261962646172,4.701100312449736,4.701514530281607,-0.0004142178318709,0.00034781512058839996
0.1471261963873736,4.701100312443771,4.701514530281653,-0.00041421783788209154,0.0003478159164607
0.1471261962770187,4.7011003124832955,4.701514530281632,-0.0004142177983368356,0.0003478149900294
0.1471261962123729,4.7011003124792285,4.701514530281661,-0.0004142178024322263,0.00034781586948559996
0.1471261963558878,4.701100312471181,4.7015145302816395,-0.00041421781045869466,0.0003478145160226
0.14712619613211697,4.701100312460819,4.701514530281641,-0.00041421782082196046,0.0003478157382721
0.1471261961936548,4.701100312470433,4.70151453028164,-0.00041421781120742907,0.00034781538917875
0.1471261963114234,4.701100312459243,4.701514530281646,-0.00041421782240291805,0.0003478160508666
0.1471261962786471,4.701100312451834,4.701514530281698,-0.00041421782986450495,0.00034781444637645
0.1471261963186129,4.701100312480428,4.7015145302816075,-0.0004142178011798947,0.0003478143767303
0.1471261962774681,4.701100312462812,4.7015145302816395,-0.00041421781882711173,0.0003478150977247
0.14712619622164275,4.701100312423018,4.701514530281634,-0.0004142178586157286,0.0003478165674522
0.1471261962765302,4.701100312472162,4.701514530281607,-0.0004142178094443949,0.0003478154327704
0.1471261962755923,4.701100312462517,4.701514530281646,-0.0004142178191290924,0.0003478149833386
0.1471261961749367,4.701100312434438,4.701514530281647,-0.00041421784720885313,0.0003478162989247
0.1471261962770187,4.701100312450207,4.7015145302816315,-0.00041421783142414625,0.0003478157382721
0.1471261961188896,4.701100312451589,4.7015145302816554,-0.00041421783006612145,0.0003478154327704
0.1471261963294926,4.701100312483799,4.701514530281649,-0.0004142177978501138,0.00034781512058839996
0.1471261963294926,4.701100312466641,4.701514530281655,-0.0004142178150132736,0.0003478137219118
0.1471261962449676,4.701100312456171,4.701514530281633,-0.0004142178254618045,0.0003478163305908
0.14712619632938184,4.701100312441603,4.7015145302817025,-0.00041421784009987306,0.00034781640317045
0.1471261960179878,4.701100312444185,4.70151453028164,-0.0004142178374557659,0.000347814783171
0.14712619632753676,4.701100312415472,4.701514530281662,-0.00041421786618922596,0.00034781556783305
0.1471261963873736,4.701100312468478,4.701514530281642,-0.0004142178131640861,0.0003478141187768
0.1471261961634504,4.701100312449828,4.701514530281647,-0.00041421783181849747,0.0003478163852051
0.1471261962655551,4.70110031249379,4.701514530281659,-0.00041421778786876473,0.0003478144856344
0.1471261962785461,4.7011003124834705,4.701514530281607,-0.00041421779813610726,0.0003478156540337
0.1471261961956049,4.701100312448473,4.701514530281656,-0.0004142178331836277,0.00034781556783305
0.14712619638153096,4.701100312423416,4.701514530281649,-0.0004142178582329237,0.0003478141293659
0.147126196214323,4.7011003124715005,4.70151453028166,-0.00041421781015937853,0.0003478151434521
0.14712619632753676,4.701100312438385,4.701514530281622,-0.00041421784323691924,0.0003478150977247
0.1471261962779566,4.7011003124624136,4.701514530281614,-0.00041421781920014666,0.00034781522008860003
0.1471261960848136,4.701100312485924,4.701514530281668,-0.0004142177957442428,0.00034781528811125
0.1471261964109153,4.701100312472098,4.701514530281638,-0.00041421780953943,0.0003478138823238
0.1471261962765302,4.701100312468322,4.701514530281667,-0.0004142178133452745,0.0003478154572014
0.1471261962779566,4.70110031247821,4.701514530281698,-0.0004142178034882704,0.00034781536474775003
0.147126196214323,4.701100312437691,4.701514530281663,-0.00041421784397233097,0.0003478145160226
0.14712619589599096,4.701100312420722,4.701514530281675,-0.0004142178609534142,0.0003478160508666
0.14712619622359285,4.7011003124883315,4.7015145302816395,-0.0004142177933079694,0.00034781398743635
0.1471261962779566,4.7011003124556145,4.701514530281613,-0.0004142178259982643,0.0003478160508666
0.14712619639914443,4.701100312458126,4.701514530281662,-0.00041421782353534553,0.0003478154816324
0.1471261962262831,4.701100312440724,4.701514530281638,-0.0004142178409134445,0.0003478150977247
0.1471261962162731,4.701100312457676,4.701514530281634,-0.00041421782395811846,0.00034781482606175004
0.1471261963258024,4.701100312497091,4.70151453028166,-0.0004142177845691819,0.0003478151434521
0.1471261963600886,4.7011003124847495,4.701514530281632,-0.0004142177968828875,0.0003478149900294
0.1471261962449676,4.701100312461922,4.701514530281623,-0.0004142178197001911,0.0003478141293659
0.1471261964363887,4.701100312467721,4.701514530281688,-0.0004142178139669994,0.00034781412407135
0.1471261963186129,4.701100312474746,4.701514530281654,-0.00041421780690775734,0.0003478141187768
0.1471261962774681,4.701100312456846,4.701514530281628,-0.00041421782478234803,0.0003478150987302
0.1471261963294926,4.701100312481508,4.701514530281642,-0.0004142178001345087,0.00034781519772765
0.147126196150223,4.701100312434758,4.70151453028163,-0.00041421784687134533,0.0003478141293659
0.14712619623360285,4.701100312409238,4.701514530281684,-0.00041421787244555475,0.0003478148823341
0.1471261962765302,4.701100312491074,4.701514530281695,-0.00041421779062122965,0.00034781522008860003
0.1471261963186129,4.701100312457184,4.701514530281644,-0.00041421782445993927,0.0003478160038915
0.1471261964286737,4.701100312466379,4.701514530281676,-0.0004142178152966025,0.00034781376768075
0.1471261962162731,4.701100312482319,4.7015145302816785,-0.00041421779935912895,0.0003478148823341
0.14712619622359285,4.701100312452803,4.701514530281628,-0.0004142178288253362,0.00034781586948559996
0.14712619622359285,4.701100312473256,4.701514530281623,-0.0004142178083661463,0.0003478151972249
0.14712619624227735,4.701100312467949,4.701514530281641,-0.0004142178136925523,0.0003478146295322
0.1471261964618621,4.701100312445492,4.701514530281637,-0.00041421783614481456,0.00034781482606175004
0.14712619629444573,4.701100312465946,4.701514530281634,-0.0004142178156882892,0.0003478151434521
0.1471261962660436,4.701100312424843,4.7015145302816395,-0.00041421785679673917,0.0003478149900294
0.1471261962646172,4.701100312467568,4.701514530281627,-0.00041421781405936997,0.0003478152967251
0.14712619630212376,4.7011003124640185,4.701514530281636,-0.0004142178176174127,0.00034781445626845
0.1471261962162731,4.701100312472348,4.70151453028162,-0.0004142178092720883,0.0003478145160226
0.1471261963114234,4.701100312460202,4.701514530281652,-0.0004142178214499026,0.0003478145160226
0.14712619632034724,4.701100312464416,4.70151453028161,-0.0004142178171937516,0.0003478148689525
0.14712619629503526,4.70110031242802,4.7015145302816705,-0.0004142178536508112,0.0003478150987302
0.14712619636578805,4.7011003124427795,4.701514530281665,-0.00041421783888573316,0.00034781482606175004
0.1471261962559427,4.701100312475085,4.701514530281647,-0.00041421780656136775,0.00034781512109115
0.14712619630222473,4.701100312458428,4.701514530281664,-0.0004142178232360294,0.0003478157382721
0.1471261962655551,4.701100312476717,4.701514530281699,-0.0004142178049821865,0.00034781522008860003
0.1471261962449676,4.701100312465742,4.701514530281672,-0.0004142178159307619,0.00034781556783305
0.1471261963756883,4.701100312446407,4.701514530281626,-0.00041421783521933264,0.0003478149900294
0.1471261963186129,4.701100312487399,4.701514530281573,-0.00041421779417394333,0.0003478154327704
0.14712619635018837,4.701100312471568,4.701514530281667,-0.0004142178100989824,0.00034781450585
0.1471261963294926,4.701100312457909,4.701514530281613,-0.00041421782370409943,0.0003478139913013
0.1471261962755923,4.701100312445088,4.7015145302816235,-0.00041421783653561306,0.0003478141187768
0.1471261961936548,4.701100312453059,4.701514530281654,-0.0004142178285944098,0.00034781509822744995
0.1471261963114234,4.701100312473431,4.70151453028165,-0.0004142178082187087,0.00034781483275254997
0.1471261964363887,4.701100312483991,4.701514530281615,-0.0004142177976236283,0.0003478160038915
0.1471261962785461,4.701100312471808,4.701514530281685,-0.0004142178098769378,0.0003478152657503
0.1471261962786471,4.701100312473696,4.701514530281645,-0.00041421780794870244,0.0003478138920912
0.1471261962755923,4.701100312464128,4.70151453028165,-0.00041421781752237763,0.00034781469248755
0.1471261962755923,4.7011003124686015,4.701514530281633,-0.00041421781303174754,0.000347814783171
0.14712619630212376,4.70110031247422,4.7015145302816475,-0.0004142178074273417,0.0003478141293659
0.14712619623360285,4.7011003124272905,4.701514530281615,-0.00041421785432405045,0.00034781586948559996
0.1471261962786471,4.701100312448647,4.7015145302816785,-0.0004142178330317492,0.00034781482606175004
0.14712619625325246,4.701100312461648,4.701514530281667,-0.00041421782001904717,0.00034781528811125
0.1471261962774681,4.701100312449034,4.701514530281661,-0.00041421783262673983,0.00034781482606175004
0.1471261963186129,4.701100312490008,4.7015145302816475,-0.0004142177916390821,0.0003478158225105
0.14712619629503526,4.701100312459778,4.701514530281652,-0.0004142178218735637,0.0003478154572014
0.14712619630222473,4.701100312469882,4.701514530281669,-0.0004142178117865214,0.0003478150977247
0.1471261962655551,4.701100312462714,4.7015145302816554,-0.00041421781894168674,0.00034781654453215
0.1471261962362931,4.701100312442663,4.701514530281602,-0.00041421783893902386,0.0003478162151922
0.14712619622359285,4.701100312467752,4.701514530281618,-0.0004142178138657471,0.00034781372545715
0.147126196214323,4.701100312454678,4.701514530281628,-0.0004142178269495034,0.0003478140468088
0.1471261962162731,4.701100312474949,4.701514530281638,-0.00041421780668837727,0.0003478142530481
0.1471261964541471,4.7011003124725415,4.701514530281641,-0.0004142178090997817,0.0003478156540337
0.1471261962755923,4.701100312476828,4.701514530281648,-0.00041421780482053805,0.0003478138920912
0.147126196224333,4.701100312496594,4.701514530281629,-0.0004142177850345874,0.0003478148756433
0.1471261963426902,4.701100312469568,4.701514530281641,-0.000414217812073403,0.00034781538917875
0.1471261962559427,4.701100312454305,4.701514530281636,-0.0004142178273305319,0.0003478142530481
0.14712619623360285,4.701100312473912,4.701514530281646,-0.00041421780773376327,0.00034781555961780003
0.1471261962536421,4.701100312480084,4.701514530281659,-0.0004142178015751341,0.00034781483275254997
0.14712619629503526,4.701100312451614,4.701514530281678,-0.0004142178300634569,0.00034781578524719996
0.1471261962573691,4.701100312455362,4.7015145302816395,-0.0004142178262771523,0.00034781464959679996
0.147126196214323,4.701100312433703,4.701514530281659,-0.0004142178479558112,0.0003478156540337
0.14712619634257945,4.701100312467308,4.701514530281627,-0.00041421781431871807,0.0003478139913013
0.1471261962536421,4.7011003124633906,4.701514530281613,-0.0004142178182222622,0.0003478151434521
0.14712619630222473,4.701100312448514,4.701514530281644,-0.000414217833130337,0.0003478163622569
0.1471261962449676,4.7011003124334305,4.701514530281637,-0.0004142178482062775,0.00034781536474775003
0.1471261962309126,4.701100312460741,4.701514530281613,-0.00041421782087169845,0.0003478139913013
0.1471261961749367,4.701100312447509,4.701514530281643,-0.0004142178341339786,0.0003478160508666
0.14712619610074812,4.701100312499289,4.7015145302816,-0.00041421778231143236,0.0003478150987302
0.1471261962755923,4.7011003124657496,4.701514530281653,-0.00041421781590322837,0.0003478148823341
0.14712619623360285,4.7011003124614765,4.701514530281665,-0.00041421782018868925,0.0003478154572014
0.1471261961188896,4.701100312455773,4.701514530281648,-0.00041421782587569567,0.00034781536474775003
0.14712619605460664,4.701100312463947,4.701514530281663,-0.0004142178177160005,0.0003478154572014
0.14712619616919353,4.7011003124412785,4.7015145302816626,-0.00041421784038409015,0.00034781444637645
0.147126195984328,4.70110031247966,4.701514530281653,-0.00041421780199257796,0.0003478156540337
0.14712619633699076,4.701100312453927,4.701514530281628,-0.0004142178277009023,0.0003478154327704
0.1471261963186129,4.701100312484216,4.7015145302816075,-0.00041421779739181375,0.0003478148756433
0.14712619633699076,4.701100312469926,4.701514530281615,-0.00041421781168882177,0.0003478150977247
0.1471261961956049,4.70110031245618,4.7015145302816554,-0.0004142178254751272,0.0003478161852725
0.14712619616919353,4.7011003124449875,4.70151453028163,-0.00041421783664219447,0.00034781556783305
0.14712619633699076,4.701100312463835,4.701514530281643,-0.0004142178178083711,0.0003478149900294
0.1471261963186129,4.70110031244881,4.7015145302816315,-0.0004142178328212509,0.0003478141187768
0.1471261962765302,4.701100312459033,4.701514530281622,-0.00041421782258854734,0.0003478162151922
0.1471261962162731,4.701100312484581,4.701514530281636,-0.0004142177970551941,0.0003478141293659
0.14712619633514565,4.70110031247841,4.7015145302816315,-0.0004142178032218169,0.0003478148756433
0.14712619610074812,4.701100312447684,4.70151453028164,-0.00041421783395634293,0.00034781519772765
0.1471261964541471,4.701100312401858,4.701514530281645,-0.0004142178797863494,0.0003478141187768
0.1471261963114234,4.701100312457726,4.701514530281605,-0.0004142178238790706,0.0003478149900294
0.147126196214323,4.701100312436262,4.701514530281683,-0.00041421784542094997,0.0003478149409506
0.14712619608701993,4.70110031246978,4.70151453028165,-0.00041421781187001017,0.0003478157382721
0.14712619623360285,4.7011003124860595,4.701514530281641,-0.00041421779558170613,0.000347814783171
0.14712619638153096,4.701100312422092,4.701514530281637,-0.0004142178595447632,0.0003478157382721
0.14712619615108752,4.701100312431395,4.70151453028163,-0.000414217850234877,0.0003478154327704
0.1471261963114234,4.701100312476026,4.7015145302815995,-0.00041421780557371335,0.0003478141023163
0.1471261961387246,4.701100312450857,4.701514530281661,-0.0004142178308041977,0.00034781464959679996
0.14712619600000143,4.7011003124773705,4.701514530281624,-0.0004142178042538802,0.0003478163762917
0.1471261962309126,4.7011003124558925,4.701514530281637,-0.00041421782574424526,0.0003478157382721
0.1471261962784451,4.701100312483143,4.701514530281638,-0.00041421779849493134,0.00034781469248755
0.14712619632753676,4.7011003124532165,4.701514530281637,-0.00041421782842032684,0.0003478148689525
0.1471261962774681,4.701100312459674,4.70151453028166,-0.0004142178219854742,0.00034781411054655
0.1471261962755923,4.701100312453066,4.701514530281667,-0.00041421782860062706,0.0003478150977247
0.1471261961188896,4.701100312440864,4.701514530281628,-0.0004142178407642305,0.0003478162989247
0.14712619623360285,4.7011003124753215,4.701514530281656,-0.00041421780633488225,0.0003478148756433
0.1471261963114234,4.701100312488316,4.701514530281616,-0.00041421779329997577,0.0003478148823341
0.1471261960524003,4.701100312455904,4.701514530281627,-0.000414217825722929,0.00034781444637645
0.1471261963426902,4.701100312481844,4.701514530281667,-0.0004142177998227581,0.0003478141187768
0.14712619629503526,4.70110031245681,4.70151453028165,-0.00041421782484007963,0.0003478161852725
0.1471261963444889,4.701100312485216,4.701514530281646,-0.0004142177964299165,0.00034781512109115
0.14712619624227735,4.701100312481631,4.701514530281649,-0.00041421780001815733,0.0003478150987302
0.1471261962774681,4.701100312468464,4.701514530281632,-0.000414217813168527,0.00034781519772765
0.1471261963292711,4.701100312473993,4.70151453028163,-0.0004142178076369518,0.00034781405503905
0.1471261962784451,4.701100312451358,4.701514530281641,-0.000414217830282837,0.00034781432269425
0.1471261962123729,4.701100312456002,4.701514530281636,-0.00041421782563411114,0.0003478154816324
0.1471261962774681,4.701100312450169,4.701514530281663,-0.00041421783149431235,0.0003478150977247
0.14712619627385826,4.701100312480928,4.701514530281636,-0.00041421780070827197,0.0003478159164607
0.1471261961634504,4.701100312484063,4.701514530281648,-0.00041421779758543664,0.0003478142395233
0.1471261961188896,4.7011003124634385,4.701514530281664,-0.00041421781822581494,0.000347814783171
0.1471261963294926,4.701100312421188,4.701514530281608,-0.0004142178604205071,0.0003478145160226
0.14712619632938184,4.701100312474592,4.701514530281657,-0.0004142178070649649,0.00034781412407135
0.14712619615108752,4.701100312452566,4.701514530281658,-0.0004142178290917897,0.00034781509822744995
0.1471261962536421,4.701100312457105,4.701514530281635,-0.00041421782453010536,0.00034781586948559996
0.1471261963114234,4.701100312479956,4.701514530281637,-0.00041421780168082734,0.0003478141187768
0.1471261962765302,4.701100312485456,4.701514530281613,-0.00041421779615724574,0.0003478156540337
0.1471261963114234,4.7011003124514525,4.701514530281628,-0.0004142178301753674,0.00034781432269425
0.1471261963294926,4.701100312466191,4.701514530281664,-0.00041421781547335,0.0003478148756433
0.1471261963258024,4.701100312463611,4.701514530281646,-0.0004142178180348566,0.00034781512109115
0.1471261962262831,4.701100312441635,4.701514530281642,-0.0004142178400075025,0.0003478148823341
0.1471261963258024,4.701100312475784,4.7015145302816785,-0.00041421780589434576,0.0003478139913013
0.14712619629503526,4.701100312461212,4.701514530281658,-0.000414217820446261,0.0003478145160226
0.147126196214323,4.7011003124489426,4.701514530281638,-0.0004142178326951296,0.0003478163852051
0.147126196124132,4.7011003124860595,4.701514530281633,-0.0004142177955737125,0.0003478148689525
0.1471261963292711,4.701100312467081,4.701514530281664,-0.00041421781458339524,0.0003478151434521
0.1471261960159886,4.701100312462904,4.70151453028161,-0.00041421781870631946,0.0003478148756433
0.1471261962780576,4.7011003124522714,4.701514530281631,-0.00041421782935913143,0.0003478162151922
0.1471261963114234,4.701100312444733,4.70151453028162,-0.0004142178368873317,0.0003478150987302
0.14712619613211697,4.701100312462924,4.701514530281658,-0.000414217818733853,0.00034781601885135
0.1471261961188896,4.701100312432082,4.701514530281656,-0.00041421784957407226,0.0003478149833386
0.1471261963292711,4.701100312485102,4.7015145302816315,-0.0004142177965293925,0.0003478140468088
0.14712619605024424,4.701100312468779,4.701514530281658,-0.00041421781287898085,0.000347814783171
0.1471261961387246,4.701100312465107,4.701514530281639,-0.0004142178165311705,0.00034781554340205
0.1471261962786471,4.701100312442064,4.70151453028166,-0.0004142178395962759,0.00034781444637645
0.1471261962162731,4.701100312482129,4.7015145302816395,-0.0004142177995101193,0.00034781512058839996
0.1471261962536421,4.701100312475167,4.701514530281656,-0.0004142178064894253,0.00034781398743635
0.1471261963426902,4.701100312498766,4.7015145302816705,-0.00041421778290473554,0.0003478150987302
0.14712619629503526,4.701100312479939,4.701514530281623,-0.00041421780168349187,0.0003478154816324
0.14712619635018837,4.7011003124358774,4.701514530281659,-0.0004142178457815504,0.00034781586948559996
0.1471261961936548,4.701100312434771,4.7015145302816554,-0.000414217846884668,0.0003478145160226
0.1471261962262831,4.701100312474523,4.701514530281625,-0.0004142178071022684,0.00034781536474775003
0.1471261963756883,4.701100312491986,4.701514530281611,-0.00041421778962469347,0.00034781556783305
0.1471261964464321,4.701100312446771,4.701514530281629,-0.000414217834857844,0.000347814783171
0.14712619616919353,4.701100312474709,4.7015145302816475,-0.0004142178069388436,0.00034781509822744995
0.1471261962765302,4.701100312442675,4.701514530281641,-0.0004142178389665574,0.0003478148756433
0.1471261964541471,4.701100312448915,4.701514530281614,-0.0004142178326986823,0.00034781450585
0.14712619634257945,4.701100312499958,4.70151453028158,-0.0004142177816222059,0.00034781482606175004
0.1471261962536421,4.701100312474496,4.701514530281647,-0.00041421780715023004,0.0003478138920912
0.1471261963292711,4.701100312483091,4.701514530281607,-0.00041421779851535945,0.00034781424775355
0.1471261962459327,4.701100312470826,4.701514530281648,-0.00041421781082195963,0.0003478159164607
0.14712619623360285,4.701100312472313,4.701514530281666,-0.0004142178093529125,0.0003478149900294
0.1471261962755923,4.701100312489782,4.701514530281673,-0.0004142177918913248,0.0003478162151922
0.1471261962755923,4.70110031248444,4.70151453028164,-0.0004142177971999672,0.00034781536474775003
0.1471261960179878,4.70110031246983,4.701514530281638,-0.0004142178118078377,0.0003478154327704
0.1471261962309126,4.701100312443614,4.701514530281626,-0.0004142178380117656,0.0003478143767303
0.1471261962646172,4.701100312481084,4.701514530281609,-0.0004142178005253072,0.0003478157382721
0.1471261963114234,4.7011003124814135,4.701514530281633,-0.00041421780021977384,0.00034781554340205
0.1471261962779566,4.701100312466195,4.701514530281667,-0.00041421781547157366,0.0003478162737647
0.14712619632753676,4.701100312446018,4.701514530281628,-0.00041421783561013115,0.0003478148756433
0.1471261962309126,4.701100312460482,4.701514530281687,-0.00041421782120565354,0.0003478154327704
0.14712619633699076,4.701100312471965,4.701514530281637,-0.0004142178096717686,0.0003478149900294
0.1471261961122699,4.7011003124851545,4.70151453028164,-0.00041421779648587176,0.0003478143767303
0.14712619632753676,4.701100312449365,4.7015145302816626,-0.00041421783229722564,0.00034781445626845
0.1471261962309126,4.701100312460082,4.701514530281569,-0.0004142178214872061,0.00034781606582645
0.1471261962779566,4.701100312431975,4.701514530281674,-0.0004142178496993054,0.00034781556783305
0.1471261961749367,4.701100312443026,4.701514530281627,-0.0004142178386006279,0.0003478148823341
0.1471261962262831,4.701100312461701,4.7015145302816315,-0.0004142178199302293,0.0003478156540337
0.1471261964464321,4.701100312466863,4.701514530281658,-0.0004142178147947817,0.0003478141293659
0.1471261962449676,4.701100312452018,4.70151453028169,-0.00041421782967177023,0.00034781469917835
0.1471261963873736,4.7011003124858775,4.701514530281636,-0.00041421779575845363,0.0003478141293659
0.1471261963558878,4.701100312460355,4.701514530281663,-0.00041421782130868223,0.0003478149833386
0.14712619629444573,4.701100312476027,4.7015145302816315,-0.0004142178056047996,0.0003478148689525
0.1471261961749367,4.701100312451735,4.701514530281665,-0.00041421782993023015,0.0003478158225105
0.14712619633514565,4.70110031245624,4.70151453028162,-0.0004142178253800921,0.0003478150987302
0.14712619632938184,4.701100312498699,4.701514530281602,-0.0004142177829029592,0.00034781464959679996
0.1471261962559427,4.701100312481214,4.701514530281657,-0.0004142178004435948,0.0003478151434521
0.14712619613211697,4.701100312469508,4.701514530281671,-0.00041421781216310904,0.00034781625705844997
0.1471261962362931,4.701100312444756,4.701514530281684,-0.0004142178369281879,0.0003478137219118
0.1471261961387246,4.701100312486267,4.701514530281599,-0.0004142177953312398,0.0003478154327704
0.147126196214323,4.701100312467959,4.701514530281699,-0.00041421781373962574,0.0003478154816324
0.14712619633688,4.701100312451788,4.701514530281645,-0.00041421782985651134,0.0003478163648176
0.1471261963294926,4.701100312471001,4.7015145302816395,-0.0004142178106381067,0.00034781620023235
0.1471261962779566,4.701100312465702,4.701514530281655,-0.00041421781595296636,0.00034781482606175004
0.1471261962774681,4.701100312461733,4.701514530281637,-0.00041421781990358397,0.0003478145160226
0.1471261962785461,4.701100312447651,4.701514530281629,-0.0004142178339776592,0.0003478150977247
0.14712619616919353,4.701100312455184,4.701514530281659,-0.0004142178264752161,0.00034781556783305
0.1471261963114234,4.701100312445499,4.701514530281654,-0.0004142178361545845,0.0003478148823341
0.1471261962646172,4.701100312445978,4.701514530281658,-0.00041421783568029724,0.00034781509822744995
0.1471261963258024,4.701100312471876,4.701514530281651,-0.0004142178097747973,0.00034781512109115
0.1471261962646172,4.7011003124567035,4.701514530281653,-0.0004142178249493256,0.00034781536474775003
0.1471261961749367,4.701100312469827,4.701514530281665,-0.00041421781183803574,0.0003478149833386
0.14712619632034724,4.701100312467272,4.70151453028164,-0.00041421781436845606,0.00034781412407135
0.1471261961387246,4.701100312483832,4.70151453028166,-0.00041421779782790935,0.0003478158225105
0.1471261964872143,4.701100312457925,4.701514530281608,-0.0004142178236836713,0.0003478151434521
0.1471261959325325,4.70110031243868,4.701514530281631,-0.0004142178429509258,0.0003478152657503
0.1471261962362931,4.701100312481601,4.701514530281652,-0.00041421780005101994,0.00034781425366194995
0.1471261962774681,4.701100312449795,4.701514530281651,-0.00041421783185580097,0.00034781512109115
0.14712619630222473,4.701100312449754,4.70151453028164,-0.00041421783188599903,0.00034781482606175004
0.1471261962349576,4.7011003124966,4.701514530281629,-0.00041421778502837014,0.00034781412407135
0.1471261962779566,4.701100312477695,4.701514530281668,-0.00041421780397321584,0.0003478145160226
0.1471261962780576,4.7011003124790465,4.701514530281611,-0.00041421780256456486,0.00034781536474775003
0.1471261962449676,4.701100312432783,4.701514530281662,-0.00041421784887862856,0.0003478141293659
0.1471261963186129,4.7011003124803326,4.701514530281674,-0.0004142178013415432,0.0003478148756433
0.1471261962162731,4.701100312456447,4.701514530281667,-0.00041421782522022,0.0003478150977247
0.14712619634257945,4.701100312456231,4.701514530281657,-0.0004142178254262774,0.00034781412407135
0.1471261962785461,4.7011003124606665,4.701514530281619,-0.0004142178209525227,0.0003478157382721
0.1471261962123729,4.701100312449872,4.701514530281644,-0.0004142178317723122,0.0003478138823238
0.1471261964541471,4.701100312451935,4.701514530281646,-0.0004142178297108501,0.0003478148823341
0.1471261962655551,4.701100312422565,4.70151453028166,-0.00041421785909445674,0.0003478154327704
0.1471261963444889,4.701100312489878,4.7015145302816155,-0.0004142177917376699,0.0003478142530481
0.1471261961956049,4.701100312459602,4.701514530281708,-0.00041421782210626645,0.00034781509822744995
0.14712619638153096,4.70110031246534,4.701514530281593,-0.00041421781625317067,0.00034781444274365
0.14712619623360285,4.701100312468973,4.701514530281665,-0.0004142178126924634,0.00034781483275254997
0.1471261963114234,4.701100312489596,4.701514530281614,-0.00041421779201744613,0.0003478158225105
0.14712619629503526,4.701100312456998,4.701514530281648,-0.00041421782465000945,0.00034781538917875
0.1471261963039591,4.701100312439424,4.701514530281673,-0.00041421784224926483,0.00034781522008860003
0.1471261960892263,4.701100312458947,4.701514530281622,-0.00041421782267470064,0.0003478145160226
0.1471261963114234,4.701100312457129,4.701514530281646,-0.0004142178245167827,0.0003478160508666
0.1471261962646172,4.7011003124695705,4.701514530281647,-0.00041421781207606756,0.00034781445626845
0.1471261962779566,4.7011003124147654,4.7015145302816705,-0.00041421786690509776,0.0003478159164607
0.1471261962262831,4.701100312462019,4.701514530281626,-0.0004142178196069324,0.00034781482606175004
0.1471261962770187,4.701100312493676,4.701514530281646,-0.00041421778797001707,0.00034781457995065
0.14712619633699076,4.701100312455505,4.701514530281648,-0.00041421782614303737,0.0003478145160226
0.14712619632938184,4.701100312466221,4.701514530281623,-0.00041421781540140756,0.00034781509822744995
0.1471261962449676,4.70110031249102,4.701514530281637,-0.00041421779061678876,0.0003478141293659
0.147126196214323,4.701100312474772,4.701514530281655,-0.00041421780688288834,0.0003478150062023
0.14712619615108752,4.701100312451022,4.701514530281617,-0.0004142178305954758,0.0003478148756433
0.1471261962646172,4.7011003124577915,4.701514530281654,-0.0004142178238621952,0.0003478148756433
0.14712619632034724,4.701100312473963,4.701514530281652,-0.00041421780768846617,0.00034781512109115
0.1471261962262831,4.7011003124691575,4.701514530281641,-0.00041421781248374145,0.0003478152967251
0.14712619616919353,4.701100312442718,4.701514530281703,-0.00041421783898520914,0.0003478163762917
0.14712619638153096,4.701100312451087,4.701514530281662,-0.0004142178305750477,0.0003478143767303
0.1471261962786471,4.701100312453291,4.701514530281657,-0.00041421782836614796,0.00034781483275254997
0.14712619632753676,4.701100312475822,4.701514530281643,-0.00041421780582062695,0.00034781554340205
0.1471261959437664,4.701100312489785,4.701514530281652,-0.0004142177918664558,0.00034781512058839996
0.1471261962646172,4.701100312468507,4.701514530281654,-0.00041421781314632256,0.00034781512109115
0.1471261962784451,4.7011003124618265,4.701514530281663,-0.0004142178198369706,0.00034781519772765
0.1471261961387246,4.701100312454933,4.701514530281667,-0.000414217826733676,0.00034781522008860003
0.1471261962765302,4.701100312442458,4.701514530281648,-0.00041421783919037836,0.00034781620023235
0.1471261963186129,4.701100312474589,4.701514530281641,-0.0004142178070525304,0.0003478143767303
0.147126196214323,4.701100312458173,4.701514530281655,-0.00041421782348116665,0.00034781444637645
0.1471261962655551,4.701100312501811,4.701514530281631,-0.0004142177798192037,0.00034781394169625
0.1471261962784451,4.701100312456005,4.701514530281635,-0.00041421782562967024,0.0003478151434521
0.1471261962309126,4.701100312470919,4.701514530281637,-0.00041421781071804276,0.0003478156540337
0.14712619632795615,4.701100312452832,4.701514530281693,-0.00041421782886086334,0.00034781512109115
0.1471261963258024,4.701100312458464,4.7015145302816626,-0.0004142178231987259,0.0003478159196531
0.1471261962786471,4.701100312460731,4.701514530281653,-0.00041421782092143644,0.00034781457995065
0.14712619633688,4.701100312474273,4.701514530281682,-0.00041421780740868996,0.00034781554340205
0.1471261962559427,4.701100312456199,4.701514530281683,-0.000414217825484009,0.0003478154327704
0.14712619632753676,4.701100312462985,4.701514530281646,-0.00041421781866102236,0.00034781556783305
0.1471261961956049,4.701100312472846,4.701514530281609,-0.00041421780876316205,0.0003478153987429
0.1471261961936548,4.701100312467465,4.7015145302816705,-0.0004142178142059194,0.00034781464959679996
0.1471261962779566,4.701100312467067,4.701514530281651,-0.0004142178145842834,0.0003478148823341
0.1471261961387246,4.701100312462171,4.701514530281666,-0.0004142178194950219,0.0003478138920912
0.1471261961749367,4.701100312443694,4.701514530281642,-0.00041421783794781675,0.00034781385277045
0.1471261962646172,4.701100312474878,4.701514530281703,-0.00041421780682515674,0.000347814783171
0.1471261962785461,4.701100312463861,4.701514530281658,-0.00041421781779682476,0.00034781449386465
0.1471261962660436,4.701100312491561,4.701514530281603,-0.0004142177900421373,0.00034781512109115
0.14712619611397545,4.70110031246594,4.701514530281637,-0.000414217815697171,0.00034781512109115
0.14712619629493423,4.701100312437342,4.701514530281672,-0.00041421784433026687,0.0003478138920912
0.1471261963294926,4.701100312436621,4.701514530281647,-0.0004142178450257106,0.0003478163305908
0.1471261962785461,4.701100312446888,4.701514530281653,-0.0004142178347645853,0.00034781554340205
0.1471261962786471,4.70110031247784,4.701514530281635,-0.000414217803794692,0.0003478138823238
0.14712619629503526,4.7011003124734545,4.70151453028161,-0.000414217808155648,0.0003478160508666
0.1471261961749367,4.701100312477629,4.701514530281642,-0.00041421780401318387,0.00034781565207145
0.1471261961936548,4.701100312468017,4.701514530281641,-0.00041421781362416255,0.00034781606582645
0.1471261962786471,4.701100312452196,4.701514530281658,-0.0004142178294621601,0.00034781444637645
0.1471261962784451,4.701100312464639,4.701514530281669,-0.0004142178170294386,0.0003478141293659
0.1471261962755923,4.701100312440021,4.70151453028164,-0.00041421784161954633,0.0003478162989247
0.1471261962362931,4.701100312453259,4.70151453028166,-0.0004142178284007869,0.0003478162151922
0.14712619622359285,4.7011003124756146,4.701514530281668,-0.0004142178060533297,0.0003478154572014
0.1471261962309126,4.7011003124174175,4.701514530281617,-0.0004142178641997063,0.0003478150987302
0.14712619632938184,4.701100312483555,4.701514530281681,-0.0004142177981263373,0.0003478148823341
0.1471261963114234,4.701100312440014,4.701514530281694,-0.00041421784167994247,0.00034781412407135
0.1471261961936548,4.701100312438377,4.701514530281639,-0.00041421784326178823,0.00034781606071760003
0.1471261962646172,4.7011003124620965,4.701514530281601,-0.00041421781950479186,0.00034781509822744995
0.1471261963292711,4.7011003124453365,4.701514530281599,-0.0004142178362620541,0.0003478149900294
0.14712619616919353,4.701100312512835,4.701514530281672,-0.00041421776883687755,0.0003478143767303
0.1471261961749367,4.701100312476153,4.701514530281663,-0.0004142178055106527,0.0003478148689525
0.1471261963294926,4.701100312478719,4.701514530281667,-0.00041421780294825794,0.0003478150987302
0.1471261963114234,4.701100312449647,4.701514530281637,-0.0004142178319899159,0.00034781358129540004
0.1471261962559427,4.701100312461785,4.701514530281632,-0.00041421781984762873,0.0003478142530481
0.1471261962786471,4.701100312484567,4.701514530281641,-0.00041421779707384587,0.0003478148756433
0.1471261961122699,4.701100312423253,4.701514530281627,-0.00041421785837414404,0.000347814783171
0.14712619613211697,4.7011003124301824,4.701514530281654,-0.00041421785147122137,0.00034781512058839996
0.1471261961188896,4.701100312454116,4.7015145302816395,-0.00041421782752326664,0.00034781494044785
0.1471261961936548,4.7011003124437405,4.70151453028165,-0.0004142178379096251,0.00034781565207145
0.1471261962755923,4.701100312477262,4.701514530281626,-0.00041421780436401434,0.0003478141023163
0.14712619635018837,4.701100312478009,4.701514530281684,-0.0004142178036747879,0.0003478150987302
0.1471261962765302,4.701100312462695,4.701514530281658,-0.000414217818963003,0.00034781536474775003
0.14712619632034724,4.701100312482394,4.701514530281694,-0.000414217799299621,0.00034781457995065
0.14712619624227735,4.701100312453532,4.7015145302816395,-0.00041421782810768804,0.0003478140468088
0.1471261963258024,4.701100312482379,4.701514530281657,-0.0004142177992783047,0.0003478148756433
0.14712619615108752,4.7011003124615,4.701514530281641,-0.0004142178201416158,0.00034781509822744995
0.1471261962755923,4.701100312464315,4.701514530281618,-0.00041421781730299756,0.0003478141293659
0.1471261962056149,4.7011003124680295,4.701514530281652,-0.0004142178136223862,0.0003478146228414
0.1471261962536421,4.70110031245679,4.7015145302816705,-0.00041421782488093584,0.0003478152967251
0.14712619629503526,4.7011003124799595,4.701514530281618,-0.0004142178016586229,0.0003478148689525
0.14712619625477985,4.701100312455233,4.701514530281631,-0.0004142178263979446,0.0003478141187768
0.14712619620292466,4.701100312447428,4.701514530281615,-0.00041421783418638114,0.0003478164389626
0.1471261963444889,4.701100312468031,4.701514530281655,-0.00041421781362327437,0.0003478160038915
0.1471261963039591,4.7011003124412,4.701514530281657,-0.0004142178404569208,0.00034781536474775003
0.14712619632938184,4.701100312455313,4.701514530281629,-0.00041421782631623216,0.00034781515755225
0.14712619622359285,4.701100312456604,4.701514530281616,-0.00041421782501238624,0.0003478149833386
0.1471261963186129,4.7011003124604995,4.701514530281666,-0.0004142178211665737,0.0003478154327704
0.1471261962779566,4.701100312446178,4.701514530281636,-0.00041421783545825264,0.0003478150987302
0.1471261962780576,4.70110031243903,4.701514530281635,-0.0004142178426054244,0.0003478143767303
0.1471261963292711,4.701100312437239,4.701514530281645,-0.00041421784440576204,0.000347814783171
0.14712619633688,4.701100312448337,4.701514530281651,-0.00041421783331418993,0.00034781512109115
0.14712619632938184,4.701100312452465,4.701514530281663,-0.00041421782919837113,0.0003478156540337
0.147126196214323,4.7011003124414765,4.701514530281644,-0.0004142178401673746,0.0003478148823341
0.1471261962786471,4.701100312512638,4.701514530281643,-0.0004142177690047433,0.00034781512058839996
0.14712619632753676,4.701100312451994,4.701514530281632,-0.00041421782963801945,0.0003478154816324
0.1471261961634504,4.701100312433269,4.70151453028163,-0.00041421784836082054,0.00034781528811125
0.1471261963276475,4.701100312448755,4.701514530281643,-0.0004142178328878643,0.0003478159164607
0.1471261963186129,4.701100312453551,4.701514530281617,-0.00041421782806594365,0.0003478154816324
0.1471261962362931,4.701100312475898,4.701514530281622,-0.0004142178057238155,0.00034781444637645
0.14712619616919353,4.701100312450239,4.701514530281618,-0.00041421783137884916,0.0003478148756433
0.1471261962770187,4.701100312488616,4.7015145302815995,-0.00041421779298378425,0.00034781531254225
0.1471261962123729,4.701100312479582,4.701514530281645,-0.00041421780206274406,0.00034781519772765
0.14712619615683065,4.701100312459494,4.701514530281642,-0.00041421782214801084,0.00034781556783305
0.1471261963294926,4.701100312465943,4.7015145302816395,-0.0004142178156962828,0.0003478138823238
0.1471261962779566,4.701100312493378,4.701514530281595,-0.00041421778821693067,0.0003478154572014
0.1471261962123729,4.701100312476415,4.701514530281659,-0.00041421780524419916,0.0003478154572014
0.1471261962655551,4.7011003124410635,4.70151453028165,-0.00041421784058659483,0.00034781509822744995
0.14712619615683065,4.701100312440183,4.701514530281665,-0.0004142178414818787,0.0003478161076927
0.1471261962779566,4.701100312457226,4.701514530281591,-0.0004142178243649042,0.0003478145160226
0.1471261962779566,4.701100312450865,4.7015145302816235,-0.0004142178307589006,0.00034781384300305
0.14712619616919353,4.701100312444835,4.701514530281646,-0.00041421783681094837,0.0003478148756433
0.1471261962785461,4.701100312485702,4.70151453028167,-0.00041421779596806374,0.0003478163331515
0.14712619632034724,4.701100312454089,4.701514530281621,-0.0004142178275321484,0.00034781482606175004
0.1471261963039591,4.701100312432414,4.701514530281641,-0.0004142178492267945,0.00034781482606175004
0.1471261962123729,4.701100312467065,4.7015145302816626,-0.0004142178145976061,0.0003478152967251
0.1471261963444889,4.70110031246031,4.701514530281628,-0.000414217821317564,0.0003478150987302
0.14712619635018837,4.7011003124406585,4.701514530281613,-0.0004142178409543007,0.00034781522008860003
0.1471261962786471,4.701100312480588,4.701514530281648,-0.0004142178010599906,0.0003478150977247
0.1471261961634504,4.701100312445684,4.701514530281648,-0.00041421783596451434,0.00034781424775355
0.14712619633699076,4.701100312480003,4.70151453028164,-0.0004142178016373066,0.00034781499053215
0.1471261962162731,4.701100312461072,4.70151453028163,-0.0004142178205572833,0.0003478157382721
0.1471261962309126,4.7011003124512465,4.701514530281659,-0.00041421783041251103,0.00034781509822744995
0.14712619595843024,4.7011003124332875,4.701514530281631,-0.00041421784834305697,0.0003478154572014
0.1471261962536421,4.701100312450964,4.701514530281631,-0.00041421783066653006,0.00034781482606175004
0.14712619623360285,4.7011003124868385,4.701514530281663,-0.0004142177948249781,0.0003478157382721
0.1471261963444889,4.701100312451087,4.701514530281647,-0.00041421783055994865,0.0003478137219118
0.1471261961255093,4.701100312436336,4.701514530281652,-0.0004142178453161449,0.00034781526524754996
0.1471261963294926,4.7011003124725645,4.701514530281631,-0.0004142178090660309,0.00034781536474775003
0.14712619610736782,4.70110031249196,4.701514530281618,-0.00041421778965844425,0.0003478141187768
0.1471261962449676,4.701100312454234,4.701514530281613,-0.00041421782737849355,0.00034781444637645
0.1471261961387246,4.701100312434351,4.701514530281627,-0.0004142178472763547,0.0003478138070015
0.1471261963114234,4.701100312460162,4.701514530281616,-0.0004142178214543435,0.0003478133946697
0.14712619613211697,4.7011003124648445,4.701514530281637,-0.00041421781679229497,0.00034781424775355
0.1471261962785461,4.7011003124645185,4.701514530281649,-0.00041421781713069095,0.0003478141187768
0.1471261963114234,4.701100312472928,4.701514530281629,-0.00041421780870098956,0.0003478150987302
0.14712619665321855,4.701100312466798,4.701514530281617,-0.0004142178148196507,0.00034781424775355
0.1471261961936548,4.701100312463908,4.70151453028166,-0.00041421781775152766,0.00034781522008860003
0.1471261962786471,4.701100312501717,4.701514530281644,-0.0004142177799266733,0.0003478152967251
0.14712619632753676,4.701100312448338,4.701514530281663,-0.00041421783332573625,0.0003478148756433
0.1471261962536421,4.701100312453629,4.701514530281688,-0.0004142178280597264,0.00034781498384134997
0.1471261962784451,4.701100312468265,4.701514530281651,-0.00041421781338613073,0.0003478137219118
0.1471261963114234,4.701100312490739,4.7015145302816235,-0.00041421779088413047,0.00034781405503905
0.1471261962785461,4.7011003124442166,4.701514530281648,-0.0004142178374317851,0.0003478150987302
0.14712619635018837,4.7011003124707775,4.701514530281643,-0.0004142178108654804,0.00034781499053215
0.14712619632753676,4.70110031247108,4.701514530281649,-0.0004142178105688288,0.0003478160038915
0.14712619632938184,4.701100312454858,4.701514530281609,-0.0004142178267514396,0.00034781536474775003
0.14712619625688061,4.701100312460414,4.701514530281633,-0.0004142178212189762,0.0003478158225105
0.14712619632753676,4.7011003124788475,4.701514530281629,-0.0004142178027812804,0.00034781620023235
0.1471261962162731,4.701100312464033,4.7015145302816235,-0.00041421781759076737,0.00034781509822744995
0.1471261962786471,4.701100312458768,4.701514530281607,-0.00041421782283901365,0.00034781457995065
0.14712619622359285,4.701100312467848,4.70151453028163,-0.0004142178137813701,0.0003478161852725
0.1471261961749367,4.7011003124158535,4.701514530281604,-0.0004142178657504658,0.00034781512109115
0.14712619620292466,4.701100312446404,4.701514530281654,-0.0004142178352495307,0.0003478146228414
0.14712619636578805,4.701100312467658,4.701514530281631,-0.0004142178139723285,0.0003478156540337
0.1471261962780576,4.7011003124464565,4.701514530281603,-0.000414217835146502,0.0003478151972249
0.14712619629493423,4.701100312471407,4.7015145302816475,-0.00041421781024020277,0.0003478143767303
0.14712619632753676,4.701100312460278,4.7015145302816475,-0.00041421782136907837,0.0003478154572014
0.1471261962755923,4.701100312493695,4.701514530281663,-0.0004142177879682407,0.0003478156540337
0.1471261962362931,4.701100312476366,4.701514530281633,-0.0004142178052672918,0.0003478170151395
0.1471261961188896,4.701100312478135,4.701514530281663,-0.00041421780352823845,0.0003478159196531
0.1471261963700932,4.701100312494851,4.701514530281637,-0.00041421778678607524,0.00034781412407135
0.1471261963292711,4.701100312440586,4.701514530281612,-0.00041421784102624315,0.00034781399720375
0.1471261962459327,4.70110031245323,4.7015145302816554,-0.0004142178284256559,0.0003478154572014
0.14712619613211697,4.701100312417198,4.701514530281633,-0.0004142178644350736,0.00034781556783305
0.14712619624227735,4.701100312460259,4.701514530281637,-0.00041421782137796015,0.00034781556783305
0.1471261962646172,4.701100312460906,4.701514530281672,-0.0004142178207660052,0.0003478143767303
0.1471261962765302,4.701100312475403,4.701514530281629,-0.0004142178062256363,0.00034781578524719996
0.14712619629503526,4.70110031244888,4.701514530281628,-0.0004142178327475321,0.0003478164389626
0.147126196214323,4.701100312480033,4.701514530281667,-0.0004142178016337539,0.00034781519772765
0.1471261963600886,4.701100312484129,4.701514530281649,-0.0004142177975205996,0.00034781522008860003
0.1471261962309126,4.701100312452152,4.701514530281644,-0.00041421782949147,0.0003478152967251
0.1471261962765302,4.701100312451328,4.701514530281634,-0.0004142178303059296,0.00034781372545715
0.14712619636578805,4.7011003124706665,4.7015145302816475,-0.00041421781098094357,0.00034781547537940003
0.14712619629503526,4.701100312464905,4.7015145302816315,-0.00041421781672656977,0.00034781512109115
0.1471261963186129,4.701100312457085,4.70151453028161,-0.0004142178245247763,0.0003478150977247
0.1471261962786471,4.701100312451595,4.701514530281597,-0.0004142178300021726,0.0003478157382721
0.1471261963558878,4.701100312450825,4.701514530281649,-0.0004142178308246258,0.0003478141187768
0.1471261962655551,4.701100312443303,4.701514530281636,-0.0004142178383332862,0.00034781628872455
0.1471261962449676,4.701100312420425,4.701514530281676,-0.00041421786125095394,0.0003478159164607
0.1471261963294926,4.7011003124515645,4.701514530281629,-0.0004142178300643451,0.0003478138725564
0.1471261963186129,4.701100312453952,4.70151453028165,-0.0004142178276982378,0.00034781512109115
0.1471261962785461,4.7011003124565045,4.701514530281682,-0.00041421782517758743,0.0003478150987302
0.147126195984328,4.701100312454349,4.701514530281653,-0.00041421782730388657,0.0003478167716715
0.14712619644997005,4.701100312417277,4.701514530281671,-0.00041421786439421737,0.000347814783171
0.1471261959550003,4.701100312437306,4.701514530281643,-0.0004142178443373723,0.0003478148823341
0.14712619638153096,4.701100312451349,4.7015145302816395,-0.0004142178302908306,0.00034781538917875
0.1471261962784451,4.701100312425602,4.701514530281627,-0.0004142178560249121,0.0003478150977247
0.1471261962655551,4.701100312456439,4.701514530281664,-0.00041421782522554906,0.0003478163673783
0.1471261961387246,4.7011003124469175,4.701514530281644,-0.0004142178347263936,0.0003478162989247
0.1471261966223239,4.701100312460644,4.701514530281649,-0.0004142178210049252,0.0003478142530481
0.1471261963294926,4.701100312426206,4.701514530281614,-0.0004142178554076281,0.00034781480687365
0.14712619632938184,4.701100312465644,4.701514530281645,-0.000414217816000928,0.0003478157382721
0.1471261963558878,4.701100312468253,4.701514530281655,-0.00041421781340122976,0.0003478151972249
0.1471261962774681,4.701100312478723,4.701514530281619,-0.0004142178028958554,0.000347814783171
0.1471261963294926,4.701100312481595,4.701514530281671,-0.0004142178000767771,0.0003478138920912
0.14712619614360328,4.701100312471558,4.70151453028168,-0.00041421781012207504,0.0003478143767303
0.14712619632753676,4.701100312446784,4.7015145302816554,-0.0004142178348711667,0.0003478141293659
0.14712619632938184,4.701100312425837,4.701514530281657,-0.0004142178558206311,0.00034781538917875
0.1471261963716307,4.701100312458921,4.701514530281627,-0.0004142178227057869,0.0003478150987302
0.14712619629503526,4.70110031248792,4.701514530281659,-0.0004142177937387359,0.0003478140603336
0.1471261963558878,4.70110031245516,4.701514530281661,-0.0004142178265009733,0.0003478150977247
0.1471261962449676,4.701100312434326,4.701514530281652,-0.0004142178473260927,0.0003478157382721
0.14712619610074812,4.701100312432884,4.701514530281627,-0.00041421784874273726,0.0003478166959418
0.1471261963756883,4.701100312433808,4.701514530281671,-0.0004142178478634406,0.00034781424775355
0.1471261965729913,4.70110031245404,4.701514530281654,-0.00041421782761386083,0.00034781531254225
0.1471261962786471,4.70110031248634,4.70151453028162,-0.00041421779527972546,0.00034781509822744995
0.1471261962779566,4.701100312482533,4.701514530281664,-0.00041421779913175527,0.0003478160038915
0.1471261962162731,4.7011003124471245,4.701514530281696,-0.0004142178345718506,0.00034781411054655
0.1471261961936548,4.701100312447807,4.701514530281627,-0.00041421783382045163,0.0003478150977247
0.1471261962559427,4.701100312417158,4.701514530281616,-0.0004142178644581662,0.0003478163673783
0.1471261962779566,4.701100312456943,4.701514530281673,-0.0004142178247299455,0.0003478160508666
0.1471261962309126,4.701100312454537,4.701514530281668,-0.0004142178271306918,0.0003478164389626
0.1471261963258024,4.701100312472309,4.701514530281668,-0.0004142178093591298,0.00034781584841229996
0.1471261961749367,4.701100312468551,4.701514530281609,-0.0004142178130583929,0.0003478145160226
0.1471261963258024,4.701100312477767,4.701514530281618,-0.0004142178038515354,0.0003478154327704
0.1471261962785461,4.7011003124179895,4.701514530281636,-0.00041421786364637114,0.0003478154816324
0.1471261962309126,4.701100312436038,4.701514530281634,-0.0004142178455959211,0.0003478141293659
0.1471261962536421,4.70110031248007,4.701514530281626,-0.00041421780155648236,0.0003478158225105
0.1471261962646172,4.701100312458958,4.701514530281681,-0.00041421782272355046,0.0003478154327704
0.1471261962786471,4.701100312465782,4.70151453028161,-0.0004142178158277332,0.00034781411054655
0.1471261962646172,4.701100312461637,4.701514530281661,-0.00041421782002348806,0.0003478135932584
0.1471261962786471,4.7011003124949315,4.701514530281605,-0.0004142177866732766,0.0003478148689525
0.1471261961387246,4.701100312455614,4.701514530281729,-0.00041421782611550384,0.0003478142530481
0.1471261962785461,4.701100312464899,4.701514530281642,-0.00041421781674344516,0.0003478159164607
0.1471261962774681,4.70110031246322,4.701514530281625,-0.000414217818405227,0.0003478148689525
0.14712619618791167,4.701100312438541,4.7015145302816395,-0.0004142178430983634,0.0003478154572014
0.1471261962765302,4.701100312469407,4.701514530281645,-0.00041421781223771603,0.00034781586948559996
0.1471261962785461,4.701100312471329,4.701514530281642,-0.0004142178103130334,0.00034781412407135
0.14712619629503526,4.701100312451031,4.70151453028163,-0.0004142178305990285,0.00034781412407135
0.1471261961255093,4.701100312446143,4.701514530281653,-0.000414217835509767,0.0003478163648176
0.1471261960892263,4.701100312461186,4.7015145302816626,-0.00041421782047645905,0.00034781483275254997
0.14712619610074812,4.701100312458959,4.701514530281604,-0.0004142178226445026,0.0003478150977247
0.1471261962779566,4.70110031244126,4.7015145302816554,-0.00041421784039563647,0.00034781464959679996
0.1471261962123729,4.701100312437654,4.701514530281646,-0.0004142178439918709,0.00034781483275254997
0.1471261963558878,4.701100312477865,4.701514530281643,-0.0004142178037778166,0.00034781522008860003
0.14712619624227735,4.701100312440133,4.701514530281665,-0.00041421784153250485,0.00034781449386465
0.1471261962755923,4.701100312490597,4.701514530281673,-0.000414217791075977,0.00034781562764045
0.1471261962770187,4.701100312473353,4.701514530281647,-0.00041421780829331567,0.0003478157382721
0.1471261962362931,4.701100312437811,4.70151453028166,-0.00041421784384887417,0.0003478150977247
0.1471261963186129,4.701100312468124,4.701514530281637,-0.00041421781351314024,0.00034781509822744995
0.14712619622359285,4.701100312459044,4.70151453028166,-0.00041421782261608087,0.0003478143767303
0.1471261962162731,4.701100312473967,4.701514530281652,-0.00041421780768491345,0.00034781586948559996
0.1471261962362931,4.701100312428103,4.701514530281629,-0.00041421785352557805,0.0003478138781207
0.1471261963186129,4.70110031248467,4.701514530281667,-0.00041421779699657435,0.0003478139913013
0.1471261963292711,4.7011003124531925,4.701514530281671,-0.0004142178284789466,0.0003478157382721
0.1471261962449676,4.7011003124540105,4.701514530281671,-0.0004142178276609343,0.0003478163305908
0.14712619623360285,4.701100312424599,4.701514530281645,-0.00041421785704542913,0.00034781482606175004
0.1471261962784451,4.701100312428509,4.701514530281633,-0.0004142178531241214,0.00034781424775355
0.14712619625325246,4.70110031247257,4.701514530281655,-0.00041421780908468264,0.00034781411054655
0.1471261963294926,4.7011003124389354,4.701514530281634,-0.0004142178426986831,0.0003478154572014
0.1471261960848136,4.70110031247993,4.701514530281684,-0.00041421780175365797,0.00034781556783305
0.14712619635018837,4.701100312432541,4.701514530281647,-0.00041421784910600223,0.00034781578524719996
0.1471261962536421,4.701100312487832,4.701514530281649,-0.0004142177938168956,0.0003478151434521
0.1471261966213169,4.70110031246726,4.701514530281599,-0.000414217814338258,0.0003478140603336
0.1471261960892263,4.701100312480369,4.701514530281657,-0.0004142178012882525,0.00034781578524719996
0.1471261962536421,4.701100312463655,4.701514530281621,-0.00041421781796557866,0.0003478157382721
0.14712619632753676,4.701100312447549,4.701514530281648,-0.00041421783409933965,0.0003478149833386
0.14712619665422555,4.701100312445766,4.701514530281609,-0.0004142178358428339,0.000347813635482
0.1471261961122699,4.701100312494365,4.701514530281652,-0.00041421778728700787,0.00034781469917835
0.1471261962784451,4.701100312491714,4.701514530281606,-0.00041421778989203517,0.0003478150977247
0.14712619633699076,4.701100312475551,4.7015145302816315,-0.0004142178060808632,0.0003478160508666
0.1471261962362931,4.701100312468919,4.701514530281662,-0.00041421781274308955,0.0003478151434521
0.1471261962536421,4.701100312462249,4.701514530281638,-0.0004142178193884405,0.00034781625705844997
0.1471261963258024,4.701100312473435,4.701514530281642,-0.00041421780820716236,0.0003478149833386
0.14712619630222473,4.701100312457203,4.701514530281663,-0.00041421782446082744,0.0003478143767303
0.14712619625325246,4.701100312424392,4.70151453028166,-0.00041421785726747373,0.00034781620023235
0.14712619608701993,4.701100312403633,4.701514530281657,-0.0004142178780242034,0.0003478152967251
0.1471261963038581,4.701100312434979,4.701514530281638,-0.0004142178466590707,0.00034781538917875
0.147126196214323,4.70110031249034,4.701514530281626,-0.0004142177912864753,0.0003478140603336
0.1471261962785461,4.701100312484078,4.701514530281676,-0.00041421779759787114,0.0003478141293659
0.1471261962779566,4.701100312456773,4.701514530281665,-0.00041421782489248216,0.0003478148823341
0.14712619633699076,4.701100312462819,4.70151453028163,-0.0004142178188111245,0.0003478141023163
0.1471261964872143,4.701100312447449,4.701514530281681,-0.0004142178342325664,0.00034781512058839996
0.14712619624227735,4.701100312475748,4.701514530281686,-0.0004142178059378665,0.0003478138134497
0.14712619622359285,4.701100312471755,4.7015145302816554,-0.00041421780990003043,0.0003478143767303
0.1471261962755923,4.701100312477844,4.7015145302816155,-0.00041421780377159934,0.0003478143767303
0.1471261963186129,4.701100312484001,4.701514530281651,-0.00041421779765027367,0.00034781509822744995
0.1471261962536421,4.701100312449226,4.70151453028161,-0.0004142178323842671,0.0003478154816324
0.1471261961387246,4.7011003124000625,4.701514530281641,-0.00041421788157869344,0.0003478157382721
0.14712619633699076,4.701100312488163,4.701514530281632,-0.00041421779346961785,0.0003478145160226
0.1471261962162731,4.701100312451426,4.701514530281651,-0.0004142178302251054,0.0003478157382721
0.1471261961749367,4.701100312447903,4.701514530281647,-0.0004142178337431801,0.0003478148756433
0.147126196214323,4.701100312473318,4.70151453028164,-0.00041421780832262556,0.0003478148756433
0.1471261962559427,4.7011003124490625,4.701514530281664,-0.00041421783260187084,0.0003478148823341
0.1471261961255093,4.7011003124361865,4.7015145302816475,-0.000414217845460918,0.0003478162151922
0.14712619632938184,4.701100312435895,4.701514530281644,-0.0004142178457486878,0.0003478151434521
0.14712619623360285,4.7011003124474495,4.701514530281643,-0.00041421783419348657,0.0003478145160226
0.1471261962755923,4.701100312481031,4.701514530281667,-0.0004142178006363295,0.00034781586948559996
0.1471261962536421,4.7011003124718185,4.701514530281691,-0.0004142178098724969,0.0003478140468088
0.1471261962779566,4.701100312480229,4.701514530281669,-0.000414217801440131,0.00034781376768075
0.14712619638153096,4.701100312497421,4.7015145302816554,-0.00041421778423433864,0.0003478141187768
0.1471261963114234,4.7011003124491575,4.701514530281619,-0.00041421783246153865,0.0003478159164607
0.14712619638153096,4.701100312486408,4.701514530281675,-0.00041421779526729097,0.00034781482606175004
0.1471261963600886,4.701100312451082,4.701514530281631,-0.00041421783054840233,0.0003478157382721
0.14712619633699076,4.701100312444595,4.70151453028163,-0.00041421783703476933,0.0003478154816324
0.14712619618791167,4.7011003124583155,4.701514530281648,-0.00041421782333284085,0.0003478154572014
0.1471261963426902,4.701100312490136,4.701514530281618,-0.00041421779148187454,0.0003478149900294
0.1471261963558878,4.701100312462165,4.701514530281682,-0.00041421781951722636,0.00034781512109115
0.1471261962755923,4.701100312458511,4.7015145302816395,-0.0004142178231285598,0.0003478151434521
0.14712619618791167,4.7011003124522786,4.7015145302816626,-0.0004142178293840004,0.00034781629128524997
0.14712619632753676,4.701100312489199,4.70151453028166,-0.00041421779246064716,0.0003478140468088
0.1471261963114234,4.70110031243231,4.70151453028167,-0.00041421784936002126,0.0003478159164607
0.14712619638153096,4.701100312483954,4.701514530281635,-0.0004142177976813599,0.00034781444637645
0.14712619616919353,4.701100312474447,4.701514530281619,-0.0004142178071724345,0.0003478150987302
0.14712619623360285,4.701100312462644,4.701514530281672,-0.00041421781902872823,0.0003478162151922
0.1471261961634504,4.7011003124394595,4.701514530281607,-0.0004142178421471243,0.0003478165827695
0.1471261963600886,4.7011003124484345,4.701514530281642,-0.0004142178332076085,0.0003478145160226
0.1471261961634504,4.70110031241986,4.701514530281599,-0.0004142178617385639,0.00034781512058839996
0.147126196214323,4.701100312465546,4.701514530281671,-0.000414217816125273,0.0003478158225105
0.1471261962646172,4.701100312439838,4.701514530281624,-0.0004142178417865239,0.0003478149833386
0.14712619614447986,4.701100312459575,4.701514530281676,-0.0004142178221009374,0.00034781512109115
0.14712619632753676,4.701100312447616,4.7015145302816626,-0.00041421783404693713,0.00034781482606175004
0.1471261961936548,4.7011003124543445,4.701514530281617,-0.0004142178272728003,0.0003478151434521
0.1471261962646172,4.701100312466502,4.701514530281618,-0.0004142178151163023,0.00034781509822744995
0.14712619635018837,4.7011003124831685,4.7015145302816395,-0.0004142177984709505,0.0003478160038915
0.1471261962786471,4.701100312437101,4.701514530281641,-0.000414217844539877,0.0003478140468088
0.1471261962755923,4.701100312475637,4.701514530281674,-0.0004142178060373425,0.00034781556783305
0.1471261963558878,4.7011003124696655,4.701514530281586,-0.00041421781192063634,0.0003478145160226
0.14712619633699076,4.701100312463108,4.701514530281621,-0.00041421781851269657,0.0003478154816324
0.1471261963292711,4.701100312468159,4.701514530281655,-0.0004142178134953767,0.0003478136796882
0.14712619629493423,4.70110031246215,4.70151453028162,-0.0004142178194701529,0.00034781483275254997
0.14712619622359285,4.7011003124699,4.701514530281646,-0.0004142178117456652,0.0003478150977247
0.14712619622359285,4.701100312466128,4.701514530281653,-0.00041421781552486436,0.00034781512109115
0.1471261962660436,4.701100312486798,4.701514530281664,-0.0004142177948667225,0.0003478151434521
0.1471261962573691,4.70110031249074,4.701514530281625,-0.00041421779088501864,0.00034781376768075
0.1471261962655551,4.701100312466439,4.701514530281635,-0.00041421781519623835,0.0003478141023163
0.14712619630222473,4.7011003124446065,4.70151453028166,-0.0004142178370534211,0.00034781536474775003
0.14712619633688,4.701100312465945,4.701514530281666,-0.0004142178157211518,0.0003478150977247
0.147126196150223,4.701100312436638,4.701514530281657,-0.0004142178450194933,0.00034781469248755
0.1471261962162731,4.7011003124835185,4.701514530281607,-0.00041421779808814563,0.0003478159196531
0.1471261963114234,4.70110031246841,4.701514530281661,-0.0004142178132511276,0.0003478154816324
0.14712619632753676,4.701100312484983,4.701514530281634,-0.00041421779665107294,0.00034781444637645
0.1471261961749367,4.701100312461654,4.701514530281672,-0.000414217820018159,0.0003478148689525
0.14712619618986175,4.701100312492919,4.701514530281652,-0.00041421778873296233,0.00034781509822744995
0.1471261962646172,4.701100312465173,4.7015145302816395,-0.0004142178164663335,0.0003478160038915
0.1471261963039591,4.701100312497001,4.701514530281622,-0.00041421778462069625,0.0003478160508666
0.1471261962765302,4.70110031243697,4.701514530281664,-0.00041421784469442,0.00034781586948559996
0.1471261963038581,4.7011003124486885,4.7015145302816235,-0.00041421783293493775,0.0003478146228414
0.1471261960524003,4.70110031245752,4.701514530281618,-0.00041421782409845065,0.0003478160038915
0.14712619629503526,4.701100312451178,4.701514530281612,-0.0004142178304338273,0.00034781536474775003
0.1471261963873736,4.701100312450656,4.701514530281648,-0.00041421783099249154,0.0003478148823341
0.1471261962785461,4.701100312500336,4.701514530281578,-0.00041421778124206554,0.00034781512058839996
0.1471261962559427,4.7011003124835815,4.701514530281632,-0.00041421779805084213,0.00034781482606175004
0.14712619623360285,4.701100312444595,4.701514530281626,-0.0004142178370312166,0.00034781536474775003
0.1471261962755923,4.701100312480507,4.701514530281644,-0.00041421780113726214,0.0003478141293659
0.14712619613211697,4.701100312493219,4.7015145302816315,-0.0004142177884123299,0.0003478156540337
0.1471261963114234,4.7011003124523505,4.701514530281636,-0.0004142178292854126,0.00034781394169625
0.14712619618791167,4.701100312445234,4.701514530281626,-0.00041421783639172816,0.0003478149900294
0.1471261966960112,4.701100312489371,4.70151453028163,-0.00041421779225903066,0.0003478160508666
0.147126196019987,4.701100312474466,4.701514530281651,-0.000414217807184869,0.0003478150987302
0.147126196214323,4.701100312432985,4.701514530281657,-0.00041421784867257117,0.0003478145160226
0.14712619617749884,4.701100312460795,4.701514530281646,-0.00041421782085038217,0.0003478157382721
0.14712619618791167,4.701100312441357,4.701514530281659,-0.00041421784030237774,0.0003478152967251
0.1471261962784451,4.701100312467756,4.701514530281672,-0.00041421781391637325,0.00034781394169625
0.14712619615108752,4.701100312451993,4.7015145302816235,-0.000414217829630914,0.00034781405503905
0.14712619623360285,4.701100312444596,4.701514530281634,-0.00041421783703832205,0.0003478152657503
0.1471261962779566,4.701100312464335,4.7015145302816554,-0.00041421781732076113,0.00034781376768075
0.14712619656643822,4.701100312459787,4.701514530281637,-0.0004142178218495829,0.00034781394169625
0.1471261963258024,4.701100312466755,4.701514530281659,-0.00041421781490402765,0.00034781512109115
0.1471261962362931,4.701100312440128,4.701514530281641,-0.0004142178415129649,0.0003478160508666
0.14712619622164275,4.701100312467237,4.701514530281631,-0.00041421781439332506,0.0003478149900294
0.1471261962362931,4.701100312438731,4.701514530281632,-0.0004142178429011878,0.00034781431739969995
0.1471261962755923,4.7011003124763056,4.701514530281644,-0.00041421780533834607,0.00034781494044785
0.1471261961749367,4.701100312453885,4.7015145302816155,-0.0004142178277302122,0.00034781586948559996
0.14712619623360285,4.701100312467313,4.7015145302816554,-0.0004142178143426989,0.000347814783171
0.14712619622359285,4.7011003124266315,4.701514530281664,-0.00041421785503281683,0.00034781556783305
0.147126196019987,4.701100312440486,4.701514530281624,-0.00041421784113815363,0.0003478148756433
0.1471261962785461,4.701100312449623,4.701514530281645,-0.00041421783202189033,0.00034781444637645
0.1471261962655551,4.701100312496942,4.701514530281636,-0.0004142177846935269,0.0003478151972249
0.1471261962646172,4.7011003124604,4.701514530281662,-0.0004142178212616088,0.0003478152967251
0.1471261962771197,4.701100312492512,4.701514530281609,-0.0004142177890971155,0.0003478157382721
0.1471261963933018,4.7011003124567,4.701514530281614,-0.00041421782491379844,0.0003478160038915
0.1471261961749367,4.701100312480003,4.701514530281642,-0.00041421780163908295,0.0003478148689525
0.1471261965966506,4.701100312439614,4.701514530281654,-0.0004142178420396547,0.0003478138725564
0.1471261962774681,4.701100312462826,4.70151453028161,-0.00041421781878447916,0.00034781483275254997
0.147126196214323,4.701100312440418,4.70151453028165,-0.00041421784123230054,0.0003478141293659
0.1471261962362931,4.701100312438663,4.701514530281653,-0.00041421784299000564,0.0003478150977247
0.1471261962646172,4.701100312464376,4.70151453028162,-0.0004142178172434896,0.0003478154572014
0.1471261962785461,4.70110031246696,4.7015145302816626,-0.00041421781470241115,0.00034781556783305
0.14712619608701993,4.701100312448904,4.701514530281659,-0.00041421783275463753,0.00034781606582645
0.1471261962755923,4.701100312483026,4.701514530281629,-0.00041421779860240093,0.00034781393192885
0.14712619623360285,4.701100312442526,4.701514530281658,-0.0004142178391317586,0.00034781629128524997
0.14712619616894113,4.701100312434765,4.70151453028167,-0.0004142178469050961,0.0003478163622569
0.1471261962780576,4.701100312436608,4.701514530281677,-0.00041421784506834314,0.00034781444637645
0.1471261962755923,4.701100312459907,4.701514530281667,-0.00041421782175987687,0.00034781512109115
0.1471261965966506,4.701100312479532,4.701514530281677,-0.00041421780214445647,0.0003478154816324
0.14712619622164275,4.701100312423867,4.701514530281665,-0.00041421785779860443,0.00034781625705844997
0.1471261963294926,4.701100312465786,4.701514530281587,-0.00041421781580108785,0.0003478142530481
0.1471261962123729,4.701100312428819,4.701514530281647,-0.0004142178528274698,0.00034781528811125
0.1471261962362931,4.701100312445936,4.701514530281645,-0.00041421783570871895,0.0003478150977247
0.1471261962784451,4.701100312453936,4.701514530281643,-0.00041421782770711957,0.00034781482606175004
0.1471261962755923,4.701100312453023,4.701514530281631,-0.0004142178286077325,0.00034781494044785
0.14712619613211697,4.701100312461667,4.701514530281622,-0.0004142178199550983,0.00034781509822744995
0.1471261963873736,4.701100312443727,4.701514530281649,-0.0004142178379220596,0.0003478159164607
0.1471261961387246,4.701100312478168,4.701514530281643,-0.00041421780347494774,0.0003478150977247
0.1471261962786471,4.701100312463802,4.701514530281635,-0.0004142178178332401,0.0003478148756433
0.1471261962449676,4.701100312474603,4.701514530281675,-0.00041421780707207034,0.0003478148823341
0.1471261961749367,4.701100312461214,4.70151453028167,-0.00041421782045603095,0.0003478149900294
0.1471261962784451,4.701100312470038,4.701514530281626,-0.0004142178115884576,0.0003478154572014
0.1471261963873736,4.701100312468351,4.701514530281642,-0.00041421781329109564,0.0003478141293659
0.1471261964109153,4.701100312437186,4.701514530281667,-0.0004142178444812572,0.0003478141293659
0.14712619615108752,4.701100312411845,4.701514530281661,-0.00041421786981565845,0.00034781512058839996
0.14712619636578805,4.701100312470485,4.701514530281643,-0.0004142178111576911,0.0003478148823341
0.1471261962646172,4.70110031246996,4.70151453028162,-0.0004142178116595119,0.0003478141187768
0.1471261962784451,4.701100312467408,4.701514530281643,-0.0004142178142352293,0.00034781512109115
0.1471261962779566,4.7011003124515875,4.7015145302816554,-0.0004142178300678978,0.0003478158225105
0.14712619616919353,4.701100312465198,4.701514530281671,-0.0004142178164734389,0.0003478148689525
0.14712619638153096,4.701100312429833,4.701514530281622,-0.00041421785178830106,0.00034781554340205
0.14712619630222473,4.701100312470642,4.701514530281633,-0.0004142178109916017,0.0003478146228414
0.1471261962309126,4.701100312453742,4.701514530281619,-0.00041421782787676165,0.0003478154816324
0.1471261962162731,4.701100312430469,4.701514530281636,-0.00041421785116657617,0.0003478148689525
0.14712619620292466,4.701100312425049,4.701514530281643,-0.0004142178565942345,0.0003478145160226
0.14712619618986175,4.70110031248627,4.701514530281638,-0.00041421779536765513,0.0003478152967251
0.14712619629444573,4.701100312448283,4.70151453028162,-0.00041421783333728257,0.0003478163331515
0.1471261963444889,4.701100312441431,4.701514530281644,-0.0004142178402126717,0.0003478148756433
0.14712619632938184,4.70110031247113,4.701514530281672,-0.00041421781054218343,0.00034781432269425
0.1471261962786471,4.70110031245833,4.701514530281619,-0.0004142178232893201,0.00034781578524719996
0.1471261962784451,4.701100312457828,4.701514530281636,-0.0004142178238080163,0.0003478152967251
0.14712619632753676,4.70110031247375,4.701514530281675,-0.0004142178079247216,0.00034781556783305
0.1471261963292711,4.70110031244753,4.7015145302815995,-0.0004142178340691416,0.0003478141187768
0.1471261962755923,4.701100312514804,4.701514530281609,-0.0004142177668056135,0.00034781578524719996
0.1471261962449676,4.701100312430434,4.701514530281668,-0.00041421785123407773,0.0003478150977247
0.14712619629503526,4.701100312460858,4.701514530281711,-0.0004142178208530467,0.0003478142530481
0.14712619632753676,4.701100312462118,4.701514530281648,-0.00041421781953054904,0.0003478148756433
0.1471261962785461,4.701100312466581,4.701514530281607,-0.0004142178150257081,0.00034781512109115
0.14712619620292466,4.70110031245029,4.701514530281652,-0.00041421783136197377,0.00034781512058839996
0.1471261962765302,4.701100312468825,4.701514530281626,-0.00041421781280082115,0.0003478152967251
0.1471261963933018,4.701100312450812,4.701514530281671,-0.0004142178308592648,0.00034781562764045
0.1471261961749367,4.701100312457881,4.701514530281655,-0.00041421782377337735,0.00034781536474775003
0.1471261963292711,4.701100312430465,4.701514530281622,-0.0004142178511568062,0.00034781512109115
0.1471261964618621,4.701100312454847,4.701514530281647,-0.0004142178267994012,0.00034781480687365
0.1471261963292711,4.701100312460891,4.7015145302816075,-0.0004142178207162672,0.00034781393192885
0.1471261962573691,4.701100312462485,4.701514530281647,-0.000414217819161955,0.00034781457995065
0.1471261962780576,4.701100312473241,4.701514530281643,-0.00041421780840167344,0.0003478132814203
0.1471261962655551,4.701100312457392,4.701514530281631,-0.00041421782423878284,0.00034781482606175004
0.1471261962765302,4.701100312445079,4.7015145302815915,-0.0004142178365125204,0.0003478149900294
0.1471261962755923,4.7011003124501896,4.7015145302816235,-0.0004142178314339162,0.00034781483275254997
0.1471261963258024,4.7011003124529145,4.701514530281643,-0.00041421782872852475,0.00034781628872455
0.1471261962780576,4.701100312489478,4.701514530281652,-0.00041421779217376553,0.00034781464959679996
0.1471261962536421,4.701100312473482,4.701514530281614,-0.0004142178081316672,0.0003478162151922
0.1471261962646172,4.701100312458545,4.701514530281687,-0.00041421782314277067,0.00034781528811125
0.14712619617554876,4.701100312450298,4.701514530281641,-0.000414217831343322,0.0003478139913013
0.14712619630212376,4.7011003124480935,4.701514530281671,-0.0004142178335779789,0.0003478150987302
0.1471261963933018,4.701100312457499,4.70151453028167,-0.0004142178241703931,0.00034781411054655
0.1471261962779566,4.701100312434012,4.7015145302816075,-0.00041421784759521074,0.00034781512109115
0.14712619633688,4.70110031247141,4.701514530281667,-0.00041421781025707816,0.0003478148823341
0.1471261962755923,4.70110031247316,4.701514530281592,-0.0004142178084327597,0.0003478158225105
0.14712619610074812,4.701100312481392,4.701514530281664,-0.00041421780027217636,0.00034781643427585
0.1471261962362931,4.701100312473895,4.701514530281649,-0.00041421780775419137,0.0003478152967251
0.1471261962162731,4.70110031244337,4.701514530281682,-0.0004142178383119699,0.0003478151434521
0.1471261963444889,4.701100312513245,4.701514530281618,-0.0004142177683732484,0.000347814783171
0.14712619611397545,4.70110031245047,4.701514530281661,-0.00041421783119055533,0.0003478136374646
0.147126196214323,4.701100312469208,4.701514530281658,-0.0004142178124499907,0.0003478162763254
0.1471261960524003,4.701100312435561,4.701514530281611,-0.0004142178460497803,0.0003478154816324
0.14712619636578805,4.701100312445273,4.701514530281643,-0.0004142178363704119,0.0003478142530481
0.1471261962362931,4.701100312479098,4.701514530281653,-0.0004142178025547949,0.00034781536474775003
0.14712619618791167,4.701100312479267,4.701514530281666,-0.0004142178023993637,0.00034781469917835
0.1471261962362931,4.701100312464626,4.701514530281642,-0.00041421781701611593,0.00034781620023235
0.1471261962362931,4.701100312440585,4.701514530281676,-0.0004142178410910802,0.00034781482606175004
0.14712619610074812,4.701100312443155,4.701514530281657,-0.0004142178385020401,0.00034781522008860003
0.1471261962774681,4.701100312467679,4.7015145302816705,-0.0004142178139918684,0.0003478154327704
0.1471261962536421,4.701100312455717,4.701514530281663,-0.00041421782594674994,0.0003478157382721
0.1471261962779566,4.7011003124663455,4.701514530281672,-0.0004142178153268006,0.00034781556783305
0.14712619632938184,4.701100312476397,4.701514530281629,-0.00041421780523176466,0.0003478157382721
0.1471261962162731,4.701100312422482,4.701514530281636,-0.0004142178591539647,0.0003478141023163
0.1471261962784451,4.701100312476404,4.701514530281691,-0.0004142178052868317,0.0003478150987302
0.14712619633688,4.70110031245057,4.701514530281676,-0.0004142178311061784,0.0003478150987302
0.1471261961634504,4.701100312452811,4.701514530281666,-0.00041421782885553426,0.00034781509822744995
0.14712619622359285,4.701100312459471,4.701514530281646,-0.0004142178221746562,0.0003478152967251
0.1471261963292711,4.701100312475399,4.701514530281641,-0.0004142178062425117,0.0003478148823341
0.1471261960159886,4.701100312446801,4.701514530281655,-0.00041421783485340313,0.00034781536474775003
0.14712619633688,4.701100312460609,4.701514530281641,-0.00041421782103245874,0.0003478143767303
0.1471261964872143,4.7011003124958695,4.70151453028166,-0.00041421778579042723,0.00034781464959679996
0.1471261962765302,4.7011003124615165,4.701514530281641,-0.0004142178201247404,0.00034781536474775003
0.1471261963186129,4.701100312478583,4.701514530281645,-0.0004142178030619448,0.00034781528811125
0.1471261960892263,4.701100312450422,4.701514530281621,-0.00041421783119854894,0.0003478154816324
0.1471261962309126,4.701100312445283,4.7015145302816705,-0.00041421783638728726,0.0003478161852725
0.1471261963114234,4.701100312427814,4.7015145302816945,-0.0004142178538808494,0.00034781384300305
0.1471261962770187,4.701100312466778,4.70151453028169,-0.00041421781491202125,0.00034781432269425
0.14712619625325246,4.7011003124511435,4.701514530281676,-0.0004142178305324151,0.0003478152967251
0.14712619608701993,4.701100312427082,4.701514530281683,-0.0004142178546011621,0.00034781482606175004
0.14712619632753676,4.701100312476576,4.701514530281615,-0.00041421780503902994,0.00034781499053215
0.14712619613211697,4.701100312435498,4.701514530281622,-0.0004142178461234991,0.00034781578524719996
0.14712619616919353,4.701100312466886,4.701514530281623,-0.0004142178147361619,0.0003478151434521
0.1471261963716307,4.701100312451548,4.701514530281661,-0.0004142178301131949,0.000347814783171
0.1471261962785461,4.701100312442042,4.701514530281633,-0.0004142178395909468,0.0003478157382721
0.14712619613211697,4.701100312462665,4.701514530281613,-0.000414217818947904,0.0003478160508666
0.1471261963426902,4.701100312455337,4.701514530281656,-0.0004142178263188967,0.0003478138920912
0.14712619608701993,4.701100312468118,4.701514530281671,-0.00041421781355310827,0.0003478163622569
0.1471261962559427,4.7011003124574895,4.701514530281659,-0.0004142178241695049,0.0003478157382721
0.14712619623360285,4.701100312475999,4.7015145302816554,-0.00041421780565631394,0.00034781469248755
0.1471261962779566,4.701100312486535,4.701514530281624,-0.0004142177950896553,0.00034781536474775003
0.1471261962162731,4.701100312439381,4.701514530281643,-0.00041421784226169933,0.0003478148823341
0.14712619623360285,4.701100312443228,4.701514530281658,-0.00041421783843009763,0.0003478141293659
0.1471261962536421,4.701100312442737,4.701514530281649,-0.0004142178389123785,0.0003478154327704
0.14712619629493423,4.70110031246643,4.701514530281643,-0.00041421781521311374,0.0003478148823341
0.14712619614447986,4.701100312459765,4.701514530281655,-0.0004142178218895509,0.00034781480687365
0.1471261963114234,4.701100312437428,4.701514530281605,-0.000414217844176612,0.00034781482606175004
0.147126196214323,4.701100312462361,4.701514530281684,-0.0004142178193227153,0.0003478138920912
0.14712619609854174,4.70110031245888,4.70151453028163,-0.00041421782274930763,0.0003478148823341
0.147126196214323,4.701100312460816,4.701514530281659,-0.00041421782084327674,0.00034781554340205
0.1471261963258024,4.701100312460491,4.701514530281699,-0.00041421782120831807,0.00034781519772765
0.1471261963258024,4.701100312471008,4.701514530281659,-0.0004142178106514294,0.0003478148756433
0.14712619623360285,4.701100312444108,4.701514530281627,-0.00041421783751882657,0.0003478142530481
0.1471261961255093,4.701100312469313,4.701514530281605,-0.0004142178122918949,0.00034781464959679996
0.14712619622359285,4.70110031245508,4.701514530281671,-0.00041421782659156747,0.0003478154572014
0.1471261963258024,4.701100312499501,4.701514530281642,-0.0004142177821409021,0.0003478160508666
0.1471261962784451,4.701100312470325,4.701514530281638,-0.0004142178113131223,0.00034781482606175004
0.1471261962785461,4.70110031245365,4.701514530281648,-0.0004142178279984421,0.00034781522008860003
0.1471261962536421,4.7011003124768385,4.701514530281664,-0.0004142178048258671,0.0003478136796882
0.1471261961956049,4.701100312472137,4.701514530281654,-0.00041421780951633735,0.0003478136374646
0.147126196019987,4.701100312460586,4.701514530281617,-0.00041421782103157057,0.0003478154572014
0.14712619624227735,4.701100312458004,4.701514530281642,-0.00041421782363837423,0.0003478160923837
0.14712619630222473,4.701100312442907,4.701514530281672,-0.0004142178387649409,0.0003478156540337
0.14712619624227735,4.701100312464199,4.7015145302815915,-0.0004142178173927036,0.0003478148756433
0.1471261963258024,4.7011003124626525,4.701514530281652,-0.00041421781899941834,0.00034781394169625
0.1471261962449676,4.7011003124837245,4.701514530281687,-0.00041421779796291247,0.0003478151434521
0.1471261962779566,4.701100312447576,4.701514530281607,-0.0004142178340309499,0.0003478162151922
0.1471261962770187,4.701100312444196,4.701514530281671,-0.00041421783747530583,0.0003478163305908
0.1471261962536421,4.701100312503439,4.7015145302816475,-0.00041421777820804806,0.00034781538917875
0.14712619616919353,4.701100312510024,4.701514530281646,-0.0004142177716213169,0.00034781444637645
0.1471261962536421,4.701100312452879,4.7015145302816554,-0.0004142178287764864,0.00034781424775355
0.1471261965174267,4.701100312449803,4.701514530281656,-0.00041421783185313643,0.0003478135490522
0.14712619632753676,4.7011003124804125,4.701514530281653,-0.00041421780124029084,0.0003478148823341
0.14712619616919353,4.701100312456195,4.701514530281645,-0.00041421782544937,0.00034781444637645
0.1471261962362931,4.701100312495833,4.701514530281637,-0.0004142177858037499,0.0003478150987302
0.14712619636578805,4.701100312464656,4.701514530281606,-0.00041421781694950255,0.00034781432269425
0.14712619615108752,4.701100312465671,4.701514530281666,-0.00041421781599471075,0.0003478167716715
0.14712619622359285,4.701100312455567,4.701514530281639,-0.0004142178260719831,0.00034781565207145
0.1471261962646172,4.7011003124744395,4.701514530281643,-0.00041421780720352075,0.00034781522008860003
0.14712619629493423,4.701100312468392,4.701514530281666,-0.00041421781327422025,0.0003478162420986
0.1471261962755923,4.701100312510735,4.701514530281667,-0.00041421777093209045,0.0003478148689525
0.1471261963756883,4.7011003124550115,4.701514530281669,-0.0004142178266572927,0.00034781469248755
0.1471261961188896,4.701100312432223,4.701514530281629,-0.00041421784940620654,0.00034781555961780003
0.1471261961956049,4.701100312484464,4.701514530281657,-0.0004142177971928618,0.0003478152657503
0.1471261960848136,4.701100312472803,4.701514530281643,-0.0004142178088404336,0.0003478151434521
0.1471261962779566,4.70110031244248,4.70151453028162,-0.0004142178391397522,0.00034781444274365
0.1471261962655551,4.701100312481726,4.7015145302816865,-0.00041421779996042574,0.0003478150987302
0.14712619635832236,4.701100312448334,4.701514530281635,-0.00041421783330086726,0.00034781528811125
0.14712619633699076,4.7011003124630495,4.70151453028166,-0.0004142178186103962,0.0003478149900294
0.14712619632753676,4.7011003124803405,4.70151453028166,-0.0004142178013193387,0.00034781464959679996
0.1471261963186129,4.701100312473963,4.701514530281656,-0.00041421780769290706,0.00034781384300305
0.14712619608701993,4.70110031247341,4.701514530281649,-0.0004142178082391368,0.0003478150977247
0.1471261962784451,4.7011003124454085,4.701514530281614,-0.0004142178362052107,0.00034781565207145
0.1471261963186129,4.701100312476277,4.701514530281643,-0.0004142178053658796,0.0003478152967251
0.1471261963558878,4.7011003124480855,4.701514530281616,-0.00041421783353090547,0.00034781412407135
0.1471261962779566,4.70110031247198,4.701514530281626,-0.0004142178096460114,0.0003478151434521
0.14712619635018837,4.701100312448538,4.701514530281669,-0.000414217833130337,0.00034781536474775003
0.1471261962755923,4.70110031244316,4.701514530281635,-0.00041421783847539473,0.0003478160508666
0.1471261962785461,4.701100312447848,4.701514530281659,-0.00041421783381068167,0.00034781536474775003
0.1471261962770187,4.701100312483114,4.701514530281657,-0.000414217798542893,0.0003478148689525
0.1471261962309126,4.701100312469727,4.70151453028164,-0.0004142178119135309,0.000347814783171
0.1471261963558878,4.70110031246921,4.7015145302816475,-0.0004142178124375562,0.00034781384300305
0.1471261962780576,4.701100312474167,4.701514530281649,-0.0004142178074824088,0.00034781519772765
0.14712619632938184,4.701100312459444,4.701514530281657,-0.00041421782221284786,0.0003478163305908
0.1471261963294926,4.701100312446963,4.701514530281655,-0.00041421783469175466,0.00034781586948559996
0.1471261961936548,4.701100312447719,4.701514530281641,-0.00041421783392259215,0.0003478156540337
0.14712619632034724,4.701100312461754,4.701514530281688,-0.0004142178199346702,0.00034781464959679996
0.14712619623360285,4.701100312436651,4.701514530281653,-0.00041421784500172976,0.00034781498384134997
0.1471261962162731,4.7011003124692,4.701514530281653,-0.0004142178124526552,0.0003478161852725
0.1471261963873736,4.701100312485395,4.701514530281644,-0.0004142177962487281,0.00034781536474775003
0.14712619629503526,4.701100312455163,4.701514530281658,-0.000414217826494756,0.0003478143767303
0.1471261961936548,4.701100312445009,4.7015145302816235,-0.00041421783661466094,0.00034781482606175004
0.14712619616919353,4.701100312462068,4.701514530281642,-0.0004142178195740698,0.00034781509822744995
0.1471261962262831,4.701100312468752,4.701514530281648,-0.0004142178128967444,0.0003478158225105
0.1471261963114234,4.701100312449755,4.701514530281651,-0.000414217831895769,0.00034781519772765
0.14712619625688061,4.701100312459958,4.701514530281652,-0.00041421782169415167,0.00034781519772765
0.14712619633688,4.701100312457386,4.701514530281653,-0.00041421782426720455,0.0003478149900294
0.14712619632753676,4.701100312446722,4.701514530281683,-0.0004142178349608727,0.00034781512109115
0.1471261961387246,4.701100312442126,4.7015145302816475,-0.0004142178395216689,0.0003478150987302
0.14712619635018837,4.701100312476383,4.701514530281662,-0.0004142178052788381,0.000347813957883
0.14712619606612845,4.701100312460543,4.7015145302816235,-0.0004142178210804204,0.00034781457995065
0.1471261962449676,4.701100312467939,4.70151453028165,-0.00041421781371120403,0.0003478146228414
0.1471261961634504,4.701100312423825,4.7015145302816626,-0.0004142178578376843,0.0003478137972341
0.1471261964541471,4.701100312464359,4.701514530281643,-0.0004142178172843458,0.00034781509822744995
0.147126196214323,4.701100312464128,4.701514530281655,-0.0004142178175268185,0.00034781512058839996
0.1471261962559427,4.70110031247688,4.7015145302816315,-0.00041421780475126013,0.000347814783171
0.1471261962661446,4.7011003124565605,4.701514530281662,-0.0004142178251012041,0.00034781522008860003
0.1471261961387246,4.701100312438236,4.701514530281634,-0.0004142178433985677,0.00034781509822744995
0.1471261962646172,4.701100312465794,4.701514530281647,-0.0004142178158526022,0.00034781482606175004
0.1471261964618621,4.701100312452793,4.70151453028168,-0.0004142178288875087,0.00034781411054655
0.1471261962774681,4.701100312458644,4.701514530281663,-0.00041421782301931387,0.0003478160508666
0.1471261962449676,4.701100312485167,4.7015145302816554,-0.0004142177964885363,0.0003478141293659
0.14712619633699076,4.701100312461347,4.701514530281641,-0.0004142178202943825,0.0003478146295322
0.1471261962786471,4.701100312455209,4.701514530281637,-0.00041421782642814264,0.00034781457995065
0.14712619623360285,4.701100312467671,4.701514530281622,-0.0004142178139510122,0.00034781586948559996
0.1471261962655551,4.701100312496126,4.701514530281634,-0.0004142177855079865,0.0003478160508666
0.14712619630163526,4.701100312479927,4.701514530281664,-0.00041421780173767075,0.0003478139913013
0.14712619622359285,4.7011003125001976,4.701514530281632,-0.00041421778143480026,0.0003478150895296
0.14712619613211697,4.701100312452067,4.70151453028163,-0.0004142178295625243,0.0003478154327704
0.14712619629503526,4.701100312486096,4.70151453028163,-0.0004142177955337445,0.00034781412407135
0.14712619633688,4.701100312481338,4.7015145302816395,-0.00041421780030148625,0.00034781464959679996
0.14712619613211697,4.701100312486373,4.70151453028166,-0.0004142177952868309,0.00034781536474775003
0.1471261963336556,4.701100312431035,4.701514530281636,-0.0004142178506008065,0.00034781512109115
0.1471261962660436,4.701100312475376,4.701514530281644,-0.0004142178062682689,0.00034781464959679996
0.14712619608701993,4.701100312461232,4.701514530281649,-0.0004142178204169511,0.0003478162737647
0.1471261963258024,4.7011003125019775,4.701514530281683,-0.0004142177797055169,0.00034781538917875
0.1471261963292711,4.701100312431751,4.701514530281618,-0.00041421784986717114,0.00034781464959679996
0.1471261962646172,4.701100312463015,4.701514530281628,-0.00041421781861306073,0.00034781522008860003
0.1471261963039591,4.701100312405072,4.701514530281659,-0.0004142178765871307,0.00034781531254225
0.14712619625688061,4.701100312468296,4.701514530281639,-0.00041421781334261,0.00034781411054655
0.1471261963444889,4.701100312490248,4.701514530281629,-0.0004142177913806222,0.00034781444637645
0.14712619633699076,4.701100312449195,4.701514530281678,-0.00041421783248285493,0.00034781531254225
0.1471261962536421,4.701100312446841,4.701514530281647,-0.0004142178348054415,0.00034781556783305
0.14712619616919353,4.701100312468656,4.701514530281669,-0.0004142178130130958,0.0003478151434521
0.1471261963186129,4.701100312501332,4.701514530281621,-0.0004142177802890501,0.000347813635482
0.14712619630212376,4.701100312467017,4.701514530281624,-0.00041421781460737606,0.0003478154572014
0.14712619636578805,4.701100312464969,4.701514530281603,-0.0004142178166341992,0.0003478140468088
0.1471261961749367,4.701100312473073,4.701514530281632,-0.0004142178085597692,0.00034781368125095
0.1471261962646172,4.701100312443679,4.701514530281686,-0.0004142178380064365,0.0003478143767303
0.14712619622359285,4.701100312506995,4.701514530281672,-0.00041421777467753884,0.00034781482606175004
0.1471261961936548,4.701100312462784,4.701514530281623,-0.00041421781883865805,0.0003478142530481
0.14712619636578805,4.701100312500683,4.7015145302816554,-0.0004142177809720593,0.00034781586948559996
0.1471261962786471,4.70110031247679,4.701514530281647,-0.00041421780485695336,0.0003478152967251
0.1471261962765302,4.70110031248063,4.701514530281675,-0.0004142178010448916,0.00034781482606175004
0.14712619623360285,4.701100312442908,4.701514530281623,-0.0004142178387143147,0.0003478145160226
0.1471261961122699,4.701100312443676,4.701514530281663,-0.0004142178379877848,0.00034781536474775003
0.1471261962784451,4.701100312476823,4.701514530281625,-0.0004142178048018863,0.00034781412407135
0.1471261963933018,4.701100312485015,4.701514530281647,-0.000414217796631533,0.0003478141187768
0.1471261961255093,4.701100312446908,4.701514530281632,-0.00041421783472461726,0.0003478154572014
0.1471261966910692,4.701100312450874,4.701514530281665,-0.00041421783079087504,0.00034781480687365
0.1471261962774681,4.701100312477327,4.701514530281682,-0.00041421780435513256,0.00034781562764045
0.1471261962646172,4.70110031245633,4.701514530281618,-0.00041421782528772155,0.00034781464959679996
0.1471261962536421,4.701100312460663,4.701514530281675,-0.00041421782101203064,0.0003478134118768
0.14712619622359285,4.701100312456121,4.701514530281606,-0.00041421782548489716,0.0003478152967251
0.1471261962262831,4.701100312459916,4.701514530281682,-0.0004142178217660941,0.00034781499053215
0.1471261964286737,4.701100312474024,4.701514530281611,-0.0004142178075872138,0.00034781432269425
0.14712619614447986,4.701100312498359,4.701514530281617,-0.00041421778325823055,0.00034781512058839996
0.1471261965125665,4.701100312463942,4.701514530281658,-0.0004142178177160005,0.00034781512109115
0.14712619635259044,4.701100312474173,4.701514530281606,-0.0004142178074326708,0.00034781494044785
0.1471261963558878,4.701100312420347,4.701514530281667,-0.00041421786132023186,0.00034781445626845
0.1471261964363887,4.7011003124844954,4.701514530281654,-0.0004142177971582228,0.00034781512109115
0.147126196214323,4.701100312492398,4.7015145302816475,-0.0004142177892498822,0.0003478150987302
0.14712619608701993,4.701100312461244,4.70151453028165,-0.00041421782040629296,0.00034781556783305
0.1471261962559427,4.701100312439621,4.701514530281637,-0.0004142178420156739,0.00034781531254225
0.1471261962774681,4.7011003124999515,4.701514530281637,-0.00041421778168526657,0.0003478161852725
0.14712619613211697,4.701100312485894,4.701514530281637,-0.0004142177957424664,0.0003478150987302
0.14712619623360285,4.701100312459252,4.701514530281649,-0.000414217822397589,0.00034781512109115
0.1471261962786471,4.701100312502786,4.701514530281669,-0.00041421777888306366,0.0003478154816324
0.1471261964286737,4.701100312467517,4.701514530281639,-0.00041421781412154246,0.00034781464959679996
0.1471261960159886,4.701100312480284,4.701514530281687,-0.00041421780140371567,0.0003478152967251
0.14712619632045798,4.701100312436902,4.701514530281631,-0.0004142178447281708,0.00034781512058839996
0.14712619654277892,4.701100312456719,4.70151453028169,-0.00041421782497064186,0.00034781469248755
0.1471261962774681,4.701100312478445,4.70151453028164,-0.00041421780319517154,0.00034781538917875
0.14712619623360285,4.701100312457639,4.701514530281653,-0.0004142178240140737,0.0003478148756433
0.14712619616919353,4.70110031247519,4.701514530281659,-0.0004142178064689972,0.0003478139913013
0.14712619639914443,4.70110031246829,4.701514530281661,-0.0004142178133710317,0.0003478148756433
0.1471261963114234,4.701100312487394,4.701514530281639,-0.0004142177942449976,0.0003478149900294
0.1471261962779566,4.701100312500758,4.701514530281662,-0.00041421778090366956,0.00034781412407135
0.14712619636578805,4.7011003124836845,4.701514530281645,-0.00041421779796024794,0.00034781509822744995
0.1471261962162731,4.70110031245648,4.701514530281665,-0.00041421782518558103,0.0003478152967251
0.1471261961122699,4.701100312445522,4.701514530281656,-0.0004142178361341564,0.0003478157382721
0.14712619636578805,4.701100312424877,4.701514530281651,-0.00041421785677364653,0.00034781449386465
0.1471261962779566,4.701100312491047,4.701514530281646,-0.0004142177905990252,0.00034781554340205
0.1471261962309126,4.701100312470617,4.701514530281659,-0.0004142178110422279,0.0003478163762917
0.1471261962771197,4.701100312459426,4.7015145302817,-0.0004142178222741322,0.0003478159164607
0.1471261961749367,4.701100312495793,4.701514530281623,-0.0004142177858295071,0.0003478160038915
0.1471261963756883,4.701100312440485,4.70151453028166,-0.00041421784117456895,0.0003478151434521
0.1471261960524003,4.701100312502905,4.701514530281633,-0.0004142177787285206,0.00034781509822744995
0.1471261963558878,4.701100312462597,4.701514530281635,-0.00041421781903761,0.00034781586948559996
0.14712619629503526,4.701100312484768,4.701514530281625,-0.00041421779685713034,0.00034781578524719996
0.1471261962646172,4.701100312448536,4.701514530281641,-0.000414217833105468,0.0003478151434521
0.1471261962786471,4.701100312471313,4.70151453028161,-0.0004142178102970462,0.00034781536474775003
0.1471261962779566,4.701100312456157,4.7015145302816075,-0.0004142178254502582,0.00034781554340205
0.1471261962362931,4.701100312474102,4.701514530281684,-0.00041421780758188476,0.00034781464959679996
0.1471261962362931,4.7011003124667585,4.701514530281648,-0.0004142178148898168,0.0003478160508666
0.1471261963294926,4.7011003124365285,4.701514530281647,-0.00041421784511808113,0.00034781509822744995
0.1471261961956049,4.701100312434947,4.701514530281625,-0.0004142178466786106,0.00034781482606175004
0.1471261962536421,4.701100312481645,4.70151453028167,-0.0004142178000243746,0.00034781586948559996
0.1471261962780576,4.701100312473452,4.701514530281649,-0.0004142178081973924,0.0003478152967251
0.1471261962449676,4.7011003124816755,4.701514530281599,-0.00041421779992312224,0.00034781464959679996
0.1471261962784451,4.701100312454847,4.7015145302816865,-0.00041421782683936925,0.00034781412407135
0.14712619625419035,4.701100312459381,4.701514530281651,-0.0004142178222696913,0.0003478149900294
0.14712619615683065,4.701100312474567,4.701514530281641,-0.0004142178070738467,0.0003478150977247
0.1471261963294926,4.701100312486697,4.701514530281652,-0.00041421779495465216,0.00034781556783305
0.147126196214323,4.701100312486953,4.701514530281645,-0.00041421779469175135,0.0003478156540337
0.1471261964109153,4.701100312472997,4.70151453028165,-0.00041421780865302793,0.00034781482606175004
0.1471261962779566,4.701100312449449,4.701514530281628,-0.0004142178321790979,0.0003478149900294
0.1471261961122699,4.7011003124604205,4.7015145302816235,-0.000414217821202989,0.0003478148756433
0.14712619638153096,4.701100312474249,4.701514530281663,-0.00041421780741401903,0.00034781405503905
0.1471261962655551,4.7011003124641375,4.7015145302816235,-0.0004142178174859623,0.00034781376768075
0.1471261962755923,4.70110031247534,4.701514530281645,-0.0004142178063046842,0.00034781584841229996
0.1471261963933018,4.701100312442823,4.7015145302816315,-0.00041421783880846164,0.0003478138134497
0.147126196019987,4.701100312461747,4.701514530281583,-0.00041421781983519423,0.0003478163852051
0.14712619618791167,4.7011003124905075,4.701514530281608,-0.000414217791100846,0.00034781556783305
0.1471261962785461,4.70110031246689,4.701514530281616,-0.00041421781472639196,0.0003478162151922
0.1471261963294926,4.701100312467139,4.701514530281619,-0.00041421781448036654,0.0003478141187768
0.1471261963186129,4.70110031245961,4.701514530281623,-0.0004142178220130077,0.0003478157382721
0.14712619654277892,4.701100312478514,4.701514530281681,-0.000414217803167638,0.0003478150895296
0.14712619625325246,4.701100312463378,4.70151453028165,-0.0004142178182720002,0.00034781606582645
0.14712619636578805,4.701100312494479,4.701514530281611,-0.0004142177871324648,0.00034781538917875
0.1471261963756883,4.701100312487826,4.7015145302816785,-0.00041421779385242274,0.0003478150987302
0.14712619633699076,4.70110031246082,4.70151453028163,-0.00041421782080952596,0.00034781464959679996
0.14712619596966414,4.7011003124814135,4.701514530281644,-0.000414217800230432,0.0003478150977247
0.147126196214323,4.701100312450102,4.70151453028164,-0.00041421783153872127,0.0003478161852725
0.1471261963933018,4.701100312435339,4.701514530281632,-0.0004142178462931412,0.00034781431739969995
0.14712619630222473,4.701100312454865,4.701514530281655,-0.00041421782678963126,0.00034781394169625
0.14712619616919353,4.7011003124490625,4.701514530281637,-0.0004142178325743373,0.0003478162737647
0.14712619629503526,4.701100312462233,4.701514530281663,-0.0004142178194301849,0.0003478159164607
0.1471261961936548,4.701100312422698,4.701514530281659,-0.00041421785896123,0.0003478148756433
0.1471261962770187,4.701100312452114,4.701514530281627,-0.0004142178295127863,0.00034781528811125
0.1471261962755923,4.701100312482844,4.701514530281655,-0.0004142177988102347,0.0003478135251262
0.1471261963114234,4.701100312456282,4.701514530281638,-0.0004142178253561113,0.0003478148756433
0.14712619615683065,4.701100312445151,4.7015145302816945,-0.00041421783654360667,0.0003478142530481
0.1471261961255093,4.701100312465602,4.701514530281625,-0.00041421781602313246,0.00034781512058839996
0.14712619638153096,4.701100312471412,4.70151453028164,-0.00041421781022865645,0.0003478145160226
0.14712619613211697,4.701100312463629,4.701514530281647,-0.0004142178180179812,0.00034781528811125
0.1471261962786471,4.701100312446253,4.701514530281646,-0.00041421783539252743,0.0003478154327704
0.14712619623360285,4.701100312472104,4.701514530281624,-0.00041421780952077825,0.00034781473722749997
0.1471261962785461,4.701100312489249,4.701514530281643,-0.0004142177923940338,0.0003478134930625
0.14712619632034724,4.701100312464173,4.701514530281659,-0.0004142178174859623,0.0003478141187768
0.1471261963294926,4.7011003124262025,4.701514530281651,-0.00041421785544848433,0.0003478154816324
0.14712619633688,4.701100312500826,4.701514530281647,-0.0004142177808201808,0.00034781411054655
0.1471261962123729,4.701100312497743,4.701514530281691,-0.0004142177839483452,0.0003478140468088
0.1471261963258024,4.7011003124686255,4.7015145302816075,-0.00041421781298200955,0.0003478141293659
0.14712619633699076,4.701100312449192,4.701514530281662,-0.00041421783246953225,0.0003478154572014
0.14712619632753676,4.701100312472096,4.701514530281624,-0.00041421780952877185,0.0003478148689525
0.1471261962123729,4.701100312428798,4.701514530281665,-0.00041421785286743784,0.0003478157382721
0.14712619625688061,4.701100312428792,4.701514530281668,-0.0004142178528763196,0.0003478160038915
0.1471261963558878,4.701100312432295,4.701514530281636,-0.00041421784934048134,0.00034781536474775003
0.1471261965976576,4.701100312448464,4.70151453028169,-0.00041421783322626027,0.00034781464959679996
0.1471261963444889,4.701100312472742,4.701514530281636,-0.0004142178088937243,0.00034781464959679996
0.14712619629503526,4.7011003124486574,4.701514530281627,-0.0004142178329695767,0.0003478139913013
0.1471261962362931,4.701100312432935,4.701514530281659,-0.0004142178487240855,0.0003478154327704
0.1471261961634504,4.701100312437156,4.701514530281687,-0.0004142178445309952,0.00034781606071760003
0.14712619625688061,4.701100312470955,4.701514530281631,-0.0004142178106754102,0.000347813635482
0.1471261962785461,4.701100312494143,4.7015145302816315,-0.00041421778748862437,0.0003478141187768
0.1471261960848136,4.7011003124667505,4.701514530281658,-0.00041421781490758036,0.0003478161852725
0.14712619610074812,4.701100312458733,4.701514530281652,-0.0004142178229189497,0.0003478154327704
0.1471261963186129,4.701100312472058,4.70151453028164,-0.00041421780958206256,0.0003478165827695
0.14712619632938184,4.701100312458804,4.701514530281662,-0.0004142178228576654,0.0003478159196531
0.14712619623360285,4.701100312435496,4.701514530281628,-0.0004142178461314927,0.0003478160508666
0.14712619629503526,4.701100312469482,4.701514530281598,-0.0004142178121160356,0.00034781522008860003
0.1471261962770187,4.7011003124362105,4.701514530281628,-0.00041421784541739726,0.0003478151972249
0.1471261962309126,4.701100312496934,4.701514530281654,-0.00041421778471928405,0.00034781411054655
0.1471261961749367,4.701100312453852,4.701514530281627,-0.00041421782777462113,0.00034781606582645
0.14712619629503526,4.701100312472659,4.701514530281671,-0.0004142178090127402,0.0003478141023163
0.1471261963292711,4.701100312476431,4.701514530281619,-0.0004142178051882439,0.0003478151434521
0.14712619615108752,4.701100312466231,4.7015145302816475,-0.0004142178154165066,0.0003478154327704
0.14712619623360285,4.701100312440569,4.70151453028169,-0.00041421784112127824,0.00034781522008860003
0.1471261962786471,4.701100312468437,4.701514530281653,-0.00041421781321560047,0.0003478156540337
0.1471261962765302,4.7011003124662345,4.701514530281699,-0.00041421781546446823,0.00034781538917875
0.14712619623360285,4.701100312452272,4.701514530281661,-0.0004142178293884413,0.00034781512109115
0.1471261962770187,4.701100312469704,4.701514530281633,-0.0004142178119295181,0.0003478154572014
0.1471261962755923,4.701100312448016,4.7015145302816315,-0.0004142178336152824,0.0003478154572014
0.1471261962780576,4.701100312423491,4.701514530281626,-0.00041421785813522405,0.0003478158225105
0.14712619616919353,4.701100312461579,4.7015145302816705,-0.0004142178200918778,0.0003478149900294
0.1471261962785461,4.701100312441771,4.701514530281656,-0.0004142178398849339,0.00034781499053215
0.1471261963186129,4.701100312450633,4.701514530281646,-0.00041421783101291965,0.0003478152967251
0.1471261962162731,4.701100312411286,4.701514530281638,-0.0004142178703521182,0.00034781482606175004
0.14712619609854174,4.701100312440803,4.701514530281628,-0.00041421784082462665,0.0003478132814203
0.1471261962785461,4.701100312443307,4.701514530281663,-0.0004142178383563788,0.00034781509822744995
0.1471261963756883,4.701100312481998,4.701514530281617,-0.0004142177996193652,0.00034781512058839996
0.1471261962785461,4.701100312444622,4.701514530281668,-0.00041421783704631565,0.0003478149900294
0.14712619630396884,4.701100312445053,4.701514530281654,-0.0004142178366004501,0.00034781444637645
0.1471261961749367,4.701100312425485,4.701514530281655,-0.0004142178561696852,0.0003478163762917
0.1471261963584331,4.701100312457907,4.701514530281644,-0.00041421782373696203,0.0003478138725564
0.1471261963114234,4.701100312456414,4.70151453028168,-0.00041421782526640527,0.0003478157409988
0.1471261963039591,4.701100312450934,4.701514530281644,-0.0004142178307100508,0.0003478150987302
0.14712619625325246,4.701100312478211,4.701514530281652,-0.00041421780344119696,0.0003478140468088
0.14712619632938184,4.701100312437387,4.701514530281611,-0.00041421784422368546,0.00034781376768075
0.1471261962559427,4.701100312436955,4.701514530281692,-0.0004142178447370526,0.0003478150977247
0.1471261963114234,4.701100312474938,4.701514530281672,-0.00041421780673456254,0.00034781482606175004
0.14712619614447986,4.701100312450015,4.701514530281596,-0.00041421783158135383,0.0003478151434521
0.1471261962559427,4.701100312468127,4.7015145302816155,-0.00041421781348827125,0.0003478152967251
0.1471261962362931,4.701100312443962,4.70151453028163,-0.00041421783766804054,0.0003478150987302
0.1471261963294926,4.70110031249465,4.701514530281666,-0.00041421778701611345,0.0003478151434521
0.1471261963114234,4.70110031248552,4.701514530281629,-0.00041421779610839593,0.00034781586948559996
0.1471261961936548,4.701100312469502,4.701514530281629,-0.00041421781212669373,0.0003478151434521
0.1471261964541471,4.701100312490144,4.701514530281657,-0.0004142177915129608,0.0003478138725564
0.1471261964872143,4.70110031245341,4.701514530281651,-0.0004142178282409148,0.00034781512109115
0.14712619632938184,4.7011003124656074,4.701514530281657,-0.0004142178160497778,0.00034781376768075
0.14712619624227735,4.701100312460878,4.701514530281637,-0.0004142178207588998,0.00034781509822744995
0.14712619622359285,4.701100312458246,4.701514530281618,-0.0004142178233719207,0.00034781509822744995
0.14712619624227735,4.701100312469091,4.701514530281641,-0.00041421781255035484,0.0003478143767303
0.14712619633688,4.701100312435389,4.701514530281636,-0.0004142178462469559,0.00034781556783305
0.1471261963258024,4.7011003124735655,4.701514530281663,-0.0004142178080979164,0.0003478150987302
0.147126196214323,4.701100312469024,4.701514530281627,-0.00041421781260275736,0.0003478149900294
0.1471261962755923,4.701100312463428,4.70151453028165,-0.0004142178182222622,0.0003478159164607
0.1471261964464321,4.701100312430617,4.701514530281644,-0.00041421785102713216,0.00034781444637645
0.1471261962646172,4.701100312453108,4.7015145302816315,-0.00041421782852335554,0.00034781512109115
0.1471261963186129,4.701100312473203,4.701514530281638,-0.00041421780843453604,0.0003478157382721
0.1471261962785461,4.7011003124693005,4.701514530281654,-0.0004142178123531792,0.0003478150987302
0.14712619615683065,4.701100312453862,4.701514530281636,-0.00041421782777373295,0.00034781620023235
0.1471261962765302,4.701100312493466,4.701514530281651,-0.00041421778818495625,0.0003478159164607
0.1471261962755923,4.70110031241899,4.701514530281637,-0.0004142178626471704,0.00034781586948559996
0.14712619638153096,4.701100312441522,4.701514530281626,-0.00041421784010431395,0.00034781538917875
0.14712619638153096,4.701100312416643,4.701514530281628,-0.000414217864984856,0.0003478143767303
0.1471261962784451,4.7011003124607385,4.701514530281613,-0.000414217820874363,0.00034781480687365
0.1471261962755923,4.701100312475063,4.7015145302816155,-0.00041421780655248597,0.0003478163622569
0.14712619625325246,4.7011003124621755,4.701514530281645,-0.0004142178194692647,0.0003478154816324
0.1471261964286737,4.7011003124514925,4.701514530281678,-0.00041421783018513736,0.0003478138725564
0.1471261962755923,4.701100312449957,4.701514530281639,-0.000414217831681718,0.0003478141293659
0.1471261962765302,4.701100312447205,4.7015145302816554,-0.00041421783445017013,0.0003478162989247
0.14712619624227735,4.701100312455775,4.701514530281671,-0.00041421782589612377,0.0003478164389626
0.1471261963558878,4.70110031243949,4.701514530281647,-0.0004142178421568943,0.0003478145160226
0.14712619629503526,4.701100312479735,4.701514530281645,-0.00041421780190997737,0.0003478146228414
0.1471261963114234,4.701100312445936,4.701514530281652,-0.0004142178357158244,0.0003478149900294
0.1471261966223239,4.701100312435324,4.7015145302816475,-0.00041421784632333924,0.0003478152901813
0.1471261962765302,4.701100312463002,4.701514530281656,-0.00041421781865391694,0.00034781509822744995
0.1471261962309126,4.701100312456169,4.701514530281634,-0.00041421782546535724,0.0003478149833386
0.1471261963756883,4.701100312448022,4.701514530281641,-0.00041421783361883513,0.00034781536474775003
0.1471261960848136,4.70110031244557,4.701514530281617,-0.00041421783604711493,0.0003478140468088
0.1471261962123729,4.701100312456933,4.701514530281666,-0.0004142178247334982,0.0003478158225105
0.14712619610516145,4.701100312438892,4.701514530281606,-0.00041421784271378215,0.00034781424775355
0.1471261963292711,4.7011003124359245,4.701514530281626,-0.00041421784570161435,0.0003478148823341
0.1471261962536421,4.7011003124709525,4.701514530281639,-0.00041421781068606833,0.00034781512109115
0.1471261963114234,4.701100312473977,4.701514530281639,-0.0004142178076618208,0.0003478158225105
0.1471261962784451,4.7011003124247175,4.701514530281622,-0.00041421785690420876,0.00034781394169625
0.1471261962655551,4.701100312477017,4.701514530281615,-0.00041421780459760527,0.00034781444637645
0.1471261962780576,4.701100312450108,4.701514530281633,-0.0004142178315253986,0.00034781671508535
0.1471261962362931,4.70110031245752,4.701514530281654,-0.0004142178241339778,0.0003478149900294
0.1471261963114234,4.701100312473348,4.701514530281625,-0.00041421780827732846,0.0003478149900294
0.14712619623360285,4.701100312467917,4.701514530281636,-0.00041421781371919764,0.0003478148756433
0.1471261963292711,4.701100312451054,4.701514530281633,-0.0004142178305794886,0.0003478138920912
0.1471261961936548,4.701100312447112,4.701514530281627,-0.00041421783451500716,0.0003478150977247
0.1471261963033696,4.701100312453298,4.701514530281655,-0.000414217828356378,0.0003478150977247
0.14712619624227735,4.701100312482088,4.701514530281639,-0.0004142177995509755,0.00034781411054655
0.1471261965966506,4.701100312490102,4.701514530281656,-0.00041421779155470517,0.00034781393192885
0.1471261963186129,4.701100312462554,4.701514530281657,-0.0004142178191033352,0.0003478154572014
0.14712619625688061,4.7011003124617865,4.701514530281638,-0.00041421781985118145,0.0003478157382721
0.14712619625688061,4.701100312440242,4.701514530281639,-0.00041421784139661355,0.00034781469248755
0.1471261960159886,4.701100312455252,4.701514530281661,-0.0004142178264086027,0.0003478154816324
0.1471261961936548,4.7011003124941375,4.701514530281637,-0.0004142177874992825,0.0003478163648176
0.1471261961188896,4.7011003124762505,4.701514530281698,-0.000414217805447592,0.0003478156540337
0.14712619636578805,4.701100312449085,4.701514530281651,-0.0004142178325663437,0.00034781412407135
0.1471261961255093,4.701100312443576,4.701514530281628,-0.0004142178380517336,0.0003478150977247
0.14712619629503526,4.701100312472025,4.701514530281647,-0.0004142178096211424,0.00034781483275254997
0.14712619632034724,4.701100312460918,4.701514530281666,-0.00041421782074824165,0.00034781482606175004
0.14712619623360285,4.701100312467583,4.701514530281613,-0.0004142178140300601,0.00034781431739969995
0.1471261959550003,4.701100312460345,4.701514530281664,-0.0004142178213193404,0.00034781512109115
0.1471261961634504,4.701100312469183,4.70151453028165,-0.00041421781246686606,0.00034781512109115
0.1471261961188896,4.701100312458426,4.701514530281623,-0.00041421782319694955,0.00034781444637645
0.14712619632034724,4.701100312493053,4.701514530281671,-0.0004142177886183873,0.00034781444637645
0.14712619608701993,4.701100312462748,4.70151453028167,-0.00041421781892125864,0.0003478157382721
0.1471261965729913,4.701100312478591,4.701514530281665,-0.0004142178030743793,0.0003478148756433
0.1471261962309126,4.701100312456427,4.701514530281599,-0.0004142178251713702,0.00034781411054655
0.1471261962786471,4.701100312467566,4.7015145302816626,-0.00041421781409667346,0.0003478158225105
0.1471261962162731,4.70110031245826,4.701514530281648,-0.0004142178233879079,0.0003478163622569
0.14712619622164275,4.701100312477602,4.701514530281641,-0.00041421780403894104,0.0003478148823341
0.1471261963294926,4.70110031241547,4.701514530281655,-0.00041421786618478507,0.0003478148823341
0.14712619630222473,4.701100312442839,4.701514530281689,-0.000414217838850206,0.0003478142530481
0.1471261961634504,4.7011003124269255,4.7015145302816705,-0.000414217854745047,0.0003478157382721
0.1471261963558878,4.701100312466362,4.701514530281673,-0.00041421781531081336,0.0003478140468088
0.1471261963756883,4.701100312456386,4.70151453028166,-0.0004142178252735107,0.0003478160508666
0.1471261963873736,4.701100312471082,4.701514530281641,-0.0004142178105590588,0.00034781522008860003
0.1471261962785461,4.701100312464043,4.701514530281636,-0.0004142178175925437,0.00034781528967855
0.1471261963444889,4.70110031245489,4.701514530281595,-0.0004142178267052543,0.00034781509822744995
0.1471261962786471,4.701100312469843,4.7015145302816395,-0.00041421781179629136,0.00034781394169625
0.14712619640115995,4.701100312455489,4.7015145302816315,-0.0004142178261421492,0.0003478148823341
0.1471261962765302,4.701100312485512,4.701514530281618,-0.0004142177961057314,0.0003478156540337
0.1471261962362931,4.701100312454077,4.701514530281648,-0.00041421782757122827,0.0003478144509739
0.14712619629493423,4.70110031248657,4.701514530281625,-0.0004142177950550163,0.00034781464959679996
0.14712619608701993,4.701100312482567,4.70151453028167,-0.0004142177991024454,0.0003478150977247
0.1471261963294926,4.7011003124444155,4.701514530281623,-0.00041421783720707595,0.0003478154572014
0.1471261963258024,4.701100312474633,4.701514530281656,-0.00041421780702322053,0.0003478159164607
0.1471261962784451,4.7011003124511275,4.701514530281608,-0.00041421783048090077,0.0003478150987302
0.1471261961122699,4.701100312423121,4.701514530281637,-0.0004142178585153644,0.0003478154816324
0.14712619636578805,4.7011003124717625,4.701514530281669,-0.0004142178099062477,0.00034781509822744995
0.14712619629503526,4.701100312508119,4.701514530281639,-0.0004142177735193542,0.0003478156540337
0.14712619622359285,4.701100312439295,4.701514530281615,-0.00041421784231943093,0.0003478149900294
0.1471261962559427,4.70110031245576,4.7015145302816475,-0.000414217825887242,0.00034781509822744995
0.1471261962536421,4.7011003124240185,4.701514530281642,-0.0004142178576236333,0.0003478160508666
0.14712619629503526,4.70110031244117,4.701514530281615,-0.0004142178404444863,0.0003478141187768
0.1471261962362931,4.701100312471469,4.701514530281622,-0.0004142178101522731,0.0003478154816324
0.1471261960892263,4.701100312440679,4.70151453028168,-0.00041421784100137415,0.0003478143767303
0.1471261962646172,4.701100312434338,4.701514530281605,-0.0004142178472665847,0.00034781536474775003
0.1471261963426902,4.701100312447536,4.701514530281655,-0.0004142178341188796,0.0003478160508666
0.1471261962786471,4.701100312442561,4.701514530281694,-0.00041421783913264676,0.0003478152657503
0.14712619654277892,4.701100312451405,4.7015145302816475,-0.00041421783024286896,0.00034781444637645
0.1471261961387246,4.701100312459987,4.701514530281636,-0.00041421782164885457,0.00034781412407135
0.1471261963873736,4.701100312477752,4.701514530281622,-0.00041421780386929896,0.0003478163762917
0.14712619614859324,4.701100312453875,4.701514530281618,-0.0004142178277435349,0.00034781519772765
0.14712619622359285,4.701100312457853,4.701514530281603,-0.0004142178237502847,0.0003478156065929
0.1471261962755923,4.701100312465241,4.701514530281591,-0.0004142178163499821,0.0003478145160226
0.1471261962755923,4.7011003124690935,4.701514530281663,-0.00041421781256989476,0.0003478150977247
0.1471261962449676,4.701100312467126,4.701514530281674,-0.0004142178145478681,0.0003478141293659
0.1471261962309126,4.7011003124464255,4.7015145302816235,-0.00041421783519801636,0.00034781483275254997
0.1471261962309126,4.701100312465399,4.701514530281662,-0.00041421781626294063,0.00034781469248755
0.14712619600000143,4.701100312465271,4.701514530281663,-0.0004142178163926147,0.0003478141187768
0.1471261963114234,4.701100312433356,4.7015145302816475,-0.0004142178482915426,0.00034781432269425
0.1471261962786471,4.701100312486173,4.701514530281662,-0.0004142177954884474,0.0003478152967251
0.1471261963444889,4.7011003124587365,4.701514530281602,-0.000414217822865659,0.0003478162151922
0.1471261964541471,4.701100312435836,4.701514530281678,-0.00041421784584194654,0.0003478162151922
0.147126196214323,4.701100312445532,4.701514530281629,-0.0004142178360968529,0.00034781515086145
0.1471261963292711,4.701100312470209,4.701514530281619,-0.00041421781140993374,0.0003478145160226
0.1471261966910692,4.701100312485507,4.701514530281675,-0.0004142177961679039,0.0003478136374646
0.1471261963114234,4.701100312429895,4.701514530281679,-0.00041421785178474835,0.00034781405503905
0.1471261963756883,4.701100312436574,4.701514530281608,-0.00041421784503459236,0.0003478150987302
0.1471261959008246,4.701100312463283,4.701514530281622,-0.0004142178183386136,0.0003478160508666
0.14712619633688,4.701100312490716,4.701514530281679,-0.00041421779096317835,0.0003478148689525
0.1471261962309126,4.701100312447789,4.701514530281661,-0.000414217833871966,0.00034781424775355
0.14712619629350787,4.701100312460135,4.7015145302816155,-0.00041421782148010067,0.0003478148756433
0.1471261963444889,4.701100312440755,4.701514530281668,-0.0004142178409125563,0.0003478139913013
0.1471261962655551,4.701100312463213,4.701514530281642,-0.0004142178184292078,0.0003478163673783
0.14712619623360285,4.7011003124485145,4.7015145302816,-0.0004142178330859281,0.0003478146295322
0.14712619630348034,4.701100312450758,4.701514530281641,-0.0004142178308832456,0.00034781556783305
0.1471261962646172,4.701100312463404,4.701514530281653,-0.0004142178182489076,0.0003478148756433
0.1471261962123729,4.701100312442174,4.701514530281648,-0.00041421783947459545,0.00034781483275254997
0.14712619622359285,4.701100312451085,4.701514530281606,-0.0004142178305208688,0.0003478148756433
0.1471261964363887,4.70110031245933,4.701514530281671,-0.00041421782234163373,0.0003478138920912
0.1471261962774681,4.701100312469187,4.701514530281677,-0.0004142178124899587,0.0003478163673783
0.1471261963114234,4.701100312434272,4.701514530281623,-0.0004142178473509617,0.00034781444637645
0.1471261961255093,4.701100312472734,4.701514530281654,-0.00041421780891948146,0.00034781445626845
0.1471261964109153,4.701100312448271,4.701514530281649,-0.0004142178333781388,0.0003478138920912
0.1471261962786471,4.701100312470345,4.701514530281652,-0.00041421781130690505,0.00034781457995065
0.1471261963933018,4.701100312465031,4.7015145302816235,-0.0004142178165924548,0.00034781464959679996
0.1471261962785461,4.701100312445312,4.701514530281632,-0.0004142178363206739,0.00034781411054655
0.1471261962660436,4.70110031244426,4.701514530281588,-0.0004142178373278682,0.0003478141840158
0.1471261964541471,4.7011003124421995,4.701514530281601,-0.0004142178394017648,0.00034781457995065
0.14712619638153096,4.701100312457955,4.701514530281631,-0.0004142178236756777,0.0003478141023163
0.14712619629503526,4.701100312442274,4.701514530281622,-0.00041421783934758594,0.0003478159164607
0.1471261962449676,4.701100312451757,4.701514530281666,-0.00041421782990891387,0.0003478160923837
0.14712619596966414,4.701100312402911,4.7015145302816475,-0.0004142178787365225,0.0003478163622569
0.1471261960892263,4.701100312468152,4.701514530281612,-0.00041421781345984954,0.0003478162763254
0.1471261962780576,4.701100312468756,4.701514530281659,-0.00041421781290296167,0.00034781498384134997
0.14712619639914443,4.701100312479057,4.701514530281644,-0.0004142178025867693,0.00034781412407135
0.1471261962774681,4.701100312464398,4.701514530281671,-0.00041421781727368767,0.000347814783171
0.1471261961749367,4.701100312459887,4.701514530281602,-0.00041421782171546795,0.00034781444637645
0.14712619632034724,4.701100312476234,4.701514530281664,-0.0004142178054307166,0.0003478157382721
0.14712619610074812,4.7011003124684425,4.701514530281624,-0.0004142178131818497,0.00034781536474775003
0.14712619616919353,4.701100312412066,4.701514530281626,-0.00041421786955986306,0.00034781482606175004
0.1471261963258024,4.7011003124572985,4.701514530281665,-0.00041421782436668053,0.00034781457995065
0.147126196214323,4.701100312462635,4.701514530281669,-0.0004142178190340573,0.0003478135932584
0.1471261962786471,4.701100312487202,4.7015145302815995,-0.0004142177943977643,0.0003478150977247
0.1471261962536421,4.70110031247298,4.701514530281669,-0.00041421780868855507,0.0003478148689525
0.1471261962362931,4.701100312445994,4.7015145302816315,-0.0004142178356376647,0.0003478165827695
0.1471261962770187,4.701100312453588,4.70151453028166,-0.0004142178280721609,0.0003478163305908
0.14712619632938184,4.70110031247928,4.701514530281616,-0.000414217802336303,0.00034781522008860003
0.147126196214323,4.701100312473027,4.7015145302816155,-0.0004142178085881909,0.00034781482606175004
0.1471261961634504,4.701100312464047,4.70151453028164,-0.0004142178175934319,0.00034781547537940003
0.1471261962449676,4.701100312471264,4.701514530281601,-0.0004142178103370142,0.0003478139023755
0.1471261961749367,4.701100312492323,4.701514530281621,-0.0004142177892978438,0.00034781584841229996
0.1471261962755923,4.701100312446649,4.701514530281638,-0.00041421783498840625,0.000347814783171
0.1471261962262831,4.701100312454803,4.701514530281638,-0.00041421782683492836,0.0003478138920912
0.1471261962786471,4.701100312449152,4.701514530281646,-0.00041421783249351307,0.0003478140468088
0.1471261962774681,4.701100312461256,4.701514530281609,-0.00041421782035300225,0.0003478163852051
0.1471261961122699,4.701100312485189,4.701514530281624,-0.0004142177964352456,0.00034781482606175004
0.1471261961634504,4.701100312441887,4.701514530281695,-0.00041421783980855054,0.0003478149900294
0.14712619617554876,4.701100312452772,4.701514530281629,-0.00041421782885642244,0.0003478149900294
0.14712619624227735,4.701100312453584,4.701514530281631,-0.0004142178280464037,0.0003478154572014
0.14712619622359285,4.701100312456332,4.701514530281658,-0.0004142178253259132,0.00034781536474775003
0.14712619616919353,4.70110031241976,4.701514530281614,-0.0004142178618540271,0.0003478160508666
0.14712619613211697,4.701100312450233,4.701514530281655,-0.0004142178314214817,0.0003478161852725
0.1471261962162731,4.70110031244103,4.701514530281657,-0.00041421784062745104,0.00034781565207145
0.14712619617554876,4.701100312450341,4.701514530281633,-0.00041421783129180767,0.00034781640317045
0.14712619623360285,4.701100312493878,4.701514530281631,-0.00041421778775241336,0.00034781512058839996
0.147126196214323,4.701100312472083,4.701514530281653,-0.00041421780956962806,0.00034781464959679996
0.1471261962536421,4.701100312434705,4.701514530281664,-0.000414217846959275,0.0003478159164607
0.1471261963186129,4.7011003124404445,4.701514530281642,-0.0004142178411976616,0.0003478138920912
0.1471261963756883,4.701100312483136,4.701514530281643,-0.00041421779850736584,0.0003478138823238
0.1471261961188896,4.701100312457063,4.701514530281626,-0.00041421782456296796,0.00034781606582645
0.14712619615683065,4.701100312460616,4.701514530281664,-0.00041421782104844596,0.0003478148756433
0.14712619632938184,4.701100312465525,4.701514530281627,-0.00041421781610218034,0.000347813957883
0.1471261961936548,4.701100312465853,4.701514530281649,-0.00041421781579664696,0.0003478154572014
0.1471261960848136,4.70110031245221,4.701514530281624,-0.0004142178294141985,0.0003478152967251
0.1471261962559427,4.701100312439551,4.701514530281601,-0.00041421784205031287,0.00034781512109115
0.14712619632753676,4.701100312444291,4.701514530281645,-0.0004142178373536254,0.00034781473722749997
0.14712619635018837,4.701100312476168,4.701514530281648,-0.0004142178054804546,0.0003478138134497
0.14712619627385826,4.701100312475311,4.701514530281679,-0.00041421780636863303,0.0003478162420986
0.1471261962786471,4.701100312467621,4.701514530281655,-0.0004142178140336128,0.00034781522008860003
0.14712619618986175,4.701100312494081,4.701514530281659,-0.0004142177875783304,0.0003478157382721
0.1471261962162731,4.701100312470548,4.7015145302816,-0.00041421781105199784,0.0003478149900294
0.1471261961387246,4.701100312474621,4.701514530281627,-0.00041421780700634514,0.0003478148756433
0.1471261962774681,4.701100312457819,4.701514530281631,-0.000414217823811569,0.00034781444637645
0.14712619629503526,4.701100312437447,4.701514530281651,-0.00041421784420414554,0.0003478156540337
0.14712619633699076,4.701100312482104,4.701514530281645,-0.0004142177995412055,0.0003478152967251
0.1471261965125665,4.701100312462891,4.701514530281639,-0.00041421781874717567,0.0003478162151922
0.1471261963265782,4.7011003124524295,4.701514530281652,-0.00041421782922235195,0.00034781444637645
0.1471261960179878,4.7011003124437885,4.7015145302816395,-0.0004142178378510053,0.0003478161076927
0.1471261963294926,4.70110031249395,4.7015145302816155,-0.00041421778766537187,0.0003478156540337
0.1471261963294926,4.701100312483109,4.701514530281644,-0.0004142177985348994,0.0003478148689525
0.1471261962449676,4.70110031246197,4.701514530281644,-0.00041421781967354576,0.00034781509822744995
0.1471261963558878,4.701100312460458,4.7015145302816315,-0.0004142178211736791,0.00034781536474775003
0.1471261962779566,4.701100312453347,4.701514530281662,-0.0004142178283146336,0.0003478154816324
0.14712619629503526,4.701100312471438,4.701514530281652,-0.0004142178102135574,0.00034781457995065
0.1471261961956049,4.701100312478969,4.701514530281625,-0.00041421780265604724,0.0003478148823341
0.1471261960179878,4.701100312480293,4.7015145302816475,-0.00041421780135486586,0.0003478154327704
0.1471261962123729,4.7011003124598325,4.701514530281618,-0.00041421782178563404,0.0003478141023163
0.1471261962785461,4.701100312491642,4.701514530281627,-0.0004142177899852939,0.0003478135251262
0.14712619632034724,4.701100312474851,4.701514530281634,-0.00041421780678341236,0.00034781536474775003
0.1471261962655551,4.701100312438869,4.701514530281649,-0.00041421784278039553,0.00034781457995065
0.14712619629350787,4.701100312480901,4.7015145302816475,-0.00041421780074646364,0.0003478151434521
0.1471261962262831,4.7011003124787365,4.701514530281641,-0.0004142178029047372,0.0003478148689525
0.1471261962309126,4.701100312487804,4.701514530281616,-0.0004142177938124547,0.0003478148689525
0.14712619618791167,4.7011003124614135,4.70151453028163,-0.0004142178202162228,0.0003478154572014
0.1471261961387246,4.701100312465638,4.701514530281668,-0.0004142178160302379,0.0003478142530481
0.1471261961956049,4.701100312470874,4.701514530281645,-0.0004142178107704453,0.00034781536474775003
0.14712619632034724,4.701100312456062,4.701514530281681,-0.0004142178256190121,0.00034781556783305
0.1471261964872143,4.701100312448021,4.701514530281647,-0.00041421783362594056,0.00034781554340205
0.1471261963584331,4.701100312457561,4.701514530281656,-0.00041421782409489794,0.0003478164750739
0.1471261963186129,4.701100312444009,4.7015145302816395,-0.00041421783763073705,0.00034781593461295
0.1471261961956049,4.7011003124432795,4.7015145302816626,-0.00041421783838302417,0.00034781620023235
0.14712619622359285,4.701100312445183,4.70151453028165,-0.0004142178364672233,0.00034781565207145
0.1471261963276475,4.701100312498827,4.7015145302816235,-0.0004142177827963778,0.0003478160508666
0.14712619635018837,4.70110031250064,4.701514530281659,-0.00041421778101913276,0.0003478140468088
0.1471261963292711,4.7011003124672515,4.701514530281661,-0.00041421781440931227,0.0003478138920912
0.14712619613211697,4.701100312455979,4.701514530281646,-0.00041421782566697374,0.00034781625705844997
0.1471261963292711,4.701100312463455,4.701514530281643,-0.00041421781818762327,0.0003478143767303
0.1471261962162731,4.701100312485713,4.701514530281613,-0.000414217795899674,0.0003478141187768
0.14712619629493423,4.701100312460654,4.70151453028164,-0.00041421782098627347,0.00034781512109115
0.14712619633699076,4.701100312452009,4.7015145302816626,-0.0004142178296531185,0.000347814783171
0.14712619633699076,4.70110031248151,4.701514530281667,-0.00041421780015671317,0.00034781482606175004
0.1471261962779566,4.701100312450219,4.70151453028162,-0.0004142178314010536,0.0003478151434521
0.1471261962765302,4.701100312472293,4.70151453028165,-0.0004142178093573534,0.00034781625705844997
0.1471261962779566,4.701100312454698,4.701514530281628,-0.00041421782692996345,0.0003478148823341
0.1471261963038581,4.701100312458242,4.701514530281639,-0.0004142178233967897,0.0003478145160226
0.14712619624227735,4.701100312447155,4.701514530281652,-0.0004142178344972436,0.0003478160038915
0.1471261963716307,4.70110031246223,4.701514530281633,-0.0004142178194035395,0.0003478142530481
0.14712619632034724,4.701100312438606,4.701514530281652,-0.0004142178430459609,0.0003478150977247
0.1471261962646172,4.701100312469054,4.701514530281632,-0.00041421781257877655,0.0003478148689525
0.14712619629503526,4.701100312460512,4.701514530281634,-0.00041421782112216476,0.000347814783171
0.1471261961634504,4.701100312493651,4.701514530281637,-0.0004142177879860043,0.00034781528811125
0.14712619618791167,4.7011003124585455,4.701514530281686,-0.00041421782314010613,0.00034781512109115
0.147126196124132,4.701100312479234,4.701514530281638,-0.00041421780240380457,0.0003478150977247
0.1471261963114234,4.701100312430602,4.701514530281619,-0.0004142178510173622,0.00034781457995065
0.1471261958911573,4.701100312445129,4.701514530281645,-0.00041421783651607313,0.00034781586948559996
0.1471261962765302,4.701100312484269,4.701514530281658,-0.0004142177973891492,0.00034781512109115
0.14712619613786015,4.70110031247905,4.701514530281634,-0.0004142178025841048,0.0003478150977247
0.1471261961255093,4.701100312426414,4.701514530281664,-0.00041421785525042054,0.00034781499053215
0.1471261963292711,4.701100312449651,4.701514530281651,-0.00041421783199968587,0.00034781411054655
0.14712619615108752,4.701100312485029,4.701514530281626,-0.00041421779659689406,0.0003478161852725
0.1471261962770187,4.701100312458278,4.701514530281647,-0.000414217823368368,0.0003478160038915
0.1471261960159886,4.701100312471901,4.701514530281643,-0.00041421780974193467,0.0003478161852725
0.14712619629503526,4.701100312460906,4.701514530281668,-0.0004142178207615643,0.00034781586948559996
0.1471261963038581,4.701100312448159,4.701514530281625,-0.00041421783346606844,0.0003478154572014
0.14712619616919353,4.701100312488616,4.701514530281627,-0.0004142177930113178,0.00034781538917875
0.147126196214323,4.701100312441784,4.701514530281618,-0.0004142178398343077,0.0003478148823341
0.1471261963114234,4.701100312450017,4.701514530281633,-0.0004142178316159928,0.000347814783171
0.1471261962779566,4.701100312501797,4.70151453028167,-0.0004142177798724944,0.0003478141187768
0.1471261963426902,4.701100312445158,4.70151453028162,-0.00041421783646189425,0.00034781431739969995
0.1471261962755923,4.701100312466153,4.701514530281631,-0.0004142178154777909,0.00034781556783305
0.14712619613211697,4.701100312463505,4.701514530281637,-0.000414217818131668,0.0003478150977247
0.1471261962755923,4.701100312491608,4.701514530281624,-0.00041421779001638015,0.00034781457995065
0.1471261962449676,4.7011003124603326,4.701514530281628,-0.00041421782129535956,0.0003478145160226
0.14712619633699076,4.701100312472267,4.701514530281646,-0.0004142178093786697,0.0003478148756433
0.1471261962162731,4.701100312449154,4.7015145302816315,-0.00041421783247752586,0.00034781394169625
0.14712619618791167,4.701100312473305,4.7015145302816235,-0.00041421780831818467,0.00034781522008860003
0.1471261962559427,4.7011003124752735,4.701514530281658,-0.00041421780638462025,0.0003478163305908
0.1471261962779566,4.7011003124718265,4.701514530281636,-0.00041421780980943623,0.0003478148756433
0.14712619636578805,4.701100312458173,4.701514530281605,-0.00041421782343142866,0.00034781460825075
0.14712619601583174,4.701100312477987,4.70151453028164,-0.0004142178036534716,0.0003478145160226
0.1471261962309126,4.701100312475178,4.701514530281659,-0.0004142178064814317,0.0003478161852725
0.1471261960917187,4.701100312480478,4.70151453028159,-0.00041421780111150497,0.0003478162151922
0.14712619639914443,4.701100312479792,4.701514530281607,-0.0004142178018149423,0.0003478149833386
0.1471261961255093,4.70110031245651,4.70151453028165,-0.00041421782514028394,0.00034781536474775003
0.1471261960159886,4.701100312456768,4.701514530281664,-0.00041421782489603487,0.00034781340483315
0.1471261964617409,4.701100312502361,4.701514530281681,-0.00041421777932004744,0.00034781384300305
0.14712619635832236,4.7011003124750355,4.701514530281666,-0.00041421780663064567,0.0003478143767303
0.1471261962309126,4.701100312465118,4.701514530281674,-0.0004142178165560395,0.0003478156540337
0.1471261963294926,4.7011003124342015,4.701514530281614,-0.000414217847412246,0.0003478157382721
0.1471261962646172,4.701100312479156,4.701514530281646,-0.0004142178024899579,0.0003478141023163
0.1471261963258024,4.70110031248193,4.701514530281654,-0.0004142177997232821,0.0003478145160226
0.1471261961634504,4.701100312446343,4.701514530281641,-0.0004142178352983805,0.00034781651086605
0.14712619616232142,4.701100312479002,4.701514530281644,-0.0004142178026418364,0.00034781522008860003
0.1471261962784451,4.70110031244341,4.701514530281651,-0.0004142178382409156,0.0003478148689525
0.14712619622359285,4.7011003124528425,4.701514530281651,-0.0004142178288084608,0.0003478163305908
0.1471261964464321,4.701100312481469,4.70151453028161,-0.00041421780014072596,0.00034781620023235
0.14712619635259044,4.7011003124733355,4.701514530281611,-0.0004142178082755521,0.00034781411054655
0.1471261963186129,4.701100312480381,4.701514530281697,-0.000414217801315786,0.00034781499053215
0.1471261961188896,4.701100312473936,4.70151453028164,-0.0004142178077044534,0.00034781464959679996
0.1471261960504011,4.701100312455862,4.7015145302817105,-0.00041421782584816214,0.0003478163673783
0.14712619629503526,4.701100312470183,4.701514530281667,-0.00041421781148365255,0.0003478149833386
0.1471261962449676,4.701100312474431,4.701514530281657,-0.0004142178072266134,0.00034781512109115
0.1471261962784451,4.701100312432272,4.701514530281635,-0.0004142178493626858,0.0003478152967251
0.14712619618791167,4.701100312450339,4.701514530281659,-0.0004142178313202294,0.0003478159164607
0.1471261962559427,4.701100312461069,4.701514530281632,-0.00041421782056350054,0.00034781556783305
0.1471261961188896,4.701100312443945,4.701514530281635,-0.000414217837690245,0.00034781536474775003
0.1471261961387246,4.70110031244478,4.701514530281651,-0.0004142178368713445,0.00034781586948559996
0.1471261962123729,4.701100312451807,4.701514530281619,-0.0004142178298121024,0.0003478149833386
0.1471261963186129,4.701100312452733,4.7015145302816475,-0.00041421782891415404,0.00034781536474775003
0.1471261962785461,4.701100312481522,4.701514530281648,-0.0004142178001265151,0.00034781464959679996
0.1471261963186129,4.701100312475498,4.701514530281665,-0.00041421780616701653,0.0003478151434521
0.1471261962362931,4.701100312485838,4.70151453028166,-0.0004142177958215143,0.00034781482606175004
0.1471261961936548,4.701100312445857,4.70151453028167,-0.0004142178358126358,0.000347814783171
0.1471261962779566,4.701100312458504,4.70151453028163,-0.0004142178231258953,0.0003478160508666
0.1471261962780576,4.701100312467162,4.701514530281668,-0.0004142178145061237,0.0003478150987302
0.1471261962755923,4.701100312455111,4.7015145302816475,-0.0004142178265365004,0.0003478141293659
0.1471261962449676,4.701100312468952,4.701514530281648,-0.0004142178126960161,0.0003478150977247
0.1471261962765302,4.701100312461598,4.701514530281645,-0.0004142178200465807,0.0003478160508666
0.1471261963600886,4.701100312443501,4.70151453028165,-0.00041421783814943325,0.0003478145160226
0.1471261963756883,4.701100312462501,4.70151453028163,-0.0004142178191290924,0.00034781509822744995
0.1471261962362931,4.701100312469591,4.70151453028164,-0.0004142178120494222,0.00034781554340205
0.14712619633699076,4.7011003124503405,4.7015145302816155,-0.0004142178312749323,0.0003478148756433
0.1471261962765302,4.701100312414865,4.701514530281643,-0.00041421786677808825,0.00034781482606175004
0.1471261962309126,4.70110031246757,4.701514530281612,-0.0004142178140416064,0.00034781625705844997
0.14712619622359285,4.701100312487548,4.701514530281636,-0.00041421779408779,0.00034781483275254997
0.1471261960524003,4.701100312481321,4.70151453028166,-0.00041421780033878974,0.00034781394169625
0.14712619613211697,4.701100312481432,4.701514530281622,-0.00041421780018957577,0.0003478146295322
0.14712619635018837,4.701100312462115,4.701514530281629,-0.00041421781951367365,0.00034781509822744995
0.1471261963292711,4.701100312475447,4.701514530281648,-0.0004142178062016555,0.00034781536474775003
0.1471261963294926,4.701100312471855,4.701514530281657,-0.0004142178098023308,0.00034781412407135
0.14712619629503526,4.701100312467692,4.701514530281626,-0.0004142178139341368,0.0003478138920912
0.14712619630222473,4.701100312474497,4.701514530281635,-0.00041421780713779555,0.00034781444637645
0.14712619629493423,4.701100312511382,4.701514530281671,-0.00041421777028904927,0.0003478161852725
0.14712619632753676,4.701100312478221,4.701514530281638,-0.00041421780341632797,0.0003478163648176
0.1471261962362931,4.701100312453961,4.70151453028167,-0.0004142178277088959,0.0003478154572014
0.1471261962362931,4.701100312457964,4.70151453028166,-0.0004142178236961058,0.000347816373731
0.1471261963444889,4.701100312511972,4.701514530281674,-0.00041421776970196333,0.0003478142530481
0.14712619616919353,4.701100312449231,4.701514530281635,-0.00041421783240380705,0.00034781512109115
0.1471261961936548,4.70110031245586,4.70151453028163,-0.00041421782577000243,0.0003478148756433
0.14712619623360285,4.701100312445318,4.701514530281611,-0.00041421783629314035,0.0003478151434521
0.1471261962765302,4.701100312444616,4.701514530281657,-0.0004142178370409866,0.0003478154816324
0.1471261963258024,4.701100312482772,4.701514530281636,-0.0004142177988635254,0.0003478146228414
0.1471261962449676,4.701100312452571,4.701514530281654,-0.00041421782908290794,0.00034781528811125
0.14712619623360285,4.701100312481504,4.701514530281624,-0.00041421780012029785,0.0003478149833386
0.1471261962785461,4.701100312461469,4.701514530281653,-0.0004142178201833602,0.0003478150977247
0.1471261963114234,4.701100312493357,4.701514530281684,-0.0004142177883270648,0.0003478152657503
0.1471261964109153,4.701100312458949,4.70151453028162,-0.00041421782267114793,0.0003478142530481
0.14712619632938184,4.7011003124318185,4.701514530281601,-0.0004142178497827942,0.0003478150987302
0.1471261963114234,4.701100312476745,4.701514530281638,-0.0004142178048924805,0.00034781509822744995
0.1471261962162731,4.701100312465914,4.701514530281611,-0.000414217815697171,0.0003478157409988
0.1471261963114234,4.7011003124742565,4.701514530281632,-0.00041421780737582736,0.0003478149900294
0.1471261963186129,4.7011003124903405,4.7015145302816395,-0.0004142177912989098,0.0003478142530481
0.1471261962123729,4.701100312453592,4.701514530281628,-0.0004142178280357456,0.0003478148823341
0.14712619630222473,4.701100312483051,4.701514530281645,-0.00041421779859351915,0.00034781457995065
0.1471261961936548,4.701100312438744,4.7015145302816705,-0.00041421784292694497,0.0003478154327704
0.14712619616919353,4.701100312450932,4.701514530281614,-0.0004142178306816291,0.0003478157382721
0.147126196214323,4.701100312445516,4.701514530281643,-0.000414217836127051,0.0003478138920912
0.14712619615683065,4.70110031242587,4.701514530281631,-0.00041421785576023495,0.0003478148823341
0.1471261960159886,4.701100312452462,4.701514530281643,-0.00041421782918060757,0.0003478154816324
0.1471261962646172,4.701100312459082,4.701514530281655,-0.0004142178225725601,0.0003478148689525
0.1471261966861272,4.701100312491473,4.7015145302816315,-0.0004142177901584887,0.0003478141293659
0.1471261964617409,4.701100312472352,4.701514530281632,-0.0004142178092800819,0.000347814783171
0.14712619633699076,4.701100312486227,4.701514530281604,-0.0004142177953765369,0.0003478148689525
0.1471261962774681,4.701100312435877,4.7015145302816315,-0.00041421784575490506,0.0003478158225105
0.14712619608701993,4.701100312450715,4.701514530281634,-0.00041421783091877273,0.00034781512058839996
0.14712619632034724,4.701100312477924,4.701514530281649,-0.00041421780372541406,0.0003478139956666
0.1471261961387246,4.701100312461842,4.701514530281674,-0.0004142178198325297,0.00034781509822744995
0.14712619623360285,4.70110031245927,4.701514530281685,-0.00041421782241446437,0.0003478144301269
0.14712619615683065,4.701100312475729,4.701514530281643,-0.0004142178059138857,0.00034781547537940003
0.1471261962362931,4.701100312504525,4.70151453028164,-0.0004142177771155886,0.0003478160508666
0.1471261962449676,4.7011003124659325,4.701514530281661,-0.0004142178157282572,0.00034781586948559996
0.1471261962536421,4.7011003124717705,4.701514530281679,-0.0004142178099089122,0.0003478154327704
0.1471261962362931,4.7011003124698885,4.7015145302816554,-0.00041421781176698147,0.0003478140468088
0.1471261962786471,4.701100312461568,4.701514530281672,-0.0004142178201043123,0.00034781519772765
0.1471261962330075,4.701100312476286,4.701514530281657,-0.00041421780537120867,0.0003478141293659
0.1471261962449676,4.701100312433839,4.701514530281641,-0.0004142178478021563,0.00034781482606175004
0.1471261960892263,4.701100312455113,4.7015145302816705,-0.0004142178265578167,0.0003478163305908
0.1471261962449676,4.7011003124404995,4.701514530281674,-0.00041421784117456895,0.0003478148756433
0.1471261962779566,4.701100312508481,4.701514530281627,-0.00041421777314631925,0.0003478136796882
0.1471261962785461,4.701100312477185,4.701514530281641,-0.0004142178044563849,0.00034781556783305
0.14712619632938184,4.701100312499352,4.70151453028164,-0.0004142177822883397,0.00034781512109115
0.1471261962785461,4.701100312478982,4.701514530281649,-0.00041421780266759356,0.00034781509822744995
0.1471261963114234,4.70110031246183,4.701514530281655,-0.0004142178198245361,0.0003478151434521
0.1471261962349576,4.701100312473682,4.701514530281624,-0.0004142178079424852,0.00034781483275254997
0.1471261962779566,4.701100312473353,4.701514530281668,-0.00041421780831463195,0.0003478160508666
0.1471261963426902,4.7011003124885,4.701514530281639,-0.0004142177931383273,0.00034781565207145
0.147126196214323,4.701100312425908,4.701514530281622,-0.0004142178557140497,0.0003478158225105
0.1471261963444889,4.7011003124368465,4.70151453028166,-0.00041421784481343593,0.00034781536474775003
0.1471261962755923,4.701100312461176,4.701514530281627,-0.0004142178204507019,0.00034781556783305
0.1471261962574701,4.701100312438296,4.701514530281615,-0.00041421784331863165,0.00034781628872455
0.1471261962755923,4.7011003124622315,4.701514530281656,-0.0004142178194248558,0.0003478150987302
0.1471261962536421,4.701100312435693,4.701514530281643,-0.0004142178459503043,0.0003478162420986
0.1471261962784451,4.701100312416559,4.701514530281616,-0.00041421786505768665,0.00034781482606175004
0.1471261962779566,4.701100312486649,4.701514530281649,-0.00041421779499994926,0.0003478148689525
0.14712619636578805,4.701100312470963,4.701514530281662,-0.00041421781069850283,0.00034781482606175004
0.1471261963038581,4.701100312458718,4.7015145302816235,-0.00041421782290562703,0.00034781411054655
0.1471261962765302,4.701100312482973,4.701514530281644,-0.00041421779867079067,0.0003478148756433
0.1471261961255093,4.7011003124506345,4.70151453028161,-0.00041421783097561615,0.0003478143767303
0.147126196214323,4.7011003124451065,4.701514530281644,-0.0004142178365373894,0.00034781556783305
0.14712619630212376,4.701100312449455,4.701514530281639,-0.0004142178321835388,0.0003478162420986
0.1471261963033696,4.7011003124521515,4.701514530281626,-0.0004142178294745946,0.0003478154327704
0.1471261962755923,4.701100312460659,4.701514530281618,-0.00041421782095873994,0.00034781457995065
0.14712619614447986,4.701100312431654,4.7015145302816705,-0.0004142178500163851,0.00034781606582645
0.1471261962786471,4.701100312451979,4.70151453028164,-0.0004142178296611121,0.00034781620023235
0.1471261963186129,4.701100312462457,4.701514530281648,-0.0004142178191912649,0.00034781556783305
0.1471261962786471,4.701100312482519,4.701514530281628,-0.00041421779910866263,0.000347814783171
0.1471261963114234,4.701100312462572,4.701514530281649,-0.00041421781907757804,0.0003478163648176
0.1471261962655551,4.70110031245672,4.701514530281608,-0.00041421782488804126,0.0003478154327704
0.1471261960159886,4.701100312471991,4.701514530281703,-0.0004142178097126248,0.0003478154816324
0.14712619629503526,4.701100312461759,4.70151453028162,-0.0004142178198609514,0.0003478140468088
0.14712619629503526,4.701100312488588,4.701514530281647,-0.00041421779305839124,0.0003478151434521
0.14712619616919353,4.701100312457456,4.701514530281641,-0.00041421782418549213,0.0003478157382721
0.14712619616919353,4.701100312447056,4.70151453028164,-0.00041421783458428507,0.0003478162989247
0.1471261963258024,4.701100312476884,4.701514530281661,-0.0004142178047770173,0.0003478141293659
0.1471261963292711,4.701100312454789,4.701514530281617,-0.00041421782682782293,0.0003478142530481
0.1471261962449676,4.701100312428486,4.70151453028166,-0.0004142178531738594,0.0003478156540337
0.1471261962449676,4.701100312462319,4.701514530281618,-0.00041421781929873447,0.0003478148756433
0.1471261962162731,4.701100312471806,4.701514530281654,-0.0004142178098476279,0.00034781620023235
0.1471261961255093,4.701100312481259,4.701514530281633,-0.0004142178003743169,0.000347814783171
0.1471261962449676,4.7011003124785065,4.701514530281673,-0.00041421780316674983,0.00034781586948559996
0.14712619635018837,4.701100312464842,4.701514530281631,-0.00041421781678874225,0.00034781445626845
0.1471261962536421,4.701100312465272,4.701514530281639,-0.0004142178163668575,0.0003478150987302
0.14712619632034724,4.701100312432519,4.701514530281661,-0.00041421784914152937,0.0003478154327704
0.147126196214323,4.701100312476014,4.7015145302816315,-0.0004142178056172341,0.0003478139913013
0.1471261962779566,4.7011003124686885,4.701514530281634,-0.00041421781294559423,0.00034781464959679996
0.1471261962162731,4.7011003124475454,4.701514530281626,-0.0004142178340806879,0.0003478148689525
0.14712619622359285,4.7011003124637805,4.701514530281668,-0.00041421781788741896,0.0003478148756433
0.1471261962784451,4.701100312487781,4.701514530281629,-0.00041421779384798185,0.00034781482606175004
0.1471261962786471,4.701100312432424,4.7015145302816865,-0.00041421784926232164,0.0003478138823238
0.1471261962785461,4.7011003124415724,4.701514530281623,-0.00041421784005013507,0.0003478160508666
0.1471261964363887,4.701100312431132,4.701514530281656,-0.00041421785052442317,0.00034781469248755
0.14712619633699076,4.70110031245783,4.70151453028165,-0.0004142178238204508,0.0003478139913013
0.1471261961642715,4.701100312483291,4.701514530281649,-0.00041421779835815187,0.0003478152967251
0.14712619634084512,4.70110031245771,4.701514530281627,-0.00041421782391726225,0.0003478153987429
0.1471261962646172,4.701100312440359,4.701514530281671,-0.0004142178413122366,0.0003478150977247
0.1471261962771197,4.701100312463986,4.701514530281634,-0.00041421781764849896,0.0003478148823341
0.1471261962786471,4.7011003124605875,4.701514530281604,-0.00041421782101647153,0.00034781586948559996
0.1471261963186129,4.701100312464993,4.7015145302816235,-0.0004142178166306465,0.0003478150128931
0.14712619615108752,4.701100312461162,4.70151453028163,-0.00041421782046757727,0.0003478162151922
0.1471261962362931,4.7011003124949005,4.701514530281651,-0.0004142177867505481,0.00034781512058839996
0.14712619630222473,4.701100312456645,4.701514530281666,-0.000414217825021268,0.00034781464959679996
0.14712619622359285,4.7011003124554405,4.701514530281653,-0.0004142178262123153,0.0003478154572014
0.1471261963558878,4.701100312459901,4.701514530281634,-0.0004142178217332315,0.00034781499053215
0.14712619642461783,4.701100312448674,4.70151453028164,-0.000414217832966024,0.00034781434789189997
0.14712619622359285,4.70110031245886,4.701514530281663,-0.0004142178228034865,0.0003478159164607
0.1471261962774681,4.70110031245749,4.701514530281662,-0.0004142178241712813,0.0003478160508666
0.1471261962774681,4.701100312454245,4.7015145302816315,-0.00041421782738648716,0.0003478154816324
0.1471261963756883,4.70110031245986,4.701514530281661,-0.0004142178218007331,0.00034781620023235
0.1471261961634504,4.7011003124537964,4.701514530281604,-0.00041421782780748373,0.0003478154816324
0.1471261961956049,4.701100312475488,4.701514530281642,-0.00041421780615369386,0.00034781531254225
0.14712619644997005,4.701100312475753,4.701514530281666,-0.0004142178059129975,0.0003478138070015
0.1471261965174267,4.701100312457564,4.701514530281652,-0.0004142178240877925,0.00034781482606175004
0.1471261962646172,4.701100312477188,4.701514530281656,-0.0004142178044679312,0.0003478154816324
0.1471261962309126,4.701100312432469,4.7015145302816155,-0.00041421784914685844,0.00034781512058839996
0.1471261961387246,4.701100312449741,4.7015145302816315,-0.0004142178318904399,0.00034781512109115
0.1471261962162731,4.701100312478256,4.701514530281637,-0.00041421780338080083,0.0003478151434521
0.1471261963292711,4.701100312466285,4.701514530281651,-0.0004142178153658804,0.00034781620023235
0.14712619617554876,4.701100312466406,4.701514530281644,-0.00041421781523798273,0.00034781412407135
0.1471261961749367,4.701100312440694,4.701514530281636,-0.0004142178409418662,0.0003478146228414
0.1471261962770187,4.701100312476658,4.70151453028167,-0.0004142178050114964,0.0003478149900294
0.14712619629493423,4.701100312475738,4.701514530281598,-0.0004142178058597068,0.00034781482606175004
0.1471261961634504,4.701100312462856,4.701514530281606,-0.0004142178187498402,0.0003478154816324
0.1471261962536421,4.701100312458103,4.701514530281677,-0.0004142178235735372,0.0003478150987302
0.1471261962449676,4.701100312491221,4.70151453028166,-0.0004142177904391531,0.0003478150977247
0.1471261963558878,4.7011003124678865,4.701514530281648,-0.0004142178137618302,0.00034781556783305
0.14712619635018837,4.701100312454953,4.701514530281661,-0.00041421782670791885,0.00034781531254225
0.1471261962774681,4.701100312468991,4.7015145302816075,-0.00041421781261608004,0.00034781412407135
0.1471261962646172,4.701100312461435,4.701514530281639,-0.0004142178202037883,0.00034781430916945
0.1471261963186129,4.701100312473343,4.701514530281641,-0.00041421780829864474,0.0003478148823341
0.1471261962646172,4.70110031249957,4.701514530281612,-0.0004142177820423143,0.00034781464959679996
0.1471261961936548,4.701100312483524,4.701514530281645,-0.00041421779812100823,0.0003478148689525
0.1471261961936548,4.701100312452165,4.701514530281635,-0.00041421782947015373,0.0003478163305908
0.1471261963258024,4.701100312451852,4.701514530281655,-0.00041421782980233246,0.0003478160038915
0.1471261962784451,4.70110031244302,4.701514530281651,-0.00041421783863082595,0.0003478136796882
0.14712619636578805,4.701100312491055,4.701514530281626,-0.00041421779057149166,0.00034781562764045
0.14712619636578805,4.701100312480875,4.701514530281658,-0.00041421780078287895,0.0003478157382721
0.14712619622164275,4.70110031246618,4.701514530281662,-0.0004142178154813436,0.00034781509822744995
0.1471261963114234,4.701100312483612,4.701514530281674,-0.00041421779806238845,0.00034781536474775003
0.1471261961122699,4.701100312477345,4.701514530281661,-0.0004142178043160527,0.00034781536474775003
0.1471261962786471,4.701100312469008,4.701514530281628,-0.00041421781261963275,0.0003478150977247
0.1471261963444889,4.701100312468246,4.7015145302816475,-0.00041421781340122976,0.00034781512058839996
0.1471261963258024,4.701100312473237,4.701514530281638,-0.00041421780840078526,0.0003478142530481
0.14712619633699076,4.701100312488876,4.701514530281627,-0.0004142177927510815,0.00034781411054655
0.14712619610074812,4.701100312442811,4.70151453028165,-0.0004142178388395479,0.00034781512109115
0.1471261961936548,4.7011003124413175,4.701514530281672,-0.00041421784035478026,0.0003478154327704
0.14712619635259044,4.70110031246638,4.701514530281659,-0.00041421781527883894,0.0003478138070015
0.14712619613211697,4.701100312454583,4.70151453028166,-0.0004142178270765129,0.0003478149900294
0.1471261960524003,4.701100312448559,4.701514530281633,-0.00041421783307438176,0.0003478142530481
0.1471261962774681,4.701100312445235,4.701514530281634,-0.0004142178363988336,0.00034781528811125
0.1471261962536421,4.701100312460626,4.701514530281637,-0.00041421782101114246,0.00034781464959679996
0.1471261958230842,4.7011003124534145,4.70151453028164,-0.00041421782822581577,0.0003478151434521
0.1471261962536421,4.701100312466723,4.70151453028163,-0.0004142178149066922,0.00034781512058839996
0.14712619615108752,4.701100312443069,4.701514530281625,-0.00041421783855621896,0.0003478150987302
0.14712619623360285,4.701100312460838,4.70151453028166,-0.00041421782082196046,0.00034781562764045
0.147126196214323,4.701100312470551,4.701514530281632,-0.00041421781108130773,0.00034781522008860003
0.14712619610074812,4.701100312457085,4.701514530281624,-0.00041421782453898714,0.0003478148823341
0.1471261962786471,4.701100312434572,4.7015145302816705,-0.000414217847098719,0.00034781499053215
0.1471261962262831,4.701100312459466,4.701514530281613,-0.00041421782214712266,0.00034781509822744995
0.1471261962162731,4.70110031244632,4.701514530281633,-0.00041421783531347955,0.0003478156540337
0.1471261963524797,4.701100312447559,4.701514530281622,-0.00041421783406292434,0.0003478141293659
0.1471261962449676,4.701100312459323,4.701514530281667,-0.00041421782234429827,0.00034781424775355
0.1471261962786471,4.701100312466908,4.701514530281613,-0.0004142178147050757,0.0003478162151922
0.14712619613211697,4.701100312459911,4.701514530281632,-0.0004142178217216852,0.0003478160508666
0.1471261962785461,4.701100312442107,4.701514530281618,-0.00041421783951101077,0.00034781536474775003
0.1471261965125665,4.70110031246201,4.701514530281635,-0.00041421781962469595,0.00034781522008860003
0.1471261963258024,4.70110031246337,4.701514530281644,-0.00041421781827377657,0.00034781394169625
0.1471261962646172,4.70110031246781,4.701514530281617,-0.0004142178138071273,0.00034781483275254997
0.14712619622164275,4.701100312461404,4.701514530281649,-0.00041421782024553266,0.00034781457995065
0.1471261961936548,4.701100312463921,4.701514530281649,-0.000414217817728435,0.0003478137972341
0.1471261964286737,4.701100312476758,4.701514530281637,-0.0004142178048791578,0.0003478142530481
0.147126195984328,4.701100312440111,4.701514530281695,-0.0004142178415840192,0.00034781565207145
0.14712619615108752,4.701100312457407,4.701514530281654,-0.00041421782424677644,0.00034781536474775003
0.1471261962785461,4.701100312514691,4.701514530281611,-0.0004142177669201885,0.00034781444637645
0.1471261962774681,4.701100312440761,4.701514530281678,-0.0004142178409169972,0.0003478152657503
0.1471261964286737,4.701100312455442,4.701514530281603,-0.00041421782616080094,0.00034781464959679996
0.1471261962262831,4.701100312421579,4.701514530281648,-0.00041421786006967665,0.00034781686214355005
0.14712619632753676,4.7011003124372035,4.701514530281658,-0.00041421784445461185,0.0003478154572014
0.14712619639914443,4.701100312503712,4.701514530281664,-0.0004142177779522527,0.00034781376768075
0.1471261962779566,4.701100312449228,4.701514530281624,-0.0004142178323967016,0.0003478157382721
0.1471261963258024,4.701100312461513,4.701514530281649,-0.0004142178201362867,0.00034781538917875
0.1471261963114234,4.701100312469319,4.701514530281651,-0.00041421781233186294,0.00034781556783305
0.1471261962362931,4.701100312448589,4.701514530281628,-0.0004142178330388546,0.0003478154327704
0.1471261962786471,4.7011003124422714,4.701514530281638,-0.0004142178393662377,0.0003478139023755
0.1471261961122699,4.701100312459445,4.701514530281647,-0.00041421782220130154,0.0003478154572014
0.1471261962559427,4.70110031248409,4.701514530281692,-0.00041421779760142385,0.0003478163622569
0.14712619616919353,4.701100312447294,4.701514530281633,-0.00041421783433914783,0.00034781411054655
0.1471261961956049,4.701100312455634,4.701514530281646,-0.00041421782601158696,0.0003478141187768
0.14712619635018837,4.701100312474711,4.70151453028163,-0.0004142178069184155,0.00034781431739969995
0.1471261962559427,4.701100312436219,4.7015145302816395,-0.0004142178454200618,0.0003478158225105
0.1471261962755923,4.70110031242929,4.701514530281629,-0.0004142178523389717,0.00034781412407135
0.14712619624227735,4.701100312460994,4.701514530281677,-0.00041421782068251645,0.0003478139913013
0.14712619622359285,4.701100312446856,4.701514530281634,-0.00041421783477790797,0.00034781606582645
0.1471261961936548,4.701100312470034,4.701514530281643,-0.0004142178116088857,0.0003478148823341
0.1471261963294926,4.701100312482441,4.7015145302816705,-0.0004142177992294549,0.00034781469248755
0.1471261962779566,4.701100312453207,4.701514530281668,-0.00041421782846118305,0.0003478149900294
0.1471261963873736,4.701100312449321,4.701514530281641,-0.0004142178323203183,0.00034781372545715
0.1471261962784451,4.701100312455357,4.701514530281637,-0.00041421782627981685,0.00034781536474775003
0.14712619636593124,4.701100312453976,4.701514530281699,-0.0004142178277231068,0.0003478148823341
0.1471261961749367,4.701100312453765,4.701514530281619,-0.000414217827853669,0.00034781512109115
0.1471261962536421,4.701100312466408,4.701514530281658,-0.00041421781525041723,0.00034781536474775003
0.14712619638153096,4.701100312450523,4.701514530281635,-0.00041421783111239563,0.00034781430916945
0.1471261963114234,4.70110031246557,4.701514530281601,-0.00041421781603112606,0.0003478163305908
0.147126196214323,4.70110031246245,4.701514530281664,-0.0004142178192143575,0.0003478148823341
0.1471261962536421,4.701100312496952,4.701514530281622,-0.00041421778466954606,0.0003478143767303
0.1471261961188896,4.701100312456675,4.701514530281627,-0.0004142178249519901,0.0003478158225105
0.1471261963292711,4.701100312482447,4.701514530281674,-0.00041421779922679036,0.0003478141293659
0.14712619639914443,4.701100312483072,4.7015145302816785,-0.0004142177986068418,0.0003478142530481
0.1471261961188896,4.701100312448214,4.701514530281613,-0.0004142178333985669,0.0003478156540337
0.1471261962262831,4.701100312418486,4.701514530281657,-0.0004142178631711957,0.00034781432269425
0.1471261962785461,4.701100312451588,4.701514530281629,-0.0004142178300403643,0.00034781538917875
0.14712619636593124,4.7011003124625725,4.701514530281613,-0.00041421781904027455,0.00034781394169625
0.14712619633699076,4.701100312441076,4.701514530281637,-0.00041421784056083766,0.00034781482606175004
0.1471261961936548,4.701100312454849,4.701514530281615,-0.00041421782676565044,0.00034781444637645
0.14712619601583174,4.701100312476632,4.701514530281642,-0.00041421780500972005,0.0003478152967251
0.1471261963258024,4.701100312485435,4.701514530281641,-0.00041421779620609556,0.00034781620023235
0.14712619615108752,4.701100312471442,4.701514530281646,-0.00041421781020378745,0.0003478148689525
0.14712619618791167,4.70110031242687,4.701514530281639,-0.00041421785476813966,0.00034781469917835
0.1471261962770187,4.701100312452622,4.7015145302816395,-0.00041421782901718274,0.00034781578524719996
0.1471261960179878,4.701100312493702,4.701514530281624,-0.00041421778792205544,0.0003478152967251
0.14712619622164275,4.701100312489901,4.701514530281626,-0.00041421779172523543,0.00034781509822744995
0.1471261963292711,4.701100312474309,4.7015145302816395,-0.00041421780733053026,0.00034781411054655
0.14712619632753676,4.701100312460435,4.701514530281609,-0.0004142178211745673,0.00034781399720375
0.14712619628972223,4.701100312464456,4.701514530281684,-0.0004142178172275024,0.00034781536474775003
0.1471261961122699,4.7011003124307775,4.701514530281658,-0.0004142178508805827,0.00034781536474775003
0.14712619632938184,4.701100312454125,4.701514530281627,-0.00041421782750195035,0.00034781555961780003
0.14712619622359285,4.701100312459782,4.701514530281609,-0.00041421782182737843,0.0003478154572014
0.14712619632753676,4.701100312448263,4.701514530281667,-0.00041421783340389595,0.0003478148689525
0.1471261961956049,4.70110031247795,4.701514530281637,-0.0004142178036872224,0.00034781512058839996
0.1471261962785461,4.701100312491739,4.701514530281655,-0.0004142177899151278,0.00034781625705844997
0.1471261962779566,4.701100312461253,4.701514530281602,-0.00041421782034944954,0.00034781509822744995
0.1471261962784451,4.701100312402479,4.701514530281667,-0.00041421787918771713,0.0003478141187768
0.14712619615108752,4.701100312431213,4.701514530281645,-0.0004142178504320526,0.0003478164750739
0.14712619596966414,4.701100312476376,4.701514530281667,-0.0004142178052912726,0.00034781512058839996
0.1471261962262831,4.701100312470829,4.701514530281651,-0.00041421781082195963,0.0003478152967251
0.1471261962784451,4.70110031248041,4.701514530281668,-0.0004142178012580544,0.00034781398743635
0.1471261962646172,4.701100312455674,4.701514530281645,-0.00041421782597073076,0.0003478151434521
0.14712619622164275,4.701100312471135,4.701514530281642,-0.00041421781050754447,0.00034781432269425
0.1471261965156126,4.701100312460083,4.7015145302816865,-0.00041421782160355747,0.0003478150128931
0.1471261962765302,4.70110031245192,4.701514530281653,-0.00041421782973305454,0.0003478149833386
0.14712619610074812,4.701100312450928,4.701514530281623,-0.00041421783069495177,0.00034781482606175004
0.1471261962449676,4.701100312465656,4.701514530281665,-0.0004142178160089216,0.0003478152967251
0.1471261961956049,4.7011003124740895,4.7015145302816705,-0.0004142178075809966,0.00034781556783305
0.147126196214323,4.701100312460718,4.701514530281667,-0.00041421782094896997,0.0003478146228414
0.1471261962309126,4.701100312447022,4.701514530281666,-0.000414217834643793,0.0003478156540337
0.1471261963258024,4.701100312474143,4.701514530281647,-0.00041421780750372506,0.0003478167716715
0.1471261963294926,4.70110031245884,4.701514530281651,-0.00041421782281059194,0.00034781565207145
0.1471261962262831,4.701100312445179,4.701514530281637,-0.00041421783645745336,0.00034781444637645
0.1471261962755923,4.701100312480566,4.701514530281636,-0.0004142178010697606,0.0003478141023163
0.1471261962779566,4.701100312446347,4.701514530281644,-0.00041421783529660416,0.0003478163622569
0.1471261961188896,4.701100312464043,4.701514530281617,-0.000414217817573892,0.00034781430916945
0.1471261961188896,4.7011003124527555,4.701514530281669,-0.00041421782891326586,0.0003478163648176
0.1471261961634504,4.701100312431886,4.701514530281647,-0.00041421784976058973,0.0003478146228414
0.14712619632938184,4.701100312463726,4.701514530281641,-0.0004142178179149525,0.00034781536474775003
0.14712619622164275,4.701100312482641,4.7015145302816395,-0.0004142177989985285,0.00034781482606175004
0.1471261962362931,4.701100312465581,4.701514530281634,-0.0004142178160533305,0.00034781536474775003
0.14712619635018837,4.701100312459373,4.701514530281623,-0.0004142178222492632,0.0003478148823341
0.1471261962309126,4.701100312473229,4.701514530281642,-0.00041421780841321976,0.0003478152967251
0.1471261962123729,4.70110031248247,4.701514530281624,-0.00041421779915395973,0.00034781444637645
0.1471261962162731,4.701100312461355,4.701514530281667,-0.00041421782031214605,0.00034781620023235
0.1471261963292711,4.701100312460855,4.701514530281682,-0.00041421782082728953,0.0003478143767303
0.1471261963292711,4.701100312477638,4.701514530281642,-0.0004142178040043021,0.0003478165062948
0.14712619613211697,4.701100312473563,4.701514530281647,-0.00041421780808370556,0.00034781457995065
0.14712619624227735,4.70110031248138,4.7015145302816395,-0.00041421780025974186,0.0003478151434521
0.1471261964464321,4.701100312467864,4.701514530281663,-0.0004142178137991337,0.00034781358129540004
0.1471261961634504,4.701100312491791,4.701514530281625,-0.0004142177898343036,0.0003478157382721
0.1471261963258024,4.701100312486832,4.701514530281651,-0.00041421779481876086,0.0003478142530481
0.1471261962262831,4.701100312525521,4.7015145302816626,-0.0004142177561412552,0.00034781554340205
0.14712619614447986,4.701100312471601,4.701514530281656,-0.00041421781005546165,0.0003478161852725
0.1471261962661446,4.701100312445725,4.701514530281648,-0.00041421783592365813,0.0003478151434521
0.1471261962786471,4.701100312464099,4.7015145302816315,-0.0004142178175321476,0.00034781586948559996
0.1471261963873736,4.701100312457982,4.701514530281654,-0.00041421782367123683,0.00034781512109115
0.1471261962123729,4.701100312448876,4.701514530281694,-0.0004142178328176982,0.00034781444637645
0.14712619632753676,4.701100312456239,4.701514530281663,-0.00041421782542450103,0.00034781625705844997
0.14712619611176908,4.701100312476092,4.701514530281625,-0.00041421780553285714,0.0003478145160226
0.1471261966629897,4.701100312452589,4.7015145302816626,-0.000414217829073138,0.0003478138725564
0.1471261963294926,4.701100312462011,4.701514530281623,-0.00041421781961137327,0.00034781464959679996
0.1471261962362931,4.701100312501139,4.701514530281652,-0.00041421778051287106,0.00034781457995065
0.14712619633699076,4.701100312428095,4.701514530281653,-0.0004142178535575525,0.00034781425366194995
0.1471261962765302,4.701100312497454,4.701514530281655,-0.00041421778420058786,0.0003478163305908
0.14712619629503526,4.701100312453783,4.701514530281656,-0.00041421782787320893,0.0003478148823341
0.1471261960848136,4.701100312448119,4.701514530281675,-0.00041421783355577446,0.0003478156540337
0.1471261962449676,4.701100312459023,4.701514530281643,-0.0004142178226196336,0.00034781509822744995
0.1471261961956049,4.701100312482006,4.701514530281623,-0.0004142177996167007,0.0003478141023163
0.14712619630222473,4.701100312474963,4.701514530281641,-0.0004142178066786073,0.0003478154572014
0.1471261963292711,4.701100312483863,4.701514530281644,-0.0004142177977808359,0.0003478154816324
0.1471261962309126,4.701100312489149,4.701514530281665,-0.0004142177925166024,0.00034781384300305
0.1471261962459327,4.701100312487065,4.701514530281642,-0.00041421779457717633,0.0003478145160226
0.1471261963444889,4.701100312482786,4.701514530281623,-0.00041421779883688004,0.00034781536474775003
0.1471261963873736,4.70110031246397,4.701514530281635,-0.00041421781766537435,0.00034781536474775003
0.1471261962646172,4.7011003124663855,4.701514530281627,-0.00041421781524153545,0.0003478157382721
0.14712619632938184,4.701100312474399,4.701514530281623,-0.00041421780722394885,0.00034781444637645
0.1471261962362931,4.701100312519173,4.701514530281665,-0.0004142177624926191,0.0003478138920912
0.1471261962765302,4.701100312462106,4.701514530281649,-0.00041421781954298353,0.0003478141023163
0.1471261965125665,4.701100312469136,4.701514530281647,-0.0004142178125103868,0.0003478142530481
0.1471261962786471,4.701100312469008,4.701514530281648,-0.00041421781264006086,0.00034781522008860003
0.14712619613211697,4.701100312445879,4.701514530281673,-0.0004142178357939841,0.0003478151434521
0.1471261962362931,4.701100312472365,4.701514530281653,-0.0004142178092880755,0.00034781522008860003
0.14712619635018837,4.701100312428751,4.701514530281673,-0.0004142178529225049,0.00034781412407135
0.1471261962774681,4.701100312442864,4.7015145302816865,-0.0004142178388226725,0.000347814783171
0.1471261962779566,4.701100312469564,4.701514530281632,-0.00041421781206807395,0.00034781512058839996
0.1471261964110602,4.701100312460441,4.701514530281622,-0.00041421782118078454,0.00034781509822744995
0.14712619632753676,4.701100312474228,4.701514530281638,-0.00041421780740957814,0.0003478138823238
0.14712619610736782,4.701100312463124,4.701514530281624,-0.00041421781850026207,0.0003478164389626
0.14712619625688061,4.701100312466146,4.701514530281671,-0.00041421781552575254,0.0003478148823341
0.1471261962162731,4.70110031244245,4.701514530281652,-0.0004142178392019247,0.00034781519772765
0.1471261962774681,4.701100312418031,4.701514530281641,-0.00041421786360995583,0.00034781519772765
0.1471261962646172,4.701100312459547,4.701514530281633,-0.00041421782208583835,0.00034781394169625
0.14712619633699076,4.7011003124463215,4.701514530281656,-0.00041421783533479584,0.0003478148689525
0.1471261963558878,4.701100312463505,4.701514530281684,-0.0004142178181787415,0.0003478150977247
0.1471261962755923,4.701100312469158,4.701514530281653,-0.0004142178124943996,0.0003478151434521
0.1471261963114234,4.701100312443381,4.7015145302816475,-0.0004142178382666728,0.0003478159164607
0.1471261963186129,4.701100312480539,4.701514530281617,-0.00041421780107864237,0.0003478157382721
0.14712619638340155,4.701100312492232,4.701514530281664,-0.00041421778943195875,0.0003478150062023
0.1471261962786471,4.701100312465026,4.701514530281656,-0.0004142178166306465,0.0003478152967251
0.14712619625325246,4.701100312463832,4.701514530281643,-0.0004142178178110356,0.0003478160038915
0.1471261963258024,4.701100312433899,4.7015145302816705,-0.00041421784777195825,0.0003478148756433
0.1471261963186129,4.701100312501051,4.701514530281621,-0.0004142177805697145,0.00034781512109115
0.1471261961255093,4.701100312449418,4.701514530281647,-0.0004142178322288359,0.00034781482606175004
0.1471261963114234,4.7011003124875765,4.701514530281628,-0.0004142177940513747,0.0003478156065929
0.1471261963186129,4.701100312449616,4.701514530281651,-0.000414217832035213,0.00034781536474775003
0.1471261962309126,4.701100312470338,4.7015145302816554,-0.0004142178113175632,0.00034781512109115
0.14712619632753676,4.701100312462233,4.701514530281662,-0.0004142178194284085,0.00034781482606175004
0.1471261960156749,4.701100312459571,4.701514530281661,-0.00041421782208939106,0.00034781482606175004
0.14712619629444573,4.70110031242042,4.70151453028165,-0.00041421786123052584,0.00034781601885135
0.1471261962655551,4.701100312477663,4.701514530281641,-0.0004142178039785449,0.0003478152967251
0.1471261962123729,4.701100312455232,4.70151453028165,-0.0004142178264183727,0.00034781515086145
0.1471261962779566,4.7011003124428,4.70151453028168,-0.0004142178388804041,0.0003478139913013
0.1471261963114234,4.701100312449679,4.701514530281642,-0.00041421783196327056,0.0003478143767303
0.1471261962646172,4.701100312456038,4.70151453028164,-0.0004142178256021367,0.00034781586948559996
0.1471261962123729,4.70110031245667,4.701514530281629,-0.00041421782495909554,0.00034781636894365
0.14712619633688,4.701100312435149,4.701514530281659,-0.0004142178465098567,0.00034781578524719996
0.14712619610074812,4.701100312443408,4.701514530281655,-0.0004142178382462447,0.0003478150977247
0.14712619632034724,4.701100312470496,4.701514530281677,-0.0004142178111807837,0.0003478157382721
0.1471261961936548,4.701100312444173,4.701514530281629,-0.0004142178374557659,0.0003478150977247
0.1471261962123729,4.701100312473118,4.701514530281626,-0.00041421780850825485,0.00034781519772765
0.147126196214323,4.701100312469535,4.701514530281656,-0.00041421781212136466,0.00034781372545715
0.1471261962774681,4.701100312457914,4.701514530281641,-0.00041421782372719207,0.0003478151434521
0.1471261962785461,4.7011003124369,4.701514530281675,-0.00041421784477524426,0.0003478149900294
0.1471261961188896,4.701100312451049,4.701514530281653,-0.0004142178306034694,0.00034781512109115
0.1471261964286737,4.701100312462243,4.701514530281671,-0.0004142178194284085,0.00034781372545715
0.1471261962459327,4.701100312470648,4.701514530281668,-0.0004142178110200234,0.0003478148689525
0.1471261962755923,4.701100312456008,4.701514530281626,-0.0004142178256181239,0.0003478150977247
0.1471261962779566,4.701100312469252,4.701514530281645,-0.00041421781239314726,0.00034781512109115
0.14712619632753676,4.701100312477509,4.701514530281663,-0.00041421780415440423,0.0003478143767303
0.1471261962362931,4.701100312432014,4.701514530281661,-0.0004142178496469029,0.00034781509822744995
0.1471261963294926,4.70110031247857,4.701514530281621,-0.00041421780305039846,0.0003478150987302
0.1471261959550003,4.701100312441226,4.70151453028168,-0.00041421784045425625,0.0003478148823341
0.1471261962755923,4.701100312444502,4.701514530281609,-0.00041421783710759996,0.0003478160508666
0.147126196224333,4.701100312472658,4.701514530281648,-0.00041421780899053573,0.00034781405503905
0.1471261962559427,4.701100312451978,4.701514530281625,-0.00041421782964690124,0.00034781482606175004
0.14712619622164275,4.701100312451742,4.701514530281687,-0.0004142178299453292,0.00034781547537940003
0.1471261962123729,4.701100312446961,4.701514530281627,-0.0004142178346659975,0.0003478150987302
0.14712619610736782,4.701100312458342,4.701514530281667,-0.00041421782332484725,0.00034781482606175004
0.1471261962362931,4.701100312490926,4.701514530281647,-0.00041421779072070564,0.0003478157382721
0.1471261962755923,4.70110031246428,4.701514530281689,-0.00041421781740957897,0.0003478157382721
0.1471261963258024,4.701100312470111,4.701514530281643,-0.0004142178115316142,0.00034781430916945
0.1471261961188896,4.701100312478531,4.701514530281655,-0.0004142178031232291,0.00034781522008860003
0.1471261962449676,4.7011003124401185,4.701514530281643,-0.00041421784152451124,0.00034781578524719996
0.1471261963276475,4.701100312466303,4.70151453028165,-0.0004142178153472287,0.00034781537638195
0.1471261962785461,4.701100312449922,4.701514530281678,-0.0004142178317554368,0.0003478164726287
0.1471261962755923,4.701100312442179,4.701514530281695,-0.00041421783951633984,0.00034781509822744995
0.14712619639914443,4.701100312476562,4.701514530281647,-0.00041421780508432704,0.00034781512109115
0.14712619629503526,4.7011003124832005,4.701514530281634,-0.00041421779843364703,0.00034781528811125
0.14712619614447986,4.701100312440384,4.701514530281675,-0.0004142178412909203,0.0003478163305908
0.1471261962779566,4.701100312478537,4.701514530281664,-0.00041421780312767,0.00034781424775355
0.14712619632938184,4.701100312471372,4.701514530281625,-0.00041421781025352544,0.0003478145160226
0.147126196150223,4.701100312430437,4.701514530281676,-0.0004142178512385186,0.0003478154327704
0.1471261962362931,4.7011003124283866,4.701514530281612,-0.00041421785322537374,0.00034781482606175004
0.1471261962309126,4.701100312442397,4.7015145302816155,-0.00041421783921880007,0.00034781482606175004
0.1471261962646172,4.70110031245205,4.701514530281678,-0.0004142178296273613,0.00034781528811125
0.14712619625325246,4.701100312477821,4.701514530281656,-0.0004142178038355482,0.0003478154327704
0.1471261963292711,4.701100312459659,4.701514530281655,-0.00041421782199524415,0.00034781512058839996
0.14712619633688,4.7011003124665205,4.701514530281623,-0.00041421781510209144,0.00034781482606175004
0.1471261962362931,4.701100312480711,4.701514530281683,-0.00041421780097206096,0.00034781509822744995
0.1471261962774681,4.701100312431687,4.701514530281663,-0.0004142178499764171,0.0003478149833386
0.14712619633699076,4.701100312468295,4.701514530281613,-0.000414217813317741,0.00034781512109115
0.1471261963186129,4.7011003124484265,4.701514530281621,-0.00041421783319428584,0.0003478138823238
0.1471261961749367,4.701100312450548,4.701514530281661,-0.00041421783111239563,0.0003478163852051
0.1471261961634504,4.701100312447925,4.701514530281647,-0.0004142178337218638,0.0003478154816324
0.1471261962785461,4.701100312432907,4.701514530281644,-0.00041421784873652,0.00034781412407135
0.1471261962784451,4.701100312461184,4.7015145302816626,-0.0004142178204782354,0.0003478159164607
0.14712619629503526,4.701100312488144,4.701514530281612,-0.0004142177934678415,0.00034781482606175004
0.1471261962309126,4.701100312464278,4.701514530281633,-0.0004142178173554001,0.00034781586948559996
0.1471261963114234,4.701100312463243,4.701514530281649,-0.00041421781840611516,0.0003478160508666
0.147126196214323,4.701100312500924,4.701514530281654,-0.0004142177807295866,0.00034781556783305
0.1471261962755923,4.701100312452974,4.701514530281677,-0.0004142178287027676,0.0003478145160226
0.1471261962559427,4.701100312458291,4.701514530281654,-0.0004142178233630389,0.00034781578524719996
0.1471261961188896,4.701100312448413,4.701514530281637,-0.00041421783322359573,0.00034781522008860003
0.1471261962536421,4.70110031243573,4.7015145302816155,-0.0004142178458854673,0.0003478138134497
0.1471261963292711,4.7011003124497295,4.701514530281652,-0.00041421783192241435,0.0003478156540337
0.1471261960892263,4.70110031244451,4.701514530281641,-0.0004142178371315808,0.00034781528811125
0.1471261962784451,4.70110031245968,4.701514530281629,-0.0004142178219490589,0.0003478148823341
0.1471261962785461,4.701100312494404,4.701514530281684,-0.00041421778727990244,0.00034781450055544995
0.1471261962362931,4.701100312484174,4.7015145302816554,-0.00041421779748151977,0.000347814783171
0.1471261963558878,4.701100312457244,4.701514530281686,-0.0004142178244412875,0.0003478160508666
0.1471261962785461,4.701100312442029,4.701514530281671,-0.00041421783964246117,0.00034781499053215
0.1471261962786471,4.701100312478299,4.701514530281631,-0.000414217803331951,0.00034781556783305
0.1471261962786471,4.701100312462092,4.701514530281632,-0.000414217819540319,0.0003478156540337
0.1471261962785461,4.701100312460285,4.701514530281651,-0.00041421782136641383,0.00034781512109115
0.14712619623360285,4.701100312451489,4.701514530281695,-0.00041421783020645364,0.0003478160508666
0.1471261960179878,4.701100312489268,4.701514530281667,-0.00041421779239936285,0.00034781556783305
0.1471261962755923,4.701100312446093,4.701514530281649,-0.00041421783555595226,0.00034781512058839996
0.1471261963444889,4.701100312438676,4.701514530281644,-0.0004142178429678012,0.0003478161852725
0.14712619632753676,4.701100312434766,4.701514530281629,-0.00041421784686246355,0.0003478148689525
0.14712619622359285,4.701100312439508,4.7015145302816554,-0.0004142178421471243,0.00034781509822744995
0.14712619632034724,4.701100312429824,4.7015145302816395,-0.0004142178518158346,0.00034781512109115
0.1471261962784451,4.701100312473687,4.701514530281666,-0.0004142178079789005,0.00034781464959679996
0.1471261963258024,4.701100312448031,4.701514530281642,-0.0004142178336108415,0.00034781512109115
0.1471261962765302,4.701100312482435,4.701514530281637,-0.00041421779920192137,0.0003478152967251
0.1471261963186129,4.701100312469318,4.701514530281641,-0.00041421781232298116,0.0003478138725564
0.1471261962770187,4.7011003124605715,4.701514530281662,-0.00041421782109019034,0.0003478132986274
0.14712619610074812,4.701100312442836,4.7015145302815915,-0.00041421783875517093,0.0003478149900294
0.14712619620292466,4.701100312451789,4.701514530281643,-0.0004142178298538468,0.00034781519772765
0.14712619616919353,4.701100312436661,4.70151453028164,-0.0004142178449795253,0.00034781469248755
0.14712619623360285,4.70110031242712,4.701514530281609,-0.00041421785448925164,0.0003478150977247
0.1471261962646172,4.701100312435638,4.701514530281636,-0.00041421784599826594,0.0003478148756433
0.1471261962779566,4.701100312459171,4.701514530281632,-0.0004142178224615378,0.0003478151434521
0.14712619636593124,4.701100312466329,4.701514530281635,-0.00041421781530637247,0.0003478141023163
0.14712619613211697,4.701100312462935,4.701514530281621,-0.00041421781868589136,0.0003478138920912
0.1471261962785461,4.701100312439243,4.701514530281681,-0.00041421784243844684,0.00034781494044785
0.14712619615683065,4.701100312429468,4.701514530281665,-0.00041421785219686313,0.00034781531254225
0.1471261962774681,4.701100312452548,4.701514530281675,-0.00041421782912731686,0.0003478154572014
0.1471261961936548,4.701100312478676,4.701514530281672,-0.0004142178029962196,0.00034781512109115
0.1471261962779566,4.701100312446131,4.70151453028162,-0.0004142178354893389,0.0003478157382721
0.1471261963258024,4.701100312486739,4.701514530281641,-0.00041421779490224964,0.0003478145160226
0.1471261965966506,4.701100312451512,4.7015145302816155,-0.00041421783010342494,0.00034781444637645
0.14712619632938184,4.7011003124753366,4.701514530281644,-0.0004142178063073487,0.0003478149833386
0.1471261962655551,4.701100312445913,4.701514530281675,-0.00041421783576200966,0.0003478148823341
0.14712619639914443,4.701100312489235,4.701514530281644,-0.0004142177924091328,0.0003478141840158
0.1471261962362931,4.701100312450041,4.701514530281644,-0.0004142178316026701,0.00034781509822744995
0.1471261962536421,4.701100312484415,4.701514530281627,-0.0004142177972124017,0.0003478150987302
0.1471261962786471,4.701100312501251,4.701514530281679,-0.0004142177804284941,0.00034781376768075
0.1471261962786471,4.701100312470303,4.701514530281651,-0.00041421781134776126,0.0003478138070015
0.1471261963756883,4.701100312473439,4.701514530281628,-0.0004142178081885106,0.0003478142530481
0.1471261962123729,4.7011003124852415,4.701514530281639,-0.0004142177963970539,0.0003478141023163
0.1471261962785461,4.70110031247205,4.701514530281633,-0.00041421780958295074,0.00034781509822744995
0.1471261962536421,4.701100312458238,4.701514530281649,-0.00041421782341100055,0.00034781522008860003
0.1471261963558878,4.701100312452561,4.701514530281667,-0.0004142178291060006,0.00034781464959679996
0.1471261963292711,4.701100312491988,4.701514530281675,-0.00041421778968686596,0.0003478142530481
0.1471261962765302,4.701100312463733,4.701514530281666,-0.00041421781793271606,0.00034781512109115
0.1471261962785461,4.701100312443981,4.70151453028166,-0.0004142178376786987,0.0003478150977247
0.14712619629503526,4.701100312462665,4.701514530281676,-0.00041421781901096466,0.0003478154816324
0.1471261962784451,4.7011003124801976,4.7015145302816235,-0.00041421780142592013,0.0003478135490522
0.1471261963558878,4.7011003124628665,4.701514530281579,-0.0004142178187125367,0.00034781522008860003
0.14712619633688,4.701100312488268,4.7015145302816395,-0.00041421779337103004,0.00034781536474775003
0.14712619610736782,4.701100312468808,4.701514530281671,-0.00041421781286299364,0.00034781509822744995
0.14712619629503526,4.70110031245618,4.701514530281648,-0.00041421782546802177,0.0003478157382721
0.1471261962449676,4.701100312477567,4.701514530281629,-0.0004142178040620337,0.00034781556783305
0.1471261962536421,4.701100312451723,4.701514530281652,-0.0004142178299284538,0.0003478140468088
0.14712619629503526,4.701100312462119,4.701514530281653,-0.00041421781953410175,0.0003478150128931
0.1471261962774681,4.701100312440195,4.701514530281645,-0.00041421784144990426,0.00034781509822744995
0.1471261961936548,4.701100312450273,4.701514530281673,-0.00041421783140016544,0.00034781498384134997
0.1471261962771197,4.701100312473112,4.7015145302816626,-0.0004142178085508874,0.0003478150977247
0.1471261963716307,4.701100312449795,4.701514530281635,-0.00041421783183981375,0.00034781620023235
0.1471261962646172,4.701100312483637,4.701514530281663,-0.0004142177980268613,0.00034781569904655
0.1471261962262831,4.701100312458061,4.701514530281661,-0.00041421782360018256,0.00034781522008860003
0.147126196214323,4.701100312468171,4.701514530281631,-0.00041421781345984954,0.0003478154572014
0.14712619632938184,4.701100312453338,4.70151453028168,-0.00041421782834216714,0.00034781567461554996
0.14712619636578805,4.701100312472562,4.701514530281664,-0.0004142178091024462,0.00034781412407135
0.1471261961387246,4.701100312470811,4.701514530281698,-0.00041421781088679666,0.00034781432269425
0.1471261962784451,4.701100312412033,4.701514530281709,-0.00041421786967532626,0.00034781509822744995
0.1471261963186129,4.701100312447838,4.701514530281614,-0.0004142178337760427,0.0003478162989247
0.1471261962755923,4.701100312440478,4.701514530281604,-0.00041421784112571913,0.0003478148756433
0.1471261962646172,4.701100312467238,4.70151453028163,-0.0004142178143915487,0.0003478160923837
0.1471261961255093,4.70110031246661,4.701514530281633,-0.00041421781502304356,0.00034781464959679996
0.1471261960848136,4.701100312437436,4.701514530281604,-0.0004142178441677302,0.0003478161852725
0.14712619623360285,4.701100312445433,4.701514530281642,-0.0004142178362087634,0.00034781464959679996
0.1471261963716307,4.701100312464133,4.701514530281633,-0.00041421781750017317,0.00034781509822744995
0.1471261963292711,4.701100312462874,4.701514530281659,-0.00041421781878536734,0.00034781464959679996
0.1471261960159886,4.701100312462923,4.70151453028164,-0.0004142178187169776,0.0003478138920912
0.1471261962536421,4.701100312475534,4.70151453028165,-0.00041421780611639036,0.0003478157382721
0.14712619623360285,4.7011003124546855,4.701514530281649,-0.00041421782696371423,0.0003478157382721
0.1471261962755923,4.701100312494787,4.701514530281619,-0.0004142177868322605,0.00034781536474775003
0.1471261961749367,4.701100312448441,4.701514530281641,-0.0004142178332005031,0.00034781432269425
0.1471261963258024,4.70110031244617,4.7015145302816626,-0.0004142178354928916,0.00034781528811125
0.14712619635018837,4.701100312426367,4.701514530281615,-0.000414217855247756,0.0003478138725564
0.1471261963444889,4.701100312457299,4.701514530281626,-0.0004142178243267125,0.00034781531254225
0.14712619632753676,4.701100312468291,4.701514530281642,-0.00041421781335149177,0.00034781384300305
0.14712619601583174,4.701100312468965,4.701514530281623,-0.0004142178126578244,0.0003478152967251
0.1471261962162731,4.701100312451616,4.7015145302816155,-0.00041421782999950807,0.0003478149833386
0.1471261962785461,4.701100312474321,4.701514530281636,-0.00041421780731454305,0.0003478160038915
0.14712619623360285,4.701100312461478,4.7015145302816235,-0.0004142178201451685,0.0003478148689525
0.1471261962765302,4.701100312447081,4.70151453028163,-0.00041421783454875793,0.0003478163305908
0.1471261961956049,4.701100312442104,4.701514530281631,-0.000414217839526998,0.0003478149900294
0.14712619639914443,4.70110031249617,4.701514530281641,-0.0004142177854715712,0.00034781483275254997
0.1471261962765302,4.701100312443425,4.701514530281628,-0.00041421783820272395,0.0003478151434521
0.1471261963258024,4.701100312474775,4.701514530281615,-0.0004142178068393676,0.0003478154816324
0.1471261962784451,4.7011003124536295,4.701514530281671,-0.00041421782804196283,0.00034781412407135
0.1471261962655551,4.701100312478395,4.70151453028166,-0.00041421780326444946,0.00034781464959679996
0.14712619622359285,4.7011003124584585,4.701514530281668,-0.00041421782320938405,0.00034781556783305
0.1471261962162731,4.701100312442312,4.701514530281695,-0.0004142178393831131,0.00034781522008860003
0.1471261962162731,4.701100312476883,4.701514530281612,-0.00041421780472905567,0.0003478154327704
0.1471261962162731,4.701100312452053,4.7015145302816235,-0.0004142178295705179,0.0003478148756433
0.14712619613211697,4.701100312437756,4.701514530281643,-0.00041421784388706584,0.000347816373731
0.14712619638153096,4.701100312464852,4.701514530281634,-0.000414217816782525,0.00034781620023235
0.14712619630163526,4.701100312444707,4.701514530281596,-0.00041421783688910807,0.00034781522008860003
0.1471261961936548,4.701100312448351,4.701514530281653,-0.00041421783330175543,0.0003478148823341
0.14712619613211697,4.701100312489579,4.701514530281656,-0.0004142177920769541,0.0003478143767303
0.14712619634257945,4.701100312451607,4.70151453028166,-0.0004142178300527988,0.00034781536474775003
0.1471261962309126,4.701100312436981,4.701514530281637,-0.00041421784465622835,0.00034781512058839996
0.1471261962162731,4.701100312452641,4.701514530281647,-0.0004142178290056364,0.0003478159164607
0.1471261962755923,4.701100312490843,4.701514530281652,-0.0004142177908086353,0.0003478154829813
0.1471261963186129,4.701100312469285,4.701514530281634,-0.00041421781234873833,0.0003478143767303
0.1471261962362931,4.70110031245187,4.7015145302816705,-0.0004142178298005561,0.000347814783171
0.1471261962646172,4.701100312438551,4.701514530281681,-0.0004142178431303378,0.0003478150977247
0.1471261962309126,4.70110031244057,4.7015145302816475,-0.0004142178410777575,0.00034781509822744995
0.14712619615108752,4.701100312436419,4.7015145302816554,-0.00041421784523620886,0.0003478148756433
0.14712619639914443,4.701100312460394,4.701514530281627,-0.00041421782123318707,0.0003478154816324
0.1471261962779566,4.701100312451021,4.701514530281617,-0.00041421783059636397,0.0003478148756433
0.1471261962162731,4.701100312477908,4.70151453028166,-0.0004142178037520594,0.0003478148689525
0.1471261963444889,4.7011003124554245,4.701514530281645,-0.0004142178262203089,0.0003478150987302
0.1471261962162731,4.701100312478994,4.701514530281655,-0.00041421780266048813,0.00034781464959679996
0.1471261962765302,4.701100312431308,4.701514530281663,-0.00041421785035566927,0.0003478154327704
0.1471261962162731,4.7011003124329545,4.70151453028166,-0.00041421784870543377,0.0003478148756433
0.14712619615108752,4.7011003124433985,4.7015145302816235,-0.0004142178382249284,0.00034781457995065
0.1471261962309126,4.701100312441415,4.701514530281651,-0.00041421784023576436,0.0003478162420986
0.1471261962449676,4.70110031247275,4.701514530281607,-0.0004142178088564208,0.00034781509822744995
0.1471261961122699,4.701100312456714,4.701514530281608,-0.0004142178248942585,0.00034781556783305
0.1471261962646172,4.701100312462345,4.7015145302816785,-0.0004142178193333734,0.0003478139913013
0.14712619624227735,4.7011003124264334,4.701514530281648,-0.0004142178552148934,0.0003478151434521
0.14712619623360285,4.701100312463991,4.7015145302816626,-0.0004142178176715916,0.0003478162989247
0.1471261962449676,4.701100312454942,4.701514530281646,-0.00041421782670347795,0.0003478157382721
0.1471261963186129,4.701100312470371,4.701514530281614,-0.0004142178112429562,0.0003478149900294
0.147126196214323,4.701100312437638,4.701514530281671,-0.0004142178440336153,0.0003478158225105
0.1471261963444889,4.701100312431244,4.701514530281662,-0.00041421785041784176,0.00034781586948559996
0.14712619608701993,4.701100312438106,4.701514530281643,-0.00041421784353712354,0.00034781469248755
0.1471261961936548,4.7011003124512145,4.7015145302816235,-0.0004142178304089583,0.0003478143767303
0.1471261962784451,4.701100312451263,4.701514530281672,-0.0004142178304089583,0.0003478138823238
0.1471261961936548,4.7011003124380695,4.701514530281646,-0.0004142178435762034,0.0003478141023163
0.1471261962162731,4.701100312458829,4.7015145302816235,-0.00041421782279460473,0.00034781509822744995
0.1471261963114234,4.701100312438054,4.701514530281634,-0.0004142178435797561,0.0003478141187768
0.14712619623360285,4.7011003124630575,4.701514530281628,-0.00041421781857042816,0.0003478159164607
0.1471261962785461,4.7011003124984985,4.7015145302816315,-0.0004142177831329974,0.0003478158225105
0.1471261963114234,4.701100312425081,4.701514530281623,-0.00041421785654183196,0.0003478154816324
0.14712619617554876,4.701100312478652,4.701514530281671,-0.0004142178030193122,0.0003478163331515
0.1471261962162731,4.701100312483701,4.701514530281683,-0.0004142177979815642,0.00034781469248755
0.1471261960892263,4.70110031249386,4.70151453028166,-0.0004142177877994868,0.0003478161852725
0.1471261963756883,4.701100312476405,4.701514530281637,-0.00041421780523176466,0.00034781526524754996
0.1471261962162731,4.701100312414236,4.7015145302816475,-0.00041421786741135946,0.00034781509822744995
0.14712619613211697,4.701100312455502,4.701514530281638,-0.00041421782613593194,0.00034781412407135
0.14712619623360285,4.7011003124609125,4.701514530281646,-0.0004142178207331426,0.00034781394169625
0.1471261962755923,4.701100312461299,4.701514530281626,-0.0004142178203272451,0.00034781512058839996
0.14712619633688,4.701100312463546,4.701514530281663,-0.00041421781811745717,0.00034781464959679996
0.14712619618791167,4.701100312470046,4.701514530281671,-0.0004142178116257611,0.0003478141187768
0.1471261962784451,4.7011003124639,4.701514530281664,-0.00041421781776396216,0.00034781376768075
0.14712619613211697,4.701100312472838,4.701514530281651,-0.00041421780881290005,0.0003478154327704
0.1471261962655551,4.701100312445811,4.701514530281633,-0.0004142178358224058,0.00034781424775355
0.1471261964286737,4.701100312470671,4.701514530281659,-0.000414217810988049,0.00034781464959679996
0.14712619622164275,4.701100312462552,4.701514530281662,-0.00041421781910955247,0.0003478154572014
0.1471261962162731,4.701100312432387,4.701514530281678,-0.00041421784929074335,0.0003478151972249
0.14712619622359285,4.70110031246214,4.701514530281621,-0.00041421781948081104,0.0003478162151922
0.1471261963258024,4.701100312482385,4.701514530281662,-0.00041421779927652835,0.00034781444637645
0.1471261963600886,4.701100312472853,4.701514530281662,-0.00041421780880845915,0.0003478152967251
0.14712619632938184,4.701100312417127,4.701514530281704,-0.0004142178645771821,0.0003478161076927
0.1471261964109153,4.701100312486434,4.701514530281605,-0.0004142177951704795,0.0003478151972249
0.1471261960524003,4.701100312460326,4.701514530281609,-0.00041421782128292506,0.00034781625705844997
0.1471261963558878,4.701100312476033,4.70151453028165,-0.0004142178056172341,0.00034781384300305
0.1471261962449676,4.70110031244059,4.7015145302816395,-0.0004142178410493358,0.0003478148689525
0.14712619629350787,4.701100312447654,4.701514530281613,-0.00041421783395900746,0.00034781384300305
0.14712619629444573,4.701100312480382,4.7015145302816865,-0.0004142178013042397,0.0003478159196531
0.1471261962755923,4.701100312476115,4.701514530281648,-0.0004142178055337453,0.00034781512109115
0.1471261962349576,4.701100312442148,4.7015145302816395,-0.00041421783949147084,0.00034781457995065
0.1471261963114234,4.70110031247973,4.701514530281701,-0.0004142178019703735,0.0003478160038915
0.1471261964464321,4.701100312491771,4.701514530281636,-0.00041421778986450164,0.0003478138920912
0.1471261961255093,4.701100312472195,4.701514530281654,-0.00041421780945860576,0.0003478150977247
0.14712619635018837,4.701100312484532,4.701514530281624,-0.0004142177970924976,0.00034781512109115
0.1471261964363887,4.701100312469999,4.701514530281644,-0.000414217811645301,0.0003478152967251
0.14712619632045798,4.7011003124478234,4.70151453028169,-0.0004142178338666369,0.0003478149833386
0.14712619622164275,4.701100312435782,4.7015145302816554,-0.0004142178458730328,0.0003478157382721
0.1471261962655551,4.701100312448603,4.701514530281649,-0.00041421783304596005,0.0003478149900294
0.1471261962574701,4.701100312481451,4.701514530281642,-0.0004142178001913521,0.0003478141023163
0.1471261963292711,4.70110031245304,4.701514530281635,-0.000414217828595298,0.0003478149833386
0.1471261962785461,4.701100312442733,4.701514530281651,-0.0004142178389177076,0.0003478154572014
0.1471261960156749,4.7011003124400865,4.701514530281659,-0.0004142178415724729,0.00034781538917875
0.1471261962771197,4.7011003124432325,4.701514530281634,-0.0004142178384016759,0.00034781651086605
0.1471261961387246,4.70110031243964,4.701514530281627,-0.0004142178419872522,0.00034781620023235
0.14712619613211697,4.701100312474156,4.701514530281629,-0.0004142178074726388,0.0003478157382721
0.1471261962573691,4.70110031249101,4.70151453028167,-0.0004142177906594213,0.00034781457995065
0.1471261961188896,4.701100312416961,4.7015145302816395,-0.00041421786467843447,0.00034781457995065
0.1471261963558878,4.70110031247666,4.701514530281674,-0.00041421780501416094,0.0003478148756433
0.14712619629503526,4.701100312467095,4.701514530281686,-0.00041421781459050067,0.00034781469248755
0.1471261962162731,4.701100312458391,4.701514530281657,-0.00041421782326622747,0.00034781432269425
0.1471261962536421,4.701100312463241,4.701514530281655,-0.0004142178184132206,0.0003478141023163
0.14712619613211697,4.701100312436493,4.701514530281636,-0.0004142178451429501,0.0003478150977247
0.147126196311467,4.701100312451515,4.7015145302816155,-0.0004142178301007604,0.00034781444637645
0.14712619639914443,4.701100312485583,4.701514530281628,-0.00041421779604533526,0.00034781482606175004
0.14712619616919353,4.701100312443031,4.701514530281638,-0.00041421783860684513,0.00034781554340205
0.1471261960848136,4.7011003124336685,4.701514530281625,-0.00041421784795669936,0.0003478159164607
0.1471261962779566,4.701100312458746,4.7015145302816554,-0.00041421782290917974,0.0003478150128931
0.14712619638153096,4.701100312480406,4.701514530281659,-0.00041421780125272534,0.0003478146228414
0.14712619620292466,4.701100312477122,4.701514530281694,-0.0004142178045718481,0.0003478145160226
0.1471261962449676,4.70110031250292,4.701514530281654,-0.0004142177787338497,0.0003478154327704
0.14712619622620238,4.701100312473365,4.701514530281654,-0.0004142178082888748,0.0003478161852725
0.14712619641690283,4.70110031245885,4.701514530281629,-0.0004142178227786175,0.0003478160508666
0.1471261962785461,4.701100312447489,4.701514530281611,-0.0004142178341224323,0.0003478141023163
0.1471261962774681,4.701100312490293,4.701514530281616,-0.0004142177913237788,0.00034781394169625
0.14712619633688,4.701100312459479,4.701514530281659,-0.00041421782217998526,0.0003478159196531
0.14712619618791167,4.701100312481987,4.701514530281637,-0.0004142177996495633,0.00034781556783305
0.14712619638153096,4.701100312477995,4.701514530281653,-0.0004142178036579125,0.0003478151972249
0.1471261960524003,4.701100312455839,4.701514530281618,-0.0004142178257788842,0.00034781538917875
0.1471261962785461,4.701100312468905,4.701514530281657,-0.00041421781275197134,0.00034781464959679996
0.1471261963294926,4.70110031245245,4.7015145302816554,-0.00041421782920547656,0.0003478141293659
0.14712619623360285,4.701100312465977,4.7015145302816554,-0.00041421781567851923,0.0003478154572014
0.1471261962123729,4.701100312441243,4.7015145302816235,-0.00041421784038053744,0.00034781483275254997
0.1471261962123729,4.701100312499872,4.70151453028163,-0.0004142177817580972,0.0003478136796882
0.1471261962784451,4.701100312442306,4.701514530281645,-0.00041421783933870415,0.0003478162151922
0.14712619612549727,4.701100312477901,4.701514530281627,-0.00041421780372630224,0.00034781641208385004
0.14712619633699076,4.701100312472136,4.701514530281629,-0.0004142178094932447,0.0003478138920912
0.1471261962774681,4.701100312455514,4.701514530281663,-0.0004142178261492546,0.00034781399720375
0.147126196214323,4.701100312448049,4.701514530281657,-0.000414217833608177,0.0003478150128931
0.1471261963756883,4.701100312474224,4.701514530281645,-0.00041421780742112446,0.0003478151434521
0.14712619609854174,4.7011003124452255,4.701514530281634,-0.00041421783640860355,0.00034781483275254997
0.1471261961255093,4.701100312431827,4.7015145302816626,-0.0004142178498351967,0.00034781526524754996
0.1471261962362931,4.701100312459045,4.701514530281674,-0.00041421782262940354,0.00034781536474775003
0.14712619616919353,4.701100312460428,4.701514530281641,-0.00041421782121364714,0.00034781586948559996
0.14712619622359285,4.701100312488494,4.701514530281629,-0.0004142177931347746,0.00034781498384134997
0.1471261961749367,4.701100312429609,4.701514530281678,-0.00041421785206896544,0.00034781538917875
0.1471261963186129,4.70110031249267,4.701514530281609,-0.0004142177889390197,0.0003478157382721
0.14712619615108752,4.70110031244261,4.701514530281649,-0.000414217839039388,0.0003478137972341
0.14712619613211697,4.701100312453121,4.7015145302816705,-0.0004142178285491127,0.0003478142530481
0.1471261960848136,4.7011003124571955,4.701514530281644,-0.00041421782444839295,0.0003478163622569
0.147126196019987,4.701100312475204,4.701514530281641,-0.0004142178064370228,0.0003478154327704
0.14712619634257945,4.701100312459711,4.701514530281673,-0.00041421782196238155,0.00034781412407135
0.1471261962774681,4.701100312435501,4.701514530281643,-0.00041421784614215085,0.0003478157382721
0.1471261963114234,4.701100312465835,4.70151453028164,-0.00041421781580552874,0.00034781519772765
0.1471261962779566,4.7011003124500315,4.701514530281636,-0.0004142178316044465,0.00034781457995065
0.1471261962755923,4.701100312465531,4.701514530281632,-0.00041421781610129216,0.0003478138823238
0.1471261962779566,4.70110031247374,4.701514530281647,-0.00041421780790695806,0.0003478148689525
0.1471261963873736,4.701100312448845,4.701514530281618,-0.0004142178327732893,0.00034781512109115
0.1471261962646172,4.701100312434654,4.701514530281629,-0.000414217846974374,0.0003478152967251
0.1471261962646172,4.701100312435197,4.701514530281633,-0.0004142178464361379,0.0003478150987302
0.1471261962536421,4.701100312478579,4.701514530281653,-0.0004142178030734911,0.0003478145160226
0.1471261962162731,4.701100312480067,4.701514530281688,-0.0004142178016213194,0.0003478150987302
0.1471261961387246,4.701100312466179,4.701514530281628,-0.000414217815448481,0.0003478160038915
0.14712619633688,4.7011003124318105,4.701514530281663,-0.0004142178498529603,0.0003478141293659
0.14712619623360285,4.701100312485255,4.701514530281607,-0.0004142177963517568,0.0003478142530481
0.1471261963444889,4.701100312475903,4.701514530281622,-0.00041421780571848643,0.00034781498384134997
0.1471261962755923,4.701100312486879,4.70151453028162,-0.00041421779474060116,0.00034781498384134997
0.1471261963186129,4.701100312493596,4.701514530281617,-0.0004142177880215314,0.0003478159164607
0.14712619632045798,4.7011003125029776,4.70151453028165,-0.0004142177786725654,0.00034781620023235
0.1471261963186129,4.701100312462747,4.701514530281663,-0.00041421781891681775,0.00034781469917835
0.1471261962779566,4.701100312452807,4.701514530281658,-0.00041421782885109337,0.0003478149409506
0.1471261964464321,4.7011003124521125,4.701514530281664,-0.00041421782955186615,0.0003478148823341
0.1471261962536421,4.701100312430537,4.701514530281686,-0.0004142178511488126,0.0003478154816324
0.1471261962771197,4.701100312481116,4.701514530281632,-0.00041421780051642543,0.00034781640317045
0.1471261962755923,4.701100312481822,4.701514530281674,-0.00041421779985206797,0.00034781536474775003
0.14712619633514565,4.701100312465546,4.7015145302816315,-0.00041421781608530495,0.0003478150895296
0.14712619622359285,4.701100312444631,4.701514530281679,-0.000414217837048092,0.0003478162989247
0.1471261962559427,4.701100312433891,4.701514530281665,-0.0004142178477746228,0.00034781569904655
0.1471261961749367,4.701100312471078,4.7015145302816395,-0.00041421781056172335,0.00034781586948559996
0.1471261963186129,4.701100312457631,4.701514530281619,-0.0004142178239883165,0.0003478148689525
0.14712619611397545,4.701100312468454,4.7015145302815995,-0.0004142178131454344,0.00034781482606175004
0.1471261960504011,4.701100312453555,4.701514530281662,-0.00041421782810679986,0.00034781565207145
0.1471261962262831,4.70110031249322,4.701514530281657,-0.0004142177884371989,0.00034781499053215
0.14712619613786015,4.70110031244407,4.701514530281677,-0.00041421783760675623,0.0003478149833386
0.1471261963276475,4.701100312474698,4.701514530281597,-0.00041421780689887555,0.00034781385277045
0.1471261962785461,4.7011003124253525,4.701514530281609,-0.0004142178562567267,0.000347814783171
0.1471261960159886,4.70110031244103,4.701514530281623,-0.0004142178405928121,0.00034781536474775003
0.14712619623360285,4.701100312449976,4.7015145302816395,-0.00041421783166306625,0.0003478163648176
0.14712619601583174,4.701100312471472,4.70151453028171,-0.00041421781023753823,0.000347814783171
0.1471261962786471,4.701100312456318,4.701514530281611,-0.0004142178252930506,0.00034781512058839996
0.1471261963716307,4.701100312431802,4.70151453028164,-0.00041421784983874943,0.00034781469248755
0.14712619632045798,4.701100312441955,4.701514530281622,-0.000414217839666442,0.0003478148689525
0.14712619616919353,4.701100312462987,4.70151453028163,-0.0004142178186423706,0.0003478154572014
0.1471261962449676,4.701100312449986,4.7015145302816554,-0.0004142178316692835,0.0003478154572014
0.14712619615108752,4.701100312422336,4.701514530281634,-0.0004142178592978496,0.0003478143767303
0.1471261960524003,4.7011003124693005,4.701514530281609,-0.0004142178123087703,0.0003478148756433
0.1471261962779566,4.701100312458822,4.70151453028163,-0.0004142178228079274,0.00034781578524719996
0.1471261962779566,4.701100312416038,4.701514530281675,-0.000414217865636779,0.0003478163648176
0.1471261963292711,4.7011003124456145,4.701514530281645,-0.00041421783603023954,0.00034781620023235
0.14712619632753676,4.701100312448422,4.701514530281615,-0.0004142178331925095,0.000347814783171
0.1471261962755923,4.701100312464057,4.701514530281677,-0.00041421781762007726,0.00034781457995065
0.1471261963756883,4.70110031249206,4.701514530281636,-0.00041421778957584365,0.0003478150987302
0.14712619632753676,4.701100312458677,4.701514530281646,-0.0004142178229686877,0.00034781499053215
0.1471261961749367,4.701100312460731,4.701514530281608,-0.0004142178208770275,0.0003478148756433
0.1471261963756883,4.701100312437739,4.701514530281644,-0.0004142178439048294,0.0003478148756433
0.1471261962646172,4.701100312471447,4.701514530281628,-0.0004142178101806948,0.00034781522008860003
0.14712619615108752,4.701100312486893,4.701514530281656,-0.0004142177947636938,0.0003478154327704
0.1471261963292711,4.7011003124641295,4.7015145302816626,-0.00041421781753303577,0.00034781469248755
0.14712619622359285,4.701100312458427,4.701514530281656,-0.000414217823228924,0.0003478154327704
0.1471261962779566,4.70110031244971,4.701514530281646,-0.000414217831935737,0.000347814783171
0.14712619632034724,4.701100312460659,4.701514530281621,-0.00041421782096140447,0.0003478150977247
0.1471261962774681,4.701100312468539,4.701514530281646,-0.0004142178131063545,0.0003478136796882
0.14712619622164275,4.701100312435533,4.701514530281635,-0.0004142178461021828,0.0003478157382721
0.14712619618791167,4.701100312480641,4.701514530281646,-0.00041421780100492356,0.0003478154572014
0.1471261962309126,4.7011003124411666,4.70151453028163,-0.00041421784046313803,0.0003478154816324
0.1471261963114234,4.701100312432077,4.701514530281623,-0.00041421784954565055,0.00034781565207145
0.14712619618986175,4.701100312463316,4.701514530281668,-0.0004142178183519363,0.0003478142530481
0.1471261962779566,4.701100312431529,4.70151453028164,-0.0004142178501114202,0.000347814783171
0.1471261962660436,4.701100312423126,4.701514530281659,-0.000414217858533128,0.0003478136796882
0.1471261962784451,4.701100312474491,4.701514530281607,-0.0004142178071155911,0.00034781512058839996
0.1471261963039591,4.701100312474486,4.701514530281621,-0.000414217807135131,0.00034781384300305
0.14712619612549727,4.70110031244909,4.701514530281642,-0.00041421783255213285,0.00034781522008860003
0.1471261962770187,4.701100312472915,4.70151453028165,-0.00041421780873474034,0.0003478159164607
0.1471261963114234,4.701100312462637,4.701514530281613,-0.0004142178189754375,0.0003478141293659
0.1471261962123729,4.701100312441757,4.701514530281621,-0.0004142178398636176,0.00034781482606175004
0.1471261963294926,4.701100312465787,4.701514530281612,-0.00041421781582506867,0.0003478156540337
0.14712619629493423,4.701100312455754,4.701514530281639,-0.00041421782588457745,0.00034781512058839996
0.14712619623360285,4.70110031245581,4.701514530281632,-0.00041421782582240496,0.0003478151434521
0.1471261964464321,4.701100312511731,4.70151453028161,-0.00041421776987871084,0.0003478150987302
0.14712619632753676,4.701100312430296,4.7015145302816235,-0.00041421785132733646,0.00034781469248755
0.14712619613211697,4.701100312488463,4.701514530281569,-0.00041421779310635287,0.0003478159164607
0.1471261962780576,4.701100312449422,4.701514530281598,-0.0004142178321755452,0.0003478161852725
0.1471261963114234,4.701100312459933,4.701514530281653,-0.00041421782171990884,0.00034781411054655
0.14712619629503526,4.701100312482322,4.7015145302816626,-0.0004142177993404772,0.00034781556783305
0.14712619632938184,4.701100312467265,4.701514530281654,-0.00041421781438888416,0.0003478156540337
0.14712619610074812,4.701100312419442,4.701514530281628,-0.0004142178621862058,0.0003478154816324
0.1471261961749367,4.7011003124815485,4.701514530281678,-0.00041421780012917964,0.0003478150977247
0.14712619633514565,4.701100312488843,4.701514530281684,-0.0004142177928407875,0.00034781509822744995
0.1471261961936548,4.7011003124638036,4.701514530281606,-0.00041421781780215383,0.00034781554340205
0.1471261962655551,4.70110031248743,4.701514530281667,-0.000414217794237004,0.00034781586948559996
0.1471261961634504,4.70110031246877,4.701514530281667,-0.0004142178128967444,0.0003478152967251
0.147126196214323,4.701100312502302,4.701514530281647,-0.00041421777934491644,0.0003478135932584
0.1471261962765302,4.70110031241929,4.7015145302816155,-0.00041421786232564983,0.00034781509822744995
0.1471261963292711,4.701100312472733,4.70151453028164,-0.00041421780890704696,0.00034781499053215
0.14712619629503526,4.701100312430691,4.701514530281653,-0.00041421785096140695,0.00034781597647920003
0.14712619622164275,4.701100312452577,4.701514530281689,-0.00041421782911221783,0.00034781457995065
0.1471261962785461,4.701100312457744,4.701514530281661,-0.00041421782391637407,0.00034781625705844997
0.1471261964109153,4.701100312467212,4.701514530281657,-0.0004142178144448394,0.0003478149833386
0.1471261962774681,4.70110031248301,4.701514530281649,-0.00041421779863881625,0.0003478157382721
0.1471261962774681,4.701100312470313,4.701514530281632,-0.00041421781131933955,0.0003478140468088
0.1471261962785461,4.701100312465806,4.701514530281654,-0.00041421781584727313,0.0003478152967251
0.1471261963258024,4.701100312483955,4.701514530281634,-0.0004142177976786954,0.0003478136374646
0.1471261963292711,4.7011003124669815,4.701514530281616,-0.0004142178146349096,0.000347814783171
0.1471261962655551,4.701100312442762,4.701514530281634,-0.0004142178388724105,0.00034781531254225
0.1471261963294926,4.701100312464168,4.701514530281629,-0.0004142178174610933,0.0003478148689525
0.1471261962309126,4.701100312454966,4.701514530281607,-0.0004142178266404173,0.0003478145160226
0.14712619632753676,4.701100312469659,4.70151453028165,-0.00041421781199080243,0.0003478134238398
0.1471261962123729,4.70110031245451,4.701514530281681,-0.000414217827171548,0.00034781536474775003
0.14712619632938184,4.701100312472867,4.701514530281618,-0.00041421780875072756,0.0003478140468088
0.14712619632034724,4.701100312444769,4.701514530281616,-0.0004142178368473637,0.0003478151434521
0.14712619629503526,4.701100312452832,4.701514530281657,-0.0004142178288253362,0.0003478157382721
0.1471261962786471,4.701100312473925,4.70151453028162,-0.0004142178076946834,0.0003478141187768
0.14712619636578805,4.701100312472566,4.7015145302816395,-0.0004142178090731363,0.00034781565207145
0.14712619623360285,4.701100312459044,4.701514530281629,-0.0004142178225849946,0.00034781394169625
0.1471261962785461,4.7011003124347,4.701514530281639,-0.0004142178469388469,0.00034781457995065
0.1471261962780576,4.701100312430196,4.70151453028166,-0.00041421785146411594,0.00034781512109115
0.1471261962784451,4.70110031245026,4.7015145302816475,-0.00041421783138773094,0.0003478148756433
0.14712619629503526,4.701100312508004,4.70151453028167,-0.0004142177736659036,0.0003478163305908
0.1471261961936548,4.701100312469693,4.701514530281645,-0.0004142178119517226,0.0003478152967251
0.14712619624227735,4.701100312485106,4.70151453028166,-0.0004142177965542615,0.0003478154327704
0.14712619632034724,4.701100312489185,4.701514530281627,-0.0004142177924419954,0.0003478154816324
0.1471261963444889,4.701100312447082,4.701514530281642,-0.00041421783456030425,0.0003478148756433
0.14712619615683065,4.7011003124610635,4.701514530281636,-0.0004142178205723823,0.0003478163762917
0.14712619622359285,4.701100312459898,4.70151453028168,-0.00041421782178208133,0.00034781556783305
0.147126196214323,4.7011003124810165,4.701514530281673,-0.0004142178006567576,0.00034781522008860003
0.1471261962765302,4.701100312444545,4.701514530281672,-0.0004142178371271399,0.0003478156540337
0.1471261962780576,4.7011003124605875,4.701514530281638,-0.0004142178210502223,0.0003478148823341
0.1471261963258024,4.701100312507798,4.701514530281671,-0.00041421777387373737,0.00034781464959679996
0.14712619632753676,4.701100312488804,4.701514530281669,-0.00041421779286476834,0.00034781482606175004
0.14712619623360285,4.701100312457436,4.701514530281627,-0.0004142178241908212,0.0003478152967251
0.147126196150223,4.701100312449686,4.701514530281638,-0.00041421783195172424,0.0003478154572014
0.1471261962056149,4.7011003124389665,4.701514530281632,-0.0004142178426658205,0.0003478165062948
0.14712619635018837,4.701100312440614,4.701514530281638,-0.0004142178410235786,0.0003478137219118
0.1471261962779566,4.70110031245982,4.701514530281629,-0.0004142178218087267,0.00034781424775355
0.14712619595843024,4.701100312448379,4.701514530281647,-0.00041421783326800465,0.0003478150977247
0.14712619632753676,4.701100312477074,4.701514530281685,-0.00041421780461092794,0.00034781663935565
0.1471261963558878,4.701100312474833,4.701514530281649,-0.00041421780681627496,0.00034781464959679996
0.1471261962536421,4.701100312469659,4.701514530281632,-0.00041421781197303886,0.0003478162989247
0.1471261961708912,4.701100312454393,4.701514530281643,-0.0004142178272497077,0.00034781628872455
0.1471261960524003,4.701100312424332,4.701514530281679,-0.0004142178573474098,0.0003478154572014
0.1471261963114234,4.701100312474196,4.701514530281676,-0.00041421780747974424,0.00034781482606175004
0.147126196214323,4.701100312427111,4.701514530281679,-0.0004142178545682995,0.00034781469248755
0.1471261962779566,4.701100312445849,4.701514530281629,-0.0004142178357797732,0.0003478150977247
0.1471261962765302,4.701100312472888,4.701514530281667,-0.00041421780877914927,0.000347814783171
0.14712619624227735,4.701100312461664,4.701514530281658,-0.00041421781999417817,0.00034781601885135
0.1471261962362931,4.701100312475189,4.701514530281649,-0.0004142178064601154,0.0003478157382721
0.14712619617554876,4.701100312438391,4.701514530281642,-0.0004142178432511301,0.0003478145160226
0.1471261962755923,4.701100312465814,4.701514530281671,-0.0004142178158570431,0.00034781522008860003
0.1471261962774681,4.701100312438961,4.701514530281611,-0.0004142178426498333,0.0003478143767303
0.1471261962755923,4.701100312471827,4.70151453028163,-0.0004142178098023308,0.00034781628872455
0.1471261961634504,4.701100312458204,4.701514530281635,-0.00041421782343142866,0.0003478152967251
0.1471261963558878,4.70110031239989,4.701514530281665,-0.00041421788177498087,0.0003478150128931
0.1471261962646172,4.701100312447575,4.701514530281646,-0.00041421783407091795,0.00034781519772765
0.1471261962765302,4.701100312470051,4.70151453028166,-0.0004142178116088857,0.00034781512109115
0.1471261962785461,4.701100312484433,4.701514530281642,-0.000414217797208849,0.0003478140468088
0.1471261961634504,4.7011003124292134,4.701514530281609,-0.0004142178523958151,0.0003478148689525
0.1471261962349576,4.701100312468944,4.701514530281633,-0.00041421781268891067,0.0003478138920912
0.1471261963186129,4.701100312497473,4.7015145302816395,-0.0004142177841668371,0.00034781444637645
0.1471261962780576,4.701100312487476,4.701514530281643,-0.0004142177941668379,0.0003478150977247
0.1471261962786471,4.701100312454633,4.701514530281644,-0.0004142178270107877,0.00034781538917875
0.1471261960793558,4.701100312456912,4.7015145302816475,-0.0004142178247352746,0.0003478152657503
0.1471261961936548,4.701100312448117,4.701514530281626,-0.000414217833508701,0.00034781394169625
0.1471261961634504,4.701100312441179,4.701514530281657,-0.00041421784047823706,0.00034781498384134997
0.1471261962449676,4.701100312499239,4.701514530281687,-0.00041421778244821184,0.00034781512109115
0.1471261963186129,4.701100312483543,4.7015145302817105,-0.0004142177981671935,0.0003478150987302
