A,v,vprep,delta,resid
0.7125396155836217,2.0345280555296985,2.0345911605766274,-6.310504692885743e-05,0.0001365837577439
0.712539599821129,2.034528044661283,2.034591160571547,-6.311591026397778e-05,0.00013653893533795
0.712539599821129,2.034528041216552,2.0345911605483535,-6.31193318016976e-05,0.0001364916991207
0.712539576045337,2.034528069765266,2.034591160568538,-6.309080327193684e-05,0.00013645772621385
0.7125395781939539,2.034528041774829,2.0345911605793754,-6.311880454656915e-05,0.0001363647515335
0.7125395969003034,2.0345280350402137,2.0345911605664755,-6.31255262617536e-05,0.0001364916991207
0.7125395941050834,2.0345280411490854,2.034591160577159,-6.311942807357696e-05,0.0001364487530514
0.7125395941050834,2.0345280249448394,2.034591160561325,-6.313561648552124e-05,0.0001365137326526
0.7125396045667507,2.0345280277638333,2.034591160548267,-6.313278443359494e-05,0.00013653059133365
0.7125395985197329,2.0345280323483803,2.034591160539916,-6.312819153553306e-05,0.0001365439159342
0.7125395789319906,2.0345280511828143,2.0345911605701654,-6.310938735110128e-05,0.0001363982977957
0.7125395793997555,2.034528047854548,2.0345911605732927,-6.311271874448465e-05,0.00013647264441309998
0.7125395803425706,2.034528050480479,2.03459116056664,-6.311008616100011e-05,0.00013638821625055
0.7125396048381859,2.0345280449819545,2.034591160541249,-6.311555929450208e-05,0.0001365137326526
0.7125395891698403,2.03452802070462,2.0345911605716527,-6.31398670325467e-05,0.0001364916991207
0.7125395815375772,2.0345280246956814,2.0345911605569023,-6.313586122086434e-05,0.00013650875205635
0.7125395995030958,2.034528025336639,2.034591160558322,-6.313522168310826e-05,0.0001365037714601
0.7125395781939539,2.0345280483739647,2.0345911605886897,-6.311221472499184e-05,0.0001364487530514
0.7125395767833739,2.034528019829209,2.0345911605712006,-6.31407419917629e-05,0.00013637555176825
0.7125395913098632,2.0345280384313855,2.034591160553702,-6.312212231662784e-05,0.0001363986258675
0.7125396102143944,2.0345280565648802,2.034591160557048,-6.310399216769014e-05,0.00013650875205635
0.7125395941050834,2.0345280121055045,2.0345911605616274,-6.314845612287456e-05,0.00013656077461525002
0.7125395954064795,2.034528051545643,2.0345911605611233,-6.310901548012282e-05,0.00013643867150625
0.7125395957245129,2.034528049230546,2.034591160562019,-6.311133147285375e-05,0.0001364487530514
0.7125396089943389,2.0345280544484483,2.034591160568387,-6.310611993853854e-05,0.0001364916991207
0.7125396170148459,2.0345280455115833,2.034591160593088,-6.311508150469436e-05,0.0001366121564842
0.7125395941050834,2.0345280252856743,2.0345911605751508,-6.313528947643476e-05,0.0001364557354196
0.71253961143445,2.034528055577158,2.0345911605797724,-6.310500261452745e-05,0.0001365776067813
0.7125396048381859,2.034528014025361,2.0345911605661766,-6.314654081540638e-05,0.0001365740992158
0.7125396085770042,2.03452803596256,2.0345911605659217,-6.312460336177494e-05,0.000136586401141
0.7125395775214107,2.0345280636973695,2.0345911605695455,-6.309687217598281e-05,0.0001363335455155
0.7125396069162624,2.034528045456498,2.0345911605602485,-6.311510375045515e-05,0.0001365740992158
0.7125396102143944,2.0345280150830685,2.0345911605643505,-6.314548128205644e-05,0.0001365992788126
0.7125395954064795,2.0345280426024455,2.0345911605622846,-6.311795983915403e-05,0.00013649667971695
0.7125395822756141,2.0345280158608494,2.0345911605854283,-6.314472457891185e-05,0.0001364116809676
0.7125396220196003,2.0345280644934647,2.034591160549324,-6.309605585919087e-05,0.00013662751606675
0.7125396214496182,2.034528012668999,2.034591160571722,-6.314790272288207e-05,0.000136632902604
0.7125395836861941,2.0345280363087106,2.034591160569293,-6.312426058219245e-05,0.0001364318440579
0.7125396102143944,2.034528039086758,2.0345911605895046,-6.31215027464549e-05,0.0001365137326526
0.7125396048381859,2.0345280496309,2.034591160567348,-6.311093644795207e-05,0.0001365740992158
0.712539621464517,2.034528049521085,2.034591160578733,-6.311105764789104e-05,0.0001366225295441
0.712539614224648,2.0345280663645946,2.0345911605764035,-6.309421180894503e-05,0.0001365837577439
0.7125395836776001,2.034528040893767,2.034591160560903,-6.311966713612449e-05,0.0001363986258675
0.7125396217535129,2.0345280659119322,2.034591160565274,-6.30946533415333e-05,0.00013661714300685
0.7125395941050834,2.034528037475874,2.034591160550182,-6.312307430800246e-05,0.0001364487530514
0.7125396001391624,2.03452802762333,2.0345911605783584,-6.313295502824445e-05,0.00013647264441309998
0.712539621464517,2.0345280437209072,2.034591160553786,-6.311683287885117e-05,0.000136632902604
0.712539614224648,2.0345280567778983,2.034591160577994,-6.310380009555416e-05,0.00013653059133365
0.7125395726524351,2.0345280529622016,2.034591160570046,-6.310760784433711e-05,0.0001363647515335
0.7125395836861941,2.0345280232430256,2.034591160564126,-6.313732110019288e-05,0.0001364318440579
0.7125395789319906,2.034528057391034,2.0345911605991813,-6.310320814728598e-05,0.00013637516115045
0.7125395803425706,2.034528029277395,2.0345911605612526,-6.313128385748712e-05,0.0001364116809676
0.7125396048381859,2.0345280369348755,2.0345911605747418,-6.312363986626934e-05,0.00013659312785
0.712539619897754,2.0345280495767044,2.0345911605580835,-6.311098137912197e-05,0.00013660347847915
0.7125395781939539,2.0345280547369557,2.0345911605746196,-6.310583766389044e-05,0.00013642561640615
0.7125395755282935,2.0345280480885153,2.0345911605579103,-6.311246939505466e-05,0.0001363986258675
0.7125396069162624,2.0345280383338453,2.0345911605685543,-6.312223470894551e-05,0.00013649667971695
0.7125395822756141,2.0345280471824103,2.0345911605688585,-6.311338644815478e-05,0.00013647264441309998
0.7125396048381859,2.0345280464614706,2.0345911605698106,-6.311410834003439e-05,0.0001364557354196
0.712539621894006,2.0345280395548926,2.034591160532555,-6.31209776624786e-05,0.0001366121564842
0.7125395767833739,2.0345280540613033,2.034591160547321,-6.310648601770552e-05,0.0001364847167525
0.7125395891698403,2.0345280595291957,2.034591160573377,-6.310104418139062e-05,0.0001364116809676
0.7125395767833739,2.034528043550801,2.034591160559943,-6.311700914185536e-05,0.0001363478315524
0.7125395982016995,2.034528057592768,2.034591160585606,-6.31029928381821e-05,0.0001364487530514
0.7125395913098632,2.0345280259333576,2.0345911605917086,-6.313465835106058e-05,0.00013654244290345
0.7125395982016995,2.034528061742244,2.0345911605570817,-6.309881483756996e-05,0.0001364116809676
0.712539556957761,2.034528046961576,2.0345911605856686,-6.311362409272547e-05,0.0001361431603378
0.7125396170148459,2.0345280629695965,2.034591160565447,-6.30975958504365e-05,0.00013659060080755
0.7125396089943389,2.034528051371988,2.034591160536642,-6.31091646541293e-05,0.0001364916991207
0.7125395913098632,2.0345280459151294,2.0345911605654785,-6.311465034913866e-05,0.00013647264441309998
0.7125395891698403,2.034528037063988,2.0345911605512486,-6.312348726034145e-05,0.00013640870741265
0.7125396048381859,2.0345280663888605,2.0345911605636866,-6.309417482608382e-05,0.0001365439159342
0.7125395781939539,2.0345280344823724,2.0345911605943328,-6.312611196035434e-05,0.0001363647515335
0.7125396140393591,2.0345280559480723,2.0345911605678646,-6.310461979230908e-05,0.00013661714300685
0.7125395982016995,2.0345280442276965,2.0345911605434646,-6.311631576805254e-05,0.00013650875205635
0.7125395775214107,2.0345280359006797,2.0345911605645783,-6.312466389868376e-05,0.0001363986258675
0.7125395913098632,2.0345280221738617,2.034591160550519,-6.313837665716804e-05,0.0001365137326526
0.7125396206116685,2.0345280572160584,2.0345911605683153,-6.310335225689911e-05,0.00013659060080755
0.7125395691214451,2.0345280449584155,2.0345911605771825,-6.311561876692906e-05,0.0001363335455155
0.7125395891698403,2.0345280608009277,2.0345911605737146,-6.309977278684542e-05,0.00013643867150625
0.7125396089943389,2.034528046417761,2.0345911605667686,-6.311414900750378e-05,0.000136586401141
0.712539632028379,2.0345280414609728,2.0345911605526554,-6.311909168266183e-05,0.0001366741202519
0.7125396089943389,2.034528047850429,2.0345911605630222,-6.311271259340501e-05,0.00013649667971695
0.7125396069162624,2.0345280462426225,2.0345911605924343,-6.311434981176589e-05,0.0001364796267813
0.7125395891698403,2.034528052685406,2.034591160558903,-6.310787349672609e-05,0.00013647264441309998
0.7125396029473212,2.0345280243183397,2.034591160569617,-6.313625127729594e-05,0.0001365137326526
0.7125395995030958,2.034528035931248,2.034591160564277,-6.312463302871052e-05,0.0001364656620449
0.7125396180496126,2.034528044976933,2.0345911605809373,-6.311560400407146e-05,0.00013662751606675
0.7125395969003034,2.0345280396257905,2.0345911605541347,-6.31209283441514e-05,0.00013650875205635
0.7125395822756141,2.0345280391708314,2.0345911605742315,-6.312140340014594e-05,0.0001364656620449
0.7125396170148459,2.034528046516363,2.034591160549497,-6.311403313397079e-05,0.0001366221295295
0.712539588621437,2.0345280119691003,2.034591160578199,-6.314860909872877e-05,0.0001364557354196
0.7125395995030958,2.034528038884229,2.0345911605681124,-6.312168388333816e-05,0.00013656077461525002
0.7125395913098632,2.0345280553769873,2.03459116056952,-6.310519253283076e-05,0.0001364916991207
0.7125395735351763,2.034528037833734,2.034591160573952,-6.312274021835762e-05,0.0001363335455155
0.7125396024886741,2.0345280269652513,2.0345911605628215,-6.313359757026404e-05,0.0001364916991207
0.7125395803425706,2.0345280348033357,2.03459116055697,-6.312575363454087e-05,0.0001364487530514
0.7125396180496126,2.0345280656444666,2.03459116055541,-6.309491094347308e-05,0.0001365256107374
0.7125396183738195,2.034528037434963,2.034591160583856,-6.312314889278525e-05,0.00013658795741045
0.7125395803425706,2.0345280439906457,2.0345911605669578,-6.311657631208334e-05,0.0001363986258675
0.7125396194085862,2.0345280616340204,2.034591160572039,-6.30989380185909e-05,0.0001365811143468
0.7125395982016995,2.034528028994039,2.034591160571312,-6.313157727300123e-05,0.00013644565387444999
0.7125395603970666,2.03452803823799,2.0345911605778713,-6.312233988126081e-05,0.0001363187320972
0.7125395781939539,2.0345280619162507,2.0345911605394598,-6.309862320907911e-05,0.0001364116809676
0.7125396200627149,2.0345280469345015,2.0345911605597036,-6.311362520206032e-05,0.00013674459012009998
0.71253961143445,2.0345280392674665,2.0345911605664595,-6.312129899299634e-05,0.0001365811143468
0.7125395735351763,2.034528041095865,2.0345911605946876,-6.311949882276124e-05,0.0001363187320972
0.7125396069162624,2.0345280612995076,2.034591160575967,-6.309927645942182e-05,0.0001365037714601
0.7125396170148459,2.034528063132589,2.034591160571368,-6.30974387791916e-05,0.0001366121564842
0.7125395913098632,2.0345280506824457,2.0345911605784948,-6.310989604907391e-05,0.00013640870741265
0.7125395995030958,2.0345280526904452,2.034591160594343,-6.310790389774112e-05,0.00013656077461525002
0.7125395891698403,2.0345280203817313,2.034591160556188,-6.314017445685494e-05,0.0001364318440579
0.7125395913098632,2.034528046311047,2.0345911605704945,-6.311425944760529e-05,0.0001363855707674
0.7125395858262169,2.0345280521958045,2.0345911605766465,-6.310838084200299e-05,0.0001363855707674
0.7125396155836217,2.034528070505543,2.034591160556924,-6.309005138094292e-05,0.00013658795741045
0.7125396109265159,2.034528055038682,2.034591160560148,-6.310552146615578e-05,0.00013656077461525002
0.7125395704455695,2.03452804233977,2.034591160544901,-6.3118205131385e-05,0.0001363478315524
0.71253961143445,2.03452804245724,2.034591160568942,-6.311811170212067e-05,0.0001365966354155
0.7125395932664567,2.0345280520934272,2.0345911605636635,-6.310847023627275e-05,0.0001364487530514
0.7125395775214107,2.0345280305977846,2.0345911605731675,-6.312997538282517e-05,0.00013647264441309998
0.7125395717696937,2.0345280393552314,2.0345911605553995,-6.312120016804812e-05,0.000136289632642
0.7125395739075153,2.034528036502694,2.0345911605819755,-6.312407928144026e-05,0.00013635629154295
0.7125396021706408,2.034528049972508,2.034591160548012,-6.311057550423271e-05,0.0001364318440579
0.7125396195735471,2.034528050631809,2.034591160577019,-6.310994521019353e-05,0.0001365811143468
0.7125395913098632,2.034528051259779,2.0345911605640494,-6.310930427044781e-05,0.0001363855707674
0.7125396001391624,2.034528000134818,2.034591160553712,-6.316041889409263e-05,0.0001366121564842
0.7125395891698403,2.0345280525884646,2.0345911605918734,-6.310800340880718e-05,0.00013647264441309998
0.7125396008692446,2.034528044427153,2.034591160581967,-6.311615481413568e-05,0.0001365137326526
0.7125396102143944,2.0345280478601717,2.03459116057165,-6.3112711478297e-05,0.00013650875205635
0.712539576045337,2.0345280522186515,2.034591160583232,-6.31083645803443e-05,0.00013643867150625
0.7125395969003034,2.034528049871808,2.0345911605679805,-6.31106961725969e-05,0.0001364487530514
0.7125396069162624,2.034528031296276,2.0345911605784286,-6.312928215246316e-05,0.0001365439159342
0.7125395935844899,2.034528019447479,2.0345911605812135,-6.314113373440122e-05,0.0001365065560298
0.7125395870298175,2.0345280529651624,2.03459116056739,-6.310760222749678e-05,0.00013642561640615
0.7125396152594146,2.0345280546877187,2.0345911605691773,-6.310588145863605e-05,0.00013653059133365
0.7125395775214107,2.0345280557380945,2.0345911605600384,-6.310482194393785e-05,0.00013637516115045
0.7125395789319906,2.0345280401803727,2.034591160570202,-6.312038982914103e-05,0.0001364318440579
0.7125396001391624,2.0345280643814805,2.0345911605545712,-6.309617309074866e-05,0.0001365474500147
0.7125396042487173,2.0345280385188076,2.0345911605869285,-6.312206812086885e-05,0.000136513538398
0.7125395803425706,2.0345280368966536,2.034591160562524,-6.312366587035712e-05,0.0001363478315524
0.7125395985197329,2.0345280344836913,2.034591160569733,-6.312608604153169e-05,0.0001365811143468
0.7125395969003034,2.03452806659894,2.034591160580994,-6.309398205406325e-05,0.00013643867150625
0.7125395919650604,2.0345280560560832,2.0345911606010305,-6.310454494729001e-05,0.00013643867150625
0.7125395704455695,2.0345280550101768,2.034591160563808,-6.310555363109316e-05,0.0001364116809676
0.7125396194085862,2.034528035467701,2.0345911605424627,-6.312507476158302e-05,0.00013664695563225001
0.7125396211606223,2.03452805342402,2.034591160565342,-6.310714132196082e-05,0.00013662751606675
0.7125395803425706,2.0345280422183403,2.0345911605709746,-6.311835263428378e-05,0.00013642176251275
0.7125395822756141,2.0345280157069956,2.0345911605714706,-6.314486447500656e-05,0.0001365037714601
0.7125395957245129,2.0345280170130633,2.0345911605741707,-6.314356110737052e-05,0.0001364656620449
0.7125395995030958,2.034528054148232,2.034591160570352,-6.310642211992956e-05,0.00013650297163685
0.7125395995030958,2.0345280614857018,2.034591160549859,-6.309906415724598e-05,0.0001364796267813
0.7125395891698403,2.0345280455689836,2.034591160551698,-6.311498271438509e-05,0.00013653059133365
0.712539599821129,2.0345280575031026,2.034591160571898,-6.310306879520056e-05,0.00013653059133365
0.7125395982016995,2.0345280301086794,2.0345911605691254,-6.313046044592596e-05,0.0001364796267813
0.712539614224648,2.034528016403363,2.034591160549684,-6.314414632102583e-05,0.0001365948004741
0.7125395982016995,2.034528022117528,2.034591160562842,-6.313844531380397e-05,0.00013647264441309998
0.7125395870298175,2.0345280505905516,2.0345911605832003,-6.31099926486911e-05,0.0001364656620449
0.7125395891698403,2.034528043772941,2.034591160597371,-6.311682443005395e-05,0.0001365740992158
0.7125396021706408,2.034528027537162,2.034591160560256,-6.313302309379765e-05,0.00013649667971695
0.712539614224648,2.034528045863567,2.03459116057787,-6.311471430286986e-05,0.00013656692557785
0.7125396197327932,2.0345280564688655,2.0345911605706077,-6.310410174226178e-05,0.00013656077461525002
0.7125395689850427,2.034528031310515,2.0345911605677274,-6.312925721241314e-05,0.0001363335455155
0.7125396170148459,2.0345280454341403,2.0345911605854963,-6.311515135593027e-05,0.00013658795741045
0.7125396190877341,2.0345280421146703,2.0345911605489713,-6.31184343009572e-05,0.000136586401141
0.7125396183738195,2.0345280538276462,2.0345911605415012,-6.31067138550101e-05,0.0001365992788126
0.7125396170148459,2.0345280351434956,2.0345911605714937,-6.312542799813414e-05,0.0001365837577439
0.7125395982016995,2.0345280358266513,2.034591160584858,-6.312475820680064e-05,0.0001365037714601
0.7125395913098632,2.0345280356970967,2.034591160575265,-6.31248781681748e-05,0.00013654244290345
0.7125395704455695,2.034528049763393,2.034591160585275,-6.31108218822618e-05,0.0001362316998162
0.7125395858262169,2.034528039092632,2.0345911605658458,-6.312147321363426e-05,0.0001365776067813
0.7125395913098632,2.034528032454664,2.0345911605782527,-6.312812358855169e-05,0.0001365474500147
0.7125395932664567,2.0345280510139494,2.0345911605654186,-6.310955146915376e-05,0.0001364656620449
0.712539576045337,2.0345280387417635,2.034591160547103,-6.312180533951661e-05,0.0001363335455155
0.7125395717696937,2.034528042250401,2.0345911605784783,-6.311832807748274e-05,0.0001363855707674
0.7125395982016995,2.0345280384299116,2.034591160549224,-6.312211931236433e-05,0.00013650875205635
0.71253961143445,2.0345280270157646,2.034591160563205,-6.313354744058586e-05,0.0001365776067813
0.7125395689850427,2.034528043136632,2.0345911605866855,-6.311745005360692e-05,0.0001363855707674
0.7125396200627149,2.034528018846028,2.0345911605942946,-6.314174826638208e-05,0.0001366225295441
0.7125395995030958,2.0345280269843804,2.0345911605495655,-6.313356518505842e-05,0.0001365037714601
0.7125395815375772,2.0345280489429687,2.034591160580624,-6.311163765548855e-05,0.00013636547022309999
0.7125395902408664,2.03452806594564,2.034591160581867,-6.309463622722333e-05,0.0001364557354196
0.7125395836861941,2.0345280264678487,2.0345911605680027,-6.313410015401644e-05,0.0001365256107374
0.7125396183738195,2.0345280662673364,2.034591160567157,-6.309429982076509e-05,0.00013659060080755
0.71253961143445,2.0345280278556133,2.0345911605812144,-6.31327256011005e-05,0.000136586401141
0.7125395726524351,2.0345280570325466,2.0345911605503995,-6.310351785288049e-05,0.0001362986923587
0.7125395954064795,2.0345280321097374,2.0345911605622913,-6.312845255385113e-05,0.00013656077461525002
0.7125396048381859,2.0345280254407214,2.0345911605820364,-6.313514131495168e-05,0.0001365474500147
0.7125395870298175,2.0345280519811704,2.0345911605703746,-6.310858920421936e-05,0.00013642176251275
0.7125396048381859,2.0345280537273887,2.0345911605713383,-6.310684394961186e-05,0.0001365256107374
0.7125396102143944,2.0345280266156958,2.0345911605647844,-6.313394908863401e-05,0.00013660347847915
0.7125396214496182,2.0345280132351853,2.0345911605622993,-6.314732711398818e-05,0.0001366741202519
0.7125395634788003,2.0345280439242197,2.034591160549292,-6.31166250721904e-05,0.0001363986258675
0.7125396102143944,2.03452804191108,2.0345911605488163,-6.311863773644788e-05,0.0001365837577439
0.7125396195735471,2.0345280426387053,2.0345911605840907,-6.311794538538251e-05,0.00013658795741045
0.7125395688486403,2.0345280478588963,2.034591160586749,-6.311272785275435e-05,0.0001363478315524
0.7125396045667507,2.0345280397842056,2.03459116057208,-6.312078787429343e-05,0.00013657112524440002
0.7125395969003034,2.034528056739809,2.0345911605847955,-6.310384498631194e-05,0.0001364116809676
0.7125395995030958,2.034528043639752,2.034591160578632,-6.311693887983694e-05,0.0001364796267813
0.7125395717696937,2.0345280512963977,2.0345911605881044,-6.310929170671997e-05,0.0001363187320972
0.7125396206116685,2.034528013818207,2.034591160532226,-6.314671401908001e-05,0.0001366741202519
0.7125395919650604,2.034528056526838,2.034591160595425,-6.310406858700546e-05,0.00013642176251275
0.712539599821129,2.034528056474345,2.0345911605652107,-6.310409086562885e-05,0.0001364796267813
0.7125396089943389,2.034528048782532,2.0345911605488705,-6.311176633833071e-05,0.00013653059133365
0.7125395913098632,2.0345280419375653,2.0345911605801095,-6.311864254415767e-05,0.0001363855707674
0.7125395775214107,2.034528077971891,2.034591160577526,-6.308260563514523e-05,0.00013635629154295
0.7125395891698403,2.0345280246065442,2.034591160573412,-6.313596686791101e-05,0.0001364656620449
0.7125395802824969,2.03452804907334,2.034591160555473,-6.311148213322681e-05,0.0001363478315524
0.7125395919650604,2.034528045382599,2.034591160574028,-6.31151914292083e-05,0.0001364847167525
0.7125396102143944,2.0345280316246956,2.0345911605702662,-6.312894557058968e-05,0.00013653059133365
0.712539588621437,2.0345280311159497,2.0345911605593985,-6.31294434487728e-05,0.0001364557354196
0.7125396089943389,2.0345280464786506,2.034591160577427,-6.311409877657326e-05,0.00013650875205635
0.712539576045337,2.0345280666973666,2.0345911605640934,-6.309386672675998e-05,0.00013637975626
0.7125396089943389,2.034528032345069,2.0345911605576195,-6.312821255027856e-05,0.0001365811143468
0.7125395747902566,2.0345280411736875,2.0345911605881652,-6.31194144777858e-05,0.0001362986923587
0.7125396102143944,2.0345280516820328,2.034591160563466,-6.31088814331271e-05,0.0001365037714601
0.7125395969003034,2.0345280613664714,2.0345911605657667,-6.309919929536889e-05,0.0001365037714601
0.7125395704455695,2.034528051887406,2.034591160570842,-6.310868343639697e-05,0.0001364487530514
0.7125395995030958,2.034528025260623,2.034591160560852,-6.31353002291668e-05,0.0001364916991207
0.7125395985197329,2.0345280513895534,2.0345911605859537,-6.310919640029056e-05,0.0001365837577439
0.712539599821129,2.0345280463453292,2.034591160580714,-6.311423538463146e-05,0.0001365474500147
0.7125396089943389,2.0345280494507656,2.0345911605546836,-6.311110391798991e-05,0.0001365474500147
0.7125395735351763,2.0345280571923663,2.0345911605824,-6.310339003379184e-05,0.0001363855707674
0.7125395969003034,2.034528037835859,2.0345911605672704,-6.31227314116245e-05,0.0001364557354196
0.7125395941050834,2.0345280500543277,2.0345911605634717,-6.311050914398209e-05,0.0001363986258675
0.7125396194085862,2.034528048183089,2.0345911605571563,-6.311237406730896e-05,0.00013656077461525002
0.7125396069162624,2.034528043978408,2.0345911605532905,-6.311657488256017e-05,0.0001365776067813
0.7125396021706408,2.0345280540096184,2.034591160565958,-6.310655633967599e-05,0.0001365811143468
0.7125395913098632,2.034528030805882,2.03459116056114,-6.31297552580179e-05,0.0001364487530514
0.7125396194085862,2.034528041041955,2.034591160576253,-6.31195342979396e-05,0.0001365992788126
0.7125395941050834,2.034528052262005,2.034591160557009,-6.310829500399961e-05,0.0001363986258675
0.7125395747902566,2.034528059281771,2.0345911605810585,-6.310129928754904e-05,0.0001363335455155
0.7125396021706408,2.0345280460496653,2.034591160555548,-6.31145058824778e-05,0.0001365256107374
0.7125395941050834,2.034528041143645,2.0345911605983145,-6.311945466963564e-05,0.0001364847167525
0.7125395870298175,2.0345280438602993,2.0345911605609364,-6.311670063707808e-05,0.0001364796267813
0.7125396045667507,2.034528057086917,2.0345911605703177,-6.310348340088368e-05,0.00013656428218075
0.7125396195735471,2.0345280556139613,2.034591160572518,-6.310495855688103e-05,0.0001365811143468
0.712539584415637,2.034528039122776,2.0345911605750175,-6.312145224152133e-05,0.0001364557354196
0.7125396190843792,2.0345280547499818,2.0345911605536733,-6.310580369150998e-05,0.000136632902604
0.7125395803425706,2.0345280543246806,2.0345911605859226,-6.310626124195196e-05,0.00013640870741265
0.712539614224648,2.0345280592814654,2.0345911605656255,-6.31012841600942e-05,0.00013656077461525002
0.7125395969003034,2.0345280377004205,2.0345911605759186,-6.312287549814499e-05,0.00013656692557785
0.7125395980740246,2.0345280676676705,2.0345911605607454,-6.309289307493415e-05,0.00013653059133365
0.7125395891698403,2.034528032322477,2.0345911605745215,-6.312825204446426e-05,0.0001365037714601
0.7125396194085862,2.0345280514056867,2.034591160561466,-6.310915577945053e-05,0.00013656077461525002
0.7125395689850427,2.034528048393083,2.034591160577055,-6.311218397181406e-05,0.000136289632642
0.7125395767833739,2.03452805034029,2.034591160561034,-6.311022074401151e-05,0.00013638983780515002
0.7125395726524351,2.034528018948639,2.034591160559556,-6.314161091713899e-05,0.00013635629154295
0.7125396045667507,2.0345280673957267,2.034591160581744,-6.309318601749325e-05,0.0001364916991207
0.7125395781939539,2.034528034975739,2.0345911605703613,-6.312559462218204e-05,0.0001364487530514
0.7125395781939539,2.03452805891736,2.034591160571826,-6.310165446565819e-05,0.0001363647515335
0.7125395769388734,2.0345280237417467,2.0345911605667943,-6.31368250476605e-05,0.0001364557354196
0.7125396069162624,2.034528044200681,2.0345911605753906,-6.311637470979292e-05,0.00013653059133365
0.7125396220196003,2.0345280558266308,2.034591160563513,-6.310473688220242e-05,0.0001366221295295
0.7125395969003034,2.034528051120844,2.0345911605669413,-6.31094460974424e-05,0.0001365740992158
0.7125395982016995,2.0345280484258663,2.0345911605727203,-6.311214685394972e-05,0.0001364557354196
0.7125395891698403,2.034528041064091,2.0345911605762796,-6.311951218851419e-05,0.0001364796267813
0.7125395919650604,2.034528040058235,2.034591160555677,-6.312049744217063e-05,0.00013647264441309998
0.7125395803425706,2.0345280335218834,2.0345911605661398,-6.31270442563725e-05,0.0001363855707674
0.7125396195735471,2.034528056967992,2.0345911605665137,-6.310359852168546e-05,0.0001366872318433
0.7125395985197329,2.0345280519500077,2.0345911605775613,-6.310862755354307e-05,0.0001365037714601
0.7125395803425706,2.034528058564217,2.0345911605574964,-6.310199327952404e-05,0.0001364221891574
0.7125396089943389,2.0345280538547423,2.0345911605627935,-6.310670805120822e-05,0.0001364916991207
0.7125396109265159,2.0345280472808462,2.034591160580555,-6.311329970865032e-05,0.00013661714300685
0.7125395789319906,2.034528055306112,2.0345911605495304,-6.310524341834878e-05,0.00013637516115045
0.7125395767833739,2.0345280153267153,2.0345911605817246,-6.314525500927815e-05,0.00013637516115045
0.7125395803425706,2.034528040810351,2.03459116057049,-6.311976013906317e-05,0.0001363647515335
0.7125396102143944,2.0345280558189773,2.0345911605578326,-6.310473885529078e-05,0.00013650875205635
0.7125396089943389,2.0345280521230835,2.034591160577658,-6.310845457457859e-05,0.0001365137326526
0.7125396102143944,2.034528053545369,2.0345911605460865,-6.310700071754383e-05,0.00013654742349969998
0.7125395775214107,2.0345280407845108,2.034591160546442,-6.311976193140723e-05,0.00013635629154295
0.7125396102143944,2.0345280423346788,2.034591160581789,-6.311824711024983e-05,0.00013654742349969998
0.7125395803425706,2.034528055891559,2.034591160563187,-6.310467162817801e-05,0.0001364116809676
0.7125395735351763,2.0345280167320925,2.0345911605566895,-6.314382459704504e-05,0.00013644565387444999
0.712539599821129,2.0345280603749543,2.034591160563216,-6.310018826161112e-05,0.00013650875205635
0.7125396122854896,2.0345280298298585,2.0345911605483757,-6.313071851726804e-05,0.00013656077461525002
0.7125395781939539,2.0345280446657394,2.03459116058559,-6.311591985053155e-05,0.0001364796267813
0.7125395932664567,2.0345280582874734,2.034591160593803,-6.310230632955438e-05,0.00013653301396115
0.7125395913098632,2.034528053657723,2.034591160543695,-6.310688597199743e-05,0.0001365137326526
0.7125395891698403,2.0345280480486094,2.0345911605518134,-6.31125032040103e-05,0.0001364487530514
0.7125395739075153,2.0345280405605934,2.0345911605723552,-6.312001176178583e-05,0.00013630444606029999
0.7125395969003034,2.0345280325679966,2.0345911605770133,-6.312800901664417e-05,0.0001364557354196
0.7125395489860344,2.0345280243711654,2.0345911605568485,-6.31361856830992e-05,0.0001361431603378
0.7125395704455695,2.0345280305432087,2.034591160547447,-6.313000423840975e-05,0.00013630444606029999
0.7125396001391624,2.034528043258976,2.0345911605771465,-6.311731817065791e-05,0.0001365439159342
0.7125395954064795,2.034528041629299,2.0345911605774716,-6.311894817256913e-05,0.00013637516115045
0.7125396048381859,2.0345280612014247,2.0345911605664466,-6.309936502191249e-05,0.0001365439159342
0.7125395995030958,2.034528054918152,2.0345911605543745,-6.310563622236032e-05,0.0001364847167525
0.7125395822756141,2.034528033199052,2.034591160584366,-6.312738531422113e-05,0.00013647264441309998
0.7125395836861941,2.034528055935248,2.034591160575609,-6.310464036118901e-05,0.0001364656620449
0.7125395913098632,2.0345280502868603,2.034591160569583,-6.311028272243391e-05,0.00013647264441309998
0.7125395704455695,2.034528045408113,2.0345911605637936,-6.311515568047099e-05,0.00013635629154295
0.7125396048381859,2.034528060812425,2.0345911605667504,-6.309975432516879e-05,0.0001365740992158
0.7125396048381859,2.0345280137865838,2.0345911605447524,-6.31467581686529e-05,0.0001364796267813
0.7125396214496182,2.0345280451400654,2.034591160575164,-6.31154350987373e-05,0.00013671576385635
0.71253961143445,2.034528044099271,2.0345911605901326,-6.311649086176985e-05,0.0001365137326526
0.7125396155836217,2.034528043346747,2.0345911605449305,-6.311719818352657e-05,0.00013658444984495
0.7125395677045872,2.0345280434264077,2.0345911605478757,-6.311712146800375e-05,0.0001363335455155
0.712539599821129,2.0345280621964164,2.034591160567132,-6.309837071549751e-05,0.0001364916991207
0.7125396237955499,2.0345280646857193,2.034591160558522,-6.309587280250994e-05,0.0001366741202519
0.7125396024886741,2.0345280533226835,2.0345911605659226,-6.310724323910222e-05,0.00013659060080755
0.7125395836861941,2.03452802443325,2.0345911605681173,-6.313613486730318e-05,0.0001363855707674
0.7125395735351763,2.034528028075084,2.034591160565744,-6.313249066014492e-05,0.0001362986923587
0.7125396276992623,2.0345280427577945,2.0345911605548763,-6.311779708179088e-05,0.0001366221295295
0.7125396190843792,2.034528039340184,2.0345911605776528,-6.312123746887721e-05,0.00013661714300685
0.7125395941050834,2.034528046356463,2.034591160584274,-6.311422781113407e-05,0.0001364116809676
0.7125396197327932,2.0345280495435363,2.0345911605670453,-6.311102350897713e-05,0.0001365776067813
0.7125396024886741,2.034528046668741,2.0345911605567664,-6.311388802515694e-05,0.00013653059133365
0.7125396194085862,2.0345280418950513,2.0345911605569644,-6.311866191310855e-05,0.00013671576385635
0.7125396024886741,2.034528041713318,2.034591160571105,-6.311885778709225e-05,0.00013650875205635
0.7125395836861941,2.03452805404006,2.034591160555744,-6.3106515684197e-05,0.00013647264441309998
0.712539576045337,2.0345280396705405,2.034591160562892,-6.312089235160911e-05,0.00013638821625055
0.7125395691214451,2.0345280558825696,2.034591160576034,-6.310469346448855e-05,0.000136289632642
0.7125395891698403,2.0345280493259343,2.0345911605365643,-6.31112106299625e-05,0.0001364487530514
0.7125396089943389,2.0345280464045525,2.034591160572904,-6.311416835158568e-05,0.00013659060080755
0.7125395969003034,2.0345280458715878,2.034591160561694,-6.311469010622517e-05,0.0001365037714601
0.7125395885122532,2.034528034629062,2.034591160569583,-6.312594052060305e-05,0.00013656077461525002
0.7125396045667507,2.0345280419020866,2.034591160571103,-6.311866901631547e-05,0.00013655426656335
0.7125395919650604,2.034528041613446,2.034591160572711,-6.311895926502942e-05,0.0001364116809676
0.7125395490041142,2.0345280399912866,2.0345911605675453,-6.31205762586795e-05,0.0001362642024085
0.7125395775214107,2.0345280418710656,2.034591160553009,-6.311868194330827e-05,0.0001364318440579
0.7125395735351763,2.0345280543537414,2.0345911605469076,-6.310619316618471e-05,0.0001364487530514
0.712539614224648,2.034528043550328,2.034591160564152,-6.31170138238879e-05,0.0001365439159342
0.7125395995030958,2.0345280384369175,2.034591160548558,-6.312211164027914e-05,0.00013642176251275
0.7125395969003034,2.0345280519845055,2.0345911605781866,-6.310859368108268e-05,0.0001365256107374
0.7125395954064795,2.0345280285547385,2.0345911605568485,-6.313200211005565e-05,0.00013647264441309998
0.7125396102143944,2.034528043393524,2.0345911605527354,-6.311715921114569e-05,0.0001365776067813
0.7125396069162624,2.034528051070161,2.0345911605656686,-6.310949550769607e-05,0.0001365137326526
0.7125396190843792,2.0345280708340483,2.0345911605693305,-6.308973528224016e-05,0.0001365740992158
0.7125396045667507,2.034528030811174,2.0345911605359612,-6.312972478728085e-05,0.0001365474500147
0.7125396045667507,2.0345280752742565,2.0345911605904106,-6.308531615406565e-05,0.0001364557354196
0.7125396024886741,2.034528051452707,2.0345911605663782,-6.310911367135574e-05,0.00013656077461525002
0.7125395982016995,2.0345280543422017,2.0345911605725933,-6.310623039151864e-05,0.0001363986258675
0.7125396152594146,2.0345280544739164,2.034591160554918,-6.31060810016848e-05,0.00013671279888355
0.7125395691214451,2.0345280452726136,2.0345911605881355,-6.311531552194438e-05,0.00013635629154295
0.7125395870298175,2.034528049534895,2.034591160558266,-6.311102337086538e-05,0.0001364487530514
0.7125395954064795,2.034528025810326,2.0345911605789784,-6.313476865216217e-05,0.0001364318440579
0.7125395891698403,2.034528051870022,2.0345911605534126,-6.310868339065578e-05,0.00013647264441309998
0.7125395913098632,2.034528064346941,2.03459116055783,-6.309621088895767e-05,0.0001364656620449
0.7125395941050834,2.0345280300210704,2.034591160562402,-6.313054133144647e-05,0.0001365037714601
0.7125395767833739,2.0345280308338003,2.0345911605733606,-6.31297395603525e-05,0.00013647264441309998
0.7125396102143944,2.034528054436768,2.034591160569461,-6.310613269322474e-05,0.0001365439159342
0.7125396048381859,2.0345280475622474,2.0345911605606655,-6.311299841810225e-05,0.0001365740992158
0.7125395941050834,2.0345280166456754,2.0345911605591,-6.314391342465697e-05,0.0001364116809676
0.7125395836861941,2.034528051284721,2.03459116055799,-6.310927326902416e-05,0.00013648969734874998
0.7125396001391624,2.034528047591508,2.034591160568264,-6.311297675587468e-05,0.00013650875205635
0.7125395717696937,2.034528042326205,2.0345911605627895,-6.311823658444737e-05,0.00013630444606029999
0.7125396069162624,2.034528048887083,2.0345911605718747,-6.311168479156137e-05,0.0001365776067813
0.7125396096117709,2.0345280524226563,2.0345911605532665,-6.310813061016773e-05,0.0001365037714601
0.7125395995030958,2.034528059669353,2.0345911605789904,-6.310090963745907e-05,0.0001364796267813
0.7125395717696937,2.0345280362958484,2.0345911605834854,-6.312428763699529e-05,0.00013627691752525
0.7125395836861941,2.0345280372710226,2.034591160570395,-6.312329937241401e-05,0.0001364656620449
0.7125396211606223,2.034528044957205,2.0345911605618103,-6.311560460536825e-05,0.00013671576385635
0.7125395858262169,2.034528023438658,2.0345911605622033,-6.313712354533152e-05,0.0001364557354196
0.7125396021706408,2.0345280319519334,2.0345911605939944,-6.312864206092783e-05,0.0001365837577439
0.7125395891698403,2.034528037812314,2.034591160550293,-6.312273797881574e-05,0.00013647264441309998
0.7125395767833739,2.034528045285576,2.0345911605650167,-6.311527944058426e-05,0.0001363647515335
0.7125395803425706,2.0345280643294323,2.0345911605712454,-6.30962418131098e-05,0.00013640870741265
0.7125396001391624,2.034528023967983,2.034591160572839,-6.313660485579575e-05,0.00013653059133365
0.7125396180496126,2.034528055004067,2.0345911605722926,-6.310556822564095e-05,0.00013660426533525
0.7125396024886741,2.034528032400765,2.0345911605703493,-6.312816958420342e-05,0.0001365776067813
0.7125395717696937,2.034528050595121,2.034591160558546,-6.310996342495656e-05,0.0001363478315524
0.7125396048381859,2.0345280412631137,2.0345911605396303,-6.311927651658777e-05,0.00013650875205635
0.7125396209006646,2.0345280385488267,2.034591160564012,-6.312201518543503e-05,0.00013662751606675
0.7125395822756141,2.0345280314260665,2.034591160556746,-6.312913067940684e-05,0.00013647264441309998
0.7125395858262169,2.034528055818989,2.0345911605803106,-6.31047613217639e-05,0.00013647278835525
0.7125395726524351,2.034528040944905,2.0345911605593217,-6.311961441651803e-05,0.0001365037714601
0.7125395982016995,2.034528048652583,2.0345911605735094,-6.311192092622875e-05,0.00013650875205635
0.712539614224648,2.034528043965159,2.034591160558709,-6.311659354985011e-05,0.00013662751606675
0.712539599821129,2.034528057068971,2.034591160566342,-6.310349737059795e-05,0.00013656077461525002
0.7125395891698403,2.034528032799309,2.0345911605824085,-6.312778309958134e-05,0.0001364318440579
0.7125396001391624,2.0345280534637316,2.0345911605592866,-6.310709555501504e-05,0.0001364916991207
0.7125395789319906,2.034528060200746,2.034591160563751,-6.310036300494204e-05,0.0001363335455155
0.712539599821129,2.034528025341097,2.03459116054139,-6.313520029310737e-05,0.0001365837577439
0.7125396021706408,2.0345280220451767,2.0345911605641196,-6.313851894290679e-05,0.0001364796267813
0.7125396089943389,2.0345280180473924,2.0345911605567606,-6.314250936823029e-05,0.00013650875205635
0.712539599821129,2.0345280643233727,2.0345911605818174,-6.30962584446948e-05,0.00013653059133365
0.7125395802824969,2.0345280451349397,2.0345911605517353,-6.311541679560051e-05,0.0001364487530514
0.712539588621437,2.034528042714529,2.0345911605742515,-6.311785972235029e-05,0.0001363647515335
0.7125395941050834,2.0345280476964183,2.034591160542832,-6.311284641391524e-05,0.0001364916991207
0.7125395803425706,2.034528055417376,2.0345911605467895,-6.310512941354318e-05,0.00013642176251275
0.7125395704455695,2.034528030889118,2.0345911605783336,-6.312968921573514e-05,0.00013630444606029999
0.7125395775214107,2.034528058410864,2.0345911605664617,-6.310215559768295e-05,0.00013639246076174998
0.7125395789319906,2.0345280227114224,2.034591160601544,-6.313789012146742e-05,0.00013644565387444999
0.7125395689850427,2.034528046087423,2.0345911605864315,-6.311449900842092e-05,0.0001363192594786
0.7125395913098632,2.0345280340687317,2.0345911605674605,-6.312649872874943e-05,0.0001364116809676
0.7125395726524351,2.034528050005397,2.034591160542028,-6.311053663088373e-05,0.0001363335455155
0.7125396001391624,2.034528027117949,2.0345911605626252,-6.313344467612225e-05,0.00013653059133365
0.7125395891698403,2.0345280507332983,2.0345911605538016,-6.310982050328207e-05,0.0001364487530514
0.7125395969003034,2.034528020860301,2.034591160572769,-6.31397124681854e-05,0.0001365474500147
0.7125396204467078,2.034528039342042,2.0345911605597906,-6.312121774865176e-05,0.0001366610086605
0.7125396102143944,2.0345280534184713,2.0345911605570652,-6.310713859392081e-05,0.00013649667971695
0.7125396180496126,2.034528029490251,2.0345911605506974,-6.31310604464197e-05,0.00013660347847915
0.7125396045667507,2.034528058559115,2.034591160562861,-6.310200374626262e-05,0.0001365256107374
0.7125395969003034,2.0345280279774416,2.0345911605881075,-6.313261066592801e-05,0.0001365037714601
0.7125395870298175,2.0345280293373786,2.0345911605676554,-6.313123027679168e-05,0.0001364656620449
0.7125396024886741,2.0345280426987857,2.0345911605631155,-6.311786432977584e-05,0.0001365474500147
0.7125395767833739,2.0345280661583756,2.034591160543685,-6.309438530927025e-05,0.0001363335455155
0.7125395891698403,2.0345280557968626,2.0345911605654052,-6.310476854265445e-05,0.0001363986258675
0.7125395735351763,2.034528031916957,2.0345911605457974,-6.312862884039205e-05,0.00013635629154295
0.7125396089943389,2.0345280440120534,2.0345911605518476,-6.311653979418352e-05,0.0001364796267813
0.7125396089943389,2.0345280428868846,2.0345911605441382,-6.311765725364182e-05,0.00013656428218075
0.712539576045337,2.03452804394867,2.034591160553081,-6.311660441093991e-05,0.0001363192594786
0.7125396278798704,2.034528037250944,2.0345911605761073,-6.312332516333896e-05,0.0001367696212364
0.7125395872108571,2.0345280280680553,2.034591160581581,-6.313251352585425e-05,0.0001365137326526
0.71253961143445,2.0345280365821803,2.0345911605598226,-6.312397764229871e-05,0.0001365948004741
0.7125395767833739,2.034528052349648,2.0345911605582687,-6.31082086206547e-05,0.00013635629154295
0.7125395957245129,2.0345280417982883,2.034591160564331,-6.311876604270239e-05,0.0001365474500147
0.71253961143445,2.034528060842857,2.034591160556681,-6.309971382423285e-05,0.00013659060080755
0.7125395775214107,2.03452803459207,2.0345911605658302,-6.312597376023632e-05,0.000136289632642
0.7125395941050834,2.034528054391155,2.0345911605470812,-6.310615592619584e-05,0.0001365837577439
0.7125396089943389,2.0345280379144564,2.0345911605797258,-6.312266526942167e-05,0.00013661385153905
0.7125395717696937,2.0345280423239775,2.0345911605595997,-6.311823562210606e-05,0.00013627116382365
0.7125395995030958,2.0345280327925686,2.0345911605797715,-6.312778720296564e-05,0.00013650875205635
0.7125395767833739,2.034528064131398,2.0345911605626865,-6.309643128865616e-05,0.0001363335455155
0.7125396210411576,2.0345280245726327,2.034591160574618,-6.313600198515346e-05,0.00013670121485065
0.7125396130045925,2.0345280466712476,2.0345911605633624,-6.311389211477447e-05,0.0001365740992158
0.7125395688486403,2.034528027807817,2.0345911605766207,-6.31327688038752e-05,0.0001363667011599
0.7125395913098632,2.0345280683461975,2.034591160585091,-6.309223889333637e-05,0.0001364116809676
0.7125395995030958,2.034528054090959,2.0345911605571576,-6.310646619844817e-05,0.0001364318440579
0.7125395781939539,2.034528037039413,2.0345911605724,-6.312353298687512e-05,0.00013637516115045
0.7125395789319906,2.0345280471509652,2.0345911605703124,-6.311341934717163e-05,0.0001363187320972
0.7125395634788003,2.0345280477476573,2.034591160571871,-6.311282421389564e-05,0.0001362642024085
0.7125395969003034,2.034528032229743,2.0345911605534224,-6.312832367916243e-05,0.0001364557354196
0.712539599821129,2.034528053891275,2.034591160555212,-6.310666393716247e-05,0.0001364916991207
0.7125395600394948,2.0345280342810246,2.034591160550964,-6.312626993931758e-05,0.0001362508110358
0.7125395677045872,2.034528046811026,2.0345911605629907,-6.311375196466074e-05,0.00013630444606029999
0.7125395789319906,2.0345280392893357,2.0345911605871834,-6.312129784769027e-05,0.00013637516115045
0.712539576045337,2.0345280465988775,2.0345911605564817,-6.311395760416616e-05,0.0001364318440579
0.7125395969003034,2.034528042464133,2.0345911605550198,-6.311809088677123e-05,0.0001364116809676
0.7125396190843792,2.0345280578949683,2.0345911605767806,-6.310268181231038e-05,0.0001365740992158
0.7125395691651139,2.0345280425294163,2.0345911605634157,-6.311803399938754e-05,0.00013628387894040002
0.712539576045337,2.0345280481549866,2.0345911605629605,-6.311240797396422e-05,0.00013636547022309999
0.7125395789319906,2.0345280552929785,2.0345911605996148,-6.310530663622416e-05,0.00013635629154295
0.712539619897754,2.0345280260166323,2.034591160553175,-6.313453654271939e-05,0.0001365948004741
0.7125396102143944,2.03452802970796,2.0345911605803573,-6.313087239728787e-05,0.0001365802501784
0.7125396200627149,2.034528032701265,2.0345911605681004,-6.312786683526639e-05,0.000136632902604
0.7125396190843792,2.0345280572973468,2.034591160563404,-6.310326605740713e-05,0.00013660347847915
0.7125395726524351,2.034528032363073,2.0345911605528637,-6.312818979070656e-05,0.0001363187320972
0.7125395789319906,2.0345280167100075,2.034591160559872,-6.314384986438881e-05,0.0001364116809676
0.7125395995030958,2.0345280518832074,2.0345911605506846,-6.310866747716304e-05,0.0001364916991207
0.7125396048381859,2.0345280317897037,2.0345911605739926,-6.312878428893498e-05,0.0001365439159342
0.7125395789319906,2.0345280572036106,2.034591160556371,-6.310335276049628e-05,0.00013637516115045
0.7125395726524351,2.034528041559119,2.0345911605747125,-6.31190155933048e-05,0.00013625750672215
0.7125395803425706,2.034528064675908,2.0345911605689793,-6.309589307118557e-05,0.00013644467111375
0.7125396102143944,2.034528043496566,2.034591160562695,-6.311706612915913e-05,0.0001365137326526
0.712539588621437,2.034528057697887,2.0345911605710603,-6.310287317345953e-05,0.00013628387894040002
0.7125396069162624,2.0345280416831706,2.034591160577819,-6.311889464827303e-05,0.0001365811143468
0.7125395535184555,2.0345280535150856,2.0345911605778384,-6.310706275280964e-05,0.00013625750672215
0.7125395982016995,2.0345280433541633,2.0345911605534064,-6.311719924312342e-05,0.0001364916991207
0.7125396048381859,2.0345280249075794,2.0345911605679348,-6.313566035531792e-05,0.0001365740992158
0.7125395982016995,2.0345280692490366,2.034591160564864,-6.309131582726835e-05,0.0001364656620449
0.7125395969003034,2.0345280499892264,2.0345911605502836,-6.311056105712254e-05,0.00013642176251275
0.7125395941050834,2.034528043955671,2.0345911605628557,-6.311660718472112e-05,0.0001363855707674
0.7125396024886741,2.034528065281423,2.0345911605588,-6.309527737702325e-05,0.0001365474500147
0.7125396183738195,2.0345280511521433,2.0345911605660194,-6.310941387610569e-05,0.0001365948004741
0.7125396069162624,2.0345280489290807,2.0345911605756712,-6.311164659056345e-05,0.00013656077461525002
0.7125395755282935,2.0345280313410474,2.0345911605811025,-6.312924005502651e-05,0.00013640870741265
0.71253961143445,2.034528045193135,2.034591160565742,-6.311537260694777e-05,0.0001365137326526
0.712539599821129,2.034528057285387,2.0345911605580134,-6.310327262637472e-05,0.0001365137326526
0.7125396211606223,2.0345280588320933,2.034591160583085,-6.310175099155657e-05,0.0001365948004741
0.7125396206116685,2.0345280328925592,2.0345911605637936,-6.312767123439755e-05,0.0001366741202519
0.7125396069162624,2.034528046335482,2.0345911605841476,-6.311424866556337e-05,0.0001365740992158
0.7125395885122532,2.0345280561530092,2.034591160574352,-6.310442134260796e-05,0.0001362781252388
0.7125395836861941,2.0345280433651642,2.0345911605839926,-6.311721882834576e-05,0.00013642176251275
0.7125395913098632,2.0345280386641678,2.0345911605431697,-6.312187900192612e-05,0.00013647264441309998
0.712539599821129,2.0345280354284054,2.034591160579324,-6.312515091844162e-05,0.00013647264441309998
0.7125395634788003,2.03452800372666,2.0345911605762157,-6.315684955549017e-05,0.0001365037714601
0.7125395954064795,2.0345280384060813,2.034591160553366,-6.312214728465548e-05,0.0001364116809676
0.7125396214496182,2.0345280474542227,2.034591160579858,-6.311312563545002e-05,0.0001365948004741
0.7125395969003034,2.034528010677428,2.034591160568975,-6.31498915466544e-05,0.0001365474500147
0.7125396197327932,2.034528040562013,2.0345911605673557,-6.31200053424763e-05,0.0001365837577439
0.712539619897754,2.034528034932625,2.0345911605468077,-6.312561418253537e-05,0.0001366872318433
0.712539619897754,2.034528018209024,2.034591160561111,-6.31423520869312e-05,0.00013666006722365002
0.712539576045337,2.034528040493172,2.034591160574312,-6.312008114006673e-05,0.0001362986923587
0.7125396021706408,2.03452805259027,2.0345911605712224,-6.31079809525481e-05,0.00013650875205635
0.7125395755282935,2.0345280186250316,2.0345911605800002,-6.314195496859298e-05,0.0001364796267813
0.7125395982016995,2.0345280627272864,2.034591160552759,-6.309782547253562e-05,0.0001364487530514
0.7125396048381859,2.034528055358369,2.034591160547634,-6.310518926522235e-05,0.0001365474500147
0.7125395691214451,2.034528051916275,2.0345911605577043,-6.310864142911043e-05,0.00013635629154295
0.7125396089943389,2.0345280469795104,2.034591160549335,-6.311356982457994e-05,0.0001365811143468
0.7125396217684117,2.0345280421033327,2.0345911605784566,-6.311847512385782e-05,0.0001366121564842
0.7125396200627149,2.034528044298385,2.0345911605706735,-6.311627228861028e-05,0.00013661714300685
0.7125395941050834,2.0345280245432225,2.0345911605750016,-6.313603177909854e-05,0.0001365474500147
0.712539576045337,2.034528048804112,2.034591160564742,-6.311176063000801e-05,0.00013628387894040002
0.7125395704455695,2.0345280489682454,2.034591160561406,-6.311159316085835e-05,0.00013635629154295
0.7125395913098632,2.034528049752383,2.0345911605478166,-6.311079543364073e-05,0.0001365837577439
0.7125395969003034,2.0345280430913526,2.034591160591828,-6.31175004754958e-05,0.0001365037714601
0.7125396102143944,2.0345280464541013,2.0345911605679436,-6.31141138422997e-05,0.00013661385153905
0.7125396069162624,2.0345280292451386,2.034591160576407,-6.313133126845116e-05,0.0001365776067813
0.7125395713283107,2.0345280332078484,2.0345911605725324,-6.312736468405689e-05,0.0001364796267813
0.7125395747902566,2.034528039690067,2.0345911605953844,-6.312090531723769e-05,0.0001363335455155
0.7125395747902566,2.0345280407719804,2.0345911605649523,-6.311979297191073e-05,0.00013630444606029999
0.7125395969003034,2.0345280422515306,2.0345911605610913,-6.311830956073905e-05,0.00013644565387444999
0.7125396069162624,2.0345280254443,2.034591160593971,-6.313514967093425e-05,0.0001365837577439
0.7125395815397785,2.034528012076863,2.0345911605770888,-6.314850022581808e-05,0.0001365439159342
0.7125395941050834,2.0345280530306407,2.034591160566644,-6.310753600313745e-05,0.00013647264441309998
0.712539599821129,2.0345280554640968,2.0345911605751663,-6.310511106955019e-05,0.0001364318440579
0.7125396042487173,2.034528057804191,2.0345911605632647,-6.310275907361884e-05,0.0001365256107374
0.7125395985197329,2.034528047293042,2.0345911605551636,-6.311326212182777e-05,0.00013656077461525002
0.7125395870298175,2.034528044993741,2.0345911605715044,-6.311557776328414e-05,0.00013643867150625
0.7125395704455695,2.034528038319718,2.034591160560682,-6.312224096394203e-05,0.000136289632642
0.7125395858262169,2.0345280145268325,2.0345911605743088,-6.314604747625907e-05,0.0001364318440579
0.7125396170148459,2.0345280352689823,2.0345911605609697,-6.312529198737593e-05,0.00013664695563225001
0.712539614224648,2.0345280386524687,2.034591160567289,-6.312191482038543e-05,0.00013653059133365
0.7125396180496126,2.034528042472517,2.0345911605649225,-6.311809240555633e-05,0.0001366225295441
0.7125395941050834,2.0345280304041578,2.0345911605537013,-6.313014954351104e-05,0.0001365740992158
0.7125395891698403,2.0345280436500843,2.034591160571251,-6.311692116645062e-05,0.0001364796267813
0.7125396204467078,2.0345280269703867,2.0345911605486657,-6.313357827902877e-05,0.0001366741202519
0.7125396024886741,2.034528040100786,2.034591160588035,-6.3120487248991e-05,0.00013656077461525002
0.7125395982016995,2.0345280575298674,2.0345911605852702,-6.310305540280226e-05,0.0001364916991207
0.7125395888302866,2.0345280187299513,2.0345911605770155,-6.314184706424086e-05,0.0001364796267813
0.7125395969003034,2.034528042367379,2.034591160578595,-6.311821121629535e-05,0.0001365137326526
0.7125396170148459,2.034528046539007,2.034591160564798,-6.311402579095571e-05,0.00013666006722365002
0.7125396140393591,2.0345280534905354,2.0345911605866775,-6.310709614210097e-05,0.0001365776067813
0.7125395969003034,2.034528059875507,2.0345911605852254,-6.310070971826676e-05,0.00013642176251275
0.7125395803425706,2.034528052573169,2.0345911605788047,-6.310800563591457e-05,0.00013637516115045
0.7125395677045872,2.0345280325633897,2.0345911605638936,-6.312800050389811e-05,0.0001363667011599
0.7125396152594146,2.034528040807125,2.03459116054876,-6.311974163475398e-05,0.0001365740992158
0.7125396089943389,2.0345280436669086,2.034591160573818,-6.311690690941063e-05,0.0001365740992158
0.7125395535184555,2.0345280349135457,2.034591160566267,-6.312565272148518e-05,0.00013625750672215
0.712539599821129,2.0345280371261323,2.0345911605798586,-6.312345372627703e-05,0.0001364796267813
0.712539608136318,2.0345280620616215,2.034591160587841,-6.309852621955159e-05,0.00013656077461525002
0.7125395803425706,2.034528056561562,2.0345911605919955,-6.310403043352508e-05,0.0001363647515335
0.71253961143445,2.034528043306184,2.0345911605532683,-6.311724708440991e-05,0.0001365802501784
0.7125396024886741,2.0345280593649315,2.0345911605585933,-6.310119366181866e-05,0.00013660347847915
0.7125396217535129,2.034528040664907,2.034591160566262,-6.311990135499101e-05,0.00013671576385635
0.7125395969003034,2.0345280267106283,2.034591160563448,-6.313385281986328e-05,0.0001364557354196
0.7125396024886741,2.0345280612787247,2.034591160563966,-6.309928524128594e-05,0.0001365811143468
0.7125395747902566,2.0345280162690424,2.0345911605926763,-6.314432363385691e-05,0.00013647264441309998
0.7125395891698403,2.034528057794997,2.0345911605660665,-6.310277106935658e-05,0.00013642176251275
0.712539576045337,2.0345280606889466,2.034591160550204,-6.309986125740963e-05,0.000136352415123
0.7125395985197329,2.0345280473213734,2.0345911605964386,-6.311327506525188e-05,0.0001365776067813
0.7125396190843792,2.0345280597930007,2.034591160570189,-6.310077718829632e-05,0.00013664969416375
0.7125395735351763,2.0345280415887808,2.034591160573113,-6.311898433208896e-05,0.0001364116809676
0.7125395913098632,2.0345280421993057,2.03459116056659,-6.311836728434272e-05,0.00013656077461525002
0.71253961143445,2.034528039269976,2.034591160542722,-6.312127274599177e-05,0.0001365740992158
0.7125396089943389,2.03452802245575,2.034591160555036,-6.3138099286153e-05,0.0001365837577439
0.7125395775214107,2.0345280547323035,2.034591160563458,-6.31058311544308e-05,0.00013635629154295
0.7125395726524351,2.034528055305545,2.0345911605564164,-6.310525087149799e-05,0.0001362316998162
0.7125395677045872,2.034528039338133,2.034591160556709,-6.312121857598996e-05,0.00013628387894040002
0.7125395995030958,2.0345280412114057,2.034591160569853,-6.311935844705019e-05,0.00013644565387444999
0.712539608136318,2.0345280496518363,2.0345911605738087,-6.311092197242019e-05,0.00013656077461525002
0.7125395954064795,2.034528049361171,2.034591160557213,-6.311119604207605e-05,0.0001364116809676
0.7125395935844899,2.034528053137731,2.0345911605761478,-6.310743841675404e-05,0.00013653059133365
0.7125395913098632,2.03452803952897,2.0345911605657774,-6.312103680716774e-05,0.0001364318440579
0.7125396089943389,2.034528067177396,2.034591160563618,-6.309338622223493e-05,0.00013656077461525002
0.712539576045337,2.0345280411030675,2.0345911605502893,-6.31194472218155e-05,0.0001363478315524
0.7125395919650604,2.034528055144052,2.03459116057472,-6.310543066812002e-05,0.0001364656620449
0.7125396102143944,2.0345280463352204,2.0345911605584366,-6.311422321614302e-05,0.00013649667971695
0.7125395969003034,2.034528054866212,2.034591160560006,-6.310569379408548e-05,0.0001365037714601
0.7125396069162624,2.0345280674965935,2.034591160574151,-6.309307755758553e-05,0.00013656077461525002
0.7125395913098632,2.0345280591025676,2.034591160576558,-6.310147399046784e-05,0.0001363986258675
0.7125395836861941,2.034528052953476,2.034591160578855,-6.310762537875547e-05,0.00013632719208775
0.7125395726524351,2.0345280321301926,2.0345911605449527,-6.312841476008302e-05,0.00013627116382365
0.7125396140393591,2.0345280277682596,2.0345911605746125,-6.313280635295015e-05,0.00013656428218075
0.7125396048381859,2.0345280405789783,2.0345911605803733,-6.312000139496732e-05,0.00013653059133365
0.7125395789319906,2.0345280477429304,2.0345911605544535,-6.311281152315829e-05,0.0001363192594786
0.7125396102143944,2.034528044751768,2.0345911605709253,-6.311581915730002e-05,0.00013659060080755
0.7125395982016995,2.034528060826444,2.0345911605653417,-6.309973889750964e-05,0.0001363986258675
0.712539614224648,2.034528048004327,2.03459116055452,-6.311255019308959e-05,0.00013656692557785
0.7125396048381859,2.0345280269212838,2.0345911605644122,-6.31336431284879e-05,0.00013656077461525002
0.7125395803425706,2.0345280281565175,2.034591160567767,-6.313241124944469e-05,0.0001364116809676
0.7125396001391624,2.0345280508133876,2.034591160572781,-6.310975939349817e-05,0.0001364656620449
0.7125395941050834,2.0345280329700945,2.0345911605675195,-6.312759742499452e-05,0.00013653059133365
0.712539599821129,2.0345280270902752,2.0345911605794083,-6.313348913300487e-05,0.00013647264441309998
0.7125395789319906,2.034528041522693,2.0345911605845464,-6.31190618531896e-05,0.0001363986258675
0.7125395691651139,2.0345280309327585,2.0345911605471554,-6.312961439691733e-05,0.00013623839550255
0.7125395995030958,2.0345280439897206,2.034591160550767,-6.311656104651675e-05,0.0001365811143468
0.7125396155836217,2.034528058682612,2.034591160572699,-6.310189008695843e-05,0.00013657112524440002
0.71253961143445,2.034528038764293,2.0345911605961144,-6.312183182144437e-05,0.0001365137326526
0.7125395941050834,2.034528051043326,2.0345911605743026,-6.310953097665717e-05,0.0001365776067813
0.7125395913098632,2.034528027011782,2.034591160586487,-6.313357470499881e-05,0.00013642176251275
0.7125395767833739,2.0345280597764455,2.0345911605596747,-6.310078322924184e-05,0.0001362644681373
0.7125395982016995,2.0345280565997177,2.034591160545887,-6.310394616937387e-05,0.0001365256107374
0.7125395954064795,2.0345280330263473,2.0345911605975453,-6.312757119797396e-05,0.0001364487530514
0.7125395913098632,2.034528062678749,2.034591160565764,-6.309788701486241e-05,0.0001363855707674
0.7125395747902566,2.0345280235417316,2.0345911605536884,-6.313701195681531e-05,0.0001363647515335
0.7125396089943389,2.0345280363696396,2.0345911605667917,-6.312419715204243e-05,0.0001365811143468
0.7125395775214107,2.0345280477810395,2.034591160554987,-6.311277394743797e-05,0.00013635629154295
0.7125395954064795,2.0345280486305177,2.0345911605658924,-6.311193537467119e-05,0.00013647264441309998
0.7125396045667507,2.0345280328282382,2.0345911605653564,-6.312773711814046e-05,0.00013649667971695
0.712539570309167,2.0345280564665766,2.0345911605819595,-6.310411538290595e-05,0.00013637516115045
0.7125395891698403,2.0345280287146443,2.0345911605808835,-6.313186623918554e-05,0.0001365137326526
0.7125395803425706,2.0345280456563235,2.0345911605569156,-6.311490059207614e-05,0.00013635629154295
0.7125396085770042,2.0345280510795805,2.0345911605593123,-6.310947973187098e-05,0.00013660347847915
0.7125395836861941,2.0345280561387793,2.0345911605730223,-6.310443424295542e-05,0.0001363855707674
0.7125396048381859,2.0345280542009325,2.0345911605600033,-6.310635907080808e-05,0.0001365740992158
0.71253961143445,2.0345280568306694,2.0345911605673814,-6.310373671203351e-05,0.0001365474500147
0.7125396024886741,2.034528032299354,2.0345911605601907,-6.312826083654244e-05,0.0001365966354155
0.7125395713283107,2.0345280454202923,2.0345911605651734,-6.311514488110959e-05,0.0001362642024085
0.7125396089943389,2.0345280540775317,2.0345911605841973,-6.310650666563333e-05,0.0001365037714601
0.7125396170148459,2.034528066382078,2.0345911605515274,-6.309416944949575e-05,0.00013660347847915
0.7125395789319906,2.0345280251855256,2.034591160582573,-6.313539704727589e-05,0.0001364796267813
0.712539614224648,2.034528050150546,2.034591160576996,-6.311042645013032e-05,0.0001365740992158
0.7125395891698403,2.034528055236349,2.034591160617196,-6.310538084663975e-05,0.0001364656620449
0.7125396183738195,2.0345280464659363,2.03459116057233,-6.311410639359138e-05,0.0001365837577439
0.712539599821129,2.0345280504794974,2.0345911605640383,-6.311008454096267e-05,0.0001364656620449
0.7125396024886741,2.034528043853772,2.0345911605682647,-6.311671449266143e-05,0.0001365037714601
0.7125396190843792,2.0345280502278205,2.034591160564512,-6.31103366917074e-05,0.00013656077461525002
0.7125396024886741,2.0345280318587515,2.0345911605753417,-6.312871659019947e-05,0.0001365776067813
0.7125396089943389,2.0345280494840856,2.0345911605565035,-6.311107241785407e-05,0.00013650875205635
0.7125396045667507,2.0345280437723603,2.034591160546293,-6.31167739326699e-05,0.00013656428218075
0.7125395755282935,2.0345280390695692,2.0345911605760443,-6.31215064750279e-05,0.0001365037714601
0.7125395767833739,2.0345280402282464,2.034591160590949,-6.312036270239574e-05,0.0001363982977957
0.7125395941050834,2.034528023738672,2.034591160561392,-6.313682272018895e-05,0.0001364487530514
0.7125396001391624,2.0345280658266396,2.034591160559579,-6.30947329391951e-05,0.00013648969734874998
0.7125395891698403,2.034528042551144,2.034591160562287,-6.311801114300408e-05,0.0001364656620449
0.7125395747902566,2.034528046469456,2.0345911605617526,-6.311409229642351e-05,0.0001363335455155
0.7125395995030958,2.034528051592191,2.0345911605908,-6.310899860917374e-05,0.0001363855707674
0.7125395822756141,2.0345280538105786,2.0345911605666362,-6.310675605769589e-05,0.00013636547022309999
0.7125396183738195,2.0345280652068967,2.0345911605608316,-6.30953539348944e-05,0.0001365811143468
0.712539619897754,2.034528050301056,2.034591160569173,-6.311026811678389e-05,0.00013661385153905
0.7125395836861941,2.0345280095529006,2.034591160551769,-6.315099886844422e-05,0.00013642176251275
0.7125395789319906,2.0345280653803046,2.0345911605596094,-6.309517930480624e-05,0.00013638821625055
0.71253961143445,2.034528061295657,2.034591160577446,-6.309928178893642e-05,0.00013659060080755
0.712539556957761,2.0345280248564364,2.0345911605745717,-6.313571813532093e-05,0.0001362316998162
0.712539614224648,2.0345280435686797,2.034591160542567,-6.311697388738935e-05,0.0001365948004741
0.7125396211606223,2.034528055427754,2.0345911605824365,-6.310515468266331e-05,0.0001365948004741
0.7125395689850427,2.0345280441122253,2.0345911605847173,-6.311647249201968e-05,0.0001363335455155
0.7125395899228332,2.0345280479408716,2.034591160581945,-6.311264107328185e-05,0.0001363478315524
0.712539584415637,2.0345280323121346,2.0345911605763103,-6.312826417564921e-05,0.0001365811143468
0.7125396180496126,2.034528039170622,2.034591160573147,-6.31214025248461e-05,0.0001365811143468
0.7125396089943389,2.03452804068951,2.0345911605658324,-6.311987632257043e-05,0.00013650875205635
0.7125395913098632,2.0345280413387417,2.034591160576964,-6.311923822233112e-05,0.0001364318440579
0.71253961143445,2.034528057167591,2.0345911605638967,-6.310339630566375e-05,0.00013650875205635
0.7125396048381859,2.0345280215503987,2.03459116057172,-6.313902132148996e-05,0.0001364796267813
0.712539608136318,2.0345280610232206,2.0345911605522233,-6.30995290027414e-05,0.0001365137326526
0.7125396102143944,2.0345280545460604,2.03459116057331,-6.310602724957093e-05,0.00013656077461525002
0.7125395726524351,2.0345280312803236,2.0345911605801557,-6.31292998320987e-05,0.0001363129783956
0.7125396217684117,2.034528036322239,2.0345911605672455,-6.312424500665159e-05,0.0001366872318433
0.7125395688486403,2.034528054178816,2.034591160552689,-6.310637387318963e-05,0.00013630444606029999
0.7125395688486403,2.0345280455110295,2.0345911605737816,-6.31150627521393e-05,0.000136289632642
0.7125396217386143,2.0345280519489144,2.0345911605844185,-6.31086355040722e-05,0.00013661714300685
0.7125395735351763,2.0345280461343758,2.034591160538712,-6.31144043361509e-05,0.0001362642024085
0.7125395789319906,2.0345280554492673,2.034591160603487,-6.310515421992235e-05,0.0001363986258675
0.7125396130045925,2.034528027599829,2.0345911605834055,-6.313298357651931e-05,0.0001364916991207
0.7125396102143944,2.034528032811739,2.0345911605763587,-6.312776461969705e-05,0.000136586401141
0.7125396180496126,2.034528033123843,2.0345911605739952,-6.312745015213395e-05,0.00013661714300685
0.7125395822756141,2.0345280456390826,2.034591160563075,-6.311492399246887e-05,0.0001363667011599
0.7125395969003034,2.0345280537199697,2.034591160571762,-6.31068517922273e-05,0.0001364318440579
0.7125396200627149,2.0345280558885883,2.03459116056538,-6.310467679160325e-05,0.0001366121564842
0.7125395891698403,2.0345280506888885,2.0345911605802423,-6.31098913537187e-05,0.00013647264441309998
0.7125395870298175,2.034528040580943,2.034591160565408,-6.311998446495437e-05,0.0001365256107374
0.7125396102143944,2.0345280510149375,2.03459116056968,-6.310955474253532e-05,0.00013653059133365
0.7125396048381859,2.0345280601060907,2.034591160568789,-6.310046269852876e-05,0.0001365137326526
0.7125396170148459,2.034528037409914,2.034591160585294,-6.312317538004208e-05,0.00013659060080755
0.7125395836861941,2.034528040841569,2.034591160583151,-6.311974158190736e-05,0.0001364116809676
0.7125396041673767,2.034528048220128,2.034591160578994,-6.311235886613531e-05,0.0001365811143468
0.7125395677045872,2.0345280556422973,2.0345911605502813,-6.310490798400181e-05,0.00013637975626
0.712539619897754,2.034528025228592,2.0345911605669693,-6.31353383773181e-05,0.0001366872318433
0.7125395995030958,2.03452804718045,2.0345911605595695,-6.311337911935055e-05,0.00013647278835525
0.7125395803425706,2.0345280309528224,2.0345911605878846,-6.312963506216462e-05,0.0001364116809676
0.7125395982016995,2.0345280490937077,2.034591160579132,-6.311148542437195e-05,0.0001364916991207
0.7125395775214107,2.034528057138221,2.0345911605810225,-6.310344280135993e-05,0.0001362781252388
0.7125396102143944,2.0345280480835464,2.0345911605649243,-6.311248137791381e-05,0.00013653059133365
0.7125396209006646,2.034528045578104,2.0345911605771163,-6.31149990124591e-05,0.00013660347847915
0.7125396042487173,2.034528056796568,2.034591160555857,-6.310375928908485e-05,0.00013650875205635
0.7125396069162624,2.034528056940616,2.034591160554968,-6.310361435168943e-05,0.0001365439159342
0.7125395985197329,2.0345280508395396,2.0345911605644904,-6.310972495082723e-05,0.0001365037714601
0.7125395704455695,2.0345280163483292,2.0345911605595743,-6.314421124509195e-05,0.0001365037714601
0.7125396069162624,2.034528066475145,2.0345911605756886,-6.309410054372577e-05,0.00013653893533795
0.7125395767833739,2.034528050934948,2.0345911605801295,-6.310964518130291e-05,0.0001363335455155
0.712539576045337,2.0345280277882702,2.0345911605492804,-6.313276101010956e-05,0.0001364116809676
0.7125396130045925,2.0345280346379426,2.034591160575987,-6.312593804436162e-05,0.0001366121564842
0.712539608136318,2.034527991989022,2.0345911605728384,-6.31685838166085e-05,0.0001366221295295
0.7125395913098632,2.0345280306618783,2.0345911605698337,-6.312990795542817e-05,0.00013654508630055
0.7125395995030958,2.0345280095260585,2.034591160542764,-6.315101670528733e-05,0.0001364796267813
0.7125395747902566,2.0345280456749064,2.034591160575362,-6.311490045574075e-05,0.00013630444606029999
0.7125396119612826,2.034528011504575,2.034591160567493,-6.314906291793321e-05,0.000136586401141
0.7125396041673767,2.0345280165312176,2.0345911605669253,-6.314403570772953e-05,0.00013650875205635
0.7125395870298175,2.0345280267233052,2.0345911605665172,-6.313384321199322e-05,0.00013653059133365
0.7125395954064795,2.0345280567602186,2.03459116056074,-6.310380052143572e-05,0.00013649667971695
0.712539570309167,2.0345280485804733,2.0345911605893385,-6.311200886521817e-05,0.00013623839550255
0.7125395982016995,2.034528041946919,2.0345911605506863,-6.311860376717604e-05,0.0001365776067813
0.7125396001391624,2.034528037379853,2.03459116056288,-6.312318302725828e-05,0.00013647264441309998
0.7125395982016995,2.0345280422554057,2.0345911605913236,-6.311833591787774e-05,0.0001364916991207
0.7125396089943389,2.034528052418361,2.0345911605756943,-6.310815733323594e-05,0.0001365811143468
0.7125395891698403,2.034528059515871,2.034591160579038,-6.310106316709252e-05,0.0001364656620449
0.7125396089943389,2.0345280518703306,2.0345911605784144,-6.310870808379221e-05,0.0001365037714601
0.7125395969003034,2.034528026025968,2.0345911605768205,-6.3134550852606e-05,0.0001364916991207
0.7125395969003034,2.0345280531574543,2.034591160563999,-6.310740654447144e-05,0.00013647264441309998
0.7125396217386143,2.034528067374322,2.034591160575775,-6.309320145314601e-05,0.0001366610086605
0.7125395836861941,2.0345280450599232,2.03459116055308,-6.311549315674014e-05,0.0001363986258675
0.712539599821129,2.0345280583560506,2.0345911605681306,-6.310221208005728e-05,0.0001365037714601
0.7125395678409896,2.0345280488329935,2.0345911605523126,-6.311171931905335e-05,0.0001363376017047
0.7125396048381859,2.0345280421689202,2.034591160551263,-6.311838234296374e-05,0.00013656077461525002
0.7125395689850427,2.034528020387595,2.0345911605888007,-6.314020120568031e-05,0.00013635629154295
0.7125395836861941,2.034528028896445,2.034591160601435,-6.313170498994936e-05,0.0001365439159342
0.712539599821129,2.0345280649381787,2.03459116054771,-6.309560953132731e-05,0.0001365037714601
0.7125396024886741,2.0345280350201,2.0345911605565736,-6.312553647358499e-05,0.0001365811143468
0.7125395746455523,2.0345280557480763,2.0345911605570457,-6.31048089694275e-05,0.00013642176251275
0.7125396214496182,2.0345280595462607,2.034591160571084,-6.310102482309787e-05,0.0001366741202519
0.7125396042487173,2.0345280560051298,2.0345911605847458,-6.310457961600235e-05,0.00013654244290345
0.7125395941050834,2.0345280483753836,2.0345911605525626,-6.311217717902551e-05,0.00013650875205635
0.7125395731850255,2.034528051399007,2.034591160557238,-6.310915823082297e-05,0.0001363478315524
0.7125396152594146,2.034528057719537,2.0345911605272997,-6.310280776267163e-05,0.00013656077461525002
0.712539608136318,2.034528040753014,2.034591160550686,-6.311979767170683e-05,0.0001365439159342
0.7125395789319906,2.034528057195976,2.0345911605681946,-6.31033722187091e-05,0.00013638821625055
0.7125396048381859,2.0345280470549456,2.034591160566661,-6.311351171550683e-05,0.00013648969734874998
0.7125396170148459,2.0345280512904975,2.0345911605711957,-6.310928069819255e-05,0.00013661714300685
0.7125395891698403,2.034528024949815,2.03459116058517,-6.313563535487177e-05,0.0001365474500147
0.7125395789319906,2.0345280339010765,2.034591160559346,-6.312665826957442e-05,0.00013644565387444999
0.7125396085770042,2.0345280507543886,2.0345911605522717,-6.310979788315407e-05,0.000136586401141
0.7125396102143944,2.034528028220456,2.0345911605573463,-6.313233689025921e-05,0.0001365776067813
0.7125395747902566,2.0345280235927907,2.0345911605516305,-6.313695883974901e-05,0.00013650875205635
0.7125396190843792,2.0345280417834983,2.034591160577832,-6.311879433384959e-05,0.0001365811143468
0.7125395957245129,2.034528055299293,2.034591160577592,-6.310527829889168e-05,0.00013647264441309998
0.7125395691214451,2.0345280434109556,2.034591160580355,-6.311716939944034e-05,0.00013637516115045
0.7125395781939539,2.0345280316792738,2.0345911605760008,-6.312889672699384e-05,0.0001363647515335
0.7125395789319906,2.0345280540576502,2.0345911605627744,-6.310650512419969e-05,0.0001364656620449
0.7125395747902566,2.03452804016088,2.034591160585824,-6.312042494416303e-05,0.0001364916991207
0.7125395775214107,2.0345280498248863,2.0345911605593208,-6.311073443443505e-05,0.00013642176251275
0.7125395789319906,2.03452805165205,2.0345911605823694,-6.31089303193555e-05,0.00013644565387444999
0.7125395957245129,2.0345280192788704,2.0345911605794327,-6.314130056228606e-05,0.0001365137326526
0.7125395982016995,2.034528038899695,2.0345911605600984,-6.312166040345346e-05,0.00013650875205635
0.7125395941050834,2.034528048036394,2.0345911605775497,-6.311254115587417e-05,0.0001363855707674
0.7125396204467078,2.034528054666232,2.0345911605651503,-6.310589891844742e-05,0.0001365776067813
0.7125395995030958,2.034528056495499,2.0345911605712934,-6.310407579457333e-05,0.0001364847167525
0.7125396211606223,2.0345280312433354,2.0345911605793128,-6.312933597740766e-05,0.00013661714300685
0.7125395852177399,2.034528058283379,2.0345911605687204,-6.310228534145423e-05,0.0001364796267813
0.7125395941050834,2.03452801593273,2.034591160565338,-6.314463260803649e-05,0.00013644565387444999
0.7125395789319906,2.0345280609351737,2.034591160566775,-6.309963160111565e-05,0.00013642176251275
0.7125395803425706,2.034528040865649,2.034591160569793,-6.31197041438547e-05,0.0001364656620449
0.712539619897754,2.0345280423784606,2.034591160566747,-6.311818828619309e-05,0.0001365948004741
0.7125395932664567,2.0345280454497394,2.0345911605777625,-6.311512802303909e-05,0.0001364116809676
0.7125395954064795,2.034528048927629,2.0345911605699154,-6.311164228645083e-05,0.00013637516115045
0.7125395870298175,2.034528015367807,2.034591160581541,-6.314521373429471e-05,0.0001364656620449
0.7125396069162624,2.034528057433536,2.0345911605697786,-6.310313624258157e-05,0.000136513538398
0.7125395969003034,2.0345280471125364,2.0345911605930143,-6.311348047782772e-05,0.0001364656620449
0.7125396021706408,2.0345280554053082,2.0345911605632456,-6.310515793739313e-05,0.00013650875205635
0.7125396211606223,2.0345280482329517,2.0345911605836413,-6.311235068956478e-05,0.000136586401141
0.7125395941050834,2.0345280656091824,2.0345911605767957,-6.309496761325306e-05,0.0001363986258675
0.7125395704455695,2.034528034487648,2.0345911605693696,-6.312608172143186e-05,0.00013642176251275
0.7125395932664567,2.0345280351673716,2.0345911605800033,-6.31254126317593e-05,0.0001365811143468
0.7125396001391624,2.0345280641326546,2.0345911605708302,-6.309643817559163e-05,0.0001365037714601
0.7125395913098632,2.0345280510390764,2.0345911605754625,-6.310953638610783e-05,0.0001365740992158
0.7125395870298175,2.0345280720833117,2.0345911605636,-6.308848028835357e-05,0.0001364152067892
0.7125396206116685,2.0345280359104927,2.0345911605471607,-6.31246366680216e-05,0.000136632902604
0.7125396190843792,2.0345280476234566,2.0345911605711136,-6.311294765692921e-05,0.00013658444984495
0.7125396069162624,2.034528059747224,2.0345911605676728,-6.310082044880261e-05,0.00013653059133365
0.7125396021706408,2.03452803286686,2.034591160574666,-6.312770780603216e-05,0.00013647264441309998
0.7125395704455695,2.0345280583034713,2.0345911605836755,-6.310228020423025e-05,0.0001363478315524
0.7125396170148459,2.034528068646615,2.034591160570433,-6.309192381825923e-05,0.0001365802501784
0.712539619897754,2.0345280442816955,2.0345911605696285,-6.311628793298496e-05,0.00013661714300685
0.7125395789319906,2.0345280009004205,2.0345911605781177,-6.315967769721098e-05,0.0001364318440579
0.7125395995030958,2.034528045423028,2.034591160571515,-6.311514848711397e-05,0.0001365037714601
0.7125396180496126,2.0345280613228827,2.034591160579715,-6.30992568324551e-05,0.0001366221295295
0.7125396194085862,2.0345280466502333,2.034591160562003,-6.311391176971881e-05,0.0001365474500147
0.7125396102143944,2.034528052873592,2.0345911605513614,-6.310767776929183e-05,0.0001365137326526
0.7125395913098632,2.034528041122043,2.034591160580941,-6.311945889780901e-05,0.0001365500668968
0.7125395711919082,2.0345280305075857,2.0345911605762703,-6.313006868463589e-05,0.00013642176251275
0.7125396001391624,2.034528030037356,2.034591160594682,-6.313055732576345e-05,0.00013653059133365
0.712539576045337,2.0345280417031564,2.0345911605741906,-6.311887103427338e-05,0.0001363982977957
0.7125395982016995,2.034528055636597,2.034591160562378,-6.31049257808769e-05,0.00013653059133365
0.7125395704455695,2.034528058149403,2.0345911605761446,-6.31024267416791e-05,0.00013630444606029999
0.7125396170148459,2.034528058711971,2.0345911605665554,-6.310185458424655e-05,0.0001366221295295
0.712539614224648,2.0345280654878217,2.0345911605497964,-6.309506197466064e-05,0.00013648969734874998
0.7125396045667507,2.0345280574183766,2.0345911605681635,-6.310314978685838e-05,0.00013656428218075
0.7125395891698403,2.034528031578309,2.03459116058079,-6.312900248062192e-05,0.0001363855707674
0.7125396130045925,2.0345280350520194,2.0345911605670897,-6.312551507026143e-05,0.0001365474500147
0.7125395634788003,2.0345280547178626,2.0345911605642866,-6.31058464239942e-05,0.0001362074544713
0.7125395995030958,2.034528031566504,2.034591160564014,-6.31289975099314e-05,0.0001365474500147
0.7125395913098632,2.034528056282892,2.034591160582739,-6.310429984690558e-05,0.0001364916991207
0.7125395822756141,2.0345280353319253,2.0345911605527536,-6.31252208282973e-05,0.0001363986258675
0.7125395775214107,2.034528033632668,2.0345911605570164,-6.312692434828904e-05,0.00013637516115045
0.7125396048381859,2.034528011555044,2.034591160586257,-6.314903121307225e-05,0.0001365439159342
0.71253961143445,2.034528060403818,2.034591160586539,-6.310018272115414e-05,0.00013656692557785
0.7125396001391624,2.0345280429327643,2.0345911605765195,-6.31176437551062e-05,0.000136513538398
0.7125395982016995,2.0345280350008057,2.0345911605860314,-6.312558522569844e-05,0.0001364916991207
0.7125395941050834,2.034528053943148,2.034591160557973,-6.310661482489266e-05,0.0001364318440579
0.7125395885122532,2.034528022015551,2.0345911605726967,-6.313855714568106e-05,0.00013642176251275
0.7125396024886741,2.0345280273380104,2.0345911605744313,-6.313323642093138e-05,0.0001365740992158
0.7125395735351763,2.034528049538708,2.034591160582272,-6.311104356404584e-05,0.000136289632642
0.7125396195735471,2.034528058042734,2.0345911605726004,-6.310252986629905e-05,0.000136586401141
0.7125396048381859,2.034528062150956,2.0345911605571874,-6.309840623153207e-05,0.0001365740992158
0.7125395870298175,2.034528056718348,2.0345911605570923,-6.310383874419401e-05,0.0001364318440579
0.7125396048381859,2.034528052429987,2.0345911605706517,-6.310814066479153e-05,0.000136513538398
0.7125395767833739,2.0345280470505793,2.034591160587842,-6.31135372626268e-05,0.0001363478315524
0.7125396130045925,2.0345280334718554,2.0345911605907943,-6.312711893885492e-05,0.000136586401141
0.7125396045667507,2.034528037851399,2.0345911605681337,-6.31227167349202e-05,0.00013649667971695
0.7125396045667507,2.0345280656131535,2.034591160569482,-6.309495632850215e-05,0.0001364796267813
0.712539608136318,2.0345280432665467,2.034591160589248,-6.311732270125603e-05,0.0001365740992158
0.7125395775214107,2.034528051400287,2.0345911605789433,-6.310917865626209e-05,0.00013640674679865
0.7125395836861941,2.0345280458356156,2.034591160569729,-6.311473411324542e-05,0.00013643867150625
0.7125395932664567,2.0345280417533425,2.034591160553786,-6.311880044362894e-05,0.00013648969734874998
0.7125395954064795,2.034528046711287,2.034591160573562,-6.31138622746441e-05,0.0001364116809676
0.7125396069162624,2.034528070815833,2.034591160563978,-6.308974814484003e-05,0.0001365137326526
0.7125395969003034,2.034528032734401,2.034591160575511,-6.312784111006664e-05,0.0001365256107374
0.712539599821129,2.034528043783177,2.034591160582078,-6.311679890114164e-05,0.00013654244290345
0.7125395789319906,2.034528037407308,2.034591160554198,-6.3123146890387e-05,0.00013647264441309998
0.7125396024886741,2.0345280569187647,2.03459116054953,-6.310363076522663e-05,0.00013649667971695
0.7125396209006646,2.0345280522929707,2.034591160573156,-6.310828018518677e-05,0.0001366221295295
0.7125395941050834,2.034528052986051,2.034591160565172,-6.31075791210911e-05,0.0001365256107374
0.7125396042487173,2.034528038116901,2.0345911605554394,-6.312243853834332e-05,0.0001365137326526
0.712539588621437,2.034527991152433,2.034591160565788,-6.31694133548244e-05,0.0001364557354196
0.7125395995030958,2.0345280179331207,2.034591160571413,-6.31426382922129e-05,0.00013650875205635
0.7125395985197329,2.034528052635226,2.0345911605948896,-6.310795966379956e-05,0.0001364318440579
0.7125396197327932,2.034528035455452,2.034591160548297,-6.312509284533974e-05,0.00013659060080755
0.7125396021706408,2.034528059991175,2.034591160578761,-6.310058758618453e-05,0.00013656077461525002
0.7125395803425706,2.034528056026248,2.0345911605722202,-6.31045459722479e-05,0.0001363982977957
0.7125395985197329,2.0345280552753167,2.0345911605784366,-6.310530311992579e-05,0.0001364656620449
0.7125395995030958,2.034528049712989,2.0345911605800393,-6.311086705013125e-05,0.00013642176251275
0.7125395982016995,2.03452805564594,2.034591160563258,-6.310491731786882e-05,0.0001364116809676
0.7125395891698403,2.034528025822479,2.0345911605592173,-6.313473673813519e-05,0.00013656077461525002
0.7125395858262169,2.0345280583364276,2.0345911605821763,-6.310224574868073e-05,0.00013649667971695
0.7125395891698403,2.0345280492492233,2.0345911605540037,-6.31113047804277e-05,0.0001364656620449
0.7125396109265159,2.0345280212010386,2.0345911605673024,-6.313936626378691e-05,0.000136586401141
0.7125395957245129,2.0345280435000817,2.034591160569537,-6.311706945538731e-05,0.0001364627068101
0.7125396170148459,2.0345280045632994,2.0345911605572384,-6.31559939390236e-05,0.0001365811143468
0.7125395789319906,2.034528027366588,2.0345911605965226,-6.313322993456438e-05,0.00013637516115045
0.7125396024886741,2.0345280577728015,2.0345911605655513,-6.31027927497918e-05,0.00013650875205635
0.7125396180496126,2.034528032336859,2.0345911605537785,-6.31282169196723e-05,0.0001365948004741
0.7125395891698403,2.0345280533837626,2.0345911605578273,-6.310717406465827e-05,0.00013647264441309998
0.7125395836861941,2.034528052295793,2.034591160582775,-6.310828698197213e-05,0.0001365037714601
0.7125395969003034,2.0345280391825487,2.034591160564889,-6.312138234054743e-05,0.00013638821625055
0.7125396197327932,2.0345280448937686,2.034591160583317,-6.311568954853186e-05,0.00013656428218075
0.7125395858262169,2.034528025408009,2.0345911605810225,-6.313517301359539e-05,0.000136513538398
0.7125396001391624,2.034528004568914,2.034591160573248,-6.315600433381974e-05,0.00013653059133365
0.7125395969003034,2.034528052445087,2.0345911605761002,-6.310813101340074e-05,0.0001364847167525
0.712539608136318,2.0345280376188057,2.0345911605754505,-6.312295664478995e-05,0.0001365137326526
0.7125395913098632,2.0345280179049907,2.0345911605730627,-6.314266807194713e-05,0.00013644467111375
0.7125395789319906,2.0345280266379566,2.034591160578337,-6.31339403804887e-05,0.00013637516115045
0.7125395789319906,2.034528042964584,2.034591160576855,-6.311761227140167e-05,0.00013637516115045
0.7125395711919082,2.0345280671234054,2.034591160570354,-6.309344694876984e-05,0.00013637975626
0.712539599821129,2.0345280327938524,2.034591160584164,-6.31277903115901e-05,0.00013660347847915
0.7125395891698403,2.034528048710581,2.034591160547952,-6.3111837371288e-05,0.0001364656620449
0.7125396170148459,2.0345280476678687,2.0345911605637252,-6.311289585658741e-05,0.0001365948004741
0.7125396069162624,2.034528051177912,2.0345911605558844,-6.310937797238125e-05,0.0001365474500147
0.7125395803425706,2.0345280435067408,2.034591160563774,-6.311705703332393e-05,0.0001363647515335
0.7125396197327932,2.034528044841083,2.0345911605765155,-6.311573543227311e-05,0.000136586401141
0.7125396001391624,2.034528036288917,2.034591160572335,-6.312428341770371e-05,0.0001364487530514
0.7125396197327932,2.034528041748946,2.034591160579543,-6.31188305968422e-05,0.0001365811143468
0.7125396048381859,2.0345280639806655,2.0345911605812383,-6.309660057279842e-05,0.00013658444984495
0.7125395717696937,2.034528032438775,2.0345911605575613,-6.312811878617097e-05,0.00013653059133365
0.7125396029473212,2.034528045668337,2.034591160570507,-6.31149021699251e-05,0.0001365037714601
0.7125395691214451,2.0345280680479156,2.0345911605835005,-6.309253558489658e-05,0.0001363478315524
0.7125395919650604,2.0345280390290004,2.0345911605582705,-6.312152927012704e-05,0.0001364847167525
0.7125395717696937,2.0345280436645075,2.0345911605685045,-6.311690399707359e-05,0.0001363335455155
0.7125396069162624,2.034528043198486,2.034591160562233,-6.311736374708943e-05,0.00013656077461525002
0.7125396001391624,2.034528056482431,2.034591160561996,-6.310407956489072e-05,0.00013647264441309998
0.7125395932664567,2.034528039971078,2.0345911605650038,-6.312059392588054e-05,0.00013638821625055
0.7125395822756141,2.034528026552915,2.034591160602028,-6.313404911306719e-05,0.0001365137326526
0.7125395982016995,2.0345280292444836,2.034591160552908,-6.313130842450221e-05,0.0001365837577439
0.712539619897754,2.0345280364566243,2.0345911605659652,-6.31241093409507e-05,0.000136586401141
0.71253961143445,2.0345280332903775,2.0345911605823477,-6.312729197022193e-05,0.00013656077461525002
0.7125396069162624,2.0345280322135713,2.034591160554314,-6.312834074284623e-05,0.0001365137326526
0.7125395913098632,2.0345280504777636,2.0345911605596907,-6.311008192705359e-05,0.0001364318440579
0.7125395932664567,2.034528051907086,2.0345911605604647,-6.31086533786629e-05,0.00013647264441309998
0.7125395870298175,2.0345280464824826,2.034591160574994,-6.311409251136268e-05,0.0001364656620449
0.7125396048381859,2.034528040228263,2.034591160557042,-6.312032877930918e-05,0.0001365776067813
0.7125396152594146,2.0345280513192523,2.0345911605481612,-6.310922890895299e-05,0.0001365474500147
0.712539614224648,2.034528031272533,2.034591160578731,-6.312930619811752e-05,0.0001366121564842
0.7125395858262169,2.0345280382581103,2.0345911605789584,-6.312232084804137e-05,0.00013653893533795
0.712539599821129,2.034528052331525,2.0345911605677616,-6.31082362367863e-05,0.00013647264441309998
0.712539599821129,2.0345280439448508,2.0345911605678206,-6.311662296987208e-05,0.00013658444984495
0.7125395957245129,2.034528050381835,2.0345911605973503,-6.311021551530516e-05,0.00013642176251275
0.7125396001391624,2.0345280261732466,2.0345911605526386,-6.313437939198252e-05,0.0001364916991207
0.7125396024886741,2.034528044113154,2.034591160590759,-6.311647760526284e-05,0.0001364318440579
0.712539608136318,2.0345280231136766,2.034591160573998,-6.313746032127199e-05,0.000136586401141
0.7125396180496126,2.034528050701132,2.0345911605597706,-6.310985863855478e-05,0.00013653059133365
0.7125395735351763,2.034528061431195,2.034591160554978,-6.309912378288374e-05,0.0001362781252388
0.7125395913098632,2.0345280359863804,2.034591160561638,-6.31245752575893e-05,0.0001365474500147
0.7125396048381859,2.0345280613369985,2.034591160585127,-6.309924812830658e-05,0.0001365037714601
0.7125396109265159,2.0345280624336604,2.034591160566938,-6.30981332774283e-05,0.000136586401141
0.7125395982016995,2.034528067606589,2.0345911605574947,-6.309295090556333e-05,0.00013638821625055
0.7125396152594146,2.0345280618066486,2.0345911605896143,-6.309878296573146e-05,0.0001365811143468
0.7125396001391624,2.0345280451887913,2.034591160554754,-6.31153659629291e-05,0.0001364796267813
0.7125395941050834,2.0345280326619117,2.034591160537894,-6.312787598217184e-05,0.0001364656620449
0.7125395775214107,2.0345280525887306,2.034591160545189,-6.310795645836365e-05,0.00013627116382365
0.7125395767833739,2.0345280511798878,2.034591160564709,-6.310938482112505e-05,0.00013640870741265
0.7125395969003034,2.034528046968581,2.034591160571997,-6.311360341593186e-05,0.0001364318440579
0.7125395985197329,2.034528009778956,2.0345911605815976,-6.31508026414096e-05,0.0001365500668968
0.7125396089943389,2.0345280588684136,2.0345911605551863,-6.310168677270411e-05,0.0001365137326526
0.7125396206116685,2.0345280488570188,2.034591160580571,-6.31117235521117e-05,0.00013672734788925
0.7125395985197329,2.0345280539612256,2.0345911605469973,-6.310658577168837e-05,0.000136467807759
0.7125396183738195,2.0345280500053873,2.0345911605623876,-6.31105570003676e-05,0.0001365811143468
0.7125396180496126,2.0345280630441707,2.0345911605737914,-6.30975296207481e-05,0.000136586401141
0.7125395767833739,2.0345280474805905,2.034591160558697,-6.311307810635824e-05,0.00013637516115045
0.7125395767833739,2.034528038591288,2.0345911605692075,-6.312197791968899e-05,0.00013635629154295
0.7125396190843792,2.034528032411494,2.034591160542643,-6.312813114917049e-05,0.0001366610086605
0.7125395913098632,2.034528047654529,2.034591160568542,-6.311291401273067e-05,0.00013642176251275
0.7125395689850427,2.034528045898922,2.0345911605642284,-6.311466530650733e-05,0.0001362508110358
0.7125395688486403,2.0345280363242377,2.0345911605833695,-6.312425913179709e-05,0.00013627116382365
0.7125395870298175,2.0345280303466007,2.034591160583217,-6.31302366165265e-05,0.00013643867150625
0.7125396206116685,2.034528052755247,2.034591160580484,-6.310782523666347e-05,0.000136715197858
0.7125395739075153,2.0345280362695166,2.034591160555332,-6.312428581534135e-05,0.00013638821625055
0.7125395995030958,2.034528040205235,2.034591160555399,-6.312035016398099e-05,0.00013650875205635
0.712539614224648,2.0345280361983074,2.0345911605778384,-6.312437953104322e-05,0.0001365776067813
0.7125395919650604,2.0345280608272707,2.0345911605711993,-6.30997439285963e-05,0.00013647264441309998
0.7125395726524351,2.034528060067142,2.0345911605546916,-6.310048754976094e-05,0.0001363129783956
0.712539576045337,2.0345280479863277,2.0345911605595006,-6.311257317292984e-05,0.0001363192594786
0.712539614224648,2.034528042678484,2.0345911605615927,-6.311788310853217e-05,0.00013653059133365
0.7125396194085862,2.034528053668371,2.0345911605603897,-6.310689201871611e-05,0.0001365474500147
0.7125395995030958,2.03452804624059,2.034591160558269,-6.311431767924702e-05,0.00013649667971695
0.7125396195735471,2.0345280633303586,2.0345911605726994,-6.309724234077052e-05,0.00013659060080755
0.7125396008692446,2.0345280514065323,2.0345911605631,-6.310915656770888e-05,0.00013650875205635
0.7125395969003034,2.0345280526544167,2.0345911605689366,-6.310791451991093e-05,0.00013647264441309998
0.7125396021706408,2.03452805342695,2.034591160548822,-6.31071218721857e-05,0.00013656077461525002
0.7125396024886741,2.034528065807138,2.0345911605616305,-6.309475449262081e-05,0.0001365065560298
0.7125395781939539,2.0345280387522977,2.0345911605632616,-6.312181096390646e-05,0.00013635629154295
0.7125395891698403,2.034528058388065,2.0345911605549123,-6.310216684735082e-05,0.0001365037714601
0.7125396024886741,2.034528038796544,2.034591160563338,-6.312176679390546e-05,0.00013656077461525002
0.7125395746455523,2.0345280625944233,2.0345911605653364,-6.309797091308411e-05,0.0001363478315524
0.7125396180496126,2.034528053527691,2.034591160563098,-6.310703540712836e-05,0.0001365948004741
0.7125396200627149,2.0345280441837703,2.034591160568933,-6.311638516276474e-05,0.000136641569095
0.7125395941050834,2.0345280507200014,2.034591160560193,-6.31098401915331e-05,0.0001364796267813
0.7125395755282935,2.0345280251425475,2.034591160578908,-6.313543636071728e-05,0.0001362781252388
0.7125395691214451,2.0345280481882977,2.034591160547427,-6.311235912948021e-05,0.00013630444606029999
0.7125396069162624,2.034528041492011,2.034591160570183,-6.31190781721358e-05,0.00013658795741045
0.7125395739075153,2.0345280445402785,2.0345911605501223,-6.311600984387766e-05,0.0001363478315524
0.7125395803425706,2.034528045221236,2.0345911605515696,-6.31153303336518e-05,0.00013637516115045
0.7125395870298175,2.0345280421452623,2.0345911605718516,-6.311842658934808e-05,0.00013640870741265
0.7125395735351763,2.0345280575435503,2.0345911605726186,-6.310302906831211e-05,0.000136289632642
0.7125396024886741,2.034528036126979,2.0345911605546454,-6.312442766631676e-05,0.0001364796267813
0.7125395803425706,2.0345280398064234,2.034591160583381,-6.312077695769247e-05,0.00013653059133365
0.7125396024886741,2.034528061328175,2.0345911605532825,-6.309922510761012e-05,0.0001365439159342
0.7125395767833739,2.034528042845415,2.0345911605666305,-6.311772121536663e-05,0.0001364847167525
0.7125395822756141,2.034528036380506,2.034591160582394,-6.312420188780976e-05,0.0001363855707674
0.7125395954064795,2.0345280178041047,2.034591160561516,-6.314275741114983e-05,0.00013648969734874998
0.7125396190843792,2.0345280615763772,2.0345911605806646,-6.309900428735915e-05,0.0001365992788126
0.7125395870298175,2.034528058647291,2.034591160560588,-6.310191329728099e-05,0.0001364487530514
0.71253953449504,2.0345280286585687,2.0345911605697946,-6.313191122586659e-05,0.00013598099411404999
0.7125395913098632,2.034528048743756,2.034591160584773,-6.311184101681633e-05,0.0001364796267813
0.7125395995030958,2.0345280355290787,2.034591160600244,-6.31250711653486e-05,0.0001364656620449
0.7125396183738195,2.0345280568481443,2.034591160575749,-6.3103727604652e-05,0.00013656428218075
0.712539599821129,2.034528055895068,2.034591160562428,-6.310466736003661e-05,0.00013647278835525
0.7125395704455695,2.0345280306274214,2.034591160550574,-6.312992315260502e-05,0.0001363478315524
0.7125396109265159,2.0345280310466056,2.034591160612927,-6.312956632159583e-05,0.00013661714300685
0.7125395957245129,2.0345280199530777,2.0345911605609306,-6.31406078528407e-05,0.0001364656620449
0.7125395822756141,2.0345280156020142,2.0345911605569604,-6.314495494619266e-05,0.0001363986258675
0.7125395982016995,2.0345280345135204,2.03459116056346,-6.312604993974347e-05,0.0001364656620449
0.7125395704455695,2.0345280436968833,2.0345911605811446,-6.311688426130502e-05,0.0001363667011599
0.7125396190877341,2.034528033526132,2.034591160589093,-6.312706296096593e-05,0.0001366610086605
0.7125395913098632,2.034528047276078,2.0345911605706473,-6.311329456920589e-05,0.00013653059133365
0.712539614224648,2.034528032331256,2.0345911605549953,-6.312822373955029e-05,0.0001365802501784
0.7125395789319906,2.0345280420882266,2.034591160587427,-6.311849920059842e-05,0.00013637516115045
0.712539599821129,2.034528043077979,2.034591160560249,-6.311748227005864e-05,0.0001365137326526
0.7125395870298175,2.0345280667251036,2.0345911605587914,-6.309383368785504e-05,0.0001364656620449
0.7125396048381859,2.034528037036178,2.0345911605464746,-6.312351029658103e-05,0.0001365776067813
0.7125396217535129,2.034528051996721,2.0345911605813045,-6.310858458347113e-05,0.0001366221295295
0.7125395932664567,2.0345280411049607,2.034591160547319,-6.311944235815048e-05,0.0001366121564842
0.7125395836861941,2.034528041172501,2.034591160582666,-6.311941016523548e-05,0.00013638821625055
0.71253961143445,2.0345280590538986,2.034591160600136,-6.310154623756503e-05,0.0001365439159342
0.7125395985197329,2.034528028024229,2.0345911605411287,-6.313251689959998e-05,0.00013650875205635
0.7125396229075751,2.03452805283191,2.034591160581344,-6.310774943418807e-05,0.0001366221295295
0.7125395858262169,2.0345280453202865,2.034591160564969,-6.311524468260998e-05,0.0001364116809676
0.7125395969003034,2.03452805531643,2.034591160548488,-6.31052320581027e-05,0.00013647264441309998
0.7125396057868062,2.0345280579477625,2.0345911605720293,-6.310262426678648e-05,0.0001364847167525
0.7125396102143944,2.034528008132529,2.0345911605838327,-6.315245130350533e-05,0.0001365776067813
0.7125395985197329,2.0345280436884106,2.0345911605463005,-6.311685788995547e-05,0.00013653893533795
0.7125395789319906,2.034528055468853,2.0345911605776226,-6.310510876961217e-05,0.00013647264441309998
0.7125396194085862,2.0345280464534587,2.0345911605589198,-6.311410546100404e-05,0.0001365837577439
0.7125395913098632,2.034528017829726,2.0345911605820506,-6.314275232455202e-05,0.0001363855707674
0.7125395836861941,2.0345280234284107,2.0345911605810754,-6.31371526647051e-05,0.0001364487530514
0.7125396102143944,2.034528022897464,2.03459116057047,-6.313767300625273e-05,0.0001365137326526
0.7125395877742164,2.034528045052801,2.034591160562393,-6.311550959203771e-05,0.0001364627068101
0.7125396102143944,2.0345280402403865,2.034591160580418,-6.312034003164158e-05,0.00013656428218075
0.7125395891698403,2.0345280269309525,2.03459116056863,-6.313363767773694e-05,0.0001364656620449
0.7125395803425706,2.0345280189646986,2.034591160565663,-6.314160096421162e-05,0.0001364318440579
0.7125396209006646,2.034528036817028,2.034591160594795,-6.312377776707123e-05,0.0001365948004741
0.7125395803425706,2.03452805903567,2.0345911605563223,-6.310152065225338e-05,0.0001363647515335
0.7125396217386143,2.034528047896591,2.034591160561756,-6.311266516512148e-05,0.000136586401141
0.712539614224648,2.0345280576526834,2.034591160562632,-6.3102909948487e-05,0.00013656077461525002
0.712539566560534,2.0345280436127995,2.0345911605719573,-6.311695915783844e-05,0.00013630444606029999
0.7125396021706408,2.034528038062564,2.034591160555687,-6.312249312268037e-05,0.00013647264441309998
0.7125395941050834,2.0345280261782293,2.034591160555648,-6.313437741889416e-05,0.0001364916991207
0.7125396195735471,2.034528037159451,2.034591160598598,-6.312343914682828e-05,0.00013660347847915
0.7125395803425706,2.0345280586350953,2.0345911605661797,-6.310193108438611e-05,0.00013635629154295
0.7125395836861941,2.034528056380824,2.0345911605721017,-6.310419127775191e-05,0.0001364656620449
0.7125395677045872,2.034528050859549,2.0345911605545486,-6.310969499967456e-05,0.0001363187320972
0.7125395836861941,2.034528034449058,2.034591160573357,-6.312612429892894e-05,0.00013643867150625
0.7125396122854896,2.034528055504229,2.034591160551527,-6.310504729789557e-05,0.00013656077461525002
0.7125396001391624,2.0345280336206204,2.034591160552418,-6.312693179744144e-05,0.0001364916991207
0.7125396194085862,2.0345280487194546,2.0345911605510496,-6.311183159501965e-05,0.0001365802501784
0.7125395803425706,2.034528048022953,2.0345911605771123,-6.311255415925032e-05,0.0001363647515335
0.7125395858262169,2.034528039464149,2.0345911605504123,-6.31210862631626e-05,0.0001363986258675
0.7125395959340017,2.03452803855175,2.034591160546003,-6.312199425284604e-05,0.0001365740992158
0.7125395995030958,2.034528030667607,2.0345911605566145,-6.312988900747385e-05,0.000136467807759
0.712539566560534,2.034528055314932,2.0345911605552844,-6.310524035235687e-05,0.0001362644681373
0.7125396170148459,2.0345280291515535,2.0345911605585485,-6.313140699498732e-05,0.0001365837577439
0.7125396195735471,2.034528030356519,2.034591160577363,-6.313022084381004e-05,0.00013670178084900002
0.7125395995030958,2.0345280568469333,2.0345911605793305,-6.310373239726275e-05,0.0001364796267813
0.7125395969003034,2.034528055828902,2.0345911605521967,-6.310472329484895e-05,0.0001365037714601
0.7125395995030958,2.0345280246769115,2.0345911605778424,-6.31359009308774e-05,0.00013649667971695
0.7125395919650604,2.034528015242846,2.034591160580205,-6.314533735896077e-05,0.0001364916991207
0.7125396089943389,2.0345280487397703,2.034591160575187,-6.311183541685139e-05,0.0001365256107374
0.7125396206116685,2.0345280564610304,2.034591160552431,-6.310409140075635e-05,0.00013660347847915
0.7125395858262169,2.0345280513708883,2.0345911605642435,-6.310919335517085e-05,0.00013642176251275
0.7125395775214107,2.034528013925317,2.034591160585081,-6.314665976425715e-05,0.00013637516115045
0.712539576045337,2.0345280372954586,2.0345911605380813,-6.312324262269797e-05,0.0001364916991207
0.7125395913098632,2.0345280537881214,2.0345911605775537,-6.310678943233228e-05,0.00013659060080755
0.7125395870298175,2.0345280306349363,2.034591160548938,-6.312991400170276e-05,0.0001364487530514
0.7125395789319906,2.0345280148489953,2.0345911605635045,-6.314571450927176e-05,0.0001363647515335
0.7125395913098632,2.0345280413941453,2.0345911605528717,-6.311915872636575e-05,0.00013647264441309998
0.7125395919650604,2.034528048989536,2.034591160565346,-6.311157581029292e-05,0.0001364916991207
0.7125395913098632,2.0345280528094483,2.0345911605632674,-6.310775381912492e-05,0.00013649667971695
0.7125395985197329,2.0345280575125146,2.0345911605714053,-6.310305889067891e-05,0.0001364318440579
0.712539599821129,2.034528058282659,2.0345911605657614,-6.310228310235644e-05,0.0001364796267813
0.712539566560534,2.034528037788936,2.0345911605708973,-6.312278196141108e-05,0.00013628387894040002
0.7125396170148459,2.0345280606195346,2.0345911605543923,-6.309993485764664e-05,0.0001365948004741
0.7125395969003034,2.034528039741719,2.0345911605724547,-6.312083073556352e-05,0.00013650875205635
0.7125396057868062,2.0345280560718173,2.034591160560376,-6.31044885586185e-05,0.0001365837577439
0.7125396194085862,2.0345280489123696,2.034591160555427,-6.31116430573897e-05,0.0001366121564842
0.7125395941050834,2.034528043658117,2.034591160542019,-6.311688390203685e-05,0.0001364656620449
0.71253961143445,2.034528058653766,2.0345911605687763,-6.310191501013307e-05,0.0001365137326526
0.7125395985197329,2.0345280541806017,2.0345911605736084,-6.310639300677323e-05,0.00013644565387444999
0.7125396048381859,2.034528055905502,2.0345911605846485,-6.310467914660833e-05,0.0001365474500147
0.7125396048381859,2.0345280264438874,2.0345911605598888,-6.313411600133989e-05,0.0001365776067813
0.7125395735351763,2.034528061077433,2.0345911605575395,-6.309948010674304e-05,0.0001363478315524
0.712539576045337,2.034528048249034,2.0345911605542177,-6.311230518374344e-05,0.0001364916991207
0.7125395995030958,2.0345280280579647,2.0345911605453444,-6.313248737965793e-05,0.0001364318440579
0.7125396001391624,2.0345280432815493,2.034591160569797,-6.311728824748286e-05,0.0001364916991207
0.7125395870298175,2.0345280508206574,2.0345911605631968,-6.310974253942447e-05,0.0001363647515335
0.7125395995030958,2.034528038870117,2.03459116055432,-6.31216842030824e-05,0.0001364487530514
0.712539614224648,2.0345280397831305,2.03459116055914,-6.312077600956201e-05,0.00013658478977210002
0.7125395941050834,2.034528066863362,2.0345911605609377,-6.309369757584449e-05,0.0001364916991207
0.7125396102143944,2.0345280578714124,2.034591160574691,-6.31027032786946e-05,0.00013656077461525002
0.7125395747902566,2.034528034290048,2.034591160558225,-6.31262681771716e-05,0.0001363667011599
0.7125396001391624,2.0345280619684405,2.0345911605893194,-6.309862087894302e-05,0.0001364656620449
0.7125395689850427,2.0345280009869438,2.0345911605726372,-6.315958569347302e-05,0.0001363192594786
0.7125395726524351,2.0345280518897475,2.0345911605739135,-6.310868416603554e-05,0.0001363478315524
0.7125396180496126,2.0345280614025114,2.0345911605594162,-6.309915690483336e-05,0.0001365474500147
0.7125395822756141,2.034528023753003,2.0345911605658626,-6.313681285963213e-05,0.0001365802501784
0.712539599821129,2.0345280729768542,2.0345911605927665,-6.308761591222734e-05,0.0001364847167525
0.712539619897754,2.0345280455950037,2.034591160566488,-6.311497148425715e-05,0.0001365837577439
0.7125396194085862,2.034528066538685,2.034591160532212,-6.30939935266639e-05,0.0001365776067813
0.7125395747902566,2.034528040151565,2.0345911605700984,-6.31204185332912e-05,0.0001364221891574
0.712539599821129,2.034528064187415,2.034591160561049,-6.30963736343304e-05,0.0001365065560298
0.7125395870298175,2.0345280347884445,2.0345911605759492,-6.312578750478082e-05,0.0001364116809676
0.7125396209006646,2.0345280372739056,2.0345911605599043,-6.312328599866746e-05,0.0001365948004741
0.712539619897754,2.0345280459962223,2.0345911605836773,-6.311458745500431e-05,0.00013659060080755
0.7125395822756141,2.0345280602889493,2.0345911605808937,-6.310029194445121e-05,0.0001364318440579
0.7125395891698403,2.034528038868594,2.034591160580009,-6.312171141509282e-05,0.0001365037714601
0.712539576045337,2.034528046323856,2.0345911605601747,-6.311423631855106e-05,0.0001362642024085
0.7125396200627149,2.03452804388161,2.034591160571117,-6.31166895073143e-05,0.0001365992788126
0.7125395891698403,2.0345280424430348,2.034591160576034,-6.311813299930691e-05,0.0001364318440579
0.7125395836861941,2.034528029104578,2.0345911605521247,-6.313144754654942e-05,0.00013642176251275
0.7125396024886741,2.0345280473605736,2.0345911605823854,-6.31132218118502e-05,0.0001365740992158
0.7125395982016995,2.034528046277397,2.034591160559089,-6.311428169203381e-05,0.0001365776067813
0.7125395982016995,2.0345280429978487,2.0345911605908418,-6.311759299304498e-05,0.0001365837577439
0.7125396024886741,2.0345280618869643,2.0345911605786866,-6.309869172227422e-05,0.0001365037714601
0.71253961143445,2.03452803290442,2.034591160558024,-6.312765360405592e-05,0.0001365137326526
0.7125395822756141,2.034528056438752,2.0345911605473606,-6.310410860876914e-05,0.0001363986258675
0.7125395891698403,2.0345280367319103,2.0345911605757676,-6.312384385731562e-05,0.00013647264441309998
0.7125395891698403,2.0345280522563076,2.0345911605726075,-6.310831629985358e-05,0.0001364116809676
0.7125396024886741,2.0345280310175107,2.034591160542654,-6.312952514342385e-05,0.000136641569095
0.7125396001391624,2.034528023696686,2.034591160579059,-6.313688237336024e-05,0.00013656077461525002
0.7125396206116685,2.034528044868054,2.0345911605475124,-6.311567945838092e-05,0.000136586401141
0.7125396021706408,2.034528037300424,2.0345911605897737,-6.312328934976463e-05,0.0001364916991207
0.712539608136318,2.0345280457664017,2.034591160574811,-6.311480840937023e-05,0.0001365802501784
0.7125396102143944,2.034528016211207,2.0345911605493243,-6.31443381173824e-05,0.0001365474500147
0.7125395836861941,2.0345280453338526,2.034591160559212,-6.311522535940028e-05,0.00013642176251275
0.7125395985197329,2.034528018854803,2.0345911605765568,-6.314172175381216e-05,0.0001365256107374
0.7125395717696937,2.034528036249252,2.0345911605835427,-6.312433429078723e-05,0.0001363335455155
0.712539553482296,2.034528058037981,2.0345911605707405,-6.310253275954025e-05,0.0001360807249064
0.7125395982016995,2.0345280520068263,2.034591160573283,-6.310856645663776e-05,0.0001364221891574
0.7125395691214451,2.0345280091623095,2.034591160555092,-6.315139278267878e-05,0.0001363192594786
0.7125396001391624,2.0345280278181943,2.0345911605661655,-6.313274797120627e-05,0.0001364796267813
0.7125395836861941,2.0345280648387014,2.0345911605569453,-6.30957182439218e-05,0.0001364116809676
0.7125396069162624,2.0345280250113706,2.0345911605678944,-6.313555652370795e-05,0.0001365776067813
0.7125395982016995,2.0345280565671033,2.0345911605711224,-6.310400401909888e-05,0.0001364916991207
0.7125395717696937,2.0345280417695544,2.034591160576323,-6.311880676879156e-05,0.00013630444606029999
0.7125396316029746,2.0345280630117046,2.0345911605558933,-6.309754418865055e-05,0.0001367163298547
0.71253961143445,2.034528057052546,2.0345911605712983,-6.310351875216114e-05,0.000136586401141
0.7125395691214451,2.034528022462702,2.034591160581103,-6.313811840108485e-05,0.0001363986258675
0.7125395688486403,2.034528043170826,2.0345911605841818,-6.311741335585097e-05,0.00013625750672215
0.7125395775214107,2.034528040245851,2.0345911605607148,-6.312031486377379e-05,0.0001364656620449
0.7125396211606223,2.0345280400482095,2.0345911605651072,-6.312051689771891e-05,0.0001367163298547
0.7125396069162624,2.034528035020287,2.0345911605514666,-6.312553117959752e-05,0.0001365474500147
0.7125395836861941,2.034528037511982,2.0345911605730396,-6.31230610577127e-05,0.00013647264441309998
0.7125395803425706,2.0345280437367284,2.0345911605627576,-6.31168260292192e-05,0.0001363986258675
0.7125395891698403,2.0345280365566314,2.034591160585803,-6.312402917174609e-05,0.0001364487530514
0.7125396194085862,2.0345280668308843,2.034591160565947,-6.309373506274696e-05,0.00013653059133365
0.712539619897754,2.0345280394930008,2.034591160556411,-6.312106341033186e-05,0.000136632902604
0.7125395870298175,2.0345280476750536,2.0345911605680924,-6.311289303884138e-05,0.0001364318440579
0.7125395913098632,2.034528022282834,2.0345911605649443,-6.313828211013117e-05,0.000136715197858
0.7125395688486403,2.0345280442673586,2.034591160551405,-6.31162840463162e-05,0.0001363478315524
0.7125396130045925,2.0345280617365096,2.0345911605634766,-6.309882696697855e-05,0.0001366546806864
0.712539599821129,2.0345280578368747,2.034591160567956,-6.310273108134368e-05,0.0001364487530514
0.7125396180496126,2.0345280569993553,2.0345911605784552,-6.310357909988795e-05,0.0001366225295441
0.7125395655199331,2.0345280463915127,2.0345911605496663,-6.311415815352106e-05,0.00013634490310320002
0.7125395935844899,2.0345280558365144,2.034591160570825,-6.31047343104818e-05,0.0001364656620449
0.7125395891698403,2.0345280448207372,2.0345911605853537,-6.311576461648372e-05,0.0001364916991207
0.7125395870298175,2.03452803389279,2.0345911605552724,-6.312666248264875e-05,0.0001364487530514
0.7125395870298175,2.034528015675272,2.0345911605570026,-6.31448817305369e-05,0.0001364656620449
0.7125395957245129,2.03452803845855,2.0345911605757663,-6.312211721626326e-05,0.0001364487530514
0.7125396183738195,2.0345280453840195,2.0345911605759244,-6.311519190482784e-05,0.00013662751606675
0.712539599821129,2.034528041400695,2.034591160560479,-6.311915978374216e-05,0.0001364557354196
0.7125396102143944,2.034528057363084,2.0345911605608618,-6.310319777780293e-05,0.00013649667971695
0.712539599821129,2.034528043461878,2.0345911605627407,-6.31171008627085e-05,0.0001365439159342
0.7125395836861941,2.0345280588945114,2.0345911605822367,-6.310168772527547e-05,0.00013653059133365
0.7125395789319906,2.034528030111029,2.034591160550928,-6.31304398988064e-05,0.0001363986258675
0.7125396220196003,2.0345280512757977,2.0345911605724085,-6.310929661079712e-05,0.0001366741202519
0.7125396042487173,2.0345280694764143,2.034591160580302,-6.309110388791339e-05,0.0001364796267813
0.7125395775214107,2.034528069326578,2.0345911605496387,-6.309122306058512e-05,0.0001363335455155
0.7125395775214107,2.034528052394175,2.034591160584251,-6.310819007593338e-05,0.00013642561640615
0.712539599821129,2.034528040505584,2.0345911605862694,-6.312008068531938e-05,0.0001364116809676
0.7125395982016995,2.034528029714204,2.0345911605939317,-6.313087972786846e-05,0.00013643867150625
0.7125395995030958,2.034528040482072,2.034591160532669,-6.312005059738723e-05,0.0001364318440579
0.712539619897754,2.0345280483589616,2.034591160580928,-6.31122219663105e-05,0.0001366121564842
0.7125395767833739,2.034528037024919,2.0345911605653066,-6.31235403876218e-05,0.0001364796267813
0.7125396194085862,2.0345280555861787,2.034591160579976,-6.310499379713619e-05,0.0001365776067813
0.7125395954064795,2.034528019788967,2.0345911605582043,-6.31407692375241e-05,0.0001364796267813
0.7125395969003034,2.0345280427845833,2.0345911605798985,-6.3117795315204e-05,0.0001365037714601
0.7125395995030958,2.03452803253767,2.034591160576705,-6.31280390352984e-05,0.00013648969734874998
0.7125395803425706,2.0345280421031107,2.0345911605486307,-6.311844551998291e-05,0.0001364116809676
0.7125395870298175,2.034528059967439,2.0345911605507463,-6.3100583307385e-05,0.0001364656620449
0.7125396021706408,2.0345280394998504,2.034591160549758,-6.312104990779943e-05,0.0001365740992158
0.7125395803425706,2.034528037918675,2.034591160558446,-6.312263977070742e-05,0.0001363647515335
0.7125396170148459,2.034528051308636,2.034591160544233,-6.310923559693649e-05,0.0001365837577439
0.7125396194085862,2.0345280584230747,2.0345911605645517,-6.310214147697835e-05,0.00013659060080755
0.7125396197327932,2.0345280461074426,2.0345911605661238,-6.311445868112386e-05,0.0001366741202519
0.7125396180496126,2.0345280330895728,2.0345911605526106,-6.312746303782646e-05,0.0001365837577439
0.7125396130045925,2.034528043737235,2.034591160574958,-6.311683772297627e-05,0.000136586401141
0.7125396180496126,2.0345280555595657,2.0345911605616664,-6.310500210071623e-05,0.0001365439159342
0.7125395775214107,2.0345280280593743,2.034591160586607,-6.313252723266771e-05,0.0001365037714601
0.7125395704455695,2.0345280254816505,2.0345911605760287,-6.313509437827491e-05,0.0001363478315524
0.7125395775214107,2.034528043828243,2.034591160565804,-6.311673756087544e-05,0.0001363986258675
0.7125395957245129,2.034528053841727,2.034591160554433,-6.310671270615131e-05,0.00013649667971695
0.7125396089943389,2.0345280640670023,2.0345911605535667,-6.309648656444011e-05,0.00013656077461525002
0.7125395767833739,2.0345280557310352,2.0345911605630382,-6.310483200300254e-05,0.00013634200550605
0.7125396197327932,2.034528060987798,2.034591160569048,-6.309958125028103e-05,0.00013661714300685
0.7125395913098632,2.034528054082644,2.0345911605539526,-6.310647130858271e-05,0.0001364656620449
0.71253961143445,2.0345280358971336,2.0345911605856273,-6.312468849367647e-05,0.0001365439159342
0.7125396279119645,2.034528027005764,2.0345911605742346,-6.313356847043039e-05,0.0001366741202519
0.7125396024886741,2.0345280526590512,2.03459116055287,-6.310789381869242e-05,0.0001364796267813
0.7125395767833739,2.034528052440622,2.0345911605637785,-6.310812315657444e-05,0.0001363647515335
0.7125395982016995,2.034528038449025,2.0345911605752933,-6.312212626813363e-05,0.0001365037714601
0.712539599821129,2.0345280408623148,2.034591160583513,-6.311972119821263e-05,0.00013656428218075
0.7125395755282935,2.0345280251507547,2.0345911605804945,-6.313542973979125e-05,0.00013637516115045
0.7125395919650604,2.0345280540887867,2.0345911605921754,-6.310650338869905e-05,0.0001364656620449
0.7125395767833739,2.034528040054087,2.034591160574982,-6.312052089496589e-05,0.0001364116809676
0.7125395913098632,2.034528058002088,2.0345911605824942,-6.310258040631567e-05,0.00013647264441309998
0.7125396029473212,2.0345280544295736,2.034591160578276,-6.310614870219666e-05,0.0001364796267813
0.7125395704455695,2.034528050555348,2.034591160561093,-6.311000574532599e-05,0.000136289632642
0.712539576045337,2.034528043254107,2.0345911605794025,-6.311732529562519e-05,0.0001363335455155
0.712539608136318,2.0345280550069957,2.034591160562674,-6.310555567834442e-05,0.0001365740992158
0.7125396102143944,2.0345280313690957,2.0345911605636577,-6.312919456208377e-05,0.00013653059133365
0.7125396217386143,2.034528063820601,2.0345911605778846,-6.309675728344288e-05,0.0001366279045673
0.7125395836861941,2.0345280502794045,2.0345911605610847,-6.311028168015653e-05,0.00013638821625055
0.7125395891698403,2.0345280516530297,2.0345911605303715,-6.31088773417332e-05,0.00013656077461525002
0.7125396001391624,2.0345280416528824,2.0345911605611096,-6.31189082271888e-05,0.0001365837577439
0.712539619897754,2.0345280598974615,2.034591160578121,-6.310068065928931e-05,0.000136715197858
0.7125396057868062,2.0345280524024107,2.0345911605568934,-6.31081544826273e-05,0.00013656428218075
0.7125395941050834,2.034528050066282,2.034591160562178,-6.311049589591278e-05,0.0001364796267813
0.7125395985197329,2.0345280511597825,2.0345911605594322,-6.310939964970785e-05,0.00013656077461525002
0.7125396024886741,2.0345280323265493,2.034591160565252,-6.312823870269213e-05,0.0001365474500147
0.7125395969003034,2.034528058714196,2.034591160579432,-6.310186523572625e-05,0.0001364796267813
0.7125395689850427,2.034528050150112,2.034591160561688,-6.311041157625041e-05,0.0001362316998162
0.7125396001391624,2.034528049163459,2.0345911605745433,-6.311141108428231e-05,0.0001364656620449
0.7125395767833739,2.0345280320619175,2.0345911605736418,-6.312851172429745e-05,0.0001364318440579
0.712539576045337,2.0345280397805987,2.0345911605778353,-6.312079723658215e-05,0.0001363647515335
0.7125396152594146,2.0345280552704756,2.03459116058338,-6.310531290454335e-05,0.0001365802501784
0.7125395941050834,2.0345280596480437,2.034591160576956,-6.310092891226304e-05,0.00013642176251275
0.7125396069162624,2.03452803836812,2.0345911605645064,-6.312219638626715e-05,0.00013650875205635
0.7125395603970666,2.034528036498141,2.034591160550145,-6.312405200414872e-05,0.00013630444606029999
0.7125395836861941,2.0345280556442122,2.034591160564585,-6.31049203727585e-05,0.00013642176251275
0.7125396008692446,2.0345280438839404,2.034591160549289,-6.31166653484172e-05,0.0001365037714601
0.712539570309167,2.0345280512694335,2.034591160550696,-6.310928126262993e-05,0.00013630444606029999
0.7125395700478552,2.034528039715041,2.034591160561999,-6.312084695814235e-05,0.00013630444606029999
0.7125395941050834,2.0345280295894477,2.034591160555418,-6.31309659704371e-05,0.00013653059133365
0.7125395969003034,2.0345280406285875,2.0345911605676923,-6.31199391047943e-05,0.0001365037714601
0.7125396180496126,2.034528027625493,2.034591160551777,-6.313292628412626e-05,0.0001365992788126
0.7125395982016995,2.034528038829639,2.034591160566847,-6.312173720823822e-05,0.0001365037714601
0.7125396048381859,2.0345280426971293,2.03459116059673,-6.311789960067316e-05,0.0001364916991207
0.7125396024886741,2.0345280402630825,2.034591160579925,-6.31203168426353e-05,0.00013650875205635
0.7125396200627149,2.0345280375910715,2.034591160580857,-6.312298978539133e-05,0.000136632902604
0.7125395735351763,2.034528045764576,2.034591160567096,-6.311480251985913e-05,0.0001363647515335
0.7125396200627149,2.0345280359691924,2.0345911605565483,-6.312458735591164e-05,0.0001366221295295
0.7125396001391624,2.0345280427642116,2.034591160554463,-6.311779025125475e-05,0.0001364796267813
0.7125396170148459,2.0345280472220493,2.034591160577735,-6.311335568565113e-05,0.0001365740992158
0.71253961143445,2.0345280013548135,2.034591160569715,-6.315921490163134e-05,0.00013660347847915
0.7125395982016995,2.0345280294432384,2.034591160582852,-6.313113961375905e-05,0.00013653059133365
0.7125395985197329,2.0345280469690885,2.034591160574046,-6.311360495736551e-05,0.0001366221295295
0.7125395688486403,2.0345280431879385,2.0345911605700673,-6.311738212883e-05,0.00013629173094355
0.7125396089943389,2.034528041578248,2.03459116056785,-6.311898960209561e-05,0.0001365776067813
0.712539619897754,2.0345280571817455,2.034591160562601,-6.310338085535605e-05,0.00013661714300685
0.7125395954064795,2.0345280599653464,2.034591160548074,-6.310058272784858e-05,0.0001364487530514
0.7125395836861941,2.034528052717935,2.034591160561399,-6.310784346430509e-05,0.00013647264441309998
0.712539619897754,2.0345280725159673,2.034591160558801,-6.308804283383651e-05,0.0001365811143468
0.7125395747902566,2.0345280054653667,2.034591160567809,-6.315510244236933e-05,0.0001364318440579
0.7125395913098632,2.0345280441251234,2.0345911605661504,-6.31164410269669e-05,0.0001363986258675
0.7125395902408664,2.034528031447261,2.0345911605478952,-6.312910063410726e-05,0.00013644565387444999
0.7125396266856932,2.0345280619364785,2.0345911605603675,-6.309862388897969e-05,0.0001365811143468
0.7125395775214107,2.0345280483470463,2.0345911605503697,-6.311220332344547e-05,0.0001362986923587
0.7125395891698403,2.0345280059646083,2.0345911605643856,-6.315459977734861e-05,0.00013642176251275
0.7125396048381859,2.0345280446590444,2.034591160570287,-6.31159112427504e-05,0.0001364796267813
0.7125395691214451,2.034528033082745,2.0345911605499087,-6.312746716385931e-05,0.0001363855707674
0.7125396069162624,2.034528039174096,2.0345911605645823,-6.31213904864758e-05,0.0001365137326526
0.7125396102143944,2.034528049007722,2.0345911605759075,-6.311156818528119e-05,0.00013650875205635
0.7125395704455695,2.0345280437820286,2.034591160568613,-6.31167865843274e-05,0.0001363986258675
0.7125395735351763,2.0345280279062155,2.0345911605947213,-6.313268850588472e-05,0.0001363986258675
0.7125395689850427,2.034528035921768,2.0345911605541533,-6.312463238522525e-05,0.0001363192594786
0.7125396109265159,2.034528046529403,2.034591160569332,-6.311403992897979e-05,0.0001365740992158
0.7125396102143944,2.0345280640748813,2.0345911605760216,-6.309650114033616e-05,0.00013650875205635
0.7125395982016995,2.034528046306391,2.0345911605563125,-6.311424992144765e-05,0.00013647264441309998
0.7125395781939539,2.0345280493252926,2.0345911605569507,-6.311123165803068e-05,0.0001363982977957
0.7125396102143944,2.0345280680753848,2.0345911605832017,-6.309250781688647e-05,0.00013657112524440002
0.7125396089943389,2.03452803881864,2.034591160562033,-6.312174339262455e-05,0.0001365811143468
0.7125395932664567,2.0345280362767175,2.034591160575595,-6.312429887733728e-05,0.0001364487530514
0.7125395995030958,2.0345280393461667,2.0345911605520297,-6.312120586304815e-05,0.00013653059133365
0.7125395803425706,2.034528026280738,2.034591160577392,-6.313429665416592e-05,0.0001364487530514
0.7125395891698403,2.03452804369942,2.0345911605729974,-6.311687357740681e-05,0.00013658795741045
0.7125395726524351,2.03452804753137,2.0345911605695366,-6.311303816675107e-05,0.0001363478315524
0.7125395913098632,2.034528009477319,2.034591160564781,-6.315108746202114e-05,0.0001364796267813
0.7125395969003034,2.0345280642575077,2.0345911605750135,-6.309631750589517e-05,0.0001365037714601
0.7125395957245129,2.034528055231031,2.0345911605696947,-6.310533866349388e-05,0.00013647264441309998
0.7125395969003034,2.034528067927901,2.0345911605747626,-6.309264686166216e-05,0.0001365037714601
0.7125395775214107,2.034528010556107,2.0345911605774614,-6.315002135437453e-05,0.00013643867150625
0.7125395870298175,2.0345280464446525,2.034591160566477,-6.311412182435916e-05,0.0001365137326526
0.7125395891698403,2.0345280609962333,2.034591160566653,-6.309957041983338e-05,0.0001365256107374
0.7125396024886741,2.0345280177321654,2.0345911605672136,-6.314283504815776e-05,0.0001365802501784
0.7125395969003034,2.0345280322873553,2.0345911605436795,-6.312825632415198e-05,0.0001364796267813
0.7125396180496126,2.034528041718455,2.034591160543363,-6.311882490805942e-05,0.00013656077461525002
0.712539588621437,2.0345280460490063,2.034591160574741,-6.311452573459775e-05,0.0001365474500147
0.7125395891698403,2.034528047862622,2.0345911605745597,-6.311271193748524e-05,0.0001364487530514
0.7125395932664567,2.0345280311642884,2.0345911605684566,-6.312940416819401e-05,0.00013637555176825
0.7125395982016995,2.034528044778859,2.034591160550739,-6.311577188000683e-05,0.0001365037714601
0.7125396008692446,2.0345280436419806,2.0345911605574627,-6.311691548210874e-05,0.0001364796267813
0.7125396048381859,2.0345280377927355,2.03459116056773,-6.312277499453955e-05,0.00013653059133365
0.7125395634788003,2.034528057077871,2.0345911605657565,-6.310348788529652e-05,0.00013627116382365
0.7125395985197329,2.03452804163869,2.034591160562699,-6.311892400878705e-05,0.0001364847167525
0.7125395858262169,2.0345280532745917,2.0345911605538984,-6.310727930669557e-05,0.0001365811143468
0.7125396048381859,2.034528068171168,2.0345911605584077,-6.309238723956057e-05,0.00013656077461525002
0.7125396001391624,2.034528041276188,2.034591160559261,-6.311928307267678e-05,0.0001364796267813
0.7125395982016995,2.0345280277107327,2.0345911605511873,-6.313284045456058e-05,0.0001365740992158
0.712539614224648,2.0345280636196987,2.034591160572435,-6.309695273643001e-05,0.0001364916991207
0.7125395646228534,2.0345280350012573,2.034591160554423,-6.312555316556612e-05,0.00013623839550255
0.7125396089943389,2.034528062647744,2.0345911605521882,-6.309790444403163e-05,0.00013650875205635
0.7125395954064795,2.034528050966673,2.0345911605878633,-6.310962119027153e-05,0.0001365837577439
0.7125396048381859,2.0345280429547135,2.0345911605705242,-6.311761581079267e-05,0.0001365776067813
0.7125395803425706,2.0345280369116767,2.034591160574525,-6.312366284833004e-05,0.0001365037714601
0.7125395995030958,2.034528056655191,2.0345911605591995,-6.310390400843247e-05,0.00013647264441309998
0.7125395767833739,2.034528031571331,2.0345911605579237,-6.312898659244226e-05,0.00013643867150625
0.712539599821129,2.0345280565620567,2.034591160586848,-6.310402479137167e-05,0.0001364916991207
0.712539599821129,2.034528061944886,2.0345911605515794,-6.30986066934014e-05,0.00013653893533795
0.7125395969003034,2.0345280617492345,2.0345911605400104,-6.309879077592839e-05,0.0001364796267813
0.7125395789319906,2.0345280522882483,2.034591160551323,-6.31082630748736e-05,0.00013630444606029999
0.7125396197327932,2.0345280615738695,2.034591160557232,-6.309898336276376e-05,0.0001365474500147
0.7125395985197329,2.034528064644958,2.0345911605536435,-6.309590868536219e-05,0.0001366121564842
0.7125396183738195,2.0345280457343695,2.034591160570333,-6.311483596332934e-05,0.0001365811143468
0.7125396195735471,2.0345280573097293,2.034591160576319,-6.310326658987009e-05,0.00013660347847915
0.7125396024886741,2.0345280445744165,2.034591160563051,-6.311598863462109e-05,0.00013653059133365
0.7125396214496182,2.0345280463370727,2.0345911605684974,-6.311423142468797e-05,0.000136632902604
0.71253961143445,2.0345280501746283,2.0345911605622047,-6.311038757633725e-05,0.0001365776067813
0.7125395969003034,2.034528048432963,2.034591160549469,-6.311211650622539e-05,0.0001364916991207
0.7125395941050834,2.034528067232339,2.0345911605444202,-6.309331208109725e-05,0.00013643259877435
0.7125395688486403,2.0345280477106162,2.0345911605627816,-6.311285216531459e-05,0.0001363478315524
0.7125395891698403,2.0345280532611962,2.0345911605727793,-6.310731158309935e-05,0.0001364656620449
0.7125395789319906,2.0345280313688936,2.034591160583997,-6.312921510343017e-05,0.00013635629154295
0.7125396001391624,2.034528052619543,2.0345911605758635,-6.310795632069599e-05,0.00013644565387444999
0.7125395717696937,2.034528038564947,2.0345911605855576,-6.312202061042882e-05,0.0001362781252388
0.7125395891698403,2.034528049479903,2.0345911605651676,-6.311108526446674e-05,0.00013647264441309998
0.7125396089943389,2.0345280321154187,2.0345911605777984,-6.312846237976899e-05,0.0001365474500147
0.7125395919650604,2.0345280295553514,2.034591160567512,-6.313101216059991e-05,0.0001364656620449
0.7125395789319906,2.0345280672452755,2.034591160571588,-6.309332631238007e-05,0.0001364487530514
0.7125396057868062,2.0345280333665254,2.0345911605471816,-6.312718065615286e-05,0.00013653059133365
0.7125396209006646,2.0345280423434238,2.034591160570756,-6.311822733229278e-05,0.00013664695563225001
0.7125395954064795,2.0345280395848087,2.034591160566237,-6.31209814283551e-05,0.0001364896470363
0.7125396180496126,2.034528038617081,2.034591160569759,-6.312195267810239e-05,0.0001366084650018
0.712539619897754,2.0345280374063113,2.034591160539134,-6.312313282252902e-05,0.00013658795741045
0.7125395995030958,2.0345280372897268,2.0345911605812277,-6.312329150093277e-05,0.0001364916991207
0.7125396102143944,2.034528038563433,2.034591160573284,-6.312200985103544e-05,0.00013657112524440002
0.7125396180496126,2.0345280452231074,2.0345911605839815,-6.311536087411085e-05,0.0001365802501784
0.7125396029473212,2.034528046978628,2.0345911605816793,-6.311360305133462e-05,0.0001364916991207
0.7125395803425706,2.0345280420469223,2.0345911605767593,-6.311852983698074e-05,0.0001363647515335
0.7125396200627149,2.0345280473854017,2.034591160573787,-6.311318838525537e-05,0.00013670121485065
0.7125395982016995,2.034528046772411,2.034591160568162,-6.311379575096865e-05,0.00013642176251275
0.7125396042487173,2.0345280352933774,2.034591160563938,-6.312527056051565e-05,0.00013659060080755
0.7125395775214107,2.034528046647728,2.0345911605809737,-6.3113933245873e-05,0.00013645772621385
0.7125396024886741,2.0345280664429666,2.0345911605613796,-6.30941184129874e-05,0.00013653059133365
0.712539599821129,2.0345280619651227,2.034591160550171,-6.30985850484933e-05,0.00013649667971695
0.7125396021706408,2.0345280195095112,2.0345911605494744,-6.31410399631882e-05,0.0001365740992158
0.7125395836861941,2.0345280318697916,2.0345911605468854,-6.312867709379333e-05,0.0001364318440579
0.7125395995030958,2.034528056975983,2.0345911605705593,-6.310359457639692e-05,0.0001364116809676
0.7125395891698403,2.034528057931419,2.0345911605791627,-6.310264774356256e-05,0.0001364116809676
0.7125396197327932,2.034528049875224,2.0345911605637856,-6.311068856179602e-05,0.00013657112524440002
0.7125395739075153,2.0345280125417786,2.0345911605722597,-6.314803048113049e-05,0.0001363478315524
0.712539614224648,2.0345280462270208,2.0345911605865816,-6.311435956085631e-05,0.00013653059133365
0.7125395836861941,2.034528048880114,2.0345911605756157,-6.311169550166085e-05,0.0001363855707674
0.7125396048381859,2.0345280317365884,2.0345911605582514,-6.312882166303879e-05,0.0001365137326526
0.7125395995030958,2.034528051738494,2.0345911605720373,-6.310883354343488e-05,0.0001363986258675
0.7125396102143944,2.034528045539809,2.034591160567845,-6.31150280359094e-05,0.00013650875205635
0.7125395969003034,2.0345280130884316,2.034591160569431,-6.314748099933709e-05,0.0001364796267813
0.7125395870298175,2.0345280504974763,2.034591160535801,-6.31100383245986e-05,0.00013635629154295
0.7125396140393591,2.034528071619229,2.0345911605518117,-6.308893258255566e-05,0.00013658795741045
0.7125396197327932,2.0345280275712327,2.0345911605651605,-6.31329939277947e-05,0.0001366610086605
0.7125396045667507,2.0345280529308987,2.0345911605850198,-6.310765412109731e-05,0.000136513538398
0.7125395969003034,2.0345280346136825,2.0345911605597244,-6.31259460419642e-05,0.0001365037714601
0.7125396217386143,2.034528045410025,2.034591160588398,-6.311517837298553e-05,0.0001366221295295
0.7125395689850427,2.034528062593382,2.03459116057055,-6.309797716808063e-05,0.0001362644681373
0.7125396130045925,2.0345280409344784,2.034591160581264,-6.311964678573645e-05,0.0001364557354196
0.7125396195735471,2.034528043393388,2.034591160569291,-6.311717590312682e-05,0.000136586401141
0.7125395704455695,2.0345280327342,2.0345911605588975,-6.312782469741762e-05,0.00013637975626
0.7125395995030958,2.034528056138268,2.034591160568984,-6.310443071599892e-05,0.00013650875205635
0.7125396185387805,2.034528029988131,2.034591160551826,-6.31305636948909e-05,0.0001366084650018
0.7125395704455695,2.034528051281273,2.0345911605582216,-6.310927694874735e-05,0.00013625750672215
0.7125395711919082,2.034528054523868,2.0345911605572584,-6.310603339043652e-05,0.0001362642024085
0.7125396089943389,2.0345280417073486,2.0345911605628504,-6.311885550180918e-05,0.00013653059133365
0.7125395941050834,2.034528032174182,2.0345911605543985,-6.312838021660383e-05,0.0001364847167525
0.7125395789319906,2.03452804542792,2.0345911605611873,-6.311513326728857e-05,0.0001363647515335
0.7125396190843792,2.03452802502733,2.034591160567569,-6.313554023895662e-05,0.00013659060080755
0.7125395678409896,2.034528059324568,2.0345911605321167,-6.310120754893234e-05,0.0001362508110358
0.712539599821129,2.0345280476075946,2.0345911605545615,-6.311294696681458e-05,0.0001364487530514
0.7125396152594146,2.034528044994504,2.034591160546872,-6.311555236804267e-05,0.0001365474500147
0.7125396183738195,2.034528050852213,2.0345911605403693,-6.310968815625984e-05,0.00013656692557785
0.7125395982016995,2.0345280100746708,2.034591160565114,-6.315049044314236e-05,0.00013653893533795
0.7125395870298175,2.0345280349128996,2.034591160574401,-6.312566150157295e-05,0.00013647264441309998
0.7125395803425706,2.0345280564693806,2.0345911605559985,-6.310408661791556e-05,0.0001364656620449
0.7125396089943389,2.03452802893646,2.0345911605831923,-6.313164673255045e-05,0.0001365776067813
0.7125396001391624,2.034528034907914,2.0345911605656286,-6.312565771482426e-05,0.0001364796267813
0.7125395781939539,2.0345280370037666,2.034591160563961,-6.312356019444465e-05,0.00013638821625055
0.7125395747902566,2.034528049994894,2.0345911605879525,-6.311059305863509e-05,0.00013637516115045
0.7125396180496126,2.034528045884389,2.034591160557921,-6.311467353192768e-05,0.00013656428218075
0.7125395767833739,2.0345280317706926,2.034591160576141,-6.312880544845356e-05,0.0001364656620449
0.7125395858262169,2.0345280225977938,2.03459116057361,-6.313797581602998e-05,0.00013649667971695
0.7125395870298175,2.034528054016704,2.034591160573725,-6.310655702090884e-05,0.0001364656620449
0.7125395941050834,2.034528025867956,2.0345911605751796,-6.313470722352221e-05,0.0001365137326526
0.7125396201225007,2.0345280578378513,2.0345911605477363,-6.310270988496569e-05,0.0001365837577439
0.7125396024886741,2.034528054210171,2.0345911605722686,-6.310636209772014e-05,0.00013656077461525002
0.7125396152594146,2.0345280395542136,2.0345911605665417,-6.312101232808232e-05,0.00013656428218075
0.7125396001391624,2.034528044796713,2.0345911605588527,-6.311576213979819e-05,0.00013650875205635
0.7125396190843792,2.034528029568442,2.034591160579776,-6.313101133414989e-05,0.0001365811143468
0.7125396089943389,2.0345280334251687,2.034591160577955,-6.312715278644632e-05,0.0001365948004741
0.712539584415637,2.034528037802699,2.0345911605651787,-6.312276247966153e-05,0.00013642176251275
0.7125395870298175,2.0345280556048313,2.034591160565493,-6.310496066186388e-05,0.0001364656620449
0.7125395913098632,2.0345280453745453,2.034591160563751,-6.311518920565362e-05,0.0001364318440579
0.7125395836861941,2.034528050996499,2.034591160582196,-6.310958569688552e-05,0.0001365065560298
0.7125396211606223,2.0345280581235823,2.0345911605644456,-6.310244086327188e-05,0.0001365992788126
0.7125395980740246,2.0345280469497498,2.034591160580195,-6.311363044542162e-05,0.000136586401141
0.7125395913098632,2.0345280459565234,2.0345911605783282,-6.31146218048606e-05,0.0001364487530514
0.7125395870298175,2.034528055331603,2.0345911605728886,-6.31052412853883e-05,0.00013650875205635
0.7125395747902566,2.0345280272394892,2.0345911605752263,-6.313333573704227e-05,0.0001363192594786
0.7125395870298175,2.0345280593311554,2.034591160608758,-6.310127760267292e-05,0.0001364116809676
0.7125396024886741,2.0345280660854628,2.034591160566034,-6.309448057129075e-05,0.00013648969734874998
0.7125396190843792,2.0345280564052035,2.0345911605667326,-6.310416152910392e-05,0.0001366221295295
0.7125396194085862,2.034528057484092,2.0345911605890503,-6.310310495827309e-05,0.00013659060080755
0.7125395747902566,2.034528033233894,2.0345911605626683,-6.31273287741152e-05,0.00013637516115045
0.7125395646228534,2.0345280345510006,2.0345911605685436,-6.312601754299152e-05,0.0001362265656909
0.7125395941050834,2.0345280588022345,2.0345911605753226,-6.310177308810339e-05,0.0001363986258675
0.7125396069162624,2.0345280389063456,2.03459116056757,-6.312166122457441e-05,0.0001365137326526
0.7125395688486403,2.0345280295228534,2.0345911605595703,-6.313103671695686e-05,0.0001363478315524
0.7125395381083486,2.034528012005829,2.034591160547831,-6.314854200173414e-05,0.0001363376017047
0.7125396089943389,2.034528013700016,2.0345911605648417,-6.314686482555842e-05,0.00013653059133365
0.7125395913098632,2.0345280483309818,2.034591160563881,-6.311223289934276e-05,0.0001363986258675
0.7125395891698403,2.034528034735736,2.0345911605963862,-6.312586065027048e-05,0.0001364796267813
0.7125396045667507,2.0345280450822782,2.034591160556186,-6.311547390769334e-05,0.00013661714300685
0.7125396183738195,2.0345280542444795,2.0345911605835,-6.310633902062435e-05,0.0001366221295295
0.7125395995030958,2.03452805534617,2.0345911605718707,-6.310522570052157e-05,0.00013653059133365
0.71253961143445,2.034528046054276,2.034591160575074,-6.311452079810209e-05,0.0001365776067813
0.7125396021706408,2.034528061228478,2.0345911605486067,-6.309932012849018e-05,0.00013656077461525002
0.7125395775214107,2.034528038734482,2.034591160598566,-6.312186408363729e-05,0.00013635629154295
0.7125395995030958,2.034528031181718,2.0345911605664164,-6.312938469843488e-05,0.00013658795741045
0.7125395717696937,2.034528054570125,2.0345911605876474,-6.310601752224088e-05,0.0001363187320972
0.7125395941050834,2.0345280428756425,2.034591160579836,-6.311770419342722e-05,0.000136467807759
0.7125395913098632,2.0345280458958297,2.0345911605861455,-6.311469031583528e-05,0.00013637516115045
0.7125395836861941,2.034528044500585,2.0345911605669147,-6.311606632980471e-05,0.0001363855707674
0.7125396045667507,2.0345280487301176,2.034591160550588,-6.311182047058495e-05,0.0001364916991207
0.7125395941050834,2.034528034726008,2.034591160547055,-6.312582104683884e-05,0.0001364796267813
0.7125395726524351,2.034528048590779,2.0345911605571505,-6.311196637165395e-05,0.0001363335455155
0.7125395954064795,2.034528060032504,2.0345911605655416,-6.310053303737462e-05,0.0001364656620449
0.712539576045337,2.034528073619441,2.034591160565773,-6.30869463318362e-05,0.00013637516115045
0.7125395969003034,2.034528068558882,2.034591160570138,-6.309201125587194e-05,0.0001364796267813
0.7125395747902566,2.034528011757897,2.0345911605628872,-6.314880499003195e-05,0.0001363855707674
0.7125395767833739,2.034528048212957,2.034591160583288,-6.311237033074235e-05,0.0001363478315524
0.7125396217386143,2.034528018860833,2.0345911605637657,-6.314170293286736e-05,0.00013668810325925
0.7125395803425706,2.034528049434649,2.0345911605753977,-6.311114074852853e-05,0.0001363647515335
0.7125396180496126,2.034528034851502,2.0345911605908777,-6.312573937572452e-05,0.0001365474500147
0.7125395725833911,2.0345280360617717,2.0345911605735494,-6.312451177770129e-05,0.0001365137326526
0.7125396045667507,2.034528038598417,2.0345911605506104,-6.312195219360106e-05,0.0001364796267813
0.7125395767833739,2.034528007147783,2.0345911605819613,-6.315343417817587e-05,0.00013640870741265
0.7125396048381859,2.0345280317331342,2.034591160580803,-6.312884766890292e-05,0.0001364916991207
0.7125396214496182,2.034528034240702,2.0345911605800393,-6.31263393371384e-05,0.00013664695563225001
0.7125395735351763,2.0345280166899924,2.034591160563481,-6.314387348860251e-05,0.00013638821625055
0.7125395888302866,2.0345280543656417,2.034591160582898,-6.310621725624799e-05,0.0001364116809676
0.7125396001391624,2.034528053067014,2.034591160553863,-6.310748684912326e-05,0.0001364916991207
0.7125395913098632,2.0345280494278857,2.034591160571944,-6.311114405832541e-05,0.0001364916991207
0.7125395781939539,2.0345280451180345,2.03459116056405,-6.311544601533825e-05,0.0001363982977957
0.7125396170148459,2.034528044915557,2.0345911605599314,-6.311564437444517e-05,0.00013658795741045
0.7125395717696937,2.034528055071012,2.0345911605487585,-6.310547774646125e-05,0.0001363478315524
0.7125395870298175,2.0345280307961313,2.034591160564939,-6.312976880762378e-05,0.0001364487530514
0.7125395603970666,2.0345280340838183,2.0345911605577993,-6.312647398099003e-05,0.0001362074544713
0.712539608136318,2.0345280459024844,2.0345911605910727,-6.311468858832825e-05,0.0001365776067813
0.7125395789319906,2.0345280439636984,2.034591160557634,-6.311659393576363e-05,0.00013637516115045
0.7125395891698403,2.0345280525958684,2.0345911605820723,-6.310798620390301e-05,0.0001364487530514
0.7125395913098632,2.034528048588427,2.0345911605700726,-6.311198164565823e-05,0.0001363855707674
0.7125395969003034,2.0345280414533904,2.0345911605735374,-6.311912014700383e-05,0.0001365037714601
0.7125395919650604,2.03452805049327,2.0345911605673073,-6.311007403736468e-05,0.00013638821625055
0.7125396180496126,2.034528047415431,2.0345911605768463,-6.311316141527357e-05,0.000136586401141
0.7125396183738195,2.0345280388284945,2.0345911605571922,-6.31217286977126e-05,0.00013664695563225001
0.712539599821129,2.034528052518162,2.0345911605589326,-6.310804077047649e-05,0.0001364656620449
0.7125395739075153,2.034528033948608,2.0345911605611473,-6.312661253948804e-05,0.0001364487530514
0.7125396048381859,2.0345280662998277,2.0345911605549127,-6.309425508499444e-05,0.00013653059133365
0.7125396021706408,2.034528047903471,2.034591160556174,-6.311265270309008e-05,0.0001364847167525
0.7125395735351763,2.0345280316177377,2.0345911605711113,-6.312895337368118e-05,0.0001363647515335
0.7125396008692446,2.0345280447327116,2.034591160581188,-6.311584847651375e-05,0.0001365802501784
0.7125395734515523,2.034528037661162,2.0345911605480866,-6.312288692456036e-05,0.00013628387894040002
0.7125396206116685,2.0345280422861007,2.0345911605541165,-6.311826801574938e-05,0.00013659060080755
0.712539599821129,2.034528058582767,2.034591160573456,-6.310199068915168e-05,0.00013647264441309998
0.7125395941050834,2.0345280449720287,2.0345911605980618,-6.311562603311671e-05,0.0001365037714601
0.7125396217535129,2.034528042739126,2.0345911605530698,-6.311781394385818e-05,0.0001366121564842
0.7125396170148459,2.0345280361398967,2.034591160585144,-6.312444524736449e-05,0.0001366121564842
0.7125395789319906,2.034528048617354,2.0345911605608316,-6.311194347752291e-05,0.0001363855707674
0.7125396211606223,2.034528059611613,2.034591160569352,-6.310095773898183e-05,0.0001366872318433
0.7125395891698403,2.0345280545522337,2.0345911605699536,-6.310601771986057e-05,0.0001364916991207
0.712539614224648,2.0345280601393454,2.034591160564807,-6.310042546164851e-05,0.0001365776067813
0.7125395822756141,2.034528052342468,2.0345911605806175,-6.310823814947852e-05,0.0001363855707674
0.712539576045337,2.0345280381589093,2.0345911605660625,-6.312240715322659e-05,0.00013628387894040002
0.7125396001391624,2.0345280566489556,2.0345911605600406,-6.310391108499402e-05,0.0001364487530514
0.712539599821129,2.0345280255080262,2.0345911605656988,-6.313505767252536e-05,0.00013642176251275
0.7125396140393591,2.0345280334002167,2.034591160576392,-6.312717617529273e-05,0.00013647264441309998
0.7125396180496126,2.0345280116601567,2.034591160587501,-6.314892734415878e-05,0.0001366221295295
0.7125395891698403,2.034528047644147,2.034591160578023,-6.311293387595285e-05,0.00013643867150625
0.7125395735351763,2.034528031212526,2.0345911605753138,-6.312936278796144e-05,0.00013630444606029999
0.7125395870298175,2.034528028483251,2.0345911605500593,-6.313206680808037e-05,0.00013647264441309998
0.7125395969003034,2.0345280283048504,2.0345911605765297,-6.313227167931146e-05,0.0001365948004741
0.7125395767833739,2.034528046646937,2.0345911605739824,-6.311392704549945e-05,0.0001363192594786
0.7125396102143944,2.0345280519138704,2.03459116058154,-6.310866766945367e-05,0.0001365137326526
0.7125396045667507,2.034528065199969,2.0345911605598004,-6.309535983151093e-05,0.0001365037714601
0.7125395913098632,2.0345280581700096,2.0345911605592333,-6.310238922369038e-05,0.0001364487530514
0.7125395775214107,2.034528033727968,2.0345911605634575,-6.312683548959086e-05,0.00013638821625055
0.712539588621437,2.034528025785271,2.0345911605865865,-6.313480131536764e-05,0.0001365037714601
0.7125396048381859,2.034528071252795,2.034591160562218,-6.308930942289237e-05,0.0001365474500147
0.7125396200627149,2.034528036511435,2.034591160567902,-6.312405646680119e-05,0.0001365992788126
0.7125395802824969,2.034528041575341,2.0345911605694496,-6.311899410871291e-05,0.00013642176251275
0.7125396096117709,2.0345280597440216,2.034591160570219,-6.310082619753743e-05,0.0001364487530514
0.7125395982016995,2.034528023227318,2.0345911605669897,-6.313733967155954e-05,0.00013656077461525002
0.7125396001391624,2.034528069558936,2.034591160572275,-6.309101333901168e-05,0.00013642176251275
0.7125395969003034,2.034528057765321,2.0345911605441738,-6.310277885290816e-05,0.0001365037714601
0.7125396057868062,2.0345280545607065,2.034591160548562,-6.31059878553053e-05,0.0001365137326526
0.7125395689850427,2.0345280444973715,2.0345911605924094,-6.311609503795168e-05,0.00013637975626
0.7125396089943389,2.034528061367336,2.0345911605819214,-6.309921458536039e-05,0.0001365837577439
0.7125396069162624,2.034528041816088,2.034591160564171,-6.311874808329065e-05,0.0001365811143468
0.7125395957245129,2.034528046187704,2.03459116056899,-6.311438128570046e-05,0.0001364656620449
0.7125395717696937,2.0345280432641193,2.0345911605560594,-6.311729194008464e-05,0.0001363478315524
0.7125396089943389,2.034528056867322,2.0345911605926164,-6.310372529449992e-05,0.00013650875205635
0.7125395767833739,2.0345280343840972,2.034591160585169,-6.312620107173927e-05,0.0001363335455155
0.7125395755282935,2.034528044865184,2.034591160587331,-6.311572214690031e-05,0.0001363855707674
0.7125396155836217,2.034528041792229,2.0345911605730955,-6.311878086640021e-05,0.00013658795741045
0.71253961143445,2.0345280521395095,2.0345911605750895,-6.31084355799949e-05,0.0001365837577439
0.7125395815375772,2.0345280653335363,2.0345911605592506,-6.309522571434911e-05,0.00013643867150625
0.7125395891698403,2.0345280508981376,2.0345911605670715,-6.310966893385839e-05,0.00013647264441309998
0.712539614224648,2.0345280689093888,2.03459116057363,-6.309166424145474e-05,0.00013650875205635
0.7125395725833911,2.034528045249759,2.034591160577106,-6.311532734715186e-05,0.00013635629154295
0.7125395726524351,2.0345280401618147,2.034591160568164,-6.312040634925964e-05,0.0001363335455155
0.7125396089943389,2.0345280332428994,2.034591160556,-6.312731310043063e-05,0.00013649667971695
0.7125395919650604,2.0345280561891665,2.0345911605660665,-6.31043768999362e-05,0.0001364916991207
0.7125395691651139,2.0345280433620547,2.0345911605683247,-6.311720626994699e-05,0.00013638821625055
0.7125395919650604,2.034528028094297,2.0345911605890366,-6.31324947395484e-05,0.0001365137326526
0.7125396001391624,2.0345280407628112,2.0345911605810074,-6.311981819617785e-05,0.0001364916991207
0.7125395803425706,2.034528038851611,2.0345911605523113,-6.312170070010836e-05,0.0001364116809676
0.7125395747902566,2.0345280435906634,2.034591160577704,-6.311698704042357e-05,0.0001363667011599
0.7125396180496126,2.0345280585019814,2.0345911605491125,-6.310204713111389e-05,0.0001365776067813
0.7125395755282935,2.0345280283892166,2.034591160567561,-6.313217834419405e-05,0.0001364796267813
0.712539619897754,2.0345280421269862,2.034591160582034,-6.311845504791691e-05,0.0001365837577439
0.7125395803425706,2.0345280420539,2.0345911605834437,-6.311852954388186e-05,0.0001364487530514
0.7125396045667507,2.0345280490102167,2.0345911605893154,-6.311157909877352e-05,0.0001365811143468
0.7125396089943389,2.0345280644385424,2.034591160572721,-6.309613417876392e-05,0.00013653059133365
0.7125395995030958,2.0345280322736237,2.034591160573567,-6.312829994348235e-05,0.0001365811143468
0.7125396001391624,2.03452803834293,2.0345911605746854,-6.312223175530818e-05,0.0001364318440579
0.7125395789319906,2.0345280245050334,2.0345911605645344,-6.313605950092338e-05,0.0001363982977957
0.7125395691214451,2.0345280381483004,2.034591160550673,-6.312240237260625e-05,0.0001363855707674
0.7125395836861941,2.0345280460306516,2.034591160580633,-6.311454998142452e-05,0.00013647264441309998
0.7125395836861941,2.034528029100233,2.0345911605806735,-6.313148044068129e-05,0.00013647264441309998
0.7125395941050834,2.0345280263077075,2.034591160553321,-6.313424561366077e-05,0.0001365037714601
0.7125396140393591,2.0345280643900883,2.034591160558234,-6.309616814581531e-05,0.00013658795741045
0.7125396024886741,2.034528056852731,2.0345911605699984,-6.310371726758746e-05,0.0001365037714601
0.712539619897754,2.034528017332414,2.034591160569181,-6.31432367668161e-05,0.0001367163298547
0.7125396102143944,2.034528060016065,2.034591160540257,-6.310052419200574e-05,0.00013653059133365
0.7125395891698403,2.0345280520000077,2.034591160548676,-6.310854866820037e-05,0.00013642176251275
0.7125396130045925,2.0345280290052523,2.0345911605666473,-6.313156139503562e-05,0.0001366084650018
0.7125396318156768,2.034528062132002,2.0345911605674307,-6.309843542862126e-05,0.00013671576385635
0.7125395941050834,2.0345280575466664,2.0345911605613813,-6.310301471490476e-05,0.0001364487530514
0.712539608136318,2.034528042918411,2.0345911605511606,-6.31176327496874e-05,0.000136586401141
0.7125395941050834,2.03452805093512,2.0345911605743843,-6.310963926425828e-05,0.0001363986258675
0.7125395836861941,2.034528056640769,2.0345911605593003,-6.31039185314819e-05,0.0001365474500147
0.7125396001391624,2.034528051564303,2.0345911605596605,-6.310899535755254e-05,0.0001364796267813
0.71253961143445,2.034528049289117,2.034591160563722,-6.311127460500998e-05,0.0001365948004741
0.7125395941050834,2.0345280601928053,2.0345911605459466,-6.31003531412766e-05,0.0001364656620449
0.7125396217684117,2.034528040620134,2.0345911605541067,-6.311993397289939e-05,0.0001366221295295
0.7125395755282935,2.034528032053978,2.0345911605523916,-6.312849841361157e-05,0.00013637516115045
0.7125395717696937,2.034528031085429,2.034591160573196,-6.312948776709959e-05,0.0001363478315524
0.7125396183738195,2.0345280535472297,2.0345911605615354,-6.310701430578547e-05,0.0001365948004741
0.7125395634788003,2.034528045625818,2.0345911605592577,-6.311493343957864e-05,0.00013627116382365
0.7125396180496126,2.034528043827152,2.0345911605606792,-6.311673352721314e-05,0.000136632902604
0.7125395781939539,2.0345280196919147,2.034591160565815,-6.314087390046907e-05,0.0001363855707674
0.7125395689850427,2.03452803441366,2.0345911605792297,-6.312616556991557e-05,0.00013638821625055
0.7125396069162624,2.034528045611719,2.0345911605600397,-6.311494832056397e-05,0.0001364916991207
0.7125395954064795,2.0345280548512097,2.0345911605596405,-6.310570843082175e-05,0.0001364557354196
0.7125396197327932,2.034528027590885,2.0345911605603706,-6.313296948556868e-05,0.00013660347847915
0.7125396130045925,2.03452804959506,2.034591160565951,-6.31109708910671e-05,0.0001365811143468
0.7125396214496182,2.0345280461659403,2.034591160565378,-6.311439943784691e-05,0.00013666866369375002
0.7125395891698403,2.034528034914914,2.0345911605718263,-6.312565691235505e-05,0.0001364847167525
0.7125395957245129,2.0345280156500003,2.0345911605801565,-6.314493015624478e-05,0.0001365439159342
0.7125396045667507,2.0345280494786873,2.034591160568401,-6.311108971379653e-05,0.00013653059133365
0.7125395913098632,2.03452803444452,2.0345911605624143,-6.312611789427436e-05,0.0001364318440579
0.7125395891698403,2.0345280339521654,2.034591160566743,-6.312661457741342e-05,0.0001364656620449
0.7125396102143944,2.034528001516676,2.0345911605642035,-6.315904752751678e-05,0.0001365740992158
0.7125395767833739,2.0345280518564484,2.034591160592661,-6.310873621284685e-05,0.0001363478315524
0.712539608136318,2.0345280359771762,2.0345911605506606,-6.312457348434108e-05,0.0001365811143468
0.712539599821129,2.0345280451566086,2.0345911605684552,-6.311541184667036e-05,0.0001365137326526
0.7125395836861941,2.0345280356839517,2.0345911605743736,-6.312489042192837e-05,0.0001366225295441
0.712539599821129,2.0345280240590324,2.034591160559236,-6.313650020350892e-05,0.0001365474500147
0.7125396089943389,2.0345280550625815,2.034591160555812,-6.310549323051973e-05,0.0001364796267813
0.7125396045667507,2.0345280470996845,2.034591160545305,-6.311344562037746e-05,0.00013659060080755
0.7125395735351763,2.0345280434976103,2.0345911605682647,-6.311707065442818e-05,0.00013634200550605
0.712539576045337,2.0345280601724016,2.0345911605724423,-6.310040004064987e-05,0.0001363192594786
0.7125395739075153,2.0345280454532126,2.034591160558481,-6.311510526835207e-05,0.000136289632642
0.712539608136318,2.0345280544473603,2.0345911605694975,-6.310612213722422e-05,0.00013660347847915
0.7125395870298175,2.034528041529011,2.034591160572161,-6.311904315037253e-05,0.0001364116809676
0.7125396102143944,2.034528055105053,2.034591160579226,-6.310547417331946e-05,0.0001365137326526
0.7125396217535129,2.034528045154787,2.0345911605468334,-6.311539204650884e-05,0.000136632902604
0.7125396180496126,2.0345280369902423,2.034591160572089,-6.312358184690225e-05,0.00013656077461525002
0.7125395870298175,2.034528048768953,2.0345911605794083,-6.3111810455041e-05,0.00013642176251275
0.7125395789319906,2.0345280298090764,2.034591160569766,-6.313076068975576e-05,0.00013640870741265
0.7125395535003758,2.0345280494397042,2.0345911605670866,-6.311112738233149e-05,0.00013623839550255
0.7125396194085862,2.034528035944645,2.034591160533562,-6.312458891688522e-05,0.0001365811143468
0.7125395982016995,2.0345280383404782,2.0345911605635627,-6.312222308446636e-05,0.0001365037714601
0.712539619897754,2.03452804750283,2.034591160556196,-6.311305336614836e-05,0.00013664969416375
0.7125395836861941,2.0345280428539487,2.0345911605627878,-6.311770883904444e-05,0.0001363986258675
0.7125396021706408,2.0345280266528,2.034591160563961,-6.313391116119504e-05,0.00013650875205635
0.712539599821129,2.0345280321429886,2.0345911605829254,-6.312843993683259e-05,0.0001364487530514
0.7125395941050834,2.034528041388283,2.034591160563647,-6.3119175364168e-05,0.0001364847167525
0.7125395789319906,2.0345280560903456,2.034591160565118,-6.310447477231307e-05,0.00013647264441309998
0.7125396057868062,2.034528043623056,2.034591160566514,-6.31169434579526e-05,0.0001365137326526
0.7125395891698403,2.034528048643212,2.0345911605674334,-6.311192422137069e-05,0.0001364656620449
0.7125395836861941,2.034528041898354,2.0345911605613964,-6.311866304242741e-05,0.0001363986258675
0.7125396211606223,2.03452804689435,2.0345911605522202,-6.311365787015077e-05,0.000136586401141
0.7125396048381859,2.0345280520597937,2.0345911605695344,-6.31085097406725e-05,0.0001365740992158
0.7125396021706408,2.03452806234536,2.034591160556866,-6.309821150596306e-05,0.00013650875205635
0.7125396180496126,2.034528057211986,2.0345911605632394,-6.31033512532575e-05,0.0001365776067813
0.7125396001391624,2.0345280325406274,2.0345911605496068,-6.312800897934068e-05,0.0001365837577439
0.7125396045667507,2.034528047291936,2.034591160552514,-6.311326057817368e-05,0.0001364796267813
0.7125395941050834,2.034528062596755,2.0345911605578535,-6.309796109871257e-05,0.00013650875205635
0.712539599821129,2.0345280215652464,2.0345911605765825,-6.313901133614408e-05,0.0001365740992158
0.7125395767833739,2.0345280381446695,2.0345911605442604,-6.312239959083144e-05,0.00013642176251275
0.7125396170148459,2.034528046840273,2.0345911605514573,-6.311371118439268e-05,0.00013656077461525002
0.7125396180496126,2.0345280541081485,2.0345911605697844,-6.310646163587563e-05,0.0001365474500147
0.7125395535184555,2.0345280413245606,2.03459116058828,-6.311926371926901e-05,0.000136202320346
0.7125396024886741,2.0345280721841155,2.0345911605552756,-6.308837116009158e-05,0.00013653059133365
0.7125395969003034,2.034528054142536,2.034591160584615,-6.310644207907501e-05,0.0001364916991207
0.7125395969003034,2.034528025336862,2.0345911605613973,-6.313522453549325e-05,0.00013650875205635
0.7125395704455695,2.034528026961196,2.0345911605842333,-6.313362303744796e-05,0.0001363647515335
0.712539619897754,2.034528057374855,2.034591160550667,-6.310317581181835e-05,0.00013661714300685
0.7125395822756141,2.0345280416163085,2.034591160568576,-6.311895226751574e-05,0.000136586401141
0.7125395995030958,2.0345280376109898,2.0345911605726053,-6.312296161548048e-05,0.00013647264441309998
0.7125395913098632,2.0345280432724575,2.0345911605497684,-6.311727731089789e-05,0.00013640870741265
0.7125395941050834,2.034528043382528,2.034591160584087,-6.311720155904865e-05,0.0001365037714601
0.7125395767833739,2.03452803244853,2.034591160594108,-6.3128145578073e-05,0.00013635629154295
0.7125395969003034,2.0345280158754933,2.0345911605761673,-6.314470067403377e-05,0.00013654508630055
0.712539619897754,2.034528068988995,2.0345911605533207,-6.309156432582341e-05,0.0001365811143468
0.712539614224648,2.034528034561311,2.0345911605591485,-6.312599783742101e-05,0.00013662751606675
0.7125396069162624,2.034528052273332,2.034591160555722,-6.310828238964561e-05,0.00013650875205635
0.7125396102143944,2.0345280592643307,2.034591160562592,-6.310129826125888e-05,0.00013653059133365
0.7125396089943389,2.0345280352283996,2.0345911605633553,-6.312533495567152e-05,0.0001364916991207
0.7125396048381859,2.0345280152782377,2.0345911605881066,-6.31453098689505e-05,0.0001365776067813
0.7125396109265159,2.0345280338132,2.0345911605630245,-6.312674982433819e-05,0.00013656077461525002
0.712539576045337,2.034528021519183,2.0345911605721416,-6.313905295840527e-05,0.00013635629154295
0.712539599821129,2.0345280364178424,2.0345911605583042,-6.312414046183434e-05,0.0001364487530514
0.7125395870298175,2.0345280223331046,2.0345911605763574,-6.31382432527694e-05,0.0001364656620449
0.7125395913098632,2.0345280337248797,2.034591160552862,-6.312682798226277e-05,0.0001364116809676
0.7125395836861941,2.034528039795529,2.03459116056962,-6.312077409109662e-05,0.00013647264441309998
0.71253961143445,2.0345280436545736,2.0345911605895575,-6.31169349838423e-05,0.00013649667971695
0.7125396069162624,2.0345280566081247,2.034591160569536,-6.310396141140373e-05,0.0001364916991207
0.7125395735351763,2.034528052722526,2.0345911605754265,-6.310785290075671e-05,0.00013648969734874998
0.7125396069162624,2.034528046329226,2.034591160552,-6.311422277383016e-05,0.0001365776067813
0.7125395688486403,2.0345280392444525,2.034591160559164,-6.312131471153393e-05,0.0001363335455155
0.712539599821129,2.034528058061136,2.0345911605855775,-6.310252444174935e-05,0.00013653059133365
0.7125395688486403,2.034528042590435,2.0345911605656237,-6.311797518865347e-05,0.00013630444606029999
0.7125396180496126,2.034528041267891,2.034591160571009,-6.311930311797553e-05,0.00013662751606675
0.7125396001391624,2.034528043752725,2.0345911605590703,-6.311680634540906e-05,0.00013650875205635
0.7125395919650604,2.034528047391539,2.0345911605625573,-6.311317101825864e-05,0.00013654742349969998
0.7125396048381859,2.034528021511511,2.0345911605740303,-6.313906251920187e-05,0.00013650875205635
0.7125395489860344,2.0345280526730334,2.034591160571563,-6.310789852959076e-05,0.00013618206334214998
0.712539614224648,2.034528021934507,2.0345911605616207,-6.313862711371243e-05,0.00013660347847915
0.7125395891698403,2.0345280161026995,2.034591160580293,-6.314447759336872e-05,0.0001364487530514
0.7125396029473212,2.0345280608192504,2.034591160552951,-6.30997337007777e-05,0.0001365037714601
0.712539576045337,2.034528036989031,2.034591160567878,-6.312357884707964e-05,0.00013634200550605
0.7125396089943389,2.0345280476355243,2.034591160557803,-6.311292227856313e-05,0.00013660426533525
0.7125396194085862,2.0345280384920863,2.03459116056862,-6.312207653369484e-05,0.0001365474500147
0.7125395767833739,2.0345280295446226,2.0345911605767646,-6.313103214194982e-05,0.0001364116809676
0.7125395995030958,2.0345280383084163,2.0345911605712197,-6.31222628033612e-05,0.00013653059133365
0.7125396194085862,2.034528032705794,2.034591160575661,-6.312786986706342e-05,0.0001366121564842
0.712539599821129,2.0345280370783114,2.0345911605520914,-6.312347378001348e-05,0.00013650875205635
0.7125396157485824,2.0345280432090522,2.0345911605611486,-6.311735209640901e-05,0.00013660347847915
0.7125395891698403,2.034528060732165,2.0345911605706877,-6.309983852270662e-05,0.0001363855707674
0.7125396089943389,2.0345280421158507,2.0345911605655034,-6.31184496526771e-05,0.00013653059133365
0.7125396054687729,2.034528061680704,2.034591160565175,-6.309888447120215e-05,0.00013658795741045
0.7125395891698403,2.034528064547838,2.0345911605634925,-6.309601565446243e-05,0.0001363667011599
0.7125396102143944,2.0345280452824324,2.034591160572582,-6.311529014979556e-05,0.00013649667971695
0.7125395836861941,2.0345280645291437,2.034591160581705,-6.30960525613844e-05,0.00013638821625055
0.7125395747902566,2.0345280443588636,2.034591160556058,-6.311619719445716e-05,0.0001364656620449
0.7125396057868062,2.0345280586742525,2.034591160572852,-6.31018985997045e-05,0.0001365137326526
0.7125396130045925,2.034528053478115,2.0345911605677145,-6.310708959933464e-05,0.00013660347847915
0.7125395767833739,2.0345280447947847,2.0345911605829774,-6.311578819273578e-05,0.00013635629154295
0.7125395954064795,2.0345280503195866,2.0345911605584233,-6.311023883665001e-05,0.00013642176251275
0.7125395735351763,2.034528042323988,2.034591160581349,-6.311825736071697e-05,0.0001363986258675
0.7125396220196003,2.0345280516299944,2.034591160588065,-6.310895807049022e-05,0.00013670178084900002
0.7125396001391624,2.034528061288812,2.0345911605695846,-6.309928077241622e-05,0.00013642176251275
0.7125396024886741,2.0345280556534022,2.03459116056872,-6.310491531769102e-05,0.0001365776067813
0.7125395600394948,2.0345280239358496,2.0345911605634615,-6.313662761181504e-05,0.00013623326137725
0.712539599821129,2.0345280430568926,2.0345911605492133,-6.311749232068564e-05,0.0001365776067813
0.712539588621437,2.034528056844634,2.034591160573358,-6.310372872420089e-05,0.00013638821625055
0.7125396048381859,2.034528055827486,2.034591160562316,-6.310473483006618e-05,0.0001365137326526
0.7125396183738195,2.034528040162591,2.0345911605485667,-6.312038597577896e-05,0.00013664695563225001
0.7125395789319906,2.034528053524755,2.0345911605735623,-6.310704880707618e-05,0.00013640870741265
0.7125395969003034,2.034528059022233,2.0345911605667406,-6.310154450739347e-05,0.0001365037714601
0.7125395941050834,2.034528058825349,2.0345911605668627,-6.310174151380465e-05,0.00013642176251275
0.7125395969003034,2.0345280407906614,2.0345911605512916,-6.311976063022584e-05,0.0001364116809676
0.7125396206116685,2.0345280493463846,2.034591160583688,-6.311123730329271e-05,0.00013664695563225001
0.7125396069162624,2.034528062057239,2.034591160565024,-6.309850778540849e-05,0.0001365137326526
0.7125396045667507,2.03452802603928,2.0345911605787497,-6.313453946971137e-05,0.0001365137326526
0.7125395769388734,2.0345280424775747,2.0345911605664546,-6.311808887993209e-05,0.0001363647515335
0.7125396024886741,2.034528044247639,2.0345911605779965,-6.311633035771536e-05,0.00013661714300685
0.7125395985197329,2.034528055102433,2.034591160579116,-6.310547668286759e-05,0.00013647264441309998
0.7125395735351763,2.034528027620895,2.0345911605547733,-6.313293387849583e-05,0.0001364796267813
0.7125395969003034,2.034528028520118,2.034591160549515,-6.313202939667306e-05,0.0001364796267813
0.712539614224648,2.0345280571608813,2.034591160596539,-6.31034356577409e-05,0.0001365966354155
0.7125396024886741,2.034528068495829,2.0345911605411793,-6.309204535037694e-05,0.00013650875205635
0.7125395858262169,2.034528045482529,2.0345911605441978,-6.311506166856162e-05,0.0001363855707674
0.7125396197327932,2.034528056672862,2.034591160586364,-6.31039135021716e-05,0.0001365474500147
0.7125396001391624,2.034528032093248,2.0345911605678153,-6.312847456735327e-05,0.00013659312785
0.7125395985197329,2.0345280314669725,2.0345911605506357,-6.31290836632381e-05,0.00013656077461525002
0.7125396048381859,2.034528048144836,2.0345911605714972,-6.311242666123817e-05,0.0001365740992158
0.7125396024886741,2.0345280192442377,2.0345911605920217,-6.31413477840681e-05,0.00013653059133365
0.712539599821129,2.034528056309942,2.034591160544549,-6.310423460709202e-05,0.000136513538398
0.7125396021706408,2.034528042438734,2.034591160571398,-6.311813266401956e-05,0.0001365837577439
0.7125395836861941,2.0345280295289347,2.03459116056135,-6.313103241506468e-05,0.00013642176251275
0.7125395941050834,2.034528015961654,2.0345911605562663,-6.314459461220778e-05,0.0001364916991207
0.7125395969003034,2.0345280535283132,2.034591160577027,-6.310704871381745e-05,0.00013647264441309998
0.7125395870298175,2.034528055539529,2.0345911605704154,-6.310503088657882e-05,0.0001364116809676
0.7125396048381859,2.0345280405487753,2.0345911605749936,-6.312002621822188e-05,0.00013653059133365
0.7125395739075153,2.0345280373124357,2.0345911605777633,-6.3123265327647e-05,0.0001363478315524
0.7125395678409896,2.034528058519581,2.034591160554267,-6.310203468595788e-05,0.0001362316998162
0.7125396194085862,2.0345280568189557,2.0345911605701135,-6.310375115781142e-05,0.0001365811143468
0.7125396001391624,2.034528063471696,2.0345911605796796,-6.309710798380053e-05,0.00013656077461525002
0.7125395982016995,2.0345280488306225,2.0345911605689686,-6.311173834605555e-05,0.0001365037714601
0.7125395803425706,2.034528040443705,2.0345911605696716,-6.312012596643157e-05,0.0001363647515335
0.712539599821129,2.034528015090319,2.0345911605441764,-6.314545385732728e-05,0.0001365037714601
0.7125395913098632,2.0345280391079457,2.0345911605730995,-6.312146515385919e-05,0.0001363855707674
0.7125396119612826,2.0345280355596227,2.034591160565889,-6.312500626615147e-05,0.00013656077461525002
0.7125395747902566,2.034528031150129,2.034591160572164,-6.31294220347911e-05,0.0001363647515335
0.7125396197327932,2.034528041352807,2.0345911605905944,-6.311923778756778e-05,0.00013666006722365002
0.7125396145285269,2.034528035365503,2.0345911605780036,-6.312521250073644e-05,0.00013659060080755
0.7125395985197329,2.0345280544267235,2.034591160576051,-6.310614932747427e-05,0.0001364557354196
0.7125396001391624,2.0345280402133783,2.034591160562346,-6.312034896760466e-05,0.0001365037714601
0.7125395836861941,2.034528058108747,2.0345911605565727,-6.310244782570251e-05,0.00013647264441309998
0.7125396069162624,2.034528054665753,2.034591160578777,-6.3105913024053e-05,0.00013653059133365
0.7125395985197329,2.034528049423229,2.034591160557376,-6.311113414714242e-05,0.0001365037714601
0.7125396102143944,2.0345280589997157,2.0345911605761486,-6.310157643296677e-05,0.0001365500668968
0.712539619897754,2.0345280669156285,2.03459116056226,-6.309364663170669e-05,0.000136586401141
0.7125396229075751,2.0345280342083116,2.0345911605770515,-6.31263687398409e-05,0.0001367539935801
0.7125396001391624,2.0345280424488883,2.034591160572319,-6.31181234305167e-05,0.0001365776067813
0.7125395982016995,2.0345280308829192,2.0345911605579565,-6.312967503729894e-05,0.0001365802501784
0.7125396201225007,2.034528035478779,2.034591160580482,-6.312510170314312e-05,0.00013660347847915
0.7125395755282935,2.0345280358026114,2.0345911605756988,-6.312477308734188e-05,0.0001364656620449
0.7125396209006646,2.034528042588649,2.0345911605898546,-6.311800120561983e-05,0.000136586401141
0.7125396054687729,2.034528072260894,2.0345911605704607,-6.308830956669453e-05,0.00013650875205635
0.7125395913098632,2.034528036426247,2.0345911605751352,-6.31241488884271e-05,0.0001365811143468
0.7125396001391624,2.0345280568078357,2.0345911605550255,-6.310374718987433e-05,0.0001365439159342
0.7125395789319906,2.0345280366940526,2.034591160563986,-6.312386993334584e-05,0.0001363986258675
0.7125395913098632,2.0345280505288947,2.0345911605611713,-6.311003227654766e-05,0.0001364116809676
0.7125395870298175,2.0345280470273654,2.0345911605421554,-6.311351478993643e-05,0.00013643867150625
0.7125396194085862,2.034528045086507,2.034591160576422,-6.3115489915333e-05,0.000136641569095
0.7125396089943389,2.0345280311796525,2.034591160561338,-6.312938168528959e-05,0.00013656077461525002
0.7125396209155632,2.034528046477398,2.034591160575012,-6.31140976143918e-05,0.00013662751606675
0.7125395969003034,2.03452804707171,2.0345911605425013,-6.311347079135388e-05,0.00013647264441309998
0.7125396089943389,2.0345280336468337,2.034591160583562,-6.312693672816394e-05,0.0001365740992158
0.7125396130045925,2.034528047093182,2.0345911605781257,-6.311348494358882e-05,0.00013656077461525002
0.7125396204467078,2.0345280192243473,2.034591160563842,-6.314133949469891e-05,0.00013662751606675
0.7125395836776001,2.034528034383307,2.034591160566196,-6.312618288895067e-05,0.0001363667011599
0.7125395689850427,2.034528028238313,2.034591160569867,-6.313233155408327e-05,0.00013637516115045
0.71253961143445,2.0345280482564245,2.034591160527155,-6.311227073041437e-05,0.00013656077461525002
0.7125396180496126,2.034528004694473,2.03459116053753,-6.315584305705002e-05,0.0001365992788126
0.7125395985197329,2.034528066708357,2.034591160568486,-6.30938601289266e-05,0.0001365037714601
0.7125395941050834,2.0345280481524983,2.034591160561329,-6.311240883061231e-05,0.0001364487530514
0.7125395919650604,2.03452804467724,2.034591160570326,-6.311589308616306e-05,0.0001364487530514
0.7125395836861941,2.0345280480001096,2.0345911605869618,-6.311258685220977e-05,0.00013647264441309998
0.7125395858262169,2.034528033689703,2.0345911605769866,-6.31268872837154e-05,0.0001364916991207
0.7125395717696937,2.034528049704368,2.034591160558941,-6.311085457300081e-05,0.00013630444606029999
0.7125395717696937,2.0345280439084745,2.034591160564694,-6.311665621927531e-05,0.0001362642024085
0.7125396048381859,2.034528035055104,2.034591160567082,-6.312551197806826e-05,0.0001365740992158
0.7125395870298175,2.03452804764745,2.0345911605638953,-6.311291644545136e-05,0.00013647264441309998
0.7125395775214107,2.0345280445453913,2.034591160576656,-6.31160312645207e-05,0.00013642176251275
0.7125396194085862,2.0345280228755422,2.0345911605722566,-6.313769671439928e-05,0.0001365811143468
0.7125395789319906,2.034528054053087,2.0345911605666642,-6.31065135774378e-05,0.0001363192594786
0.7125395982016995,2.034528036284528,2.0345911605750406,-6.312429051247292e-05,0.0001365037714601
0.7125395726524351,2.034528043690338,2.0345911605515803,-6.311686124238491e-05,0.00013653059133365
0.7125396217535129,2.034528040064558,2.0345911605695997,-6.312050504186928e-05,0.0001365948004741
0.7125396024886741,2.034528056174798,2.0345911605718103,-6.310439701229242e-05,0.00013650875205635
0.7125395569396813,2.0345280546335096,2.034591160570425,-6.31059369156084e-05,0.00013629173094355
0.7125396001391624,2.0345280403175874,2.03459116058587,-6.312026828281248e-05,0.0001365439159342
0.7125395717696937,2.034528047316427,2.0345911605438483,-6.3113227421141e-05,0.0001363478315524
0.7125396001391624,2.0345280458480195,2.0345911605715017,-6.311472348219382e-05,0.0001364487530514
0.7125395747902566,2.03452803781475,2.0345911605800824,-6.312276533249062e-05,0.00013634200550605
0.7125395919650604,2.03452803402585,2.0345911605684046,-6.312654255458128e-05,0.0001365740992158
0.7125395982016995,2.0345280520022193,2.0345911605767943,-6.31085745750326e-05,0.0001365137326526
0.7125396082589708,2.0345280553952456,2.034591160558864,-6.31051636181823e-05,0.0001364896470363
0.7125395870298175,2.034528042669504,2.034591160567805,-6.311789830126813e-05,0.0001364847167525
0.7125396069162624,2.034528055724643,2.0345911605590357,-6.310483439264658e-05,0.00013653059133365
0.7125396048381859,2.0345280351406103,2.034591160558016,-6.312541740571831e-05,0.0001365776067813
0.7125395735351763,2.0345280208788474,2.03459116056284,-6.313968399274117e-05,0.0001362642024085
0.7125395739075153,2.034528025812953,2.0345911605460647,-6.31347331117027e-05,0.0001363855707674
0.7125395954064795,2.0345280267599937,2.034591160551288,-6.313379129441188e-05,0.0001364656620449
0.7125395739075153,2.034528069739101,2.034591160551308,-6.309081220701174e-05,0.0001363335455155
0.7125396200627149,2.034528047189906,2.034591160584975,-6.311339506881453e-05,0.0001365966354155
0.712539588621437,2.0345280256274703,2.034591160568634,-6.31349411639448e-05,0.0001364342614968
0.7125396209006646,2.0345280375963077,2.034591160556668,-6.312296036048437e-05,0.000136586401141
0.7125396089943389,2.034528052638761,2.0345911605350033,-6.310789624253133e-05,0.000136513538398
0.7125396008692446,2.034528058583956,2.034591160575205,-6.310199124914817e-05,0.0001364557354196
0.7125395941050834,2.0345280483702135,2.0345911605631524,-6.311219293886339e-05,0.00013643867150625
0.7125395985197329,2.034528056450715,2.0345911605658498,-6.310411513466008e-05,0.0001365037714601
0.7125395957245129,2.034528053363905,2.0345911605648914,-6.310720098623435e-05,0.0001364487530514
0.7125395767833739,2.0345280367655767,2.0345911605670794,-6.312380150275132e-05,0.00013642561640615
0.7125396102143944,2.034528036257732,2.0345911605620266,-6.312430429478155e-05,0.0001365837577439
0.7125396021706408,2.0345280512898247,2.0345911605575515,-6.310926772679082e-05,0.00013653893533795
0.7125396180496126,2.0345280326685113,2.034591160570448,-6.312790193652162e-05,0.0001366221295295
0.7125395704455695,2.034528045274685,2.0345911605813716,-6.311530668678955e-05,0.00013630444606029999
0.7125395870298175,2.0345280594966377,2.0345911605746814,-6.310107804363696e-05,0.00013640870741265
0.7125396190843792,2.0345280660450373,2.0345911605815066,-6.309453646924368e-05,0.00013656428218075
0.7125395747902566,2.0345280430196744,2.0345911605683296,-6.311754865517827e-05,0.0001363986258675
0.7125395995030958,2.0345280452757026,2.034591160568086,-6.311529238356428e-05,0.0001364796267813
0.712539576045337,2.0345280376746158,2.034591160559597,-6.312288498122598e-05,0.00013642176251275
0.7125395941050834,2.0345280452204997,2.03459116055659,-6.311533609038023e-05,0.0001364487530514
0.7125396130045925,2.0345280617250263,2.0345911605389877,-6.309881396138195e-05,0.00013647264441309998
0.7125396194085862,2.0345280212725716,2.0345911605571247,-6.313928455314866e-05,0.000136632902604
0.7125395941050834,2.0345280389609695,2.034591160563118,-6.312160214871909e-05,0.0001364557354196
0.7125395982016995,2.034528047300736,2.034591160557499,-6.311325676300328e-05,0.0001366121564842
0.7125395941050834,2.0345279944213885,2.034591160572046,-6.31661506576009e-05,0.0001364916991207
0.7125395836861941,2.0345280544509374,2.0345911605680227,-6.310611708526537e-05,0.0001363982977957
0.7125395954064795,2.0345280537588093,2.034591160567567,-6.310680875776242e-05,0.0001364318440579
0.7125396152594146,2.0345280353350774,2.034591160587548,-6.312525247054168e-05,0.000136586401141
0.7125395689850427,2.0345280245781385,2.034591160584923,-6.313600678442555e-05,0.0001363192594786
0.7125395985197329,2.0345280404740143,2.0345911605831564,-6.312010914211186e-05,0.0001364487530514
0.7125395767833739,2.034528047749482,2.0345911605701756,-6.311282069360047e-05,0.0001363478315524
0.7125395803425706,2.034528056969314,2.0345911605539917,-6.310358467764843e-05,0.0001363647515335
0.7125396045667507,2.0345280570457325,2.0345911605727993,-6.310352706684341e-05,0.00013650875205635
0.7125395717696937,2.034528041575758,2.0345911605870786,-6.31190113207225e-05,0.0001363855707674
0.712539556957761,2.034528042203601,2.0345911605552884,-6.311835168748559e-05,0.00013630444606029999
0.712539584415637,2.034528061844194,2.0345911605491276,-6.309870493348413e-05,0.0001363667011599
0.7125396102143944,2.0345280357770603,2.034591160590022,-6.312481296166794e-05,0.0001365137326526
0.7125396130045925,2.03452801345929,2.034591160582706,-6.314712341604078e-05,0.00013658444984495
0.7125396069162624,2.0345280476556025,2.0345911605747466,-6.311291914418149e-05,0.00013653059133365
0.7125395747902566,2.0345280283194636,2.0345911605703217,-6.313225085818885e-05,0.0001364847167525
0.7125396069162624,2.0345280678109687,2.034591160566903,-6.309275593441299e-05,0.00013656077461525002
0.7125396024886741,2.034528023914323,2.0345911605650344,-6.313665071155938e-05,0.0001364656620449
0.7125395603970666,2.034528047696785,2.034591160566007,-6.311286922189296e-05,0.00013628387894040002
0.7125396170148459,2.034528041863781,2.034591160581621,-6.311871784037137e-05,0.0001365776067813
0.712539599821129,2.0345280183596053,2.0345911605861833,-6.314222657799462e-05,0.0001365037714601
0.7125395969003034,2.0345280493188413,2.0345911605655917,-6.311124675040247e-05,0.00013647264441309998
0.7125395985197329,2.0345280546840394,2.034591160564847,-6.310588080760127e-05,0.0001364796267813
0.7125395870298175,2.0345280363210363,2.034591160565293,-6.312424425658492e-05,0.0001364116809676
0.7125395870298175,2.0345280410668547,2.0345911605455513,-6.311947869663825e-05,0.0001364318440579
0.7125395704455695,2.034528022787426,2.034591160578433,-6.313779100697303e-05,0.0001362642024085
0.7125396024886741,2.034528062897863,2.034591160571823,-6.309767396039945e-05,0.0001365137326526
0.7125395870298175,2.0345280681016997,2.034591160563177,-6.30924614770656e-05,0.0001364656620449
0.7125396045667507,2.0345280669739467,2.034591160561403,-6.309358745637539e-05,0.00013653059133365
0.7125395678409896,2.0345280538593062,2.03459116054435,-6.310668504383443e-05,0.00013630444606029999
0.7125395899228332,2.0345280415708467,2.034591160576274,-6.31190054272146e-05,0.0001364896470363
0.7125395969003034,2.034528067016283,2.03459116055744,-6.309354115696664e-05,0.00013642176251275
0.7125395954064795,2.0345280320738537,2.034591160568805,-6.312849495149209e-05,0.00013656077461525002
0.7125396190843792,2.0345280527453595,2.0345911605506295,-6.310780526996851e-05,0.0001365811143468
0.7125396089943389,2.0345280255472122,2.034591160564266,-6.313501705390578e-05,0.0001364796267813
0.7125396180496126,2.0345280199304154,2.0345911605779614,-6.314064754597837e-05,0.00013659060080755
0.7125396102143944,2.0345280625397604,2.0345911605704248,-6.309803066439912e-05,0.00013659060080755
0.7125395775214107,2.034528040052037,2.0345911605843385,-6.312053230139725e-05,0.00013635629154295
0.7125396045667507,2.0345280445029426,2.034591160544518,-6.311604157538397e-05,0.00013659060080755
0.7125396180496126,2.0345280569533646,2.034591160556696,-6.310360333161569e-05,0.0001365837577439
0.7125395982016995,2.034528046429697,2.0345911605742373,-6.311414454041042e-05,0.0001364318440579
0.7125395891698403,2.0345280545915574,2.034591160584605,-6.310599304759634e-05,0.00013642561640615
0.7125395995030958,2.034528036098729,2.0345911605645033,-6.312446577450004e-05,0.00013659060080755
0.7125396001391624,2.034528044912982,2.034591160555424,-6.311564244176893e-05,0.00013645772621385
0.7125396153664766,2.034528038131649,2.0345911605718334,-6.312244018458202e-05,0.0001365992788126
0.7125396048381859,2.034528057267913,2.034591160556397,-6.310328848391222e-05,0.0001365740992158
0.71253961143445,2.034528034527212,2.034591160563606,-6.31260363936903e-05,0.00013656428218075
0.7125395982016995,2.034528036963047,2.034591160560241,-6.312359719373717e-05,0.0001364916991207
0.7125395995030958,2.03452801169038,2.0345911605745197,-6.314888413960773e-05,0.0001364557354196
0.7125395891698403,2.034528045556995,2.034591160557804,-6.311500080924404e-05,0.0001364487530514
0.71253961143445,2.034528058386109,2.034591160544242,-6.310215813298825e-05,0.00013658444984495
0.7125395995030958,2.0345280437537605,2.0345911605660474,-6.31168122868786e-05,0.0001364796267813
0.7125396102143944,2.0345280604081153,2.0345911605627576,-6.310015464228158e-05,0.0001365776067813
0.7125395913098632,2.0345280596931192,2.0345911605594553,-6.310086633609657e-05,0.0001363855707674
0.7125395803425706,2.034528044285014,2.034591160571768,-6.311628675392811e-05,0.0001363986258675
0.7125395982016995,2.0345280543653295,2.0345911605603866,-6.310619505711657e-05,0.0001364487530514
0.7125396008692446,2.0345280347457138,2.034591160555701,-6.312580998724115e-05,0.0001364796267813
0.7125396102143944,2.034528070185983,2.0345911605701463,-6.309038416318913e-05,0.0001365837577439
0.7125395995030958,2.034528044574244,2.0345911605679072,-6.311599366304321e-05,0.0001364318440579
0.7125396024886741,2.0345280591169206,2.034591160565081,-6.310144816046304e-05,0.00013653059133365
0.7125395941050834,2.03452803289514,2.0345911605798936,-6.312768475380537e-05,0.000136467807759
0.7125395789319906,2.034528058043491,2.034591160538206,-6.310249471530582e-05,0.00013635629154295
0.7125396140393591,2.0345280318042804,2.0345911606027736,-6.312879849312836e-05,0.00013660347847915
0.7125395954064795,2.0345280385815494,2.034591160575234,-6.312199368441185e-05,0.0001365776067813
0.7125396069162624,2.0345280559042074,2.0345911605566718,-6.310465246439634e-05,0.0001365776067813
0.7125396089943389,2.0345280310542444,2.0345911605898332,-6.312953558884615e-05,0.0001365137326526
0.712539614224648,2.0345280566540063,2.034591160550219,-6.310389621289048e-05,0.000136586401141
0.7125395982016995,2.0345280556944587,2.034591160562835,-6.310486837612928e-05,0.00013647264441309998
0.7125396069162624,2.034528057994813,2.034591160595741,-6.310260092812214e-05,0.0001364318440579
0.712539599821129,2.034528036341882,2.0345911605567375,-6.312421485565878e-05,0.0001364656620449
0.7125396069162624,2.0345280311396916,2.0345911605750495,-6.312943535791149e-05,0.0001365802501784
0.7125396069162624,2.0345280583343683,2.0345911605687235,-6.310223435512796e-05,0.00013653059133365
0.7125396183738195,2.0345280406677233,2.034591160544287,-6.311987656371087e-05,0.0001365948004741
0.7125395941050834,2.0345280391377925,2.0345911605496108,-6.3121411818301e-05,0.0001364847167525
0.7125396024886741,2.0345280253661917,2.0345911605694407,-6.313520324896515e-05,0.0001365474500147
0.7125396024886741,2.0345280409369266,2.0345911605672744,-6.311963034777435e-05,0.00013658444984495
0.7125395941050834,2.0345280543831845,2.034591160573202,-6.310619001759221e-05,0.0001364116809676
0.7125395691214451,2.034528046311837,2.0345911605535747,-6.311424173777169e-05,0.00013635629154295
0.7125395836861941,2.0345280347354953,2.0345911605716145,-6.312583611922662e-05,0.00013642176251275
0.7125395995030958,2.034528030561123,2.034591160584041,-6.313002291813419e-05,0.000136467807759
0.712539619897754,2.0345280430945603,2.0345911605579103,-6.311746335008195e-05,0.00013660347847915
0.7125396180496126,2.034528039633748,2.034591160564672,-6.312093092386561e-05,0.00013662751606675
0.7125396180496126,2.034528039315809,2.0345911605781475,-6.312126233831705e-05,0.0001365837577439
0.7125396102143944,2.034528021317487,2.0345911605821567,-6.313926466994246e-05,0.00013656077461525002
0.7125395982016995,2.0345280251140703,2.034591160581847,-6.313546777692025e-05,0.0001365256107374
0.7125395815375772,2.0345280604239373,2.034591160549605,-6.310012566768108e-05,0.00013642176251275
0.7125395941050834,2.0345280272118162,2.03459116056615,-6.313335433372202e-05,0.00013642176251275
0.7125395775214107,2.0345280474068126,2.034591160572065,-6.311316525220434e-05,0.0001363187320972
0.7125396069162624,2.0345280536003605,2.0345911605439424,-6.310694358191427e-05,0.00013647264441309998
0.7125395891698403,2.034528021271264,2.0345911605716402,-6.31393003760472e-05,0.0001364656620449
0.7125395954064795,2.0345280261075653,2.0345911605747107,-6.313446714534265e-05,0.00013656077461525002
0.7125396170148459,2.0345280589861545,2.0345911605637177,-6.31015775631738e-05,0.00013660426533525
0.7125396220196003,2.034528051766222,2.0345911605676372,-6.310880141535691e-05,0.00013660347847915
0.7125395870298175,2.034528042182554,2.034591160578998,-6.311839644412842e-05,0.0001364656620449
0.7125395822756141,2.0345280433801225,2.0345911605626847,-6.311718256224452e-05,0.0001364656620449
0.7125395836861941,2.0345280508564607,2.034591160569847,-6.310971338630011e-05,0.0001363986258675
0.712539619897754,2.034528014441574,2.03459116055452,-6.314611294611083e-05,0.00013664695563225001
0.7125395941050834,2.0345280438890083,2.034591160587952,-6.311669894376593e-05,0.0001364916991207
0.7125395891698403,2.034528050548216,2.0345911605681084,-6.311001989223186e-05,0.00013643867150625
0.7125395781939539,2.034528035970684,2.0345911605640787,-6.312459339463672e-05,0.0001364116809676
0.7125396217684117,2.034528059883565,2.0345911605561957,-6.310067263060049e-05,0.00013666006722365002
0.712539614224648,2.03452805212336,2.034591160556133,-6.310843277290701e-05,0.0001365474500147
0.7125395941050834,2.034528073066504,2.034591160562957,-6.308749645311806e-05,0.0001364656620449
0.7125395995030958,2.0345280384797206,2.0345911605576963,-6.31220779756525e-05,0.00013656077461525002
0.7125396279119645,2.034528033642702,2.0345911605679725,-6.312692527066233e-05,0.0001366872318433
0.7125396170148459,2.0345280527085303,2.034591160565955,-6.310785742469349e-05,0.0001365740992158
0.7125396069162624,2.0345280655991442,2.034591160589221,-6.309499007661756e-05,0.0001365439159342
0.7125396001391624,2.03452804962397,2.03459116054414,-6.311092016986208e-05,0.0001365037714601
0.7125395995030958,2.0345280277791025,2.0345911605870852,-6.313280798275756e-05,0.0001365037714601
0.7125395969003034,2.0345280420372607,2.034591160565341,-6.311852808016383e-05,0.0001364116809676
0.7125395919650604,2.034528034597231,2.034591160552253,-6.312595502189211e-05,0.0001364487530514
0.7125395969003034,2.0345280373934975,2.034591160551494,-6.312315799661405e-05,0.00013654244290345
0.7125395941050834,2.0345280388283045,2.0345911605895752,-6.312176127076796e-05,0.0001364557354196
0.7125396089943389,2.0345280611375207,2.0345911605535463,-6.309941602555824e-05,0.0001365137326526
0.712539599821129,2.034528057172762,2.034591160559518,-6.310338675596938e-05,0.0001365037714601
0.7125396048381859,2.034528051226242,2.034591160548764,-6.310932252207024e-05,0.00013653059133365
0.7125396214496182,2.034528056249808,2.0345911605654785,-6.31043156706923e-05,0.0001365811143468
0.7125396001391624,2.034528059776029,2.0345911605581146,-6.310078208571213e-05,0.0001364557354196
0.7125395803425706,2.034528043269764,2.0345911605531763,-6.311728341223954e-05,0.0001363986258675
0.7125396008692446,2.0345280396379612,2.0345911605726523,-6.312093469107438e-05,0.0001365740992158
0.7125396206116685,2.0345280430007167,2.034591160584613,-6.31175838963216e-05,0.0001366121564842
0.7125395913098632,2.0345280333514704,2.0345911605711353,-6.312721966494905e-05,0.00013642176251275
0.7125396045667507,2.034528043433866,2.0345911605519595,-6.311711809336984e-05,0.00013656428218075
0.7125396183738195,2.034528054913639,2.034591160580393,-6.310566675393758e-05,0.000136586401141
0.7125396217535129,2.0345280488743724,2.0345911605458764,-6.311167150396813e-05,0.0001366221295295
0.71253961143445,2.0345280494398312,2.034591160561207,-6.311112137558084e-05,0.0001365948004741
0.7125396200627149,2.034528060909843,2.034591160564839,-6.309965499617931e-05,0.0001365948004741
0.7125395803425706,2.034528036431488,2.0345911605580755,-6.312412658759925e-05,0.0001365256107374
0.7125395717696937,2.0345280562680608,2.034591160581084,-6.310431302303243e-05,0.0001362453569177
0.7125396089943389,2.0345280375551784,2.034591160575383,-6.312302020461402e-05,0.0001365256107374
0.7125396048381859,2.034528037235959,2.0345911605662135,-6.312333025437766e-05,0.0001365740992158
0.7125396190843792,2.0345280424973264,2.034591160549345,-6.311805201875131e-05,0.0001366121564842
0.7125395969003034,2.0345280490559907,2.0345911605779587,-6.311152196802894e-05,0.0001365137326526
0.7125395891698403,2.0345280510857457,2.034591160576206,-6.310949046017811e-05,0.00013640870741265
0.7125396069162624,2.034528047192542,2.034591160572984,-6.311338044184822e-05,0.0001365837577439
0.7125395836861941,2.0345280369256566,2.0345911605728006,-6.312364714400331e-05,0.0001364116809676
0.71253961143445,2.034528065052804,2.0345911605911335,-6.309553832961612e-05,0.00013653059133365
0.7125395891698403,2.0345280398581647,2.034591160580432,-6.31207222672181e-05,0.0001364487530514
0.7125395985197329,2.034528051543897,2.0345911605740583,-6.310903016126801e-05,0.0001364557354196
0.7125396089943389,2.0345280601934475,2.034591160564827,-6.310037137957636e-05,0.0001365740992158
0.712539608136318,2.034528043367408,2.0345911605641485,-6.311719674068073e-05,0.00013653059133365
0.7125395941050834,2.034528047167431,2.0345911605634477,-6.31133960165009e-05,0.0001365037714601
0.7125395919650604,2.034528029793151,2.034591160570426,-6.313077727515548e-05,0.0001365037714601
0.7125395789319906,2.0345280585076932,2.0345911605721447,-6.310206445148125e-05,0.00013638821625055
0.7125395913098632,2.0345280461887185,2.034591160562981,-6.31143742624296e-05,0.0001363855707674
0.7125396069162624,2.0345280404328316,2.034591160581512,-6.312014868026239e-05,0.00013653059133365
0.712539584415637,2.0345280575491023,2.0345911605762215,-6.310302711920457e-05,0.0001363986258675
0.7125396085770042,2.0345280043830627,2.0345911605689038,-6.315618584107341e-05,0.00013658795741045
0.7125396102143944,2.034528055010764,2.0345911605583153,-6.310554755151188e-05,0.00013656077461525002
0.7125395789319906,2.034528032948372,2.0345911605732323,-6.312762486038181e-05,0.0001363986258675
0.7125395767833739,2.0345280683914826,2.034591160581546,-6.30921900635073e-05,0.0001363478315524
0.7125395982016995,2.0345280404435937,2.0345911605469538,-6.312010336007035e-05,0.0001364796267813
0.7125395941050834,2.03452805904002,2.034591160575647,-6.310153562694154e-05,0.0001365256107374
0.7125396204467078,2.0345280565282864,2.0345911605696454,-6.310404135900782e-05,0.00013659060080755
0.7125395717696937,2.0345280541899307,2.0345911605461473,-6.310635621664673e-05,0.0001363187320972
0.7125395913098632,2.0345280560688632,2.0345911605872726,-6.3104518409407e-05,0.00013640870741265
0.7125395982016995,2.0345280267524095,2.0345911605563862,-6.313380397671153e-05,0.00013659060080755
0.7125396185387805,2.0345280513991515,2.0345911605554328,-6.310915628127134e-05,0.000136586401141
0.7125395704455695,2.034528067494689,2.034591160559914,-6.309306522522817e-05,0.0001363478315524
0.7125395919650604,2.0345280632774867,2.0345911605694074,-6.309729192066627e-05,0.0001364916991207
0.7125395746455523,2.0345280645905186,2.034591160593864,-6.309600334519772e-05,0.0001363986258675
0.7125396194085862,2.0345280423400474,2.0345911605879974,-6.311824795002252e-05,0.0001366221295295
0.7125396054687729,2.0345280286811875,2.0345911605665323,-6.313188534479153e-05,0.0001365500668968
0.712539619897754,2.0345280642987293,2.0345911605708893,-6.309627215994595e-05,0.0001365811143468
0.712539619897754,2.0345280337095324,2.0345911605644744,-6.312685494203052e-05,0.00013660347847915
0.7125395735351763,2.034528053568474,2.034591160567024,-6.310699854994439e-05,0.000136289632642
0.7125395891698403,2.0345280516379862,2.0345911605476585,-6.310890967231586e-05,0.00013642561640615
0.7125396024886741,2.03452803755742,2.0345911605638,-6.312300637967283e-05,0.0001364318440579
0.7125395691214451,2.0345280560495187,2.0345911605722877,-6.310452276903078e-05,0.00013635629154295
0.7125396021706408,2.03452804080751,2.034591160561102,-6.311975359185595e-05,0.0001364796267813
0.712539588621437,2.034528036867171,2.0345911605749807,-6.3123707809698e-05,0.0001364916991207
0.712539570309167,2.0345280204820537,2.0345911605659928,-6.314008393903947e-05,0.00013642176251275
0.7125396209006646,2.034528045817353,2.0345911605953098,-6.311477795684084e-05,0.000136586401141
0.7125396200627149,2.034528047585244,2.034591160559965,-6.311297472105792e-05,0.00013670121485065
0.7125396001391624,2.0345280218912323,2.0345911605609857,-6.3138669753382e-05,0.00013660347847915
0.7125395891698403,2.034528032790922,2.034591160553581,-6.312776265904319e-05,0.00013642176251275
0.7125395688486403,2.0345280570252964,2.0345911605655767,-6.310354028027376e-05,0.000136289632642
0.7125395822756141,2.034528047856904,2.034591160552363,-6.311269545911102e-05,0.0001364656620449
0.712539576045337,2.0345280525599754,2.0345911605602733,-6.310800029796226e-05,0.0001364116809676
0.7125396102143944,2.0345280244667685,2.03459116056298,-6.313609621155791e-05,0.0001365948004741
0.7125396021706408,2.0345280522212774,2.0345911605571207,-6.310833584333153e-05,0.0001365065560298
0.7125396089943389,2.0345280414055704,2.0345911605687164,-6.311916314594157e-05,0.0001365837577439
0.7125395836861941,2.034528035287685,2.034591160582368,-6.312529468299743e-05,0.00013659060080755
0.71253961143445,2.0345280388034297,2.0345911605642204,-6.312176079070753e-05,0.0001365776067813
0.712539599821129,2.0345280466952187,2.034591160572352,-6.311387713342498e-05,0.0001364796267813
0.7125395941050834,2.034528053394106,2.034591160567249,-6.310717314317316e-05,0.0001365037714601
0.7125395941050834,2.0345280370452112,2.034591160568848,-6.31235236365768e-05,0.00013653059133365
0.7125395870298175,2.034528040977672,2.0345911605734868,-6.31195958149533e-05,0.0001364656620449
0.7125396200627149,2.034528057073531,2.034591160576957,-6.310350342575433e-05,0.00013659060080755
0.7125396008692446,2.034528052823791,2.034591160559462,-6.310773567097527e-05,0.00013650875205635
0.7125395891698403,2.03452804092018,2.034591160573143,-6.311965296301736e-05,0.0001363855707674
0.7125395789319906,2.0345280392239684,2.034591160571553,-6.31213475847936e-05,0.0001363647515335
0.7125395720409724,2.034528034322713,2.0345911605778304,-6.312625511739611e-05,0.00013632719208775
0.71253961143445,2.0345280259813174,2.0345911605887763,-6.313460745888122e-05,0.00013656428218075
0.7125395870298175,2.0345280329670192,2.0345911605732296,-6.312760621041136e-05,0.0001364487530514
0.7125395803425706,2.03452801303039,2.034591160563019,-6.314753262914863e-05,0.0001365776067813
0.7125395913098632,2.0345280264547445,2.0345911605978575,-6.313414311298615e-05,0.0001364318440579
0.7125395870298175,2.034528033144691,2.0345911605556863,-6.312741099545605e-05,0.00013642561640615
0.7125396001391624,2.034528038745717,2.034591160541539,-6.312179582179667e-05,0.0001365037714601
0.7125395941050834,2.0345280475354675,2.0345911605836333,-6.311304816586372e-05,0.0001365037714601
0.712539599821129,2.034528048082019,2.034591160563505,-6.311248148582749e-05,0.00013647264441309998
0.7125396152594146,2.034528045861409,2.034591160580356,-6.311471894715481e-05,0.00013656428218075
0.712539614363566,2.0345280404212236,2.0345911605643994,-6.312014317577663e-05,0.000136586401141
0.7125395941050834,2.03452805773361,2.034591160558876,-6.310282526600375e-05,0.0001364656620449
0.7125395870298175,2.034528023747298,2.034591160567148,-6.313681985004038e-05,0.0001364656620449
0.7125396001391624,2.03452805247032,2.034591160576865,-6.310810654497345e-05,0.0001365037714601
0.7125395913098632,2.0345280600673545,2.034591160567723,-6.310050036839598e-05,0.0001364318440579
0.712539576045337,2.034528052266334,2.034591160571261,-6.310830492717301e-05,0.0001363647515335
0.712539608136318,2.0345280200037994,2.034591160570976,-6.314056717648953e-05,0.0001365137326526
0.7125395836861941,2.034528055176737,2.034591160574676,-6.310539793918934e-05,0.0001364116809676
0.7125395870298175,2.034528037808908,2.034591160577069,-6.31227681608948e-05,0.0001364487530514
0.7125396024886741,2.034528047070678,2.034591160575522,-6.311350484411449e-05,0.0001365740992158
0.7125395689850427,2.034528024264241,2.0345911605810696,-6.313631682841603e-05,0.0001363335455155
0.712539599821129,2.0345280496947478,2.0345911605569675,-6.311086221977291e-05,0.0001364656620449
0.712539619897754,2.0345280069709535,2.0345911605483944,-6.315357744091088e-05,0.0001366872318433
0.71253961143445,2.034528046960507,2.0345911605663924,-6.311360588551196e-05,0.00013653059133365
0.7125395941050834,2.0345280432208286,2.0345911605844145,-6.311736358588504e-05,0.0001364116809676
0.712539599821129,2.034528035773929,2.0345911605685956,-6.312479466652476e-05,0.00013650875205635
0.7125395691214451,2.0345280430205372,2.0345911605851765,-6.31175646392812e-05,0.0001363667011599
0.7125395985197329,2.0345280361553773,2.0345911605479587,-6.312439258149283e-05,0.00013653059133365
0.7125396215901113,2.0345280601510067,2.0345911605700855,-6.31004190787543e-05,0.0001366121564842
0.7125396211606223,2.034528046721918,2.0345911605696614,-6.311384774360107e-05,0.0001366741202519
0.7125396180496126,2.0345280361677394,2.0345911605502884,-6.312438254907349e-05,0.0001365837577439
0.7125395704455695,2.03452803621221,2.0345911605669653,-6.31243547553062e-05,0.000136289632642
0.7125395688486403,2.0345280427609147,2.0345911605535356,-6.311779262091477e-05,0.0001363478315524
0.7125395913098632,2.0345280591836925,2.0345911605594265,-6.31013757339538e-05,0.00013637516115045
0.7125396069162624,2.0345280618564794,2.034591160554147,-6.309869766774057e-05,0.00013650875205635
0.7125395982016995,2.0345280320551966,2.0345911605912788,-6.312853608214652e-05,0.00013650875205635
0.7125396001391624,2.034528050183856,2.0345911605798106,-6.311039595452428e-05,0.0001364557354196
0.7125396045667507,2.0345280539756154,2.0345911605824165,-6.310660680108882e-05,0.00013656428218075
0.7125396183738195,2.034528058585648,2.034591160574278,-6.31019886303541e-05,0.00013661714300685
0.7125396024886741,2.034528060923389,2.0345911605692066,-6.309964581774352e-05,0.00013650875205635
0.7125395941050834,2.0345280333934843,2.0345911605530933,-6.312715960898885e-05,0.00013647264441309998
0.7125395775214107,2.034528054050081,2.0345911605666793,-6.31065165981326e-05,0.00013632719208775
0.7125396194085862,2.0345280520812747,2.034591160575946,-6.310849467139334e-05,0.000136586401141
0.7125396045667507,2.034528036206352,2.0345911605680005,-6.312436164845892e-05,0.00013656428218075
0.7125395815375772,2.034528037603291,2.034591160596549,-6.312299325816895e-05,0.0001363667011599
0.7125396102143944,2.0345280516203155,2.034591160573663,-6.310895334760147e-05,0.0001365137326526
0.7125395941050834,2.0345280289655765,2.034591160589852,-6.31316242754032e-05,0.0001365037714601
0.7125396200627149,2.0345280406607555,2.034591160578825,-6.31199180696207e-05,0.00013664695563225001
0.7125395836861941,2.0345280581673344,2.034591160560968,-6.310239363349623e-05,0.00013637516115045
0.7125395954064795,2.0345280448564718,2.034591160574397,-6.311571792538828e-05,0.00013642176251275
0.712539576045337,2.0345280321746246,2.0345911605542017,-6.312837957711537e-05,0.0001363335455155
0.712539614224648,2.03452802140171,2.0345911605637617,-6.313916205158421e-05,0.0001366121564842
0.7125395789319906,2.0345280312019227,2.034591160562699,-6.312936077623732e-05,0.0001364116809676
0.7125395982016995,2.0345280407613453,2.0345911605656064,-6.311980426110253e-05,0.0001365948004741
0.7125396195735471,2.0345280381611026,2.0345911605513094,-6.312239020678234e-05,0.00013660347847915
0.71253961143445,2.0345280631683793,2.0345911605670666,-6.309739868726183e-05,0.00013650875205635
0.7125395569396813,2.034528044107567,2.034591160584677,-6.311647711010338e-05,0.00013623839550255
0.7125395982016995,2.034528051124256,2.0345911605635614,-6.310943930554203e-05,0.0001364916991207
0.7125396217535129,2.0345280309392626,2.034591160563995,-6.312962473220551e-05,0.000136715197858
0.7125395726524351,2.0345280643443573,2.0345911605370732,-6.309619271593903e-05,0.0001363478315524
0.7125396211606223,2.0345280518982745,2.034591160564204,-6.310866592951214e-05,0.00013661714300685
0.7125396048381859,2.034528044414871,2.034591160567767,-6.311615289611439e-05,0.0001365474500147
0.7125396024886741,2.0345280590926613,2.034591160581698,-6.310148903665436e-05,0.0001364318440579
0.7125395789319906,2.0345280582616243,2.0345911605666642,-6.310230503991932e-05,0.0001364318440579
0.7125395822756141,2.0345280205798995,2.0345911605794558,-6.313999955631644e-05,0.00013647264441309998
0.7125395919650604,2.0345280348022783,2.0345911605535805,-6.312575130218434e-05,0.0001365037714601
0.7125395747902566,2.034528057229505,2.0345911605630436,-6.310333353853892e-05,0.000136289632642
0.712539614224648,2.034528050666968,2.0345911605744424,-6.31099074746011e-05,0.0001365948004741
0.7125395891698403,2.034528050938087,2.034591160534338,-6.310959625110968e-05,0.0001363986258675
0.7125396021706408,2.034528036857838,2.034591160569474,-6.312371163597064e-05,0.0001364916991207
0.7125395781939539,2.0345280394986194,2.0345911605549043,-6.312105628492048e-05,0.0001363855707674
0.7125395789319906,2.034528032406376,2.0345911605729743,-6.312816659814757e-05,0.00013637516115045
0.712539614224648,2.0345280361060416,2.0345911605721185,-6.312446607692479e-05,0.00013654742349969998
0.7125395870298175,2.034528031373098,2.034591160572949,-6.312919985118626e-05,0.00013647264441309998
0.7125396024886741,2.0345280455962764,2.034591160572718,-6.3114976441625e-05,0.0001365474500147
0.7125395985197329,2.0345280496085296,2.0345911605367966,-6.311092826694065e-05,0.00013650875205635
0.7125396140393591,2.034528021313018,2.034591160562839,-6.313924982093155e-05,0.0001365474500147
0.7125395985197329,2.0345280535187626,2.0345911605376132,-6.310701885059444e-05,0.000136467807759
0.7125396089943389,2.034528045540391,2.03459116059081,-6.311505041889376e-05,0.0001365137326526
0.7125396048381859,2.0345280645653814,2.034591160576001,-6.309601061982306e-05,0.0001365037714601
0.7125395717696937,2.034528067666777,2.0345911605450935,-6.309287831651744e-05,0.00013625750672215
0.7125395969003034,2.034528042967695,2.034591160567568,-6.311759987287502e-05,0.00013643867150625
0.7125395969003034,2.0345280303751796,2.034591160553987,-6.313017880721361e-05,0.0001365037714601
0.71253953449504,2.034528030767728,2.0345911605588056,-6.312979107780947e-05,0.0001361008519069
0.7125395870298175,2.034528047086075,2.0345911605457863,-6.311345971132809e-05,0.0001364847167525
0.7125396215901113,2.03452804905003,2.034591160573065,-6.311152303473122e-05,0.00013661714300685
0.7125395775214107,2.034528038026742,2.034591160556428,-6.312252968587728e-05,0.0001363478315524
0.7125395969003034,2.034528058117444,2.034591160582659,-6.31024652149037e-05,0.0001365037714601
0.7125396024886741,2.034528042031304,2.0345911605727194,-6.311854141527462e-05,0.00013656077461525002
0.7125396109265159,2.0345280687433163,2.0345911605582905,-6.309181497421434e-05,0.00013659060080755
0.7125396140393591,2.034528057167539,2.0345911605789304,-6.310341139137421e-05,0.00013652686299855
0.7125396190843792,2.0345280571461553,2.034591160578561,-6.310343240567562e-05,0.0001365992788126
0.712539614224648,2.034528055125115,2.0345911605738345,-6.310544871945822e-05,0.0001365474500147
0.7125395717696937,2.034528042670533,2.0345911605776505,-6.311790711732712e-05,0.00013630444606029999
0.7125395954064795,2.034528030363226,2.034591160563039,-6.313019981307733e-05,0.0001363855707674
0.7125395775214107,2.034528054052123,2.0345911605770985,-6.310652497543146e-05,0.00013635629154295
0.7125396089943389,2.0345280502943472,2.0345911605938536,-6.31102995063415e-05,0.0001365500668968
0.7125396180496126,2.0345280255746325,2.0345911605700064,-6.313499537391465e-05,0.00013660347847915
0.7125395982016995,2.0345280702664903,2.0345911605465727,-6.30902800824451e-05,0.0001364916991207
0.7125395689850427,2.0345280415589695,2.03459116056678,-6.311900781064139e-05,0.00013627116382365
0.7125395822756141,2.0345280242308834,2.03459116056803,-6.313633714638556e-05,0.00013656077461525002
0.7125396170148459,2.034528051963964,2.03459116056483,-6.310860086600201e-05,0.00013661714300685
0.7125396194085862,2.0345280615298695,2.034591160563234,-6.309903336454425e-05,0.0001365837577439
0.7125395995030958,2.0345280520961566,2.0345911605501548,-6.310845399815079e-05,0.00013647264441309998
0.712539621894006,2.0345280509025754,2.0345911605690965,-6.310966652112171e-05,0.00013666006722365002
0.7125396089943389,2.0345280342693473,2.034591160557659,-6.312628831173228e-05,0.0001365439159342
0.7125395891698403,2.034528042503161,2.034591160550973,-6.311804781233832e-05,0.00013647264441309998
0.7125395941050834,2.034528057258611,2.034591160546942,-6.310328833070145e-05,0.0001364318440579
0.71253961143445,2.034528047878013,2.0345911605534326,-6.311267541958543e-05,0.00013656077461525002
0.7125395995030958,2.0345280446011738,2.034591160577027,-6.311597585328954e-05,0.0001364656620449
0.7125395755282935,2.0345280401619696,2.03459116056542,-6.312040345024528e-05,0.00013650875205635
0.7125396180496126,2.034528046024103,2.0345911605682785,-6.311454417540219e-05,0.00013656692557785
0.7125396185387805,2.034528056703009,2.034591160556252,-6.310385324326262e-05,0.00013660347847915
0.712539619897754,2.0345280440565947,2.0345911605778806,-6.311652128587752e-05,0.00013659060080755
0.7125396024886741,2.034528060613656,2.034591160580495,-6.309996683873109e-05,0.0001365137326526
0.7125395870298175,2.0345280499299854,2.0345911605632696,-6.311063328423572e-05,0.0001364656620449
0.712539599821129,2.0345280525037954,2.03459116056819,-6.310806439469019e-05,0.0001365256107374
0.7125395982016995,2.034528057431159,2.034591160554049,-6.31031228901513e-05,0.0001364916991207
0.7125396204467078,2.0345280573936875,2.034591160556919,-6.310316323165921e-05,0.0001365837577439
0.7125396206116685,2.034528051345915,2.034591160576453,-6.310923053787221e-05,0.0001365948004741
0.7125395969003034,2.0345280579222633,2.034591160567259,-6.310264499553853e-05,0.000136467807759
0.7125395913098632,2.0345280404373396,2.034591160559197,-6.312012185727411e-05,0.0001364916991207
0.7125396048381859,2.034528037206953,2.03459116056752,-6.312336056701895e-05,0.0001365474500147
0.7125395891698403,2.0345280551250826,2.034591160552087,-6.310542700438404e-05,0.0001364116809676
0.7125395954064795,2.034528037517255,2.0345911605677927,-6.312305053768341e-05,0.00013642176251275
0.7125396170148459,2.034528018811529,2.034591160578439,-6.31417669096912e-05,0.00013664695563225001
0.7125396194085862,2.0345280640044683,2.0345911605694464,-6.309656497816007e-05,0.0001365837577439
0.7125395789319906,2.0345280340743597,2.0345911605476807,-6.312647332107346e-05,0.0001363647515335
0.7125396194085862,2.034528055836024,2.03459116057744,-6.310474141590916e-05,0.0001365740992158
0.7125395941050834,2.034528050274976,2.0345911605614693,-6.311028649319539e-05,0.0001364318440579
0.712539599821129,2.0345280395482837,2.034591160561991,-6.31210137074234e-05,0.0001365037714601
0.7125396029473212,2.0345280488902215,2.034591160573069,-6.311168284733881e-05,0.00013653059133365
0.7125395775214107,2.034528037492198,2.03459116058109,-6.312308889189211e-05,0.0001364916991207
0.7125395767833739,2.0345280445624954,2.0345911605721363,-6.31160096409289e-05,0.0001365037714601
0.7125396001391624,2.034528042076905,2.034591160562748,-6.311848584283908e-05,0.0001364796267813
0.7125396211606223,2.0345280498750324,2.0345911605594553,-6.311068442288459e-05,0.000136632902604
0.7125396210411576,2.034528046393906,2.034591160575818,-6.31141819118497e-05,0.000136632902604
0.7125395747902566,2.034528051265262,2.0345911605778877,-6.31093126255422e-05,0.0001363335455155
0.7125396001391624,2.0345280510949237,2.0345911605703226,-6.310947539889256e-05,0.00013653059133365
0.712539608136318,2.0345280506731154,2.0345911605693456,-6.310989623026231e-05,0.0001365776067813
0.7125395717696937,2.0345280430037613,2.0345911605615,-6.311755773857897e-05,0.0001363855707674
0.7125395688486403,2.0345280113917203,2.03459116055712,-6.314916539951199e-05,0.0001364487530514
0.7125395995030958,2.0345280511823547,2.034591160566703,-6.310938434817004e-05,0.0001365474500147
0.7125395803425706,2.0345280539410675,2.0345911605839113,-6.310664284381318e-05,0.0001364152067892
0.7125395941050834,2.034528048012374,2.0345911605543643,-6.31125419903178e-05,0.0001364116809676
0.7125395789319906,2.034528042664141,2.034591160572867,-6.311790872581824e-05,0.00013637516115045
0.7125395747902566,2.0345280619246666,2.034591160558636,-6.309863396936066e-05,0.00013635629154295
0.7125396069162624,2.0345280551626184,2.0345911605471607,-6.310538454235015e-05,0.0001364796267813
0.7125395891698403,2.0345280618388384,2.034591160589775,-6.309875093668538e-05,0.0001364487530514
0.7125395789319906,2.034528048800833,2.0345911605875093,-6.311178667628425e-05,0.0001363647515335
0.7125396057868062,2.0345280283315157,2.034591160584436,-6.313225292009506e-05,0.0001365811143468
0.7125395767833739,2.0345280584412846,2.03459116057847,-6.310213718530022e-05,0.0001363192594786
0.7125395969003034,2.034528063713198,2.0345911606022167,-6.309688901851018e-05,0.0001364318440579
0.71253961143445,2.03452803639895,2.0345911605895948,-6.312419064480324e-05,0.00013654742349969998
0.7125396152594146,2.034528048294663,2.0345911605797764,-6.31122851135757e-05,0.0001365811143468
0.7125396021706408,2.034528043577004,2.0345911605681684,-6.311699116423597e-05,0.0001365439159342
0.7125395913098632,2.0345280449989027,2.034591160531519,-6.311553261628688e-05,0.0001363855707674
0.7125396190843792,2.0345280326145225,2.0345911605595424,-6.312794501983632e-05,0.0001366221295295
0.7125395836861941,2.0345280286879017,2.0345911605726226,-6.313188472084619e-05,0.00013642176251275
0.7125395803425706,2.0345280558299406,2.034591160562457,-6.31047325163614e-05,0.00013640870741265
0.7125396180496126,2.0345280604198437,2.0345911605482105,-6.31001283668553e-05,0.0001365474500147
0.712539614224648,2.034528042462427,2.0345911605839953,-6.311812156845065e-05,0.00013662751606675
0.7125395767833739,2.0345280558306484,2.0345911605609097,-6.310473026127639e-05,0.0001363192594786
0.7125395913098632,2.0345280461542266,2.0345911605551135,-6.311440088691e-05,0.0001364796267813
0.7125396069162624,2.0345280544796407,2.034591160578502,-6.310609886117646e-05,0.00013650875205635
0.7125396001391624,2.0345280349564003,2.0345911605782123,-6.3125621811988e-05,0.000136586401141
0.7125395941050834,2.034528055479544,2.0345911605623077,-6.310508276374804e-05,0.00013647264441309998
0.7125396217684117,2.0345280185273973,2.034591160556873,-6.314202947566017e-05,0.0001366872318433
0.7125395822756141,2.034528042513465,2.0345911605896534,-6.311807618830656e-05,0.0001365037714601
0.71253961143445,2.0345280562770114,2.034591160554614,-6.310427760247705e-05,0.0001365137326526
0.71253961143445,2.034528043055318,2.0345911605858156,-6.311753049770275e-05,0.00013656077461525002
0.712539599821129,2.0345280594881014,2.0345911605829667,-6.310109486529214e-05,0.0001364318440579
0.71253961143445,2.034528032977805,2.03459116055124,-6.31275734352954e-05,0.0001365776067813
0.7125396024886741,2.034528053400995,2.0345911605541196,-6.310715312451975e-05,0.0001364916991207
0.7125396217386143,2.0345279985928597,2.034591160574454,-6.31619815942841e-05,0.00013661714300685
0.7125396089943389,2.034528044843964,2.034591160563456,-6.311571949213501e-05,0.0001365474500147
0.7125395941050834,2.0345280583894105,2.034591160561387,-6.310217197658119e-05,0.0001364656620449
0.7125396109265159,2.034528037841335,2.0345911605830316,-6.31227416967306e-05,0.0001365811143468
0.7125395789319906,2.034528067529425,2.034591160585589,-6.309305616403194e-05,0.0001363478315524
0.7125395932664567,2.0345280577255394,2.034591160562426,-6.31028368864861e-05,0.00013649667971695
0.712539614224648,2.0345280474456287,2.0345911605629183,-6.31131172896815e-05,0.000136586401141
0.7125396206116685,2.034528057575912,2.0345911605781093,-6.31030021973622e-05,0.00013658795741045
0.7125396200627149,2.0345280444729035,2.034591160577999,-6.31161050956841e-05,0.0001367508143164
0.7125395969003034,2.034528045395155,2.0345911605586324,-6.311516347734525e-05,0.0001364916991207
0.7125396119612826,2.0345280333991593,2.034591160562883,-6.312716372347538e-05,0.0001365811143468
0.7125396069162624,2.034528031142931,2.03459116057277,-6.312942983921488e-05,0.00013659060080755
0.7125396194085862,2.0345280205293843,2.0345911605774347,-6.314004805041407e-05,0.00013664695563225001
0.712539599821129,2.0345280503980634,2.0345911605951703,-6.311019710691923e-05,0.00013642176251275
0.7125395858262169,2.034528047362118,2.034591160560894,-6.31131987760547e-05,0.0001364116809676
0.712539560021415,2.03452805472184,2.0345911605591547,-6.310583731483632e-05,0.00013630444606029999
0.7125396021706408,2.0345280493914513,2.0345911605669085,-6.31111754572089e-05,0.0001365256107374
0.7125396204467078,2.034528056529781,2.034591160567002,-6.310403722098457e-05,0.00013659060080755
0.712539614224648,2.034528031005464,2.0345911605679525,-6.312956248866186e-05,0.00013659060080755
0.7125396008692446,2.034528056867643,2.034591160581554,-6.310371391116121e-05,0.0001365439159342
0.7125395535184555,2.0345280656515197,2.0345911605562255,-6.309490470579604e-05,0.0001362781252388
0.712539608136318,2.0345280479121626,2.034591160561664,-6.311264950120687e-05,0.00013656077461525002
0.7125395789319906,2.0345280524465728,2.034591160573593,-6.310812702015056e-05,0.0001363855707674
0.7125395891698403,2.0345280390073737,2.0345911605792146,-6.312157184096279e-05,0.0001365776067813
0.7125395775214107,2.034528050130414,2.0345911605427243,-6.311041231032988e-05,0.00013630444606029999
0.7125396024886741,2.034528051628423,2.0345911605648106,-6.310893638739046e-05,0.00013647264441309998
0.7125396069162624,2.0345280522406264,2.0345911605824676,-6.31083418412004e-05,0.0001364796267813
0.7125396001391624,2.034528020091097,2.0345911605687657,-6.314047766853292e-05,0.0001365948004741
0.7125396089943389,2.0345280525482643,2.03459116056505,-6.310801678566236e-05,0.0001364916991207
0.7125396211606223,2.0345280297506045,2.034591160559512,-6.31308089076299e-05,0.0001366221295295
0.7125395919650604,2.034528054524011,2.034591160553563,-6.310602955217348e-05,0.0001363192594786
0.7125396102143944,2.034528031719439,2.0345911605513454,-6.31288319064005e-05,0.000136586401141
0.7125395982016995,2.0345280593341806,2.034591160575456,-6.310124127528738e-05,0.0001364847167525
0.7125396048381859,2.0345280539891952,2.034591160556545,-6.310656734997977e-05,0.0001365776067813
0.7125396069162624,2.034528041522719,2.034591160585157,-6.31190624380551e-05,0.0001365137326526
0.7125395769388734,2.034528056563522,2.0345911605573948,-6.310399387254861e-05,0.0001364557354196
0.7125396024886741,2.0345280446337473,2.034591160582433,-6.311594868568804e-05,0.0001365137326526
0.7125396102143944,2.0345280580255354,2.034591160578266,-6.310255273067611e-05,0.0001365439159342
0.7125395646228534,2.0345280116411795,2.0345911605523628,-6.314891118330834e-05,0.0001362508110358
0.7125395735351763,2.034528043351935,2.0345911605930063,-6.311724107144201e-05,0.00013630601698045
0.7125395941050834,2.034528053458976,2.0345911605694464,-6.310711047063933e-05,0.00013647264441309998
0.7125395891698403,2.0345280528733944,2.0345911605536493,-6.310768025485913e-05,0.0001364847167525
0.7125396069162624,2.0345280435189075,2.0345911605706855,-6.311705177797222e-05,0.0001365137326526
0.7125396200627149,2.0345280660641905,2.0345911605604363,-6.30944962458635e-05,0.00013659060080755
0.7125395985197329,2.0345280351334667,2.0345911605600087,-6.312542654196562e-05,0.00013653893533795
0.7125395957245129,2.0345280319704004,2.0345911605705305,-6.312860013002464e-05,0.00013649667971695
0.7125395870298175,2.034528060951431,2.0345911605871287,-6.309963569783861e-05,0.0001364656620449
0.7125395935844899,2.0345280598880606,2.034591160567053,-6.310067899217842e-05,0.00013649667971695
0.7125396195735471,2.0345280557130274,2.0345911605693683,-6.31048563408676e-05,0.0001366221295295
0.7125396180496126,2.0345280288937375,2.034591160566861,-6.313167312343992e-05,0.0001365948004741
0.7125395995030958,2.0345280535028167,2.034591160553549,-6.310705073220291e-05,0.0001365137326526
0.7125396024886741,2.034528038449307,2.0345911605607356,-6.312211142844859e-05,0.0001364916991207
0.7125395913098632,2.034528034540522,2.034591160565379,-6.31260248571408e-05,0.0001364318440579
0.7125396194085862,2.0345280323571533,2.0345911605806193,-6.312822346599134e-05,0.000136586401141
0.7125395678409896,2.034528043856378,2.0345911605987825,-6.311674240455645e-05,0.00013630444606029999
0.7125396190843792,2.0345280411861917,2.03459116058766,-6.311940146819239e-05,0.00013656077461525002
0.7125395789319906,2.03452805330936,2.034591160552103,-6.310724274305457e-05,0.00013635629154295
0.7125395815375772,2.0345280454073396,2.0345911605737297,-6.311516639012638e-05,0.0001363986258675
0.7125396089943389,2.0345280475714738,2.034591160566578,-6.311299510430857e-05,0.00013654742349969998
0.7125396204114968,2.0345280328700173,2.0345911605783176,-6.312770830030345e-05,0.00013664695563225001
0.7125396089943389,2.034528065399223,2.034591160565819,-6.309516659630532e-05,0.0001364557354196
0.7125395822756141,2.0345280417390805,2.0345911605645246,-6.31188254440751e-05,0.00013647264441309998
0.7125396217684117,2.0345280481013193,2.03459116056008,-6.311245876089444e-05,0.0001366221295295
0.712539619897754,2.0345280513719355,2.034591160579949,-6.310920801366748e-05,0.00013660347847915
0.712539576045337,2.034528057602925,2.0345911605582514,-6.310295532641064e-05,0.0001362781252388
0.7125396109265159,2.034528029697798,2.0345911605807343,-6.3130882936413e-05,0.0001365811143468
0.7125395969003034,2.034528038559444,2.0345911605709226,-6.31220114786224e-05,0.0001364916991207
0.7125396042487173,2.0345280541185864,2.0345911605390095,-6.310642042306469e-05,0.0001364916991207
0.7125395891698403,2.0345280307501445,2.0345911605491387,-6.312979899414373e-05,0.0001364487530514
0.7125395735351763,2.0345280348475865,2.0345911605679485,-6.3125720362045e-05,0.00013627691752525
0.7125395822756141,2.034528040062958,2.034591160560651,-6.312049769263695e-05,0.0001363855707674
0.7125396206116685,2.03452803898267,2.0345911605787954,-6.312159612553714e-05,0.000136632902604
0.7125395913098632,2.034528051712046,2.0345911605620084,-6.310884996230115e-05,0.0001364487530514
0.7125395735351763,2.0345280456457044,2.034591160556922,-6.311491121735457e-05,0.0001362986923587
0.7125395995030958,2.0345280419437812,2.034591160568196,-6.311862441465976e-05,0.0001364487530514
0.7125395941050834,2.034528049258111,2.034591160568236,-6.311131012504134e-05,0.0001365256107374
0.7125395747902566,2.034528058119624,2.0345911605525475,-6.31024329234009e-05,0.00013635629154295
0.7125396024886741,2.034528046390218,2.0345911605733273,-6.31141831095583e-05,0.00013650875205635
0.712539556957761,2.034528042153694,2.0345911605558302,-6.311840213601982e-05,0.00013627116382365
0.7125395919650604,2.0345280627412343,2.0345911605369653,-6.309779573099306e-05,0.00013643867150625
0.7125396102143944,2.0345280492901976,2.0345911605584632,-6.311126826563651e-05,0.00013653059133365
0.7125396211606223,2.0345280364421043,2.034591160568686,-6.312412658182609e-05,0.00013661385153905
0.7125395995030958,2.034528037418154,2.0345911605648146,-6.312314666079288e-05,0.000136467807759
0.7125395755282935,2.034528042061363,2.034591160567261,-6.31185058979078e-05,0.00013637975626
0.7125396130045925,2.0345280665028556,2.0345911605606437,-6.309405778814892e-05,0.00013662751606675
0.7125396089943389,2.0345280460125372,2.0345911605794034,-6.311456686614036e-05,0.0001365837577439
0.7125395995030958,2.0345280405646218,2.0345911605785187,-6.312001389696675e-05,0.00013644565387444999
0.7125396042487173,2.03452806406102,2.0345911605702858,-6.309650926583643e-05,0.0001364487530514
0.7125395747902566,2.0345280480823966,2.0345911605620755,-6.311247967882849e-05,0.0001363986258675
0.7125395941050834,2.034528053403807,2.0345911605466362,-6.31071428291996e-05,0.0001364318440579
0.7125395995030958,2.034528048508316,2.0345911605685862,-6.311206027032057e-05,0.0001364916991207
0.7125396001391624,2.034528045415984,2.03459116054876,-6.311513277568181e-05,0.00013650875205635
0.7125396069162624,2.0345280338620246,2.034591160565708,-6.312670368346929e-05,0.00013659060080755
0.7125395726524351,2.0345280491310773,2.0345911605652356,-6.311143415826947e-05,0.00013634200550605
0.7125395677045872,2.0345280341141927,2.0345911605868765,-6.312647268380545e-05,0.000136289632642
0.7125396170148459,2.034528051234315,2.0345911605837053,-6.310934939035562e-05,0.0001365811143468
0.7125396102143944,2.034528040100501,2.0345911605513214,-6.312045082035311e-05,0.00013656692557785
0.7125395913098632,2.034528042476528,2.0345911605585076,-6.311808197967395e-05,0.0001364487530514
0.7125395803425706,2.034528049463158,2.034591160558799,-6.311109564105521e-05,0.00013642176251275
0.7125396211606223,2.034528057793691,2.034591160539517,-6.310274582599362e-05,0.00013661714300685
0.7125395603970666,2.0345280296231665,2.034591160550069,-6.313092690257704e-05,0.00013628387894040002
0.7125395704455695,2.0345280357592506,2.034591160587373,-6.312482812242948e-05,0.0001362642024085
0.7125395634788003,2.0345280502488956,2.0345911605650717,-6.311031617611818e-05,0.0001362265656909
0.712539576045337,2.0345280319541743,2.034591160561092,-6.312860691748412e-05,0.0001363855707674
0.7125395691214451,2.0345280332366946,2.034591160544546,-6.312730785129617e-05,0.00013635629154295
0.7125396045667507,2.03452803806657,2.0345911605652094,-6.312249863960062e-05,0.00013654742349969998
0.7125395858262169,2.034528052953129,2.034591160566991,-6.310761386218999e-05,0.00013637516115045
0.7125395969003034,2.0345280352640573,2.0345911605493034,-6.312528524610173e-05,0.0001365740992158
0.7125395885122532,2.034528038961296,2.0345911605706286,-6.312160933275024e-05,0.00013642176251275
0.7125396170148459,2.0345280518050903,2.034591160559419,-6.310875432857799e-05,0.0001365837577439
0.712539608136318,2.034528054247885,2.034591160557257,-6.310630937189643e-05,0.0001365474500147
0.7125395891698403,2.034528066399853,2.0345911605636653,-6.309416381222732e-05,0.00013642561640615
0.7125396048381859,2.03452805727135,2.0345911605542413,-6.310328289105271e-05,0.00013653059133365
0.7125395982016995,2.034528042989563,2.0345911605845193,-6.311759495636338e-05,0.0001363986258675
0.7125396130045925,2.034528042207328,2.0345911605600144,-6.311835268624222e-05,0.000136586401141
0.7125395969003034,2.034528046560881,2.0345911605433638,-6.311398248293187e-05,0.0001364916991207
0.712539599821129,2.034528065442092,2.034591160556734,-6.309511464186457e-05,0.0001364318440579
0.7125396069162624,2.0345280476532692,2.0345911605693447,-6.311291607552505e-05,0.0001365837577439
0.7125395941050834,2.0345280395837984,2.0345911605898337,-6.312100603533821e-05,0.0001364487530514
0.7125396089943389,2.034528062572306,2.034591160542247,-6.309796994097283e-05,0.00013656077461525002
0.7125395735351763,2.034528048983291,2.034591160587654,-6.311160436300867e-05,0.00013656077461525002
0.712539619897754,2.0345280550141385,2.0345911605538034,-6.31055396649316e-05,0.0001366121564842
0.712539576045337,2.034528044213062,2.0345911605803844,-6.311636732236892e-05,0.00013637975626
0.7125395891698403,2.0345280468188087,2.0345911605678726,-6.311374906387002e-05,0.00013642176251275
0.7125396122854896,2.0345280439226774,2.0345911605422335,-6.311661955615833e-05,0.00013658795741045
0.7125396204467078,2.0345280223764504,2.034591160557711,-6.313818126058024e-05,0.00013662751606675
0.7125396024886741,2.03452805812374,2.034591160561318,-6.31024375778999e-05,0.0001364796267813
0.712539619897754,2.0345280452136834,2.0345911605662645,-6.311535258118894e-05,0.0001365948004741
0.7125396190843792,2.0345280466694473,2.034591160572846,-6.31139033986372e-05,0.00013656428218075
0.7125395870298175,2.0345280481223273,2.0345911605556632,-6.3112433335899e-05,0.00013653059133365
0.7125396024886741,2.034528059496523,2.034591160567979,-6.310107145601762e-05,0.0001365137326526
0.7125395995030958,2.034528058352351,2.0345911605479787,-6.310219562788433e-05,0.0001364318440579
0.7125395822756141,2.034528004605898,2.034591160562198,-6.315595629979853e-05,0.0001364796267813
0.7125396194085862,2.034528052621199,2.0345911605585196,-6.310793732078324e-05,0.00013656077461525002
0.7125396217386143,2.0345280392944836,2.0345911605655043,-6.31212710207052e-05,0.0001366221295295
0.7125396170148459,2.0345280600898468,2.034591160576276,-6.310048642932387e-05,0.0001366610086605
0.7125395913098632,2.03452805444379,2.034591160561503,-6.310611771320751e-05,0.0001363855707674
0.7125395836861941,2.0345280438503646,2.0345911605800815,-6.311672971692772e-05,0.00013638821625055
0.7125396024886741,2.0345280465129485,2.0345911605547986,-6.311404185010971e-05,0.0001365811143468
0.7125396209006646,2.0345280569321025,2.034591160560545,-6.310362844264006e-05,0.0001365992788126
0.7125396170148459,2.0345280418557445,2.0345911605638336,-6.31187080890605e-05,0.0001365948004741
0.7125396183738195,2.0345280479996615,2.034591160566148,-6.31125664867227e-05,0.0001366221295295
0.7125395858262169,2.034528032891225,2.034591160545567,-6.31276543416881e-05,0.0001364318440579
0.7125395691214451,2.034528044746271,2.03459116057993,-6.311583365903317e-05,0.00013632143838614998
0.7125396001391624,2.0345280671771055,2.0345911605673996,-6.309339029408889e-05,0.0001364916991207
0.7125396194085862,2.034528042140469,2.034591160589914,-6.311844944528744e-05,0.00013661714300685
0.712539599821129,2.0345280264955314,2.034591160559558,-6.313406402647104e-05,0.0001364916991207
0.7125395980740246,2.034528047742889,2.034591160572207,-6.311282931781292e-05,0.00013653059133365
0.7125395755282935,2.03452804271889,2.0345911605642897,-6.311784539958509e-05,0.00013649667971695
0.712539600152101,2.0345280327907154,2.0345911605811158,-6.312779040040795e-05,0.0001365811143468
0.7125395995030958,2.03452807058308,2.034591160576932,-6.308999385185032e-05,0.0001364487530514
0.7125395954064795,2.0345280592340584,2.0345911605891245,-6.310135506604198e-05,0.00013649667971695
0.7125395995030958,2.034528032354561,2.0345911605524183,-6.312819785714296e-05,0.0001365474500147
0.7125395941050834,2.034528048743094,2.0345911605690894,-6.31118259954988e-05,0.0001364656620449
0.7125395739075153,2.0345280402360673,2.034591160564534,-6.312032846667037e-05,0.00013644565387444999
0.7125396180496126,2.0345280251440854,2.0345911605724676,-6.313542838221053e-05,0.0001366121564842
0.7125395913098632,2.0345280263244465,2.034591160584444,-6.313425999726618e-05,0.0001363855707674
0.7125395724469887,2.0345280356162743,2.034591160578036,-6.312496176175131e-05,0.0001363667011599
0.7125396048381859,2.0345280565345614,2.0345911605655096,-6.310403094822448e-05,0.0001365137326526
0.712539599821129,2.0345280532754337,2.034591160583999,-6.310730856506908e-05,0.0001364916991207
0.7125396001391624,2.0345280325085464,2.034591160548978,-6.312804043151488e-05,0.0001365037714601
0.7125395767833739,2.0345280391530793,2.0345911605518463,-6.312139876696321e-05,0.0001363192594786
0.7125396089943389,2.034528036917557,2.0345911605746356,-6.312365707872303e-05,0.0001365474500147
0.7125395982016995,2.0345280445613123,2.0345911605644575,-6.311600314523602e-05,0.00013653059133365
0.7125395836776001,2.0345280462192865,2.0345911605661553,-6.31143468687867e-05,0.0001364318440579
0.7125396150774805,2.0345280579520235,2.034591160570437,-6.310261841369069e-05,0.00013659060080755
0.7125396155836217,2.034528059158206,2.034591160596668,-6.310143846199878e-05,0.0001365948004741
0.712539588621437,2.034528038128485,2.0345911605859572,-6.312245747208678e-05,0.0001365256107374
0.7125395995030958,2.0345280576800944,2.034591160571866,-6.310289177147155e-05,0.00013642176251275
0.71253961143445,2.034528055529743,2.0345911605748914,-6.310504514850379e-05,0.00013653059133365
0.7125396207357038,2.03452803192841,2.0345911605650056,-6.312863659552193e-05,0.000136586401141
0.7125395717696937,2.034528060630443,2.0345911605678197,-6.309993737696473e-05,0.0001362781252388
0.7125395870298175,2.034528066023722,2.0345911605732656,-6.30945495436741e-05,0.0001364656620449
0.7125395747902566,2.0345280168054782,2.0345911605486107,-6.31437431324322e-05,0.0001363335455155
0.7125396041673767,2.0345280445537943,2.034591160560501,-6.311600670683148e-05,0.0001365500668968
0.712539614224648,2.0345280388231743,2.0345911605790556,-6.312175588130131e-05,0.0001365948004741
0.7125395982016995,2.034528059093478,2.0345911605804754,-6.31014869973967e-05,0.0001364487530514
0.7125395941050834,2.0345280426947716,2.034591160554252,-6.311785948032167e-05,0.00013642176251275
0.7125396200627149,2.0345280455237296,2.034591160571903,-6.311504817357871e-05,0.0001366121564842
0.7125395822756141,2.034528052033434,2.0345911605665323,-6.310853309843267e-05,0.00013633184800309998
0.7125395603970666,2.034528057992153,2.0345911605595686,-6.310256741537401e-05,0.0001361727403419
0.7125396001391624,2.0345280378201487,2.034591160568604,-6.312274845532428e-05,0.0001364656620449
0.7125395760561322,2.0345280194111086,2.034591160577664,-6.314116655525837e-05,0.0001365740992158
0.7125395726524351,2.034528050455996,2.0345911605695193,-6.311011352311269e-05,0.00013630444606029999
0.7125395836861941,2.0345280452862555,2.0345911605813947,-6.311529513913783e-05,0.00013643867150625
0.7125395870298175,2.034528057491685,2.034591160563943,-6.310307225776413e-05,0.0001365474500147
0.712539599821129,2.034528060989638,2.034591160553499,-6.309956386107984e-05,0.0001364916991207
0.7125396085770042,2.0345280660824536,2.034591160567839,-6.309448538521778e-05,0.0001365474500147
0.712539599821129,2.0345280414445073,2.0345911605700335,-6.311912552625643e-05,0.00013654244290345
0.7125396170148459,2.0345280581741765,2.034591160577324,-6.310240314766347e-05,0.0001365811143468
0.712539576045337,2.0345280510483854,2.034591160554067,-6.310950568177986e-05,0.0001363667011599
0.7125396209155632,2.0345280524894407,2.034591160550738,-6.310806129716795e-05,0.0001366872318433
0.712539570309167,2.034528036338185,2.034591160572995,-6.312423481036333e-05,0.000136289632642
0.7125396102143944,2.0345280597461657,2.0345911605972753,-6.310085110960983e-05,0.00013653059133365
0.7125395941050834,2.0345280237337757,2.034591160561052,-6.313682727610015e-05,0.0001365137326526
0.7125395913098632,2.034528049700335,2.0345911605377958,-6.311083746091128e-05,0.0001363986258675
0.7125396217386143,2.0345280628921847,2.034591160583721,-6.30976915361181e-05,0.0001366221295295
0.7125395969003034,2.0345280593954804,2.034591160563857,-6.310116837671131e-05,0.0001365037714601
0.7125395802824969,2.0345280084841977,2.0345911605506855,-6.31520664877705e-05,0.0001364656620449
0.7125396204467078,2.0345280509484898,2.0345911605768414,-6.310962835165412e-05,0.000136586401141
0.7125395925903782,2.0345280343521903,2.034591160573574,-6.312622138349155e-05,0.0001364796267813
0.7125395870298175,2.034528039214867,2.034591160578093,-6.312136322605966e-05,0.0001364796267813
0.7125396069162624,2.034528056430702,2.034591160552409,-6.310412170718038e-05,0.0001365137326526
0.7125396024886741,2.0345280538315036,2.034591160585514,-6.310675401044463e-05,0.00013653893533795
0.7125395747902566,2.0345280282821547,2.034591160553686,-6.313227153142975e-05,0.0001364916991207
0.7125396008692446,2.034528043572519,2.0345911605771367,-6.311700461791858e-05,0.00013653059133365
0.7125395789319906,2.03452805750133,2.0345911605793874,-6.31030780575692e-05,0.0001364318440579
0.7125395747902566,2.034528061950774,2.0345911605542875,-6.309860351327856e-05,0.000136289632642
0.7125396130045925,2.0345280512659576,2.0345911605694726,-6.310930351505206e-05,0.000136513538398
0.7125395870298175,2.034528060475346,2.0345911605608955,-6.310008554955004e-05,0.0001363187320972
0.7125395870298175,2.034528054079573,2.03459116056417,-6.310648459706414e-05,0.0001364318440579
0.7125396193916288,2.0345280388019016,2.0345911605780294,-6.312177612777248e-05,0.00013668810325925
0.7125395781939539,2.034528061639747,2.0345911605804066,-6.309894065958943e-05,0.0001363335455155
0.7125396001391624,2.034528050137475,2.0345911605521034,-6.311041462847555e-05,0.00013650875205635
0.7125396316029746,2.034528063336963,2.0345911605763494,-6.309723938624501e-05,0.0001366225295441
0.7125396152594146,2.0345280541074238,2.034591160560295,-6.310645287133099e-05,0.00013656692557785
0.7125396069162624,2.034528030803637,2.03459116057821,-6.312977457323399e-05,0.0001364796267813
0.7125395789319906,2.034528044605187,2.0345911605788514,-6.311597366437383e-05,0.0001364796267813
0.7125395747902566,2.034528042680018,2.0345911605691365,-6.311788911839145e-05,0.000136289632642
0.712539608136318,2.0345280279404387,2.0345911605483553,-6.313260791657171e-05,0.0001365776067813
0.7125395677045872,2.034528042947321,2.0345911605883997,-6.311764107858053e-05,0.0001363335455155
0.7125395717696937,2.0345280318019805,2.0345911605500997,-6.31287481192011e-05,0.00013628387894040002
0.712539576045337,2.0345280595875948,2.0345911605569307,-6.310096933592746e-05,0.0001363667011599
0.7125395870298175,2.0345280417772793,2.0345911605780587,-6.311880077936038e-05,0.0001364318440579
0.7125395913098632,2.0345280419819183,2.034591160549045,-6.31185671267076e-05,0.0001364487530514
0.7125396152594146,2.034528053708154,2.034591160558718,-6.310685056432064e-05,0.0001365811143468
0.7125395691214451,2.0345280253160665,2.034591160554349,-6.313523828271883e-05,0.0001363192594786
0.7125395995030958,2.034528029647505,2.0345911605720364,-6.313092453158475e-05,0.0001364796267813
0.7125395689850427,2.034528024676388,2.0345911605515403,-6.313587515238694e-05,0.0001364487530514
0.712539584415637,2.034528032583399,2.0345911605680183,-6.312798461927116e-05,0.0001364116809676
0.7125395704455695,2.0345280515183797,2.034591160566579,-6.310904819928354e-05,0.0001363478315524
0.7125395870298175,2.034528049769637,2.0345911605653533,-6.311079571608147e-05,0.0001364656620449
0.712539576045337,2.0345280352447674,2.034591160571594,-6.312532682661853e-05,0.0001363647515335
0.7125395735351763,2.0345280366395357,2.034591160564892,-6.312392535612332e-05,0.0001363986258675
0.7125395735351763,2.034528041502771,2.0345911605531906,-6.311905041966881e-05,0.0001363478315524
0.7125395775214107,2.034528015651143,2.0345911605690192,-6.314491787628995e-05,0.0001363647515335
0.7125396069162624,2.0345280486469752,2.034591160545017,-6.311189804186768e-05,0.00013649667971695
0.7125395535184555,2.0345280396388095,2.034591160564006,-6.312092519644708e-05,0.0001362511106193
0.7125396201225007,2.034528045811467,2.0345911605543576,-6.311474289066865e-05,0.0001366610086605
0.7125395870298175,2.0345280444185283,2.0345911605625564,-6.311614402809695e-05,0.0001364487530514
0.7125396140393591,2.03452801408527,2.034591160554846,-6.31464695759476e-05,0.00013661714300685
0.7125395954064795,2.0345280178790266,2.0345911605568596,-6.314267783302796e-05,0.00013647264441309998
0.7125395913098632,2.0345280430461434,2.034591160591243,-6.311754509935597e-05,0.0001364916991207
0.7125396021706408,2.0345280580922376,2.0345911605814937,-6.310248925611717e-05,0.0001364557354196
0.7125396197327932,2.034528060898199,2.0345911605757094,-6.309967751061407e-05,0.00013660347847915
0.7125396001391624,2.0345280571645348,2.0345911605384512,-6.310337391646215e-05,0.0001365439159342
0.7125395982016995,2.0345280467058475,2.0345911605587337,-6.311385288615412e-05,0.0001364916991207
0.7125395836861941,2.0345280361803293,2.0345911605668747,-6.312438654543229e-05,0.0001364656620449
0.7125396001391624,2.0345280438245967,2.034591160608246,-6.311678364934181e-05,0.00013642176251275
0.7125395913098632,2.0345280442533924,2.0345911605396716,-6.311628627919674e-05,0.0001365137326526
0.7125395735351763,2.034528015177091,2.0345911605667886,-6.314538969753869e-05,0.0001363855707674
0.7125395969003034,2.034528061459891,2.0345911605680205,-6.309910812962727e-05,0.0001365256107374
0.7125395982016995,2.0345280537132187,2.0345911605630396,-6.31068498209153e-05,0.0001364318440579
0.7125395775214107,2.0345280537907215,2.0345911605555123,-6.31067647907102e-05,0.00013635629154295
0.7125395941050834,2.0345280400910806,2.034591160549566,-6.312045848533288e-05,0.00013640870741265
0.7125395789319906,2.0345280586182923,2.0345911605604154,-6.31019421231116e-05,0.0001364847167525
0.7125395891698403,2.0345280562663097,2.034591160547911,-6.31042816010563e-05,0.0001363986258675
0.7125396021706408,2.0345280532957766,2.0345911605605305,-6.310726475389217e-05,0.0001365776067813
0.7125395995030958,2.034528050570732,2.03459116054826,-6.31099775278976e-05,0.00013653059133365
0.712539614224648,2.0345280390910303,2.0345911605496103,-6.312145858000662e-05,0.0001365474500147
0.712539614224648,2.0345280583382346,2.034591160565519,-6.310222728433956e-05,0.00013655426656335
0.7125396089943389,2.0345280232385057,2.034591160568665,-6.313733015916867e-05,0.0001366741202519
0.7125396194085862,2.034528064565948,2.0345911605539406,-6.309598799258964e-05,0.0001365837577439
0.712539608136318,2.0345280250326727,2.034591160574689,-6.313554201620164e-05,0.00013656077461525002
0.712539599821129,2.034528049545794,2.034591160554251,-6.311100845701745e-05,0.00013647264441309998
0.7125395803425706,2.034528052707162,2.034591160578074,-6.310787091212688e-05,0.0001364116809676
0.712539576045337,2.034528019645185,2.034591160559678,-6.314091449288739e-05,0.0001364847167525
0.7125396069162624,2.0345280517157085,2.034591160592743,-6.310887703442347e-05,0.00013658795741045
0.7125396195735471,2.0345280364303835,2.03459116057505,-6.312414466647098e-05,0.0001366121564842
0.712539566560534,2.034528063267746,2.0345911605611313,-6.309729338527248e-05,0.0001362642024085
0.7125395891698403,2.0345280386879314,2.0345911605518414,-6.312186390999841e-05,0.00013652686299855
0.7125396001391624,2.0345280402395285,2.034591160561607,-6.312032207844709e-05,0.0001364318440579
0.712539614224648,2.0345280176033746,2.034591160580669,-6.314297729437257e-05,0.0001365811143468
0.712539576045337,2.0345280492294475,2.034591160558423,-6.311132897529603e-05,0.0001363335455155
0.7125396089943389,2.034528022800208,2.0345911605698386,-6.313776963073892e-05,0.00013650875205635
0.7125395836861941,2.034528028693345,2.034591160541845,-6.313184850004205e-05,0.0001364656620449
0.7125395739075153,2.034528054694664,2.034591160582175,-6.310588751112789e-05,0.0001362781252388
0.7125396102143944,2.034528048847716,2.034591160575032,-6.311172731621184e-05,0.0001366096518725
0.7125395836776001,2.034528040908026,2.0345911605659253,-6.311965789906893e-05,0.0001364116809676
0.7125396200627149,2.034528052442962,2.0345911605482323,-6.310810527043742e-05,0.0001365948004741
0.7125396190843792,2.0345280460168826,2.0345911605820595,-6.311456517682501e-05,0.0001365474500147
0.71253961143445,2.0345280321765227,2.0345911605639753,-6.312838745259342e-05,0.00013653059133365
0.712539599821129,2.0345280262123837,2.034591160575316,-6.313436293226005e-05,0.0001365474500147
0.7125396130045925,2.034528044622696,2.03459116056564,-6.311594294405865e-05,0.0001365740992158
0.7125396183738195,2.034528011900208,2.034591160552751,-6.314865254308799e-05,0.0001366872318433
0.7125396102143944,2.0345280444781673,2.0345911605666127,-6.311608844544736e-05,0.0001365037714601
0.7125396197327932,2.0345280494443974,2.0345911605778575,-6.311113346013641e-05,0.00013658795741045
0.7125395836861941,2.0345280409071247,2.034591160550498,-6.311964337335496e-05,0.00013647264441309998
0.7125396170148459,2.034528042052306,2.034591160543451,-6.311849114482015e-05,0.0001365837577439
0.7125395836861941,2.0345280622760873,2.0345911605633593,-6.309828727202316e-05,0.00013653059133365
0.7125396183738195,2.034528028251751,2.034591160559157,-6.31323074058443e-05,0.0001366610086605
0.712539621464517,2.034528015224934,2.034591160580592,-6.314535565810075e-05,0.00013664695563225001
0.712539599821129,2.034528059856352,2.03459116056432,-6.310070796766709e-05,0.0001364487530514
0.7125396206116685,2.034528038343779,2.034591160564512,-6.312222073301399e-05,0.0001366221295295
0.7125395803425706,2.0345280228785403,2.0345911605630076,-6.313768446730705e-05,0.0001364116809676
0.7125395836861941,2.034528036119923,2.0345911605798848,-6.312445996181637e-05,0.0001363986258675
0.7125395969003034,2.034528057130293,2.034591160569961,-6.310343966831056e-05,0.00013642176251275
0.7125396190843792,2.0345280531917362,2.034591160573478,-6.310738174164499e-05,0.00013653059133365
0.712539614224648,2.0345280393684866,2.034591160596969,-6.312122848228796e-05,0.0001366872318433
0.7125395913098632,2.034528029097302,2.0345911605585414,-6.313146123959612e-05,0.0001365137326526
0.7125395891698403,2.0345280587441397,2.0345911605472313,-6.310180309165858e-05,0.00013650875205635
0.7125395941050834,2.0345280721867285,2.0345911605666904,-6.308837996193972e-05,0.0001364656620449
0.7125395870298175,2.0345280686876617,2.0345911605883065,-6.309190064479608e-05,0.0001364847167525
0.7125396042487173,2.034528049939051,2.0345911605487603,-6.311060970931592e-05,0.0001364318440579
0.712539614224648,2.034528052800623,2.034591160571131,-6.310777050799743e-05,0.00013648969734874998
0.7125396195735471,2.0345280281773452,2.034591160563031,-6.313238568589341e-05,0.0001366121564842
0.712539576045337,2.0345280472587883,2.0345911605782603,-6.311331947195242e-05,0.00013635629154295
0.7125396085770042,2.034528050390178,2.034591160560627,-6.311017044868805e-05,0.00013656692557785
0.7125395870298175,2.0345280540046238,2.0345911605712867,-6.310656666297376e-05,0.00013637516115045
0.7125395969003034,2.0345280088281217,2.034591160583675,-6.315175555338115e-05,0.00013650875205635
0.7125395726524351,2.034528034881527,2.0345911605861238,-6.312570459687805e-05,0.0001363855707674
0.7125395767833739,2.0345280576111726,2.034591160555209,-6.310294403633065e-05,0.00013642176251275
0.7125395735351763,2.0345280324093786,2.034591160563506,-6.312815412723438e-05,0.0001363647515335
0.7125396045667507,2.034528056649599,2.034591160581964,-6.310393236486078e-05,0.0001364487530514
0.7125395747902566,2.034528027101055,2.034591160573744,-6.313347268882552e-05,0.0001362986923587
0.7125396045667507,2.034528059998373,2.034591160574706,-6.310057633296395e-05,0.00013653059133365
0.7125395746455523,2.034528029012015,2.034591160548492,-6.313153647719005e-05,0.0001362781252388
0.7125395775214107,2.034528040392132,2.0345911605829703,-6.312019083809517e-05,0.0001363986258675
0.7125396102143944,2.034528057955049,2.034591160575326,-6.310262027708902e-05,0.00013653059133365
0.7125395995030958,2.034528031331356,2.0345911605357947,-6.31292044386278e-05,0.0001365439159342
0.7125395870298175,2.0345280477384153,2.034591160567322,-6.311282890658632e-05,0.0001364487530514
0.7125395789319906,2.0345280457031287,2.0345911605430405,-6.31148399117265e-05,0.0001364916991207
0.7125395711919082,2.034528031931047,2.0345911605726945,-6.312864164748078e-05,0.00013630444606029999
0.7125395803425706,2.034528049516178,2.0345911605486844,-6.311103250622452e-05,0.0001364116809676
0.7125395815397785,2.034528052281772,2.034591160551662,-6.310826988986662e-05,0.00013640870741265
0.7125395704455695,2.034528027550869,2.0345911605777034,-6.313302683436106e-05,0.0001363335455155
0.7125396200627149,2.0345280555852394,2.0345911605661144,-6.310498087502836e-05,0.00013666006722365002
0.712539584415637,2.0345280474685317,2.0345911605752534,-6.311310672169057e-05,0.0001364557354196
0.7125396048381859,2.0345280590268007,2.034591160544184,-6.310151738331271e-05,0.0001365137326526
0.712539599821129,2.0345280445345955,2.0345911605459763,-6.311601138087042e-05,0.0001364916991207
0.7125395767833739,2.034528032096441,2.0345911605480764,-6.312845163547465e-05,0.0001363335455155
0.7125395913098632,2.034528044894616,2.03459116057344,-6.311567882422153e-05,0.0001365256107374
0.7125395767833739,2.034528028030341,2.0345911605751716,-6.313254483059083e-05,0.00013637516115045
0.7125396089943389,2.034528047025437,2.0345911605699762,-6.311354453902851e-05,0.0001365811143468
0.712539614224648,2.0345280477165595,2.034591160556583,-6.31128400234715e-05,0.0001365439159342
0.7125396140393591,2.0345280548072044,2.0345911605596534,-6.310575244894423e-05,0.0001365811143468
0.7125395781939539,2.0345280578751064,2.0345911605466123,-6.3102671505888e-05,0.00013635629154295
0.7125395789319906,2.0345280451652443,2.034591160555208,-6.311538996373045e-05,0.0001364116809676
0.7125395836861941,2.0345280599242948,2.034591160572377,-6.310064808223714e-05,0.0001364847167525
0.7125396206116685,2.0345280666844014,2.0345911605710434,-6.30938866419406e-05,0.0001366741202519
0.7125396130045925,2.034528063231817,2.0345911605771754,-6.309734535836498e-05,0.000136513538398
0.7125395891698403,2.034528011316933,2.034591160579438,-6.314926250494679e-05,0.0001365474500147
0.7125395969003034,2.0345280563798704,2.034591160555402,-6.31041755316808e-05,0.0001365037714601
0.7125396024886741,2.03452804675571,2.034591160582459,-6.311382674928367e-05,0.00013650875205635
0.7125395891698403,2.034528013569511,2.0345911605536697,-6.314698415854636e-05,0.00013647264441309998
0.7125395775214107,2.034528045165571,2.0345911605557494,-6.311539017822554e-05,0.0001363855707674
0.7125396048381859,2.034528060003174,2.034591160584171,-6.310058099723292e-05,0.0001365137326526
0.7125396190843792,2.0345280354652853,2.034591160582264,-6.312511697892376e-05,0.00013659060080755
0.7125395726524351,2.0345280483244337,2.034591160580424,-6.311225599020531e-05,0.0001362986923587
0.7125396089943389,2.034528048507843,2.0345911605553177,-6.311204747477817e-05,0.0001364916991207
0.7125395713283107,2.0345280443929186,2.034591160568901,-6.311617598253605e-05,0.0001363335455155
0.7125395902408664,2.0345280398114944,2.034591160554642,-6.312074314740457e-05,0.0001364116809676
0.7125395775214107,2.0345280592385926,2.03459116059683,-6.310135823728302e-05,0.00013638821625055
0.7125396089943389,2.0345280401504815,2.03459116053978,-6.312038929845443e-05,0.0001365474500147
0.7125395913098632,2.034528037648354,2.034591160563371,-6.31229150167556e-05,0.0001364318440579
0.7125395957245129,2.0345280599133373,2.034591160553216,-6.310063987857717e-05,0.0001364318440579
0.7125395954064795,2.0345280611653846,2.034591160549625,-6.309938424031714e-05,0.0001363986258675
0.7125395747902566,2.0345280237841545,2.0345911605658715,-6.313678171698811e-05,0.0001363986258675
0.712539556957761,2.034528042041085,2.034591160563305,-6.311852221996261e-05,0.0001362265656909
0.7125396089943389,2.0345280425517602,2.03459116057257,-6.3118020809938e-05,0.00013653059133365
0.7125396195735471,2.0345280232182357,2.034591160564818,-6.313734658247583e-05,0.0001365948004741
0.712539588621437,2.034528041336825,2.034591160535964,-6.311919913892794e-05,0.0001364916991207
0.7125395739075153,2.034528040997989,2.034591160569199,-6.311957121019063e-05,0.0001363335455155
0.7125396001391624,2.034528054890025,2.034591160568046,-6.310567802092493e-05,0.0001364487530514
0.712539599821129,2.0345280547245177,2.034591160563733,-6.310583921509405e-05,0.0001364487530514
0.7125396180496126,2.0345280594328448,2.034591160571144,-6.310113829943731e-05,0.0001365811143468
0.7125396001391624,2.0345280467910145,2.0345911605799127,-6.311378889822805e-05,0.0001365740992158
0.7125395747902566,2.034528027004884,2.0345911605462206,-6.313354133657967e-05,0.00013642176251275
0.7125395891698403,2.0345280355326456,2.034591160558089,-6.312502544325582e-05,0.00013647264441309998
0.7125395969003034,2.0345280544461217,2.0345911605824964,-6.310613637472429e-05,0.0001364796267813
0.7125396194085862,2.0345280671446475,2.03459116056398,-6.309341933263823e-05,0.0001365811143468
0.7125395891698403,2.034528029639784,2.0345911605826927,-6.313094290888444e-05,0.00013642176251275
0.7125396089943389,2.034528015177369,2.0345911605968166,-6.314541944751895e-05,0.0001365137326526
0.7125395870298175,2.03452805124246,2.0345911605552476,-6.310931278763476e-05,0.00013642561640615
0.7125396155836217,2.034528059868536,2.0345911605489477,-6.310068041193162e-05,0.0001366221295295
0.7125396048381859,2.0345280656563616,2.034591160582645,-6.309492628364666e-05,0.0001365740992158
0.7125395789319906,2.034528049736925,2.034591160565794,-6.311082886867325e-05,0.00013642176251275
0.7125395891698403,2.034528062578342,2.0345911605735094,-6.30979951674604e-05,0.0001364796267813
0.7125396201225007,2.0345280405845005,2.0345911606042097,-6.312001970920633e-05,0.00013659060080755
0.7125395747902566,2.0345280542053867,2.0345911605728566,-6.310636746986731e-05,0.0001363855707674
0.712539619897754,2.0345280321487653,2.0345911605706304,-6.312842186506629e-05,0.0001366221295295
0.7125395995030958,2.034528068644214,2.0345911605858906,-6.309194167641863e-05,0.0001365802501784
0.7125396194085862,2.0345280496731437,2.034591160576414,-6.311090327049129e-05,0.0001365811143468
0.7125395739075153,2.0345280476278296,2.0345911605571505,-6.311292932092982e-05,0.0001365439159342
0.7125395803425706,2.0345280338915326,2.034591160578479,-6.312668694663515e-05,0.00013643867150625
0.7125396048381859,2.034528042153488,2.0345911605595517,-6.31184060635448e-05,0.0001364557354196
0.7125395747902566,2.034528054983348,2.034591160574928,-6.310559157984841e-05,0.000136289632642
0.7125395969003034,2.0345280504439915,2.034591160546461,-6.311010246928817e-05,0.0001364916991207
0.7125396001391624,2.034528035644922,2.034591160572145,-6.31249272231571e-05,0.0001365137326526
0.712539599821129,2.034528047966815,2.0345911605729365,-6.311260612168468e-05,0.00013650875205635
0.712539599821129,2.0345280311934713,2.0345911605380333,-6.312934456209618e-05,0.0001364916991207
0.7125395677045872,2.034528050095849,2.0345911605688287,-6.311047297957728e-05,0.0001362316998162
0.7125395735351763,2.0345280278827063,2.0345911605849545,-6.313270224822531e-05,0.00013632719208775
0.7125395969003034,2.0345280395363323,2.034591160573736,-6.312103740357955e-05,0.0001365037714601
0.7125396218791074,2.0345280371458867,2.0345911605685463,-6.312342265957227e-05,0.00013661714300685
0.7125395836861941,2.0345280556601346,2.034591160586319,-6.310492618455399e-05,0.0001363986258675
0.71253961143445,2.034528014521663,2.034591160547086,-6.3146025423233e-05,0.0001365992788126
0.7125395919650604,2.034528026953911,2.0345911605580556,-6.31336041445607e-05,0.00013647264441309998
0.71253961143445,2.0345280589401624,2.034591160578076,-6.310163791356516e-05,0.0001365137326526
0.712539608136318,2.0345280508299366,2.034591160587169,-6.310975723256007e-05,0.0001365474500147
0.7125396001391624,2.03452803930752,2.0345911605572633,-6.312124974350297e-05,0.0001365837577439
0.7125396197327932,2.0345280550187788,2.034591160570914,-6.31055521354007e-05,0.0001365992788126
0.7125396001391624,2.034528048067603,2.034591160569844,-6.31125022407808e-05,0.00013647264441309998
0.7125395982016995,2.0345280273989768,2.034591160568528,-6.313316955131043e-05,0.00013650875205635
0.7125395913098632,2.034528059935404,2.034591160576326,-6.310064092174272e-05,0.0001363986258675
0.7125395775214107,2.0345280505120726,2.0345911605675497,-6.311005547710025e-05,0.000136289632642
0.7125395700478552,2.0345280569765407,2.034591160557763,-6.310358122219029e-05,0.0001363855707674
0.7125396194085862,2.034528050524032,2.0345911605653875,-6.311004135550746e-05,0.000136632902604
0.7125396197327932,2.0345280619720123,2.034591160535487,-6.309856347463949e-05,0.00013656428218075
0.7125396276992623,2.034528054129551,2.034591160564546,-6.310643499496393e-05,0.00013670121485065
0.7125396197327932,2.0345280624572295,2.0345911605592817,-6.309810205218369e-05,0.00013660426533525
0.7125395899228332,2.034528054216498,2.0345911605808267,-6.310636432882433e-05,0.00013642176251275
0.7125395767833739,2.034528064328148,2.034591160581568,-6.309625341982539e-05,0.00013644467111375
0.7125395775214107,2.034528047536985,2.0345911605695095,-6.311303252459766e-05,0.00013637516115045
0.7125395891698403,2.034528056734161,2.0345911605689655,-6.310383480467863e-05,0.0001364318440579
0.7125395781939539,2.034528050214893,2.0345911605723965,-6.311035750350413e-05,0.00013640870741265
0.7125396048381859,2.0345280394181664,2.0345911605755536,-6.312115738715818e-05,0.0001364796267813
0.7125395985197329,2.0345280437564144,2.0345911605744416,-6.311681802717573e-05,0.0001364847167525
0.7125396102143944,2.034528042923448,2.0345911605716807,-6.31176482328577e-05,0.00013658444984495
0.7125395954064795,2.0345280388463536,2.0345911605837754,-6.312173742184513e-05,0.00013647264441309998
0.7125395870298175,2.0345280384302513,2.0345911605654163,-6.312213516501686e-05,0.0001364656620449
0.7125395767833739,2.03452803298843,2.0345911605639473,-6.312757551718562e-05,0.0001363986258675
0.7125396048381859,2.034528061806779,2.03459116055949,-6.309875271082177e-05,0.0001365740992158
0.7125395338500622,2.03452803111818,2.0345911605724867,-6.312945430675398e-05,0.0001361008519069
0.7125396069162624,2.0345280434919477,2.034591160560631,-6.311706868311617e-05,0.0001365740992158
0.7125395775214107,2.0345280535099257,2.034591160564648,-6.310705472234446e-05,0.00013635629154295
0.7125395982016995,2.0345280573461677,2.0345911605723135,-6.310322614577757e-05,0.00013647264441309998
0.7125395891698403,2.034528048474524,2.0345911605419893,-6.311206746545395e-05,0.00013642176251275
0.7125395789319906,2.034528034278458,2.034591160560784,-6.312628232585382e-05,0.0001364116809676
0.7125396024886741,2.0345280405856387,2.0345911605636546,-6.311997801589087e-05,0.00013653059133365
0.7125395995030958,2.0345280335143885,2.034591160581069,-6.312706668065715e-05,0.00013642176251275
0.712539621464517,2.0345280235629946,2.03459116057082,-6.31370078254534e-05,0.000136715197858
0.7125395704455695,2.0345280122941967,2.034591160588227,-6.314829403031297e-05,0.0001363982977957
0.7125395982016995,2.034528051845467,2.034591160567321,-6.310872185411043e-05,0.0001364318440579
0.7125395789319906,2.034528025649544,2.034591160554864,-6.313490531972832e-05,0.0001364318440579
0.7125395995030958,2.034528054433714,2.034591160603135,-6.310616942117875e-05,0.0001364916991207
0.7125395982016995,2.034528037283746,2.034591160580008,-6.312329626201318e-05,0.0001364487530514
0.7125396190843792,2.0345280624003834,2.034591160576635,-6.309817625149705e-05,0.000136632902604
0.712539599821129,2.034528067217738,2.034591160575788,-6.309335805010363e-05,0.00013653059133365
0.7125396140393591,2.034528055051669,2.0345911605384437,-6.310548677479488e-05,0.0001365492859671
0.712539599821129,2.034528044766722,2.034591160569277,-6.311580255458082e-05,0.0001364796267813
0.71253961143445,2.0345280648167576,2.0345911605790206,-6.309576226293245e-05,0.0001365137326526
0.7125395913098632,2.0345280259668024,2.034591160555651,-6.31345888484347e-05,0.0001364487530514
0.7125395982016995,2.0345280494513043,2.034591160580097,-6.311112879275882e-05,0.0001364916991207
0.7125395985197329,2.0345280473151477,2.034591160580013,-6.311326486541091e-05,0.00013642176251275
0.7125396102143944,2.034528028653952,2.0345911605539535,-6.313190000151181e-05,0.00013653059133365
0.7125396069162624,2.0345280333709983,2.0345911605661002,-6.312719510193077e-05,0.0001365474500147
0.712539599821129,2.0345280400838885,2.0345911605907223,-6.312050683376924e-05,0.0001364656620449
0.7125396069162624,2.0345280317461385,2.0345911605831715,-6.312883703296635e-05,0.00013656077461525002
0.7125396001391624,2.0345280351701787,2.0345911605775315,-6.312540735287087e-05,0.00013653059133365
0.7125395767833739,2.0345280312092675,2.0345911605801845,-6.312937091701443e-05,0.0001363986258675
0.7125395735351763,2.034528060496019,2.0345911605895544,-6.310009353516222e-05,0.0001363478315524
0.7125396042487173,2.034528016574611,2.0345911605389095,-6.314396429862867e-05,0.00013658795741045
0.7125395982016995,2.0345280629381484,2.034591160570692,-6.309763254375156e-05,0.0001364847167525
0.7125395767833739,2.034528059473018,2.0345911605741898,-6.310110117180301e-05,0.0001362781252388
0.7125395747902566,2.0345280367896503,2.034591160549887,-6.312376023664967e-05,0.0001363335455155
0.7125396089943389,2.0345280451399446,2.0345911605815816,-6.311544163706273e-05,0.0001364796267813
0.7125395836861941,2.0345280277636015,2.0345911605593714,-6.31327957698602e-05,0.0001364796267813
0.7125395688486403,2.034528039406434,2.0345911605443,-6.312113786588469e-05,0.0001362781252388
0.7125396001391624,2.0345280255227878,2.0345911605591804,-6.31350363926586e-05,0.00013661714300685
0.7125395995030958,2.034528032776728,2.0345911605583376,-6.312778160966204e-05,0.0001365837577439
0.7125396089943389,2.034528026324867,2.0345911605509865,-6.313422611947672e-05,0.0001365137326526
0.7125395747902566,2.034528054100586,2.0345911605694718,-6.310646888563198e-05,0.0001363647515335
0.7125395913098632,2.0345280562902435,2.034591160562185,-6.31042719416719e-05,0.0001364116809676
0.7125396197327932,2.034528040909415,2.034591160570585,-6.311966117023005e-05,0.0001365776067813
0.71253961143445,2.0345280448026495,2.0345911605513765,-6.311574872697179e-05,0.00013653059133365
0.7125395789319906,2.034528051026649,2.0345911605596765,-6.310953302746114e-05,0.0001363647515335
0.712539588621437,2.034528039438895,2.0345911605708102,-6.312113191508928e-05,0.0001365037714601
0.712539599821129,2.0345280435205884,2.0345911605744553,-6.311705386696786e-05,0.00013647278835525
0.7125396102143944,2.0345280376408637,2.0345911605622047,-6.312292134103004e-05,0.00013664695563225001
0.7125395982016995,2.03452803863101,2.03459116055356,-6.312192255020221e-05,0.0001365256107374
0.7125396089943389,2.034528030614942,2.0345911605747764,-6.312995983437375e-05,0.00013656077461525002
0.712539614224648,2.0345280450846954,2.0345911605703555,-6.311548566007019e-05,0.000136586401141
0.7125395747902566,2.0345280472818277,2.0345911605778566,-6.311329602892712e-05,0.000136289632642
0.7125396024886741,2.0345280666085017,2.0345911605580635,-6.309394956183212e-05,0.00013650875205635
0.7125396209006646,2.0345280406895925,2.034591160552687,-6.311986309448514e-05,0.00013671576385635
0.7125396048381859,2.0345280454749006,2.0345911605660203,-6.311509111966984e-05,0.0001365740992158
0.7125396170148459,2.0345280353332194,2.0345911605698435,-6.31252366241064e-05,0.0001365776067813
0.7125395803425706,2.0345280579290814,2.034591160551176,-6.310262209474615e-05,0.00013637516115045
0.7125396102143944,2.0345280497352967,2.034591160561655,-6.311082635823695e-05,0.0001365811143468
0.7125395982016995,2.0345280545873186,2.0345911605536204,-6.310596630187959e-05,0.0001365037714601
0.712539599821129,2.034528035906042,2.0345911605796942,-6.312467365221508e-05,0.00013656077461525002
0.7125396024886741,2.0345280375254573,2.034591160566504,-6.312304104660882e-05,0.0001365037714601
0.7125395954064795,2.0345280221984603,2.0345911605687377,-6.313837027738245e-05,0.00013649667971695
0.712539600152101,2.034528050335251,2.0345911605572278,-6.311022197680316e-05,0.00013656428218075
0.7125395775214107,2.0345280267272856,2.0345911605624667,-6.313383518108395e-05,0.00013635629154295
0.7125395954064795,2.034528053982518,2.0345911605614897,-6.310657897179439e-05,0.00013652338819585
0.712539608136318,2.03452804449657,2.03459116057823,-6.311608166020832e-05,0.00013656077461525002
0.7125396042487173,2.0345280356363804,2.034591160565872,-6.312492949156479e-05,0.0001365500668968
0.7125396021706408,2.0345280615477526,2.034591160555747,-6.309900799461587e-05,0.00013656077461525002
0.7125396024886741,2.0345280259717287,2.0345911605838856,-6.313461215690097e-05,0.0001365037714601
0.7125395836861941,2.0345280522221674,2.0345911605579574,-6.310833579004083e-05,0.00013637516115045
0.7125395726524351,2.0345280637630565,2.0345911605761002,-6.309681304372816e-05,0.0001363187320972
0.7125395954064795,2.034528042795441,2.0345911605813227,-6.311778588186101e-05,0.0001365137326526
0.7125395995030958,2.0345280571649575,2.034591160555622,-6.310339066439852e-05,0.00013643867150625
0.7125396130045925,2.03452804634894,2.034591160561675,-6.311421273474949e-05,0.0001365802501784
0.7125395836861941,2.034528035314463,2.034591160557719,-6.312524325613467e-05,0.0001364847167525
0.712539566560534,2.034528041124285,2.0345911605871034,-6.311946281822856e-05,0.000136289632642
0.7125395982016995,2.034528052002854,2.034591160579808,-6.31085769540185e-05,0.00013642176251275
0.7125396089943389,2.0345280541800754,2.0345911605554643,-6.31063753888661e-05,0.0001365137326526
0.7125395891698403,2.0345280343502807,2.0345911605719404,-6.312622165971504e-05,0.0001365037714601
0.7125395982016995,2.034528023894993,2.0345911605464946,-6.313665150159409e-05,0.00013653059133365
0.7125395913098632,2.034528058463729,2.0345911605493168,-6.31020855879072e-05,0.00013637516115045
0.7125395677045872,2.0345280487222763,2.0345911605702716,-6.311184799523417e-05,0.0001363335455155
0.7125396029473212,2.0345280494638565,2.034591160566658,-6.311110280154963e-05,0.00013656428218075
0.7125395954064795,2.0345280542237787,2.0345911605703835,-6.310634660477987e-05,0.00013648969734874998
0.7125395870298175,2.0345280490458215,2.034591160547747,-6.311150192539472e-05,0.00013642561640615
0.7125395982016995,2.034528054312539,2.034591160563534,-6.310625099503753e-05,0.00013653059133365
0.7125395870298175,2.0345280387808264,2.0345911605652196,-6.312178439316085e-05,0.0001364318440579
0.7125396045667507,2.0345280116623976,2.034591160561699,-6.314889930125744e-05,0.00013661714300685
0.7125395969003034,2.0345280623316997,2.034591160567657,-6.309823595751496e-05,0.0001364318440579
0.7125395858262169,2.0345280468421088,2.0345911605643003,-6.311372219158784e-05,0.0001363986258675
0.7125395941050834,2.0345280521312255,2.034591160571053,-6.31084398277082e-05,0.00013647264441309998
0.7125395739075153,2.0345280604033036,2.0345911605626323,-6.310015932875501e-05,0.00013628387894040002
0.7125395803425706,2.034528045542798,2.034591160561901,-6.311501910305495e-05,0.00013645772621385
0.7125395769388734,2.0345280071866902,2.0345911605658844,-6.315337919415853e-05,0.00013656077461525002
0.7125396209006646,2.0345280502822787,2.034591160558206,-6.311027592742491e-05,0.0001366221295295
0.7125396190843792,2.03452803977933,2.034591160581363,-6.31208020331897e-05,0.00013658795741045
0.7125396069162624,2.034528035779977,2.0345911605510505,-6.312477107339731e-05,0.00013656077461525002
0.7125396194085862,2.0345280501603202,2.034591160575059,-6.311041473860968e-05,0.0001365811143468
0.7125396194085862,2.0345280484602215,2.034591160572824,-6.311211260268124e-05,0.00013656692557785
0.7125395815375772,2.0345280615347234,2.0345911605479503,-6.309901322687494e-05,0.0001364656620449
0.712539576045337,2.0345280530381333,2.034591160581305,-6.310754317162548e-05,0.0001363192594786
0.7125395747902566,2.0345280388735683,2.034591160568248,-6.312169467959095e-05,0.0001363647515335
0.7125395985197329,2.034528038026476,2.034591160560729,-6.312253425289072e-05,0.00013653059133365
0.7125396102143944,2.0345280521455598,2.034591160567814,-6.310842225420998e-05,0.0001365439159342
0.7125395891698403,2.034528057096518,2.0345911605706455,-6.31034741274128e-05,0.00013635629154295
0.7125395789319906,2.0345280583980947,2.034591160566473,-6.310216837812632e-05,0.0001363478315524
0.7125395982016995,2.03452805713008,2.0345911605894575,-6.310345937743378e-05,0.00013642176251275
0.7125396170148459,2.0345280294157972,2.034591160580787,-6.313116498990468e-05,0.000136586401141
0.712539576045337,2.034528045188521,2.0345911605664444,-6.311537792358379e-05,0.00013638821625055
0.7125396180496126,2.034528042430664,2.0345911605659563,-6.31181352921395e-05,0.00013660347847915
0.7125395775214107,2.0345280608274856,2.0345911605855176,-6.309975803198142e-05,0.0001365037714601
0.71253961143445,2.0345280339303353,2.03459116058858,-6.312665824470542e-05,0.00013661714300685
0.7125396024886741,2.0345280543155266,2.0345911605702978,-6.310625477112808e-05,0.00013653059133365
0.7125396001391624,2.034528032063548,2.034591160578213,-6.31285146650562e-05,0.00013642176251275
0.7125395803425706,2.0345280504992216,2.034591160549474,-6.311005025239069e-05,0.00013637516115045
0.7125395691214451,2.034528045526505,2.0345911605793665,-6.311505286138441e-05,0.0001362508110358
0.7125396045667507,2.034528030386181,2.0345911605750024,-6.313018882142529e-05,0.0001365500668968
0.7125395941050834,2.0345280344047785,2.034591160591921,-6.312618714243712e-05,0.00013642176251275
0.7125395691214451,2.034528026978097,2.034591160547648,-6.313356955089944e-05,0.00013635629154295
0.7125395691651139,2.0345280600211755,2.034591160556778,-6.31005356024339e-05,0.00013634200550605
0.712539614224648,2.034528048463298,2.0345911605608538,-6.311209755560654e-05,0.0001365811143468
0.712539553482296,2.0345280369802055,2.034591160583043,-6.312360283766694e-05,0.0001362781252388
0.7125396130045925,2.034528047733788,2.0345911605557023,-6.31128219144017e-05,0.0001365837577439
0.7125395755282935,2.0345280264609085,2.0345911605791533,-6.313411824487858e-05,0.00013647264441309998
0.7125395725833911,2.034528041765869,2.0345911605811398,-6.311881527087948e-05,0.0001364318440579
0.7125396008692446,2.034528000152261,2.0345911605560647,-6.316040380349719e-05,0.00013659060080755
0.7125396069162624,2.0345280098917984,2.034591160542875,-6.315065107642681e-05,0.00013656077461525002
0.7125395789319906,2.0345280611768333,2.034591160561159,-6.309938432558226e-05,0.0001363855707674
0.712539619897754,2.0345280249597115,2.034591160563826,-6.313560411452812e-05,0.000136641569095
0.7125396048381859,2.034528033591162,2.0345911605626705,-6.312697150834268e-05,0.0001365992788126
0.7125395691214451,2.034528042991187,2.0345911605452964,-6.311755410948194e-05,0.0001362316998162
0.7125396180496126,2.034528036328251,2.0345911605887244,-6.312426047339059e-05,0.00013662751606675
0.7125395767833739,2.03452806123008,2.034591160541975,-6.309931189507623e-05,0.00013635629154295
0.7125395995030958,2.034528030888163,2.0345911605838456,-6.312969568256221e-05,0.0001365474500147
0.7125395858262169,2.0345280321359223,2.0345911605446987,-6.3128408776425e-05,0.00013644565387444999
0.7125395891698403,2.034528035391274,2.0345911605839277,-6.312519265394556e-05,0.00013650875205635
0.7125395995030958,2.0345280465235915,2.034591160578966,-6.311405537440251e-05,0.00013656077461525002
0.7125395995030958,2.0345280471886884,2.0345911605776066,-6.311338891817897e-05,0.0001365037714601
0.7125395969003034,2.03452804513389,2.0345911605820874,-6.311544819759263e-05,0.0001365037714601
0.7125395919650604,2.0345280441484603,2.0345911605373774,-6.311638891709492e-05,0.0001364796267813
0.7125396140393591,2.034528031321622,2.0345911605483833,-6.312922676121602e-05,0.0001365256107374
0.7125396008692446,2.0345280579353022,2.034591160552057,-6.31026167545734e-05,0.0001365256107374
0.7125396089943389,2.0345280387121663,2.034591160585519,-6.312187335266728e-05,0.0001364916991207
0.7125395995030958,2.034528046575985,2.034591160579319,-6.311400333380845e-05,0.0001364656620449
0.7125395789319906,2.034528038179436,2.034591160557182,-6.31223777460832e-05,0.0001364318440579
0.7125395678409896,2.0345280279828275,2.0345911605831035,-6.313260027601686e-05,0.00013643259877435
0.7125395836861941,2.034528053686085,2.0345911605428855,-6.310685680066541e-05,0.0001364916991207
0.7125395995030958,2.0345280442062137,2.034591160583013,-6.311637679923265e-05,0.00013660347847915
0.7125396069162624,2.034528038986777,2.0345911605694087,-6.31215826318865e-05,0.00013653059133365
0.7125395913098632,2.0345280131048793,2.0345911605727798,-6.314746790048176e-05,0.0001364318440579
0.7125395688486403,2.034528038629215,2.034591160556351,-6.312192713631148e-05,0.00013630444606029999
0.7125396170148459,2.0345280449474945,2.0345911605858418,-6.311563834726641e-05,0.0001365802501784
0.7125395711919082,2.0345280523145925,2.0345911605608804,-6.310824628785738e-05,0.00013628387894040002
0.7125395913098632,2.034528051709515,2.0345911605622593,-6.310885274452005e-05,0.00013640870741265
0.7125396217535129,2.0345280248632354,2.034591160563713,-6.313570047744577e-05,0.0001367163298547
0.7125395969003034,2.0345280232326424,2.03459116057308,-6.313734043761343e-05,0.0001365474500147
0.7125396069162624,2.0345280433640918,2.034591160558074,-6.311719398244264e-05,0.0001365740992158
0.7125396170148459,2.0345280278647717,2.0345911605738527,-6.31327090809819e-05,0.00013658795741045
0.7125395954064795,2.034528005312914,2.034591160591407,-6.315527849309888e-05,0.00013654742349969998
0.7125395747902566,2.0345280201435787,2.0345911605756517,-6.314043207300557e-05,0.0001365137326526
0.7125396001391624,2.0345280449068364,2.034591160588017,-6.311568118055888e-05,0.00013656692557785
0.7125395775214107,2.0345280598547366,2.034591160569414,-6.310071467741096e-05,0.00013637516115045
0.7125395969003034,2.034528056470311,2.0345911605600175,-6.310408970655601e-05,0.0001363667011599
0.7125395982016995,2.0345280448565055,2.0345911605655838,-6.311570907824304e-05,0.0001365837577439
0.7125396042487173,2.0345280437453095,2.034591160565335,-6.311682002557717e-05,0.00013650875205635
0.7125395891698403,2.034528039428765,2.0345911605438656,-6.312111510053953e-05,0.0001364487530514
0.7125395913098632,2.0345280501700915,2.0345911605588882,-6.31103887966944e-05,0.0001364796267813
0.71253961143445,2.0345280433790136,2.0345911605486324,-6.311716961882041e-05,0.0001365474500147
0.7125395941050834,2.0345280286004925,2.0345911605626847,-6.313196219220885e-05,0.0001364847167525
0.7125395747320078,2.0345280589532573,2.034591160563031,-6.310160977385237e-05,0.00013637516115045
0.7125396045667507,2.0345280608761507,2.034591160570642,-6.309969449125319e-05,0.0001365837577439
0.712539614224648,2.0345280563132637,2.03459116055132,-6.310423805633292e-05,0.0001365474500147
0.712539632028379,2.0345280510856907,2.034591160562877,-6.310947718635163e-05,0.00013671576385635
0.7125396048381859,2.0345280376938626,2.0345911605683153,-6.312287445275899e-05,0.00013656077461525002
0.7125396048381859,2.034528046758601,2.034591160572432,-6.311381383117265e-05,0.0001365740992158
0.7125395603970666,2.0345280611919097,2.0345911605713876,-6.309937947790445e-05,0.000136202320346
0.7125396069162624,2.0345280599344364,2.0345911605424707,-6.31006080342722e-05,0.00013650875205635
0.7125396069162624,2.034528031745298,2.034591160571107,-6.312882580905566e-05,0.0001366221295295
0.7125395995030958,2.034528029451109,2.034591160563304,-6.313111219480305e-05,0.0001364796267813
0.7125395891698403,2.0345280406223862,2.0345911605563844,-6.311993399821247e-05,0.0001364487530514
0.7125396140393591,2.0345280398802563,2.0345911605681075,-6.312068785119251e-05,0.00013659060080755
0.7125395789319906,2.034528038018594,2.03459116057707,-6.312255847618076e-05,0.0001363855707674
0.7125396102143944,2.034528028061363,2.0345911605612845,-6.31324999216254e-05,0.0001365802501784
0.7125395913098632,2.0345280331683746,2.034591160593797,-6.31274254225822e-05,0.00013642176251275
0.7125396170148459,2.034528058144556,2.0345911605354767,-6.310239092055525e-05,0.00013653059133365
0.7125396048381859,2.0345280411542257,2.0345911605560603,-6.311940183456599e-05,0.00013656077461525002
0.7125395969003034,2.034528042026434,2.034591160599303,-6.311857286922518e-05,0.00013650875205635
0.7125396200627149,2.034528049742423,2.034591160574208,-6.31108317850071e-05,0.0001365948004741
0.7125395735351763,2.0345280399410712,2.0345911605369267,-6.312059585544816e-05,0.0001363667011599
0.7125395789319906,2.034528035192126,2.0345911605570133,-6.312536488728426e-05,0.0001363982977957
0.7125396001391624,2.034528033954707,2.034591160541297,-6.312658659002324e-05,0.0001364318440579
0.712539608136318,2.034528062406543,2.0345911605566993,-6.309815015637099e-05,0.0001365740992158
0.7125395969003034,2.0345280484523096,2.0345911605488265,-6.311209651688188e-05,0.0001365137326526
0.7125395836861941,2.0345280605441154,2.034591160553951,-6.310000983544839e-05,0.00013647264441309998
0.7125395919650604,2.034528041889029,2.0345911605701885,-6.311868115949082e-05,0.0001365037714601
0.7125395803425706,2.0345280419904475,2.034591160561694,-6.31185712465232e-05,0.0001363647515335
0.7125395781939539,2.034528067765471,2.0345911605645193,-6.309279904836984e-05,0.0001363982977957
0.7125396152594146,2.034528062532232,2.034591160573413,-6.30980411808757e-05,0.00013656077461525002
0.7125396048381859,2.034528050319336,2.034591160560758,-6.31102414216933e-05,0.0001365740992158
0.7125395919650604,2.03452803200776,2.0345911605679343,-6.312856017443025e-05,0.00013647264441309998
0.7125395870298175,2.034528047030565,2.034591160561743,-6.311353117771645e-05,0.0001365037714601
0.7125395913098632,2.034528035979577,2.0345911605695517,-6.312458997470571e-05,0.0001364116809676
0.7125396183738195,2.034528034605154,2.034591160556407,-6.312595125290699e-05,0.000136641569095
0.7125395717696937,2.0345280445600338,2.034591160555194,-6.311599516006794e-05,0.0001364116809676
0.7125395891698403,2.0345280432132595,2.034591160561781,-6.311734852149087e-05,0.0001364318440579
0.7125395982016995,2.03452804791203,2.0345911605590152,-6.31126469854415e-05,0.0001364487530514
0.7125396048381859,2.034528053249736,2.034591160557766,-6.310730802994158e-05,0.0001364318440579
0.7125395891698403,2.034528024955917,2.0345911605253884,-6.313556947157295e-05,0.00013648969734874998
0.712539599821129,2.0345280433964334,2.0345911605487266,-6.311715229312398e-05,0.0001364487530514
0.712539619897754,2.0345280395245795,2.034591160570222,-6.312104564232257e-05,0.0001366225295441
0.7125395982016995,2.0345280537640247,2.0345911605657037,-6.310680167898042e-05,0.0001364916991207
0.7125395995030958,2.034528019444645,2.0345911605731835,-6.314112853855747e-05,0.0001364796267813
0.7125396001391624,2.034528034329767,2.034591160574202,-6.312624443527426e-05,0.00013657112524440002
0.7125396215901113,2.034528044852671,2.0345911605757108,-6.311572303996371e-05,0.0001366610086605
0.7125396021706408,2.03452805112132,2.03459116056089,-6.31094395702192e-05,0.0001364796267813
0.7125395870298175,2.03452806111564,2.0345911605663525,-6.309945071247824e-05,0.0001364656620449
0.7125396170148459,2.0345280296776336,2.034591160555812,-6.313087817844121e-05,0.00013660426533525
0.7125395932664567,2.0345280468787936,2.0345911605760736,-6.311369727995952e-05,0.00013643867150625
0.7125395634788003,2.0345280401651396,2.034591160566542,-6.312040140254993e-05,0.00013625750672215
0.7125395995030958,2.034528024178078,2.034591160577682,-6.313639960398021e-05,0.0001364318440579
0.7125396045667507,2.0345280469785205,2.0345911605748634,-6.311359634292302e-05,0.00013657112524440002
0.7125396214496182,2.0345280554145204,2.034591160562028,-6.310514750751395e-05,0.00013661714300685
0.7125395870298175,2.034528034222636,2.034591160565257,-6.312634262073402e-05,0.0001363855707674
0.7125396194085862,2.0345280680899815,2.0345911605853364,-6.309249535485506e-05,0.00013656077461525002
0.712539584415637,2.0345280517610744,2.0345911605747102,-6.310881363580378e-05,0.00013649667971695
0.7125395789319906,2.034528056931375,2.0345911605689464,-6.310363757133786e-05,0.0001363647515335
0.7125395969003034,2.0345280445457368,2.034591160594695,-6.311604895836709e-05,0.0001365037714601
0.7125396069162624,2.0345280574871603,2.0345911605711637,-6.310308400347964e-05,0.0001364796267813
0.712539584415637,2.034528036291376,2.034591160563759,-6.312427238297502e-05,0.00013642176251275
0.7125396152594146,2.0345280495841576,2.0345911605663267,-6.311098216915667e-05,0.0001365137326526
0.712539599821129,2.034528017265307,2.034591160542965,-6.314327765810646e-05,0.00013656428218075
0.7125395913098632,2.0345280153180267,2.0345911605714475,-6.314525342077104e-05,0.0001365256107374
0.7125395870298175,2.0345280476826164,2.034591160559343,-6.311287672655652e-05,0.0001365037714601
0.7125396024886741,2.034528058067111,2.0345911605674774,-6.310250036634102e-05,0.000136513538398
0.7125395982016995,2.034528039981966,2.034591160533507,-6.312055154111818e-05,0.0001364487530514
0.7125396069162624,2.0345280399605334,2.034591160555583,-6.312059504942624e-05,0.0001364557354196
0.7125395919650604,2.034528041968616,2.0345911605597657,-6.311859114971341e-05,0.00013642176251275
0.712539621894006,2.0345280584664875,2.0345911605557707,-6.310208928317351e-05,0.0001366872318433
0.7125395735351763,2.0345280441449414,2.0345911605682008,-6.31164232594017e-05,0.0001363478315524
0.7125395919650604,2.0345280368601326,2.034591160579967,-6.312371983430154e-05,0.00013653059133365
0.7125395941050834,2.034528056050146,2.034591160538104,-6.31044879577658e-05,0.0001364487530514
0.7125395870298175,2.034528036404063,2.0345911605673566,-6.31241632933488e-05,0.00013654742349969998
0.7125395870298175,2.0345280543361226,2.034591160571961,-6.31062358382728e-05,0.0001364656620449
0.7125395789319906,2.0345280302563378,2.0345911605826124,-6.313032627458526e-05,0.00013650875205635
0.712539621894006,2.0345280438762576,2.034591160567057,-6.311669079916982e-05,0.00013674459012009998
0.7125396185387805,2.0345280428230454,2.034591160560718,-6.311773767242457e-05,0.000136632902604
0.7125396048381859,2.0345280389056333,2.034591160575417,-6.312166978350575e-05,0.0001365776067813
0.7125396152594146,2.0345280441498024,2.034591160567632,-6.311641782952293e-05,0.0001365474500147
0.7125395717696937,2.0345280460404718,2.0345911605795837,-6.311453911189702e-05,0.00013627116382365
0.712539614224648,2.03452802755514,2.0345911605526608,-6.31329975209205e-05,0.0001365137326526
0.7125395919650604,2.034528026143303,2.034591160557322,-6.313441401895048e-05,0.0001365474500147
0.712539614224648,2.0345280373961727,2.034591160575792,-6.312317961931768e-05,0.0001365811143468
0.7125395891698403,2.0345280105631085,2.0345911605890272,-6.315002591872343e-05,0.00013656077461525002
0.7125396130045925,2.0345280595739528,2.034591160542571,-6.31009686182793e-05,0.0001365740992158
0.7125395941050834,2.0345280313112597,2.034591160549224,-6.312923796425451e-05,0.0001364916991207
0.7125395870298175,2.034528039801495,2.0345911605760207,-6.312077452585996e-05,0.0001364656620449
0.7125396170148459,2.0345280338016636,2.034591160564044,-6.312676238051651e-05,0.00013660347847915
0.7125395891698403,2.034528045100875,2.0345911605679765,-6.311546710158211e-05,0.0001363855707674
0.7125396001391624,2.0345280446336127,2.034591160576929,-6.31159433162054e-05,0.0001364796267813
0.7125395941050834,2.0345280327937565,2.0345911605480302,-6.312775427375072e-05,0.0001365776067813
0.7125396180496126,2.034528043469823,2.0345911605538514,-6.311708402817473e-05,0.00013656428218075
0.7125396200627149,2.034528045001931,2.0345911605712685,-6.311556933757956e-05,0.00013666006722365002
0.712539576045337,2.0345280368932452,2.034591160561952,-6.31236687067549e-05,0.0001363335455155
0.7125396089943389,2.0345280549366014,2.0345911605825577,-6.310564595635171e-05,0.00013653059133365
0.7125395717696937,2.0345280442425455,2.0345911605634224,-6.311632087685481e-05,0.00013637975626
0.7125395822756141,2.0345280716367324,2.034591160590592,-6.308895385975788e-05,0.0001363335455155
0.7125396048381859,2.034528053990416,2.0345911605728793,-6.310658246322376e-05,0.0001365740992158
0.7125395767833739,2.034528047770565,2.0345911605668237,-6.311279625847988e-05,0.0001363986258675
0.7125396089943389,2.034528044818377,2.034591160568052,-6.311574967510225e-05,0.0001365802501784
0.7125396045667507,2.034528035167969,2.03459116058874,-6.312542077102634e-05,0.00013659060080755
0.7125396102143944,2.034528054573222,2.0345911605445104,-6.310597128855733e-05,0.00013649667971695
0.7125395982016995,2.034528048161607,2.034591160566462,-6.31124048551257e-05,0.000136586401141
0.7125395941050834,2.0345280427680827,2.03459116057727,-6.311780918721865e-05,0.00013643867150625
0.7125395870298175,2.0345280561748056,2.034591160556815,-6.310438200962665e-05,0.0001365037714601
0.7125395919650604,2.034528000449215,2.0345911605568605,-6.316010764573221e-05,0.0001365439159342
0.7125396102143944,2.034528053676791,2.0345911605606704,-6.310688387944907e-05,0.00013647264441309998
0.7125396021706408,2.0345280539909867,2.0345911605849225,-6.31065939358244e-05,0.0001364318440579
0.7125395789319906,2.034528041034142,2.034591160569422,-6.311953527982084e-05,0.0001364116809676
0.7125395980740246,2.034528020749766,2.0345911605877642,-6.313983799843825e-05,0.00013647264441309998
0.712539619897754,2.0345280440256897,2.0345911605832785,-6.311655758883816e-05,0.0001366610086605
0.7125395969003034,2.034528029011241,2.0345911605478193,-6.313153657844239e-05,0.0001364487530514
0.7125395941050834,2.0345280520727216,2.0345911605487013,-6.31084759796785e-05,0.0001364916991207
0.71253961143445,2.0345280512191777,2.034591160580655,-6.310936147713164e-05,0.00013650875205635
0.7125395995030958,2.034528049485931,2.0345911605579867,-6.311107205592137e-05,0.0001364656620449
0.7125395836776001,2.034528054289257,2.034591160568314,-6.31062790570347e-05,0.0001364557354196
0.7125395891698403,2.0345280603696083,2.034591160562062,-6.310019245381326e-05,0.00013637516115045
0.7125396024886741,2.0345280468469484,2.03459116058809,-6.31137411417626e-05,0.0001364796267813
0.7125395717696937,2.034528063325671,2.0345911605570617,-6.309723139086287e-05,0.0001362508110358
0.7125396197327932,2.0345280529568335,2.0345911605542173,-6.310759738381577e-05,0.0001365474500147
0.7125395789319906,2.0345280268019295,2.034591160558179,-6.313375624955597e-05,0.00013642176251275
0.712539576045337,2.0345280314720102,2.034591160565751,-6.312909374095454e-05,0.00013642176251275
0.7125396024886741,2.0345280204004097,2.0345911605792177,-6.314017880804101e-05,0.00013656077461525002
0.7125395941050834,2.034528047250309,2.034591160560484,-6.311331017494481e-05,0.0001364116809676
0.7125396190877341,2.034528051283355,2.034591160575108,-6.310929175334934e-05,0.000136586401141
0.7125395836861941,2.0345280237276575,2.0345911605533975,-6.313682573999557e-05,0.00013647264441309998
0.7125395775214107,2.034528039912678,2.034591160556537,-6.31206438592713e-05,0.00013632719208775
0.7125396008692446,2.034528037747339,2.034591160589618,-6.312284227893983e-05,0.0001364916991207
0.7125395704455695,2.0345280354300206,2.0345911605574765,-6.31251274558764e-05,0.00013630444606029999
0.7125396089943389,2.0345280386693525,2.034591160574987,-6.312190563440012e-05,0.0001364916991207
0.7125395634788003,2.034528031172552,2.0345911605901175,-6.31294175654773e-05,0.0001363335455155
0.7125395969003034,2.0345280338280727,2.034591160560951,-6.312673287833803e-05,0.0001364796267813
0.7125395767833739,2.034528024101119,2.034591160577453,-6.313647633371389e-05,0.00013637516115045
0.7125395941050834,2.034528048004065,2.034591160571625,-6.311256756008632e-05,0.00013653893533795
0.7125395995030958,2.0345280459344384,2.0345911605639047,-6.311462946628765e-05,0.0001365137326526
0.7125395969003034,2.0345280371925627,2.034591160564481,-6.312337191838324e-05,0.0001365037714601
0.7125396045667507,2.0345280466178703,2.03459116053761,-6.311391973978786e-05,0.00013661714300685
0.7125395677045872,2.0345280421820227,2.0345911605900575,-6.31184080348568e-05,0.00013635629154295
0.7125396089943389,2.034528060534606,2.034591160580547,-6.310004594078933e-05,0.0001366084650018
0.7125395747902566,2.0345280262969347,2.0345911605682203,-6.313427128556981e-05,0.00013650875205635
0.7125395803425706,2.034528032016792,2.034591160575948,-6.31285591556896e-05,0.0001364656620449
0.71253961143445,2.0345280449945795,2.034591160563907,-6.31155693273655e-05,0.000136586401141
0.7125395969003034,2.0345280279084608,2.034591160575235,-6.313266677437923e-05,0.00013654244290345
0.712539619897754,2.034528042902646,2.0345911605475893,-6.311764494304484e-05,0.000136586401141
0.7125396001391624,2.034528058421177,2.0345911605880493,-6.310216687221981e-05,0.0001364487530514
0.7125395858262169,2.034528031270239,2.034591160551289,-6.312928104978965e-05,0.00013650875205635
0.7125396152594146,2.0345280378128385,2.0345911605863467,-6.312277350817297e-05,0.00013653059133365
0.7125395913098632,2.034528039014935,2.0345911605646374,-6.31215497022275e-05,0.00013650875205635
0.7125396217535129,2.0345280427238985,2.034591160545753,-6.311782185441928e-05,0.0001367267818909
0.7125396209006646,2.0345280541045954,2.0345911605791795,-6.310647458418472e-05,0.00013660347847915
0.7125395717696937,2.03452805447662,2.03459116054512,-6.310606850012945e-05,0.00013635629154295
0.7125395870298175,2.0345280563310624,2.034591160586265,-6.310425520261731e-05,0.00013643867150625
0.7125396119612826,2.034528045811438,2.0345911605740294,-6.311476259135418e-05,0.00013658795741045
0.712539576045337,2.034528058489502,2.0345911605501352,-6.310206063320223e-05,0.0001362986923587
0.7125395941050834,2.0345280576602653,2.0345911605742635,-6.31029139981365e-05,0.0001364916991207
0.7125396048381859,2.0345280518051156,2.0345911605462597,-6.310874114401344e-05,0.00013659060080755
0.7125395688486403,2.0345280460653536,2.0345911605782603,-6.311451290663683e-05,0.00013625750672215
0.71253961143445,2.034528045793612,2.0345911605656912,-6.311477207932015e-05,0.0001365837577439
0.7125395746455523,2.0345280432442814,2.034591160589571,-6.31173452894096e-05,0.000136467807759
0.7125395941050834,2.0345280334912923,2.034591160572018,-6.312708072586659e-05,0.00013656077461525002
0.7125395711919082,2.0345280549796816,2.034591160567946,-6.310558826427837e-05,0.0001365037714601
0.7125395870298175,2.034528053245575,2.0345911605736746,-6.310732809966524e-05,0.00013650875205635
0.7125396162975361,2.034528052391613,2.0345911605616447,-6.31081700315228e-05,0.0001365776067813
0.712539576045337,2.0345280385231677,2.0345911605646227,-6.312204145508815e-05,0.0001363335455155
0.71253961143445,2.03452803834746,2.0345911605791978,-6.312223173754461e-05,0.0001365776067813
0.7125395822756141,2.0345280377688733,2.034591160575963,-6.312280708975493e-05,0.0001364116809676
0.7125396048381859,2.034528017411302,2.0345911605623095,-6.314315100741652e-05,0.0001365037714601
0.7125396217535129,2.034528024800727,2.0345911605624094,-6.313576168226476e-05,0.00013664695563225001
0.7125395969003034,2.0345280499448846,2.034591160584808,-6.31106399233694e-05,0.0001364796267813
0.71253961143445,2.0345280404262103,2.034591160553319,-6.312012710862902e-05,0.00013660347847915
0.7125395982016995,2.034528041950293,2.0345911605920706,-6.311864177765969e-05,0.0001364916991207
0.7125396194085862,2.0345280178583875,2.0345911605525764,-6.314269418883356e-05,0.00013663658257235
0.7125395913098632,2.0345280517203492,2.034591160585107,-6.310886475757727e-05,0.0001364116809676
0.7125395836861941,2.034528059811541,2.034591160560584,-6.310074904325447e-05,0.00013642176251275
0.7125396024886741,2.034528061018502,2.03459116056287,-6.309954436778398e-05,0.00013656077461525002
0.712539599821129,2.0345280472841445,2.034591160589024,-6.311330487962508e-05,0.0001364116809676
0.7125396001391624,2.034528065373339,2.0345911605522113,-6.309517887226335e-05,0.00013649667971695
0.7125396048381859,2.034528059532961,2.0345911605721896,-6.310103922846366e-05,0.0001364796267813
0.7125395713283107,2.0345280507309713,2.0345911605722837,-6.310984131241426e-05,0.0001363667011599
0.71253961143445,2.034528041829722,2.034591160558037,-6.311872831510357e-05,0.0001365811143468
0.7125395767833739,2.0345280326356026,2.034591160585755,-6.31279501526194e-05,0.00013637516115045
0.7125395803425706,2.034528059814973,2.0345911605745957,-6.310075962279171e-05,0.0001364152067892
0.712539584415637,2.034528051192365,2.034591160579356,-6.310938699094493e-05,0.00013649667971695
0.7125395836861941,2.0345280538619295,2.034591160581926,-6.310671999631978e-05,0.00013637516115045
0.7125395941050834,2.0345280478031365,2.0345911605478153,-6.311274467885042e-05,0.00013642176251275
0.7125395913098632,2.0345280463157263,2.0345911605641196,-6.311424839333668e-05,0.0001363855707674
0.7125395919650604,2.0345280476857486,2.034591160555929,-6.311287018023748e-05,0.0001364847167525
0.7125395995030958,2.034528031029451,2.0345911605548674,-6.312952541653871e-05,0.00013653059133365
0.7125395747902566,2.034528050638265,2.0345911605530103,-6.310991474522964e-05,0.00013656692557785
0.712539599821129,2.0345280556426872,2.034591160572482,-6.310492979455518e-05,0.0001364318440579
0.7125395891698403,2.0345280449629866,2.0345911605490596,-6.311558607308143e-05,0.0001364318440579
0.712539576045337,2.0345280429827786,2.0345911605729725,-6.311759019395069e-05,0.0001363192594786
0.7125395913098632,2.034528057670356,2.0345911605688207,-6.310289846478412e-05,0.00013640870741265
0.7125395789319906,2.03452804423915,2.034591160549983,-6.311631083288916e-05,0.0001364896470363
0.7125395704455695,2.03452801911953,2.0345911605479516,-6.314142842178683e-05,0.00013643259877435
0.7125395735351763,2.034528044432921,2.034591160573569,-6.311614064813398e-05,0.00013634200550605
0.7125395995030958,2.0345280469887648,2.034591160563596,-6.311357483124169e-05,0.00013656077461525002
0.7125395803425706,2.0345280334350497,2.034591160578715,-6.312714366529804e-05,0.00013637516115045
0.7125396089943389,2.0345280385554347,2.0345911605708715,-6.312201543678952e-05,0.00013656077461525002
0.7125396089943389,2.034528031404204,2.0345911605489793,-6.312914477524245e-05,0.0001364796267813
0.7125395995030958,2.0345280394984564,2.0345911605503737,-6.31210519173031e-05,0.00013647264441309998
0.712539599821129,2.034528046220743,2.0345911605685307,-6.311434778760727e-05,0.0001365740992158
0.7125395704455695,2.0345280465938016,2.0345911605889784,-6.311399517677785e-05,0.0001363478315524
0.7125395995030958,2.034528044302278,2.034591160554709,-6.311625243071717e-05,0.0001365474500147
0.7125396214496182,2.0345280662125877,2.0345911605830587,-6.309437047091748e-05,0.00013660347847915
0.7125395747902566,2.0345280226963918,2.0345911605777895,-6.313788139777898e-05,0.0001363335455155
0.7125396170148459,2.0345280440563065,2.034591160585482,-6.311652917556643e-05,0.00013659060080755
0.7125396089943389,2.0345280354220594,2.0345911605694216,-6.312514736217523e-05,0.0001364318440579
0.7125396054687729,2.0345280509043246,2.0345911605699527,-6.310966562805831e-05,0.0001365966354155
0.7125395941050834,2.034528065538697,2.034591160550029,-6.309501133205941e-05,0.0001364656620449
0.7125395700478552,2.0345280326636064,2.034591160573263,-6.312790965656845e-05,0.00013642176251275
0.7125395767833739,2.0345280093799114,2.034591160594546,-6.31512146345159e-05,0.0001365037714601
0.7125395836861941,2.0345280551402976,2.034591160568479,-6.310542818166454e-05,0.0001365837577439
0.7125395941050834,2.0345280476099603,2.0345911605685565,-6.311295859617871e-05,0.0001365137326526
0.71253961143445,2.0345280261823224,2.034591160558166,-6.313437584370973e-05,0.0001365811143468
0.7125395836861941,2.034528059147591,2.03459116057158,-6.310142398868734e-05,0.0001364116809676
0.7125395767833739,2.0345280315424636,2.034591160590405,-6.312904794114615e-05,0.0001363647515335
0.7125395717696937,2.0345280203159244,2.034591160569006,-6.314025308151727e-05,0.00013632719208775
0.7125395913098632,2.0345280507880346,2.0345911605760674,-6.310978803281131e-05,0.00013656077461525002
0.7125395755282935,2.0345280547710765,2.034591160574656,-6.31058035795995e-05,0.0001363647515335
0.7125395954064795,2.0345280542276734,2.034591160548463,-6.310632078943001e-05,0.0001364487530514
0.7125396102143944,2.0345280376759445,2.034591160572434,-6.312289648935376e-05,0.0001365837577439
0.7125395932664567,2.0345280418920617,2.0345911605905735,-6.31186985118326e-05,0.0001364318440579
0.7125396180496126,2.0345280273249036,2.034591160557146,-6.313323224249601e-05,0.00013660347847915
0.7125395735351763,2.034528034161798,2.0345911605660683,-6.312640427008631e-05,0.00013627116382365
0.7125395725833911,2.0345280265091517,2.034591160578681,-6.313406952918044e-05,0.00013634200550605
0.7125395982016995,2.034528054494176,2.034591160548158,-6.3106053981965e-05,0.0001364796267813
0.712539614224648,2.0345280581617757,2.0345911605827562,-6.310242098050978e-05,0.0001365740992158
0.7125396180496126,2.0345280478591765,2.0345911605619094,-6.311270273284819e-05,0.00013659060080755
0.7125395836861941,2.0345280624176008,2.034591160557138,-6.30981395373098e-05,0.0001364116809676
0.7125396069162624,2.034528043894778,2.034591160576887,-6.311668210923216e-05,0.0001365137326526
0.71253961143445,2.0345280757853526,2.034591160549079,-6.308476372662852e-05,0.0001365137326526
0.712539614224648,2.0345280602785683,2.0345911605683398,-6.310028977152271e-05,0.0001364318440579
0.7125395891698403,2.0345280506456116,2.034591160565916,-6.310992030433837e-05,0.0001365256107374
0.7125396054687729,2.034528062494784,2.0345911605419036,-6.30980471196807e-05,0.00013647278835525
0.712539614224648,2.0345280517064523,2.0345911605912073,-6.310888475491438e-05,0.00013648969734874998
0.7125396217684117,2.034528048876821,2.034591160555236,-6.311167841488441e-05,0.000136632902604
0.7125395969003034,2.034528019424435,2.034591160554628,-6.314113019323386e-05,0.00013650875205635
0.7125395836861941,2.0345280246063613,2.0345911605747404,-6.313596837914659e-05,0.0001365474500147
0.7125396001391624,2.0345280595799013,2.034591160576302,-6.310099640050026e-05,0.00013647264441309998
0.712539566560534,2.0345280220070756,2.0345911605831284,-6.313857605277917e-05,0.00013627116382365
0.7125395941050834,2.034528045200988,2.0345911605817903,-6.311538080217005e-05,0.00013650875205635
0.7125396001391624,2.0345280347092682,2.034591160549403,-6.312584013468125e-05,0.0001364796267813
0.7125396204467078,2.0345280226275237,2.03459116059579,-6.313796826606932e-05,0.0001366279045673
0.7125395969003034,2.034528036858525,2.0345911605498506,-6.312369132555062e-05,0.0001364916991207
0.7125396069162624,2.0345280366704577,2.0345911605651272,-6.312389466955892e-05,0.0001365811143468
0.7125395995030958,2.034528055180353,2.034591160563177,-6.310538282372491e-05,0.0001363986258675
0.712539608136318,2.034528035746728,2.0345911605663645,-6.312481963632877e-05,0.0001365439159342
0.7125396001391624,2.034528053663658,2.0345911605754687,-6.310691181088401e-05,0.0001364557354196
0.7125395767833739,2.03452804096602,2.0345911605786675,-6.311961264771071e-05,0.00013627116382365
0.7125396048381859,2.0345280457153296,2.0345911605755265,-6.311486019683343e-05,0.0001365776067813
0.7125395726524351,2.0345280294913346,2.0345911605561793,-6.313106484467923e-05,0.0001363855707674
0.7125396200627149,2.0345280600252864,2.034591160569918,-6.310054463165571e-05,0.00013661714300685
0.7125396001391624,2.0345280556640404,2.034591160571742,-6.310490770156107e-05,0.0001364318440579
0.7125396024886741,2.0345280428352988,2.0345911605590055,-6.31177237067071e-05,0.0001365474500147
0.7125396197327932,2.0345280603552527,2.0345911605603266,-6.310020507394043e-05,0.00013660347847915
0.71253961143445,2.0345280352982713,2.034591160570622,-6.312527235063925e-05,0.0001365776067813
0.7125396069162624,2.034528035823087,2.0345911605738944,-6.312475080738622e-05,0.00013656077461525002
0.7125395969003034,2.0345280518885116,2.0345911605553955,-6.310866688385985e-05,0.0001364916991207
0.7125395739075153,2.034528054246662,2.0345911605679134,-6.310632125128279e-05,0.0001362316998162
0.7125395891698403,2.03452804307485,2.034591160575521,-6.311750067133914e-05,0.0001364916991207
0.71253961143445,2.0345280628165416,2.0345911605832208,-6.309776667912104e-05,0.00013650875205635
0.712539608136318,2.034528056159937,2.03459116054456,-6.310438462309165e-05,0.00013658795741045
0.7125395725833911,2.0345280622811313,2.0345911605666913,-6.309828556005925e-05,0.0001363478315524
0.7125396048381859,2.0345280468321127,2.034591160552757,-6.311372064438103e-05,0.0001365474500147
0.7125395891698403,2.0345280375600487,2.034591160568696,-6.312300864719234e-05,0.0001365137326526
0.7125395954064795,2.0345280445600014,2.034591160582522,-6.311602252084825e-05,0.0001363986258675
0.7125395535184555,2.0345280597038116,2.0345911605843527,-6.310088054117813e-05,0.00013626078991229998
0.712539566560534,2.0345280563114354,2.034591160580127,-6.310426869138297e-05,0.00013625750672215
0.7125395789319906,2.034528060919373,2.0345911605772184,-6.309965784545568e-05,0.00013638821625055
0.7125396045667507,2.0345280395300884,2.034591160567358,-6.312103726946461e-05,0.00013659060080755
0.712539576045337,2.03452805368825,2.034591160553217,-6.310686496702189e-05,0.0001364916991207
0.7125395789319906,2.0345280479738452,2.034591160561285,-6.31125874397398e-05,0.00013650875205635
0.7125396024886741,2.0345280559511396,2.0345911605724916,-6.310462135195039e-05,0.0001364916991207
0.712539614363566,2.034528046796138,2.0345911605696982,-6.311377356027492e-05,0.00013662751606675
0.7125396102143944,2.034528037476519,2.0345911605690725,-6.312309255340764e-05,0.00013659060080755
0.7125395985197329,2.0345280394849126,2.0345911605543447,-6.312106943218154e-05,0.00013653059133365
0.7125396048381859,2.0345280450820304,2.0345911605485405,-6.311546651005528e-05,0.0001365837577439
0.7125395985197329,2.034528040435694,2.0345911605649145,-6.31201292207173e-05,0.0001365037714601
0.7125395982016995,2.03452804048379,2.03459116056378,-6.312007998987568e-05,0.0001364916991207
0.7125396001391624,2.0345280435723194,2.0345911605695535,-6.311699723404729e-05,0.0001365474500147
0.7125395691214451,2.0345280513510895,2.0345911605478837,-6.310919679419769e-05,0.00013628387894040002
0.7125395713283107,2.0345280441813234,2.034591160549753,-6.311636842948332e-05,0.00013637516115045
0.7125396069162624,2.03452806089011,2.0345911605389095,-6.309964879935848e-05,0.0001365740992158
0.7125395803425706,2.0345280536084376,2.0345911605581493,-6.310694971167763e-05,0.0001363986258675
0.7125395985197329,2.0345280163498702,2.0345911605666274,-6.314421675712723e-05,0.0001365137326526
0.7125396215901113,2.0345280245549935,2.034591160577614,-6.313602262064677e-05,0.00013661714300685
0.7125396001391624,2.0345280529064125,2.0345911605893865,-6.310768297401737e-05,0.00013647264441309998
0.7125395969003034,2.034527995258476,2.0345911605632607,-6.316530478489568e-05,0.0001365740992158
0.7125396001391624,2.034528042218468,2.0345911605515363,-6.311833306815728e-05,0.0001365474500147
0.7125396045667507,2.034528050494714,2.034591160548794,-6.311005407999559e-05,0.0001365837577439
0.7125396180496126,2.0345280414412654,2.034591160572987,-6.311913172174499e-05,0.00013659060080755
0.7125396001391624,2.034528048258441,2.0345911605618574,-6.311230341626839e-05,0.00013642176251275
0.7125395803425706,2.0345280554850995,2.0345911605646774,-6.310507957785205e-05,0.0001363647515335
0.7125395789319906,2.034528047785902,2.0345911605677913,-6.31127818895294e-05,0.00013647264441309998
0.7125395870298175,2.0345280377339594,2.0345911605412685,-6.3122807309135e-05,0.0001364796267813
0.7125396001391624,2.034528033143425,2.0345911605479827,-6.312740455793886e-05,0.00013642176251275
0.7125395803425706,2.0345280278711644,2.0345911605649567,-6.313269379232267e-05,0.00013640870741265
0.7125395982016995,2.034528037792884,2.03459116055163,-6.312275874620354e-05,0.0001365137326526
0.7125396180496126,2.0345280615489663,2.034591160560549,-6.309901158285669e-05,0.00013656077461525002
0.7125395735351763,2.0345280424813033,2.03459116055761,-6.311807630687838e-05,0.0001363986258675
0.7125395767833739,2.0345280494097913,2.034591160581879,-6.311117208790407e-05,0.0001363478315524
0.7125396194085862,2.0345280515334703,2.0345911605662836,-6.310903281336877e-05,0.0001365776067813
0.7125395891698403,2.034528033881485,2.0345911605608284,-6.312667934338378e-05,0.0001364656620449
0.71253961143445,2.0345280611937917,2.0345911605556606,-6.30993618688791e-05,0.00013647264441309998
0.7125396069162624,2.0345280588306056,2.0345911605849074,-6.310175430179754e-05,0.00013647264441309998
0.712539619897754,2.0345280262225827,2.034591160566473,-6.313434389015882e-05,0.00013661714300685
0.7125396089943389,2.0345280447299205,2.0345911605701623,-6.311584024176753e-05,0.0001365256107374
0.7125395995030958,2.0345280318810253,2.034591160580319,-6.312869929381293e-05,0.00013653059133365
0.7125396102143944,2.034528041872585,2.0345911605418037,-6.311866921882014e-05,0.0001365776067813
0.7125396069162624,2.034528059388442,2.0345911605642866,-6.310117584451547e-05,0.00013653893533795
0.7125395789319906,2.0345280500793317,2.0345911605697022,-6.311049037055483e-05,0.0001363855707674
0.7125395982016995,2.0345280435984106,2.0345911605998857,-6.311700147509924e-05,0.0001364318440579
0.7125396102143944,2.0345280552446283,2.034591160569322,-6.310532469377961e-05,0.0001365837577439
0.7125395980740246,2.034528060629313,2.0345911605728095,-6.309994349651404e-05,0.00013656077461525002
0.7125395746455523,2.0345280506574386,2.034591160585074,-6.310992763536305e-05,0.00013635629154295
0.7125396089943389,2.034528044401544,2.0345911605662304,-6.311616468623882e-05,0.00013650875205635
0.7125396001391624,2.034528056566469,2.034591160564753,-6.310399828368674e-05,0.0001365740992158
0.7125396048381859,2.03452803903703,2.0345911605761633,-6.312153913334839e-05,0.0001365740992158
0.7125395941050834,2.0345280330717155,2.0345911605710096,-6.312749929415773e-05,0.0001364916991207
0.7125396024886741,2.0345280465097493,2.034591160567759,-6.311405800962788e-05,0.00013650875205635
0.7125395535184555,2.0345280386814695,2.0345911605701885,-6.312188871904212e-05,0.0001362511106193
0.7125395919650604,2.0345280419231693,2.034591160557828,-6.311863465890966e-05,0.0001365037714601
0.7125395634788003,2.034528027533569,2.034591160542563,-6.313300899396523e-05,0.0001362316998162
0.7125396194085862,2.034528052020129,2.0345911605642684,-6.310854413937861e-05,0.0001365992788126
0.7125395858262169,2.0345280258411176,2.0345911605791884,-6.313473807084691e-05,0.0001364116809676
0.7125395995030958,2.0345280340841954,2.034591160581802,-6.312649760653599e-05,0.00013656077461525002
0.7125395919650604,2.034528060744173,2.0345911605761833,-6.309983201013836e-05,0.00013647264441309998
0.7125395688486403,2.034528030163714,2.034591160574205,-6.313041049077484e-05,0.0001363478315524
0.7125396200627149,2.0345280464235294,2.03459116055597,-6.311413244075581e-05,0.00013660347847915
0.7125396190843792,2.034528057825369,2.0345911605290934,-6.310270372456017e-05,0.0001365776067813
0.7125396102143944,2.0345280512321358,2.0345911605629468,-6.310933081099535e-05,0.0001364916991207
0.7125395767833739,2.0345280562864554,2.0345911605745965,-6.31042881411581e-05,0.00013643867150625
0.7125396102143944,2.0345280415756206,2.034591160548251,-6.311897263033828e-05,0.0001364796267813
0.712539600152101,2.034528056494133,2.0345911605739717,-6.310407983889377e-05,0.0001365474500147
0.7125395815375772,2.034528041063763,2.034591160577665,-6.311951390225445e-05,0.0001364116809676
0.712539614224648,2.0345280603657274,2.034591160571852,-6.31002061246555e-05,0.00013649667971695
0.7125395982016995,2.034528038505329,2.0345911605753515,-6.312207002245884e-05,0.0001365137326526
0.7125396190843792,2.0345280435060538,2.034591160560633,-6.311705457928696e-05,0.00013653059133365
0.7125395789319906,2.034528052576735,2.034591160576324,-6.310799958919588e-05,0.00013650875205635
0.7125396195735471,2.0345280600486126,2.0345911605718126,-6.310052319991044e-05,0.0001366121564842
0.712539608136318,2.034528068650051,2.034591160559049,-6.309190899811412e-05,0.00013653059133365
0.71253961143445,2.0345280348119488,2.0345911605417544,-6.312572980560205e-05,0.0001365474500147
0.7125396024886741,2.0345280532233416,2.0345911605578637,-6.310733452208339e-05,0.00013649667971695
0.7125396194085862,2.0345280323809023,2.0345911605574796,-6.312817657727621e-05,0.00013658795741045
0.712539588621437,2.034528059447176,2.0345911605570075,-6.31011098315426e-05,0.00013635629154295
0.7125396180496126,2.0345280512516983,2.034591160563416,-6.310931171782386e-05,0.0001366096518725
0.7125396268112875,2.0345280697170516,2.0345911605676332,-6.309085058164854e-05,0.00013662751606675
0.7125395899228332,2.0345280359544837,2.0345911605651774,-6.31246106936878e-05,0.00013635629154295
0.7125395793997555,2.034528068189638,2.0345911605759466,-6.309238630874958e-05,0.00013642176251275
0.7125396109265159,2.034528066503255,2.0345911605309457,-6.30940276908909e-05,0.0001366121564842
0.7125395858262169,2.034528032654431,2.0345911605569156,-6.312790248452771e-05,0.00013640870741265
0.7125395717696937,2.034528030058166,2.034591160589998,-6.313053183193418e-05,0.00013643867150625
0.7125396069162624,2.0345280352259096,2.034591160562054,-6.312533614449833e-05,0.0001365137326526
0.7125396217684117,2.034528044077956,2.034591160556632,-6.311647867596193e-05,0.00013660347847915
0.7125395913098632,2.0345280522222895,2.034591160586153,-6.310836386358432e-05,0.0001363855707674
0.712539619897754,2.034528043274428,2.0345911605577442,-6.311728331631627e-05,0.00013661714300685
0.7125395836861941,2.0345280155193737,2.0345911605696902,-6.314505031657092e-05,0.0001364796267813
0.7125396001391624,2.034528027664397,2.0345911605608573,-6.313289646042719e-05,0.0001364796267813
0.7125396102143944,2.034528053080837,2.034591160573229,-6.310749239224478e-05,0.0001365474500147
0.7125395982016995,2.0345280253969507,2.034591160562116,-6.313516516520679e-05,0.0001365811143468
0.712539614224648,2.034528038117371,2.034591160579401,-6.312246203021843e-05,0.00013656077461525002
0.7125395954064795,2.0345280597572653,2.034591160564444,-6.310080717852884e-05,0.0001363855707674
0.7125396089943389,2.0345280641894923,2.034591160586888,-6.309639739576767e-05,0.00013653059133365
0.7125396206116685,2.0345280346806973,2.0345911605711056,-6.312589040824435e-05,0.00013662751606675
0.7125395913098632,2.0345280530056224,2.0345911605783535,-6.310757273109147e-05,0.0001363986258675
0.7125395985197329,2.034528043124059,2.0345911605504594,-6.311742640052742e-05,0.0001365037714601
0.7125395969003034,2.034528032251418,2.0345911605678704,-6.312831645249872e-05,0.0001364796267813
0.7125395603970666,2.0345280498238574,2.03459116059018,-6.311076632270485e-05,0.0001361969856868
0.7125395941050834,2.0345280005923274,2.0345911605690636,-6.315997673622675e-05,0.00013654742349969998
0.7125395803425706,2.034528046904776,2.0345911605445886,-6.311363981259532e-05,0.00013647264441309998
0.7125396057868062,2.034528037621911,2.034591160563781,-6.312294187038603e-05,0.00013656428218075
0.7125395954064795,2.0345280342062466,2.0345911605579765,-6.31263517298919e-05,0.0001365137326526
0.7125395688486403,2.0345280292080834,2.034591160563541,-6.313135545754633e-05,0.00013630444606029999
0.7125395870298175,2.0345280306305185,2.034591160561616,-6.312993109736098e-05,0.0001364487530514
0.712539537348212,2.0345280236530727,2.03459116054496,-6.313689188708338e-05,0.000136289632642
0.7125395822756141,2.0345280564619435,2.03459116054047,-6.310407852661015e-05,0.00013642176251275
0.7125395941050834,2.0345280357889477,2.034591160572919,-6.312478397152432e-05,0.0001364487530514
0.7125396180496126,2.034528057117669,2.034591160565261,-6.310344759175024e-05,0.0001366121564842
0.7125395733214279,2.0345280383881628,2.0345911605672136,-6.312217905080075e-05,0.00013635629154295
0.7125395969003034,2.0345280498837797,2.034591160561652,-6.311067787212465e-05,0.0001364916991207
0.712539566560534,2.0345279994129637,2.0345911605804257,-6.316116746196698e-05,0.0001362265656909
0.712539566560534,2.0345280578292697,2.0345911605835667,-6.31027542969953e-05,0.000136289632642
0.7125396215901113,2.0345280410387065,2.0345911605467983,-6.311950809179123e-05,0.00013670178084900002
0.7125396195735471,2.034528042112241,2.0345911605701037,-6.311845786255432e-05,0.00013659060080755
0.7125395789319906,2.0345280311755243,2.034591160570509,-6.312939498487324e-05,0.00013643259877435
0.7125395941050834,2.0345280591087467,2.034591160584643,-6.310147589649873e-05,0.00013640870741265
0.7125396214496182,2.034528032019924,2.034591160563194,-6.312854327017448e-05,0.000136715197858
0.7125396021706408,2.0345280339671716,2.0345911605599265,-6.312659275486965e-05,0.0001365740992158
0.7125395691214451,2.034528033871437,2.0345911605840827,-6.312671264563363e-05,0.00013627116382365
0.712539570309167,2.0345280399725936,2.0345911605693594,-6.312059676583104e-05,0.000136289632642
0.7125395747902566,2.034528028765345,2.034591160564183,-6.31317988379898e-05,0.0001363478315524
0.7125395824225198,2.0345280578865594,2.034591160551281,-6.310266472153714e-05,0.0001364116809676
0.7125396041673767,2.0345280570187976,2.0345911605758973,-6.31035570997085e-05,0.0001365811143468
0.712539599821129,2.0345280354753634,2.034591160547614,-6.312507225070263e-05,0.0001364796267813
0.7125396183738195,2.0345280240732038,2.034591160563111,-6.313648990730059e-05,0.0001366225295441
0.7125395891698403,2.0345280592210453,2.0345911605938447,-6.31013727994123e-05,0.0001364487530514
0.7125395891698403,2.0345280342276313,2.034591160566973,-6.31263393415793e-05,0.0001365137326526
0.7125395803425706,2.0345280359242315,2.034591160574362,-6.312465013058599e-05,0.0001363647515335
0.7125395747902566,2.034528045227981,2.034591160565429,-6.311533744840503e-05,0.0001363478315524
0.712539608136318,2.034528063472416,2.0345911605589437,-6.309708652763035e-05,0.0001365837577439
0.7125396170148459,2.0345280560482775,2.03459116054313,-6.310449485269487e-05,0.0001365776067813
0.7125395793997555,2.0345280330136735,2.034591160577305,-6.3127563631582e-05,0.0001363855707674
0.7125395870298175,2.0345280499803873,2.0345911605757423,-6.31105953550204e-05,0.0001364487530514
0.7125396024886741,2.034528040381549,2.034591160550672,-6.312016912302099e-05,0.0001365740992158
0.7125396180496126,2.0345280205262033,2.034591160552883,-6.314002667950902e-05,0.0001365811143468
0.712539599821129,2.0345280624562294,2.0345911605603733,-6.309810414384387e-05,0.0001364916991207
0.7125396197327932,2.034528048830886,2.034591160571076,-6.311174018991395e-05,0.000136586401141
0.7125395803425706,2.034528039202944,2.034591160572656,-6.312136971198257e-05,0.0001363647515335
0.7125396190843792,2.0345280340756924,2.0345911605806823,-6.31265049899632e-05,0.0001365474500147
0.7125395691214451,2.034528007846819,2.0345911605389575,-6.31526921384129e-05,0.000136289632642
0.7125395398724748,2.0345280565478716,2.0345911605752782,-6.310402740661303e-05,0.00013625750672215
0.7125395789319906,2.0345280364221257,2.034591160583631,-6.312416150544564e-05,0.00013642176251275
0.7125395891698403,2.034528041053725,2.0345911605825737,-6.31195288485209e-05,0.00013647264441309998
0.7125396237955499,2.0345280526800544,2.0345911605513223,-6.310787126784234e-05,0.00013670121485065
0.7125396045667507,2.0345280657986238,2.034591160586483,-6.309478785926359e-05,0.0001364796267813
0.7125395891698403,2.0345280442452913,2.034591160565711,-6.311632041988702e-05,0.0001364656620449
0.7125396130045925,2.034528039667723,2.034591160575917,-6.31209081936035e-05,0.0001365474500147
0.7125395870298175,2.0345280530767345,2.03459116056041,-6.310748367566177e-05,0.0001364656620449
0.7125395726524351,2.034528033288386,2.034591160562963,-6.312727457702394e-05,0.0001362781252388
0.7125395919650604,2.034528054606961,2.034591160560192,-6.310595323100188e-05,0.0001364487530514
0.712539599821129,2.034528032955113,2.034591160563464,-6.312760835092135e-05,0.0001364557354196
0.7125395803425706,2.034528051884176,2.0345911605582114,-6.310867403547249e-05,0.0001363335455155
0.712539588621437,2.0345280631742972,2.034591160594496,-6.309742019894315e-05,0.0001364318440579
0.7125395746455523,2.0345280475100753,2.034591160564754,-6.311305467887607e-05,0.00013642176251275
0.7125396197327932,2.034528031111695,2.0345911605821128,-6.312947041786643e-05,0.00013661714300685
0.7125396089943389,2.0345280396113576,2.0345911605688425,-6.312095748484126e-05,0.0001365802501784
0.7125395941050834,2.0345280478545456,2.034591160561465,-6.311270691927717e-05,0.0001364318440579
0.7125395995030958,2.034528026450528,2.034591160578676,-6.313412814806796e-05,0.0001364916991207
0.7125395769388734,2.034528049428613,2.0345911605778992,-6.311114928614359e-05,0.0001364557354196
0.7125396069162624,2.034528061072757,2.0345911605640166,-6.309949125959946e-05,0.0001365439159342
0.7125395735351763,2.0345280568339077,2.0345911605682847,-6.310373437701244e-05,0.0001362781252388
0.7125395957245129,2.0345280445993863,2.034591160564057,-6.311596467067915e-05,0.00013642176251275
0.7125395969003034,2.034528061337096,2.0345911605795015,-6.309924240532894e-05,0.0001365037714601
0.7125396268112875,2.034528056896351,2.034591160573848,-6.310367749673418e-05,0.00013672734788925
0.7125395836861941,2.0345280455175208,2.034591160573435,-6.311505591405364e-05,0.0001364116809676
0.7125395891698403,2.034528038385978,2.034591160591151,-6.312220517301625e-05,0.0001364487530514
0.712539599821129,2.034528049850631,2.034591160549982,-6.311069935094338e-05,0.0001364796267813
0.7125396200627149,2.0345280640399,2.0345911605649856,-6.309652508562635e-05,0.00013660347847915
0.7125395535184555,2.0345280125275598,2.0345911605747786,-6.314804721885281e-05,0.0001363187320972
0.71253961143445,2.0345280608484515,2.0345911605570173,-6.309970856577252e-05,0.0001365137326526
0.7125396197327932,2.0345280740018246,2.034591160582324,-6.308658049958282e-05,0.0001366546806864
0.7125395755282935,2.0345280474186707,2.034591160555916,-6.311313724527423e-05,0.0001363187320972
0.7125395954064795,2.034528041632177,2.034591160577178,-6.3118945000884e-05,0.00013656077461525002
0.712539621894006,2.034528048489246,2.034591160572473,-6.311208322706818e-05,0.00013662751606675
0.712539588621437,2.034528035709529,2.0345911605541067,-6.312484457771106e-05,0.0001364318440579
0.7125395691214451,2.034528053543179,2.0345911605549296,-6.310701175049616e-05,0.0001362508110358
0.7125396152594146,2.034528053959512,2.0345911605679317,-6.310660841979399e-05,0.00013656077461525002
0.7125395969003034,2.0345280476589678,2.034591160559708,-6.311290074023646e-05,0.0001365776067813
0.7125396190843792,2.0345280423367815,2.0345911605674183,-6.311823063676059e-05,0.0001365811143468
0.7125395822756141,2.0345280403762276,2.0345911605516,-6.312017537224435e-05,0.00013637975626
0.7125396024886741,2.034528014369905,2.0345911605889575,-6.314621905234574e-05,0.00013650875205635
0.7125396190877341,2.0345280425230436,2.0345911605683673,-6.311804532366239e-05,0.00013660347847915
0.7125395822756141,2.034528041176143,2.0345911605549984,-6.311937885561392e-05,0.00013650875205635
0.7125395969003034,2.034528065304233,2.034591160576038,-6.309527180503594e-05,0.0001364116809676
0.7125395995030958,2.0345280626001094,2.0345911605769733,-6.309797686387952e-05,0.0001364318440579
0.7125395803425706,2.0345280389920295,2.0345911605442257,-6.31215521962325e-05,0.0001363647515335
0.7125395747902566,2.034528052020582,2.034591160565599,-6.310854501689889e-05,0.0001363192594786
0.7125395954064795,2.0345280413114772,2.0345911605655695,-6.311925409230312e-05,0.00013647264441309998
0.7125396069162624,2.0345280400152927,2.034591160568464,-6.312055317136966e-05,0.00013653059133365
0.7125395747902566,2.034528036718573,2.034591160565577,-6.312384700413176e-05,0.000136289632642
0.7125395726524351,2.034528045029346,2.0345911605758227,-6.311554647675521e-05,0.0001363647515335
0.7125396217535129,2.034528033578891,2.034591160541266,-6.31269623747599e-05,0.00013668810325925
0.7125395781939539,2.034528042492945,2.0345911605751716,-6.311808222658755e-05,0.00013635629154295
0.7125396024886741,2.034528042947394,2.034591160578278,-6.311763088406863e-05,0.0001365740992158
0.7125395836861941,2.034528058916051,2.0345911605689624,-6.310165291134595e-05,0.00013637516115045
0.7125396021706408,2.034528055555019,2.03459116054557,-6.310499055084406e-05,0.0001365966354155
0.7125396102143944,2.034528044095506,2.034591160546993,-6.311645148704415e-05,0.0001364318440579
0.7125395689850427,2.034528037782847,2.034591160565447,-6.312278260001136e-05,0.00013637516115045
0.7125395735351763,2.0345280708939013,2.0345911605673015,-6.308967340018512e-05,0.000136289632642
0.7125395982016995,2.034528004043633,2.034591160558953,-6.315651532018407e-05,0.0001365776067813
0.7125396069162624,2.0345280621917325,2.034591160550436,-6.309835870332847e-05,0.0001364916991207
0.712539584415637,2.0345280509593566,2.034591160552273,-6.31095929164438e-05,0.00013640870741265
0.712539614224648,2.034528034654929,2.034591160541933,-6.312588700385646e-05,0.0001365837577439
0.712539608136318,2.0345280300372255,2.0345911605718343,-6.313053460882401e-05,0.0001365811143468
0.712539576045337,2.034528046346766,2.034591160564012,-6.311421724625177e-05,0.0001363335455155
0.7125396190843792,2.0345280608893015,2.0345911605512144,-6.309966191286875e-05,0.000136632902604
0.71253961143445,2.0345280534183057,2.0345911605747897,-6.310715648405463e-05,0.00013653059133365
0.7125396042487173,2.0345280597157775,2.034591160563089,-6.310084731131482e-05,0.0001365037714601
0.7125396217535129,2.0345280470377256,2.034591160573843,-6.311353611732073e-05,0.0001365992788126
0.7125395781939539,2.034528030745839,2.0345911605710056,-6.312982516654131e-05,0.0001364557354196
0.7125395704455695,2.034528041421827,2.034591160569831,-6.311914800383178e-05,0.0001362316998162
0.712539619897754,2.034528039129873,2.0345911605841844,-6.312145431142113e-05,0.00013660347847915
0.7125396008692446,2.0345280474617873,2.034591160560951,-6.311309916373631e-05,0.0001365137326526
0.7125396217386143,2.0345280509620576,2.0345911605590445,-6.31095969869655e-05,0.00013670121485065
0.712539584415637,2.0345280557256733,2.0345911605306064,-6.310480493310067e-05,0.0001363667011599
0.712539599821129,2.034528026781167,2.0345911605632185,-6.313378205158315e-05,0.0001365948004741
0.7125395969003034,2.0345280458561565,2.0345911605469698,-6.311469081321519e-05,0.00013650875205635
0.7125395822756141,2.0345280452030097,2.0345911605513534,-6.31153483436897e-05,0.0001364916991207
0.7125395717696937,2.0345280075160987,2.03459116054305,-6.315302695103497e-05,0.0001363376017047
0.7125395941050834,2.0345280395782166,2.034591160569,-6.312099078353839e-05,0.0001364318440579
0.7125395969003034,2.034528062440578,2.0345911605754146,-6.309813483662552e-05,0.0001364847167525
0.7125396042487173,2.034528052139459,2.0345911605426488,-6.31084031899043e-05,0.0001365037714601
0.7125395789319906,2.0345280512466855,2.034591160575698,-6.310932901243405e-05,0.0001363335455155
0.7125396170148459,2.034528051962736,2.034591160575992,-6.310861325609096e-05,0.00013656428218075
0.7125395982016995,2.0345280483603703,2.0345911605717957,-6.311221142540901e-05,0.0001365037714601
0.7125395747902566,2.0345280374245123,2.034591160576364,-6.312315185175166e-05,0.0001363986258675
0.7125395982016995,2.034528055431332,2.034591160597713,-6.310516638130537e-05,0.0001364916991207
0.7125396190843792,2.034528056878104,2.0345911605774964,-6.310369939255267e-05,0.0001365948004741
0.7125395836861941,2.0345280484151296,2.0345911605971247,-6.311218199517299e-05,0.00013642176251275
0.7125395634788003,2.034528052477253,2.0345911605694402,-6.310809218712521e-05,0.0001362316998162
0.7125396194085862,2.0345280478878482,2.034591160544565,-6.311265671676836e-05,0.000136586401141
0.7125395941050834,2.0345280415057334,2.034591160584234,-6.311907850076182e-05,0.0001365256107374
0.7125395913098632,2.0345280437539666,2.0345911605570484,-6.311680308179746e-05,0.00013643259877435
0.7125396001391624,2.0345280580837244,2.0345911605474205,-6.31024636961186e-05,0.0001365037714601
0.7125395739075153,2.0345280597709308,2.0345911605681595,-6.310079722871009e-05,0.00013635629154295
0.7125395775214107,2.0345280319954275,2.0345911605773934,-6.312858196588778e-05,0.00013637516115045
0.7125396069162624,2.034528057408048,2.0345911605882043,-6.310318015634309e-05,0.00013659312785
0.7125395717696937,2.0345280375016976,2.0345911605552844,-6.312305358679993e-05,0.00013635629154295
0.712539576045337,2.034528066438044,2.034591160549272,-6.309411122806807e-05,0.0001363335455155
0.7125395913098632,2.0345280476528487,2.0345911605629556,-6.311291010696607e-05,0.0001365474500147
0.7125395689850427,2.034528056961113,2.0345911605634632,-6.310360235017853e-05,0.00013627691752525
0.7125395803425706,2.034528046106655,2.034591160571853,-6.311446519813302e-05,0.0001364916991207
0.7125395836861941,2.0345280224037583,2.0345911605628983,-6.313815914005261e-05,0.00013647264441309998
0.7125396197327932,2.034528049646522,2.0345911605751636,-6.311092864175194e-05,0.00013659060080755
0.712539608136318,2.0345280432507735,2.0345911605642564,-6.311731348285221e-05,0.0001365439159342
0.7125396197327932,2.034528028635182,2.034591160552115,-6.313191693285702e-05,0.0001367383659238
0.7125395982016995,2.034528034758076,2.0345911605701605,-6.312581208467449e-05,0.00013650875205635
0.7125395726524351,2.0345280326985105,2.034591160560911,-6.312786240059154e-05,0.00013629173094355
0.7125395995030958,2.034528057161478,2.034591160542283,-6.310338080472988e-05,0.00013645772621385
0.7125395891698403,2.034528062824088,2.034591160561146,-6.309773705792665e-05,0.0001363986258675
0.7125395982016995,2.03452805074704,2.034591160579917,-6.310983287738381e-05,0.00013642561640615
0.712539588621437,2.0345280389432743,2.034591160574849,-6.312163157451423e-05,0.0001364318440579
0.7125395954064795,2.0345280557570926,2.034591160572725,-6.3104815632542e-05,0.0001364116809676
0.7125395969003034,2.034528054533421,2.0345911605561513,-6.310602273051913e-05,0.0001365037714601
0.7125396183738195,2.034528041698218,2.0345911605553155,-6.311885709742171e-05,0.0001366741202519
0.7125396001391624,2.034528067761767,2.034591160567901,-6.309280613381318e-05,0.0001364916991207
0.7125395781939539,2.034528055114089,2.034591160550936,-6.31054368467332e-05,0.0001363982977957
0.7125395985197329,2.0345280406279036,2.0345911605439584,-6.311991605478795e-05,0.00013650875205635
0.7125395995030958,2.0345280300819346,2.034591160574735,-6.313049280048944e-05,0.0001364318440579
0.7125395746455523,2.0345280479487964,2.034591160573649,-6.311262485247937e-05,0.0001362781252388
0.7125395717696937,2.0345280483706873,2.0345911605543563,-6.311218366894522e-05,0.0001362508110358
0.7125396069162624,2.0345280396193415,2.034591160561353,-6.312094201144092e-05,0.0001365740992158
0.712539599821129,2.0345280250253515,2.034591160583745,-6.313555839332352e-05,0.00013650875205635
0.71253961143445,2.03452804804341,2.0345911605754288,-6.311253201873868e-05,0.0001365474500147
0.7125396024886741,2.0345280633373095,2.0345911605721803,-6.309723487074592e-05,0.0001365474500147
0.7125395982016995,2.0345280593334003,2.0345911605715243,-6.310123812403035e-05,0.0001363855707674
0.7125396089943389,2.0345280429411674,2.0345911605452773,-6.311760410993017e-05,0.00013650875205635
0.7125395789319906,2.0345280507668524,2.0345911605706304,-6.310980377799424e-05,0.00013635629154295
0.7125395995030958,2.0345280381527555,2.034591160550667,-6.312239791128604e-05,0.0001364916991207
0.7125396180496126,2.034528050241438,2.034591160582448,-6.311034101003088e-05,0.0001365837577439
0.7125396190843792,2.0345280441741953,2.0345911605456477,-6.311637145239857e-05,0.0001366741202519
0.7125396130045925,2.0345280497117715,2.0345911605566065,-6.311084483501261e-05,0.0001365776067813
0.7125396001391624,2.0345280315677177,2.0345911605634535,-6.3128995735795e-05,0.00013653059133365
0.7125395775214107,2.0345280445926264,2.034591160546887,-6.311595426078398e-05,0.00013638821625055
0.7125396021706408,2.0345280462473156,2.0345911605635676,-6.31143162519443e-05,0.0001365439159342
0.712539599821129,2.034528047726151,2.034591160579583,-6.311285343185702e-05,0.0001364557354196
0.7125395919650604,2.0345280532037835,2.0345911605625724,-6.310735878889417e-05,0.00013650875205635
0.7125395836861941,2.034528062285908,2.03459116054162,-6.309825571193528e-05,0.000136513538398
0.7125395995030958,2.034528038491754,2.0345911605557463,-6.312206399217146e-05,0.00013642176251275
0.7125395995030958,2.034528048569913,2.034591160562316,-6.311199240327525e-05,0.0001364656620449
0.7125396089943389,2.0345280264618673,2.034591160554072,-6.313409220481958e-05,0.0001365137326526
0.7125395803425706,2.034528038405296,2.0345911605501468,-6.312214485060252e-05,0.00013642176251275
0.7125396102143944,2.0345280489445745,2.0345911605609364,-6.311161636185503e-05,0.00013657112524440002
0.7125395913098632,2.034528025014827,2.0345911605814107,-6.313556658366082e-05,0.0001365037714601
0.7125395913098632,2.034528034422426,2.034591160584886,-6.312616245995883e-05,0.0001363855707674
0.712539619897754,2.0345280360013933,2.0345911605651676,-6.312456377433051e-05,0.0001365992788126
0.7125395870298175,2.034528038435816,2.0345911605606855,-6.312212486925262e-05,0.00013640870741265
0.7125396021706408,2.034528043938779,2.0345911605857085,-6.311664692937313e-05,0.0001365776067813
0.7125396200627149,2.0345280146252853,2.0345911605672207,-6.314594193534973e-05,0.0001366121564842
0.7125395982016995,2.0345280285054597,2.034591160584985,-6.313207952546307e-05,0.0001364916991207
0.7125396048381859,2.0345280253885347,2.0345911605663773,-6.313517784262146e-05,0.00013649667971695
0.7125395747902566,2.0345280456236514,2.0345911605619142,-6.311493826283154e-05,0.000136352415123
0.7125395941050834,2.034528055182467,2.0345911605862677,-6.310540380072283e-05,0.0001364116809676
0.7125395870298175,2.0345280429268633,2.034591160573534,-6.311764667055186e-05,0.0001364656620449
0.712539566560534,2.0345280385596123,2.034591160561593,-6.312200198088647e-05,0.00013636547022309999
0.7125396024886741,2.034528061418604,2.0345911605774907,-6.309915888680351e-05,0.00013649667971695
0.7125395913098632,2.0345280269910613,2.0345911605557956,-6.313356473430787e-05,0.00013642176251275
0.7125396001391624,2.0345280399181673,2.0345911605631457,-6.31206449783761e-05,0.0001365811143468
0.7125396194085862,2.034528057566511,2.034591160561088,-6.310299457679136e-05,0.0001365811143468
0.7125395941050834,2.0345280534234447,2.0345911605552844,-6.310713183976802e-05,0.00013643867150625
0.712539599821129,2.0345280516448163,2.034591160584065,-6.310893924865724e-05,0.0001364656620449
0.712539608136318,2.0345280587360675,2.034591160594726,-6.310185865832096e-05,0.00013650875205635
0.7125395822756141,2.034528038107762,2.0345911605837435,-6.312247598128096e-05,0.0001364116809676
0.7125395747902566,2.0345280347689716,2.0345911605525093,-6.31257835377319e-05,0.0001365137326526
0.7125396152594146,2.0345280543814406,2.0345911605767792,-6.310619533866912e-05,0.0001365811143468
0.7125396045667507,2.034528039897952,2.0345911605836813,-6.312068572933427e-05,0.0001364318440579
0.7125396119612826,2.034528054042602,2.034591160576469,-6.310653386698561e-05,0.00013656077461525002
0.7125395941050834,2.034528027600267,2.0345911605709337,-6.313297066684598e-05,0.0001364796267813
0.7125396029473212,2.0345280373075516,2.034591160564998,-6.31232574463958e-05,0.0001364916991207
0.7125396001391624,2.0345280229782055,2.0345911605758054,-6.31375975999049e-05,0.00013649667971695
0.7125395735351763,2.0345280592425374,2.0345911605686804,-6.310132614295583e-05,0.0001363478315524
0.7125395803425706,2.0345280362240956,2.03459116056175,-6.312433765431891e-05,0.0001363647515335
0.7125395870298175,2.0345280567817063,2.0345911605665292,-6.310378482288215e-05,0.0001364656620449
0.7125396170148459,2.034528047310535,2.034591160574224,-6.31132636890186e-05,0.0001366221295295
0.7125395803425706,2.0345280531831875,2.03459116057707,-6.31073938825999e-05,0.0001363647515335
0.7125395803425706,2.034528063633167,2.034591160589259,-6.309695609196808e-05,0.0001363982977957
0.7125396057868062,2.0345280419398786,2.0345911605643847,-6.311862450614214e-05,0.0001365948004741
0.7125396197327932,2.03452806552676,2.0345911605531963,-6.309502643642162e-05,0.00013662751606675
0.7125396001391624,2.034528043172719,2.0345911605440605,-6.3117371341459e-05,0.0001364796267813
0.712539614224648,2.034528038865779,2.034591160573067,-6.312170728817179e-05,0.00013659060080755
0.7125396045667507,2.034528048935012,2.034591160575805,-6.311164079297882e-05,0.0001364318440579
0.712539599821129,2.034528071490374,2.034591160581351,-6.30890909771864e-05,0.0001364656620449
0.7125395969003034,2.034528044156276,2.0345911605774427,-6.311642116685334e-05,0.00013647264441309998
0.7125395725833911,2.0345280606030345,2.0345911605799487,-6.309997691422708e-05,0.0001363335455155
0.7125395982016995,2.034528055340963,2.0345911605679863,-6.310522702346333e-05,0.0001365037714601
0.7125396102143944,2.0345279956600217,2.0345911605734885,-6.316491346680664e-05,0.00013653059133365
0.7125396024886741,2.0345280303805144,2.0345911605678837,-6.313018736925358e-05,0.0001365811143468
0.7125396194085862,2.0345280465903426,2.034591160567624,-6.311397728131496e-05,0.00013660347847915
0.7125395789319906,2.0345280486291344,2.0345911605654243,-6.311193628993905e-05,0.00013650875205635
0.7125396102143944,2.0345280241255037,2.034591160563515,-6.313643801147961e-05,0.0001365802501784
0.7125395985197329,2.0345280308050233,2.0345911605609426,-6.312975591926673e-05,0.0001364796267813
0.7125396089943389,2.0345280316453787,2.034591160571937,-6.312892655824243e-05,0.0001365776067813
0.7125395767833739,2.034528050888021,2.0345911605867233,-6.310969870249039e-05,0.00013630444606029999
0.7125396021706408,2.0345280358299664,2.034591160571975,-6.31247420086467e-05,0.00013650875205635
0.7125395822756141,2.0345280569328414,2.0345911605848874,-6.310365204598156e-05,0.00013640674679865
0.7125396048381859,2.0345280288318826,2.034591160570694,-6.313173881133949e-05,0.0001365740992158
0.7125395941050834,2.034528003823031,2.0345911605678686,-6.315674483747813e-05,0.0001365037714601
0.7125395891698403,2.034528054792512,2.034591160583966,-6.310579145374362e-05,0.0001363478315524
0.7125396069162624,2.0345280560588233,2.0345911605772975,-6.310451847424403e-05,0.0001364796267813
0.7125395870298175,2.034528044863713,2.0345911605708737,-6.311570716066583e-05,0.0001364656620449
0.7125395781939539,2.034528039539629,2.0345911605476137,-6.312100798488984e-05,0.00013637516115045
0.7125395767833739,2.034528045959561,2.034591160587963,-6.31146284022499e-05,0.0001363986258675
0.7125396195735471,2.034528029345006,2.0345911605594806,-6.313121447476533e-05,0.00013661714300685
0.7125396001391624,2.03452805926481,2.0345911605690077,-6.310130419784343e-05,0.0001364796267813
0.7125395747902566,2.0345280671438,2.0345911605556126,-6.309341181243155e-05,0.00013630444606029999
0.7125395982016995,2.034528067583333,2.034591160550369,-6.309296703577161e-05,0.0001365474500147
0.71253961143445,2.0345280579759364,2.0345911605499825,-6.310257404607e-05,0.0001365474500147
0.7125396001391624,2.034528058222004,2.034591160566236,-6.310234423212435e-05,0.0001364318440579
0.7125396048381859,2.0345280258174974,2.0345911605741627,-6.313475666530621e-05,0.0001365740992158
0.712539619897754,2.034528019315503,2.0345911605555904,-6.314124008754973e-05,0.0001366121564842
0.7125396180496126,2.034528052527032,2.0345911605848674,-6.310805783549256e-05,0.000136632902604
0.7125396197327932,2.0345280362598523,2.0345911605647995,-6.31243049471486e-05,0.0001366279045673
0.7125396048381859,2.0345280547489635,2.034591160579616,-6.310583065261e-05,0.00013653059133365
0.7125395969003034,2.034528065028251,2.034591160570311,-6.309554205996548e-05,0.0001364487530514
0.7125395769388734,2.034528018667047,2.0345911605700384,-6.314190299150368e-05,0.0001363647515335
0.712539576045337,2.034528044260794,2.0345911605846125,-6.311632381850174e-05,0.0001363192594786
0.7125396024886741,2.0345280224484465,2.0345911605632874,-6.313811484082166e-05,0.000136586401141
0.7125395941050834,2.0345280433265307,2.0345911605780325,-6.311725150176528e-05,0.0001364116809676
0.7125396157485824,2.0345280470582217,2.0345911605540246,-6.311349580290226e-05,0.00013663658257235
0.712539614224648,2.0345280427098045,2.0345911605565035,-6.311784669899012e-05,0.00013662751606675
0.7125396008692446,2.0345280622114537,2.034591160553732,-6.309834227824496e-05,0.0001364916991207
0.7125396197327932,2.03452805059952,2.0345911605503164,-6.31099507963917e-05,0.0001365776067813
0.7125396194085862,2.034528055301492,2.0345911605644353,-6.310526294317498e-05,0.0001365811143468
0.712539599821129,2.0345280595420245,2.034591160589265,-6.31010472402771e-05,0.0001365037714601
0.712539599821129,2.034528034998166,2.0345911605835405,-6.312558537446833e-05,0.00013647264441309998
0.7125396183738195,2.0345280512037807,2.034591160582418,-6.31093786371828e-05,0.00013660347847915
0.7125396214496182,2.03452804157898,2.034591160561226,-6.311898224575785e-05,0.00013662751606675
0.7125396089943389,2.0345280316798604,2.0345911605518694,-6.312887200898842e-05,0.00013650875205635
0.7125395913098632,2.034528034978421,2.0345911605633504,-6.312558492949094e-05,0.0001364318440579
0.7125396211606223,2.0345280517128894,2.0345911605749687,-6.310886207927524e-05,0.00013668810325925
0.7125395803425706,2.034528053613666,2.0345911605592932,-6.310694562738917e-05,0.00013647264441309998
0.7125395689850427,2.034528058563934,2.034591160578403,-6.31020144687966e-05,0.000136289632642
0.7125395982016995,2.03452806158687,2.0345911605658804,-6.309897901024542e-05,0.00013650875205635
0.7125396190843792,2.0345280399188477,2.034591160565014,-6.312064616631474e-05,0.0001365811143468
0.7125395995030958,2.034528063254767,2.034591160566565,-6.30973117980993e-05,0.0001364656620449
0.712539576045337,2.0345280435835216,2.034591160565227,-6.311698170557989e-05,0.00013643867150625
0.7125395995030958,2.034528054585774,2.034591160567017,-6.310598124281697e-05,0.00013647264441309998
0.7125395803425706,2.034528010037505,2.0345911605540286,-6.315051652361348e-05,0.0001363986258675
0.7125396180496126,2.034528042680037,2.0345911605650104,-6.311788497326276e-05,0.000136632902604
0.7125395688486403,2.034528026237234,2.034591160570272,-6.31343330379508e-05,0.0001363478315524
0.7125395891698403,2.034528058850398,2.0345911605407445,-6.310169034673407e-05,0.00013647264441309998
0.7125396200627149,2.0345280361916345,2.0345911605642555,-6.312437262101511e-05,0.0001365837577439
0.7125396206116685,2.0345280640607033,2.0345911605780893,-6.309651738600763e-05,0.0001366225295441
0.712539599821129,2.0345280665443135,2.034591160571794,-6.309402748039261e-05,0.0001364116809676
0.7125395735351763,2.034528051082229,2.034591160575741,-6.310949351195916e-05,0.0001364318440579
0.7125395969003034,2.034528033962499,2.0345911605682643,-6.312660576535123e-05,0.0001364318440579
0.7125395803425706,2.0345280652830837,2.0345911605704963,-6.309528741255122e-05,0.0001364796267813
0.7125396048381859,2.034528053030469,2.0345911605706855,-6.310754021665588e-05,0.0001365740992158
0.7125396170148459,2.0345280292594605,2.0345911605659857,-6.313130652513266e-05,0.00013664695563225001
0.712539599821129,2.034528045789676,2.034591160550738,-6.311476106191094e-05,0.0001365256107374
0.7125395932664567,2.034528038367827,2.0345911605749816,-6.312220715454231e-05,0.0001364656620449
0.7125395704455695,2.034528055110982,2.0345911605449647,-6.310543398280188e-05,0.00013625750672215
0.7125395980740246,2.0345280235839756,2.0345911605720257,-6.313698805016088e-05,0.00013653059133365
0.7125395913098632,2.0345280516338025,2.034591160543169,-6.31089093663384e-05,0.0001365256107374
0.7125396102143944,2.0345280378855897,2.0345911605800446,-6.312269445496455e-05,0.00013656428218075
0.7125395980740246,2.0345280260020715,2.0345911605432048,-6.313454113326955e-05,0.00013649667971695
0.7125396183738195,2.0345280437127777,2.034591160572175,-6.311685939719425e-05,0.0001365837577439
0.7125396045667507,2.034528038157887,2.034591160562006,-6.312240411920911e-05,0.0001365137326526
0.7125395746455523,2.0345280361232865,2.03459116055125,-6.312442796341244e-05,0.0001364487530514
0.7125395789319906,2.0345280403516885,2.034591160584379,-6.312023269039457e-05,0.00013635629154295
0.71253961143445,2.0345280558760996,2.0345911605736267,-6.310469752701664e-05,0.0001365137326526
0.7125395982016995,2.0345280322045225,2.034591160566175,-6.312836165234259e-05,0.00013650875205635
0.7125395822756141,2.034528054706909,2.034591160575574,-6.310586866487e-05,0.00013647264441309998
0.7125395870298175,2.034528005535097,2.0345911605755824,-6.315504048526321e-05,0.00013650875205635
0.7125396021706408,2.0345280588407575,2.034591160566625,-6.310172586765361e-05,0.00013653059133365
0.7125395775214107,2.034528062642752,2.0345911605688394,-6.309792608716336e-05,0.00013628387894040002
0.7125396069162624,2.034528051388377,2.034591160581366,-6.310919298879725e-05,0.00013656077461525002
0.7125395913098632,2.0345280353209034,2.034591160569285,-6.312524838136824e-05,0.0001363855707674
0.7125396217386143,2.034528049201513,2.0345911605336093,-6.3111332096355e-05,0.00013660426533525
0.7125395891698403,2.0345280677881434,2.034591160573076,-6.309278493255022e-05,0.0001364318440579
0.71253961143445,2.034528052274106,2.0345911605518805,-6.310827777467054e-05,0.0001365137326526
0.7125395891698403,2.034528034979001,2.0345911605802884,-6.312560128751699e-05,0.00013649667971695
0.7125396218791074,2.0345280532604555,2.034591160550358,-6.310728990266412e-05,0.0001366610086605
0.7125395891698403,2.0345280319511754,2.034591160553651,-6.312860247570384e-05,0.0001365137326526
0.712539576045337,2.034528041435923,2.0345911605753093,-6.311913938628066e-05,0.0001363192594786
0.7125395717696937,2.0345280372641477,2.0345911605735876,-6.31233094399164e-05,0.00013638821625055
0.7125395689850427,2.0345280501198193,2.034591160565302,-6.311044548290567e-05,0.0001363187320972
0.712539614224648,2.0345280613047128,2.0345911605689997,-6.309926428693657e-05,0.0001365474500147
0.7125396206116685,2.0345280197731395,2.034591160585304,-6.314081216451939e-05,0.0001366610086605
0.7125396102143944,2.0345280675148816,2.0345911605991422,-6.309308426066806e-05,0.00013658444984495
0.7125395919650604,2.034528056236687,2.0345911605806113,-6.310434392409192e-05,0.00013638983780515002
0.7125396194085862,2.034528030655024,2.034591160567005,-6.312991198065276e-05,0.0001365776067813
0.7125395982016995,2.0345280493270312,2.034591160575259,-6.311124822788727e-05,0.0001365037714601
0.7125395941050834,2.0345280349770496,2.03459116056955,-6.312559250032379e-05,0.0001364796267813
0.7125395891698403,2.0345280412716025,2.0345911605592364,-6.311928763391705e-05,0.0001365776067813
0.7125395985197329,2.034528042678754,2.0345911605810785,-6.311790232427228e-05,0.00013650875205635
0.7125396089943389,2.03452805966933,2.034591160563039,-6.310089370931138e-05,0.0001365037714601
0.7125395836861941,2.034528049913992,2.034591160555266,-6.311064127384469e-05,0.0001364116809676
0.7125396024886741,2.0345280580356677,2.0345911605730134,-6.310253734564952e-05,0.00013650875205635
0.7125396069162624,2.034528042713084,2.03459116056198,-6.311784889589944e-05,0.0001365948004741
0.7125395713283107,2.0345280476340815,2.034591160570397,-6.311293631533488e-05,0.0001362316998162
0.7125395739075153,2.0345280358680498,2.0345911605656433,-6.312469759350847e-05,0.00013657112524440002
0.7125395781939539,2.0345280378758916,2.034591160590559,-6.312271466724084e-05,0.0001363855707674
0.7125395747902566,2.034528046685445,2.0345911605706095,-6.311388516433425e-05,0.0001363647515335
0.712539588621437,2.0345280491275015,2.034591160569844,-6.311144234238952e-05,0.00013650875205635
0.7125396001391624,2.034528045180812,2.034591160581632,-6.311540081993527e-05,0.00013649667971695
0.7125395717696937,2.0345280302115794,2.0345911605644633,-6.313035288396662e-05,0.0001363192594786
0.7125395747902566,2.0345280564286226,2.0345911605691898,-6.310414056720504e-05,0.000136289632642
0.7125395913098632,2.034528046527207,2.034591160584891,-6.311405768411049e-05,0.0001363855707674
0.7125396024886741,2.0345280321425907,2.0345911605710074,-6.31284284167144e-05,0.0001364796267813
0.7125395941050834,2.0345280528344105,2.0345911605795903,-6.310774517981343e-05,0.00013650875205635
0.7125396217386143,2.034528023935766,2.034591160542001,-6.313660623469275e-05,0.00013662751606675
0.7125396021706408,2.034528044037361,2.0345911605738998,-6.311653653856553e-05,0.00013647264441309998
0.7125396102143944,2.034528064523256,2.0345911605906535,-6.309606739751672e-05,0.0001365137326526
0.7125395836861941,2.034528028074,2.0345911605768103,-6.31325028104257e-05,0.0001364916991207
0.7125395603970666,2.0345280409700566,2.034591160569148,-6.311959909144349e-05,0.0001362642024085
0.7125396024886741,2.034528034531754,2.0345911605542666,-6.312602251279387e-05,0.0001365740992158
0.7125396069162624,2.034528033761559,2.0345911605592226,-6.312679766340423e-05,0.0001365948004741
0.7125395747902566,2.0345280567133304,2.034591160569779,-6.310385644869854e-05,0.00013648969734874998
0.712539619897754,2.0345280379868766,2.0345911605499083,-6.312256303164787e-05,0.0001366121564842
0.7125395982016995,2.034528033710395,2.03459116056274,-6.312685234499682e-05,0.00013650875205635
0.7125396048381859,2.0345280596952873,2.0345911605562446,-6.310086095728806e-05,0.0001365811143468
0.7125396180496126,2.034528049905928,2.0345911605825178,-6.311067658959502e-05,0.0001365256107374
0.7125395444897729,2.0345280219989035,2.0345911605742173,-6.313857531381473e-05,0.0001362642024085
0.7125395781939539,2.0345280617570487,2.0345911605764386,-6.309881938992845e-05,0.00013637516115045
0.7125396001391624,2.0345280505908607,2.0345911605937275,-6.311000286673973e-05,0.0001364116809676
0.7125395836861941,2.034528036466107,2.034591160574636,-6.312410852915562e-05,0.0001364318440579
0.7125395803425706,2.0345280588361114,2.0345911605759253,-6.310173981383116e-05,0.0001363647515335
0.7125396089943389,2.034528028989794,2.0345911605875857,-6.313159779169908e-05,0.00013656428218075
0.7125396217535129,2.0345280180175607,2.034591160566115,-6.314254855421808e-05,0.00013672734788925
0.7125395913098632,2.034528048290703,2.0345911605637417,-6.311227303879008e-05,0.0001364487530514
0.712539608136318,2.034528050457061,2.034591160565982,-6.31101089210162e-05,0.00013659312785
0.7125396089943389,2.0345280320192227,2.0345911605913365,-6.312857211376866e-05,0.0001365137326526
0.7125395902408664,2.034528051508189,2.0345911605714884,-6.310906329920485e-05,0.0001364796267813
0.7125395941050834,2.03452804037589,2.034591160587853,-6.312021196297479e-05,0.0001364487530514
0.712539599821129,2.0345280557847136,2.034591160552491,-6.310476777748875e-05,0.00013656077461525002
0.7125395995030958,2.0345280568599504,2.0345911605574747,-6.310369752426936e-05,0.00013649667971695
0.7125396048381859,2.0345280515290556,2.034591160576044,-6.310904698825226e-05,0.0001365740992158
0.7125395775214107,2.034528027904493,2.034591160560385,-6.313265589197314e-05,0.0001365740992158
0.7125395688486403,2.0345280521372118,2.0345911605890685,-6.310845185675262e-05,0.0001363667011599
0.7125395747902566,2.0345280451122805,2.0345911605527776,-6.311544049708573e-05,0.0001363667011599
0.7125396194085862,2.0345280514747475,2.034591160568076,-6.310909332851722e-05,0.00013656077461525002
0.7125395969003034,2.034528032746574,2.034591160561608,-6.312781503403642e-05,0.0001365037714601
0.7125395995030958,2.0345280357645215,2.03459116056726,-6.312480273873433e-05,0.0001365137326526
0.712539576045337,2.0345280348983197,2.0345911605517832,-6.312565346355825e-05,0.0001365065560298
0.7125396089943389,2.0345280297798043,2.0345911605637523,-6.313078394803995e-05,0.00013652686299855
0.7125396130045925,2.0345280502612404,2.0345911605599096,-6.311029866923334e-05,0.00013652686299855
0.7125396200627149,2.0345280588921386,2.0345911605874685,-6.31016953298591e-05,0.00013660347847915
0.7125396069575747,2.034528054708336,2.0345911605590787,-6.310585074276176e-05,0.0001365256107374
0.7125396069162624,2.0345280256065443,2.034591160568995,-6.31349624504729e-05,0.00013661385153905
0.7125395858262169,2.034528031660683,2.0345911605605846,-6.31288999017876e-05,0.00013637516115045
0.7125396057868062,2.034528046208761,2.034591160594962,-6.311438620087984e-05,0.00013656428218075
0.7125395717696937,2.034528046549894,2.0345911605647653,-6.311401487124613e-05,0.0001363478315524
0.7125395747902566,2.0345280538942276,2.0345911605680373,-6.310667380970969e-05,0.00013637975626
0.7125395775214107,2.0345280301904327,2.0345911605822242,-6.313039179151048e-05,0.00013635629154295
0.7125396102143944,2.0345280571033046,2.034591160559478,-6.310345617333013e-05,0.00013647264441309998
0.7125396069162624,2.034528057532434,2.034591160570427,-6.310303799317296e-05,0.0001365256107374
0.7125395941050834,2.034528035592164,2.0345911605812232,-6.312498905902686e-05,0.0001364916991207
0.7125395775214107,2.0345280481245327,2.0345911605659364,-6.311244140366767e-05,0.00013632719208775
0.7125396001391624,2.034528056384282,2.034591160580772,-6.310419649002696e-05,0.0001364627068101
0.7125395735351763,2.0345280353971233,2.034591160561018,-6.312516389472833e-05,0.00013647264441309998
0.7125396180496126,2.034528042482378,2.034591160575837,-6.311809345893593e-05,0.0001365948004741
0.7125396190843792,2.034528056047951,2.0345911605607427,-6.31045127916785e-05,0.0001365811143468
0.7125395803425706,2.034528040484851,2.0345911605611,-6.312007624886817e-05,0.0001363986258675
0.712539566560534,2.0345280501846927,2.0345911605744282,-6.311038973549898e-05,0.0001362508110358
0.7125395969003034,2.0345280517360034,2.0345911605772953,-6.310884129190342e-05,0.0001365137326526
0.7125395775214107,2.0345280235514545,2.034591160564895,-6.313701344051736e-05,0.00013647264441309998
0.7125396048381859,2.034528033101013,2.0345911605778793,-6.312747686632036e-05,0.0001365137326526
0.7125395677045872,2.0345280214565853,2.0345911605796343,-6.313912304900526e-05,0.00013628387894040002
0.7125396089943389,2.03452803329232,2.034591160547934,-6.312725561397059e-05,0.00013658444984495
0.7125396024886741,2.0345280160128323,2.034591160566313,-6.314455348066517e-05,0.000136586401141
0.7125395836861941,2.0345280134446355,2.03459116055152,-6.314710688437586e-05,0.0001365137326526
0.7125396200627149,2.0345280646861688,2.034591160569266,-6.309588309738601e-05,0.0001366610086605
0.7125395995030958,2.034528063281856,2.0345911605645965,-6.309728274045412e-05,0.0001364318440579
0.7125395789319906,2.034528006390867,2.034591160553932,-6.315416306534871e-05,0.000136513538398
0.7125395982016995,2.0345280264295167,2.0345911605806544,-6.313415113767817e-05,0.00013650875205635
0.7125395735351763,2.0345280542068873,2.034591160593205,-6.310638631790155e-05,0.0001363478315524
0.7125395913098632,2.034528066356024,2.0345911605635596,-6.309420753547457e-05,0.0001364916991207
0.7125396024886741,2.034528043356258,2.034591160575017,-6.311721875906784e-05,0.00013653059133365
0.7125395891698403,2.034528037960763,2.03459116057842,-6.312261765728522e-05,0.00013653059133365
0.7125395913098632,2.0345280551092966,2.034591160565208,-6.310545591148298e-05,0.0001364656620449
0.7125396194085862,2.0345280061107354,2.0345911605742972,-6.315446356186527e-05,0.0001365837577439
0.7125396001391624,2.0345280251696303,2.0345911605690765,-6.31353994462458e-05,0.0001365776067813
0.7125395913098632,2.0345280583911123,2.034591160559055,-6.31021679429189e-05,0.0001364796267813
0.7125395969003034,2.034528013115066,2.0345911605727554,-6.314745768953856e-05,0.0001364916991207
0.712539619897754,2.0345280626574964,2.034591160561426,-6.309790392977632e-05,0.0001365837577439
0.7125395739075153,2.0345280357469773,2.034591160578063,-6.312483108583677e-05,0.0001363986258675
0.712539608136318,2.0345280221696918,2.034591160567837,-6.313839814531264e-05,0.00013656077461525002
0.7125395822756141,2.0345280667047914,2.034591160565811,-6.309386101976955e-05,0.0001363986258675
0.7125395982016995,2.034528042943876,2.0345911605626044,-6.311761872845878e-05,0.0001364116809676
0.7125395747902566,2.034528040648464,2.0345911605798275,-6.311993136343119e-05,0.0001363335455155
0.7125395870298175,2.0345280475568717,2.034591160566013,-6.31130091415244e-05,0.0001364656620449
0.7125395775214107,2.034528042245285,2.0345911605744793,-6.31183291943671e-05,0.0001363982977957
0.7125395980740246,2.034528069830661,2.0345911605745064,-6.309074384525104e-05,0.00013658795741045
0.7125396021706408,2.0345280343655046,2.0345911605817,-6.31262161956414e-05,0.00013649667971695
0.712539599821129,2.034528026342951,2.0345911605738722,-6.313423092141335e-05,0.0001364916991207
0.7125395803425706,2.0345280659484635,2.0345911605523455,-6.309460388198573e-05,0.0001363855707674
0.7125396048381859,2.0345280579153395,2.034591160574657,-6.310265931741554e-05,0.00013656077461525002
0.7125395982016995,2.0345280287388587,2.0345911605909377,-6.3131852078957e-05,0.0001365137326526
0.7125396194085862,2.0345280569741044,2.034591160562608,-6.310358850347697e-05,0.00013659060080755
0.7125395913098632,2.0345280383820623,2.0345911605797515,-6.312219768922489e-05,0.0001364487530514
0.7125395803425706,2.034528023477719,2.0345911605548874,-6.313707716820716e-05,0.0001364916991207
0.712539608136318,2.0345280530164858,2.034591160591543,-6.310757505723075e-05,0.0001365740992158
0.7125395982016995,2.0345280493026667,2.0345911605793883,-6.311127672153916e-05,0.00013647264441309998
0.7125395735351763,2.0345280260431244,2.0345911605689513,-6.313452582684675e-05,0.00013643867150625
0.7125395603970666,2.0345280238330057,2.034591160580995,-6.31367479893008e-05,0.00013642176251275
0.7125395995030958,2.034528041617001,2.0345911605639877,-6.311894698685094e-05,0.0001365802501784
0.7125395704455695,2.034528027320089,2.0345911605699443,-6.313324985507407e-05,0.0001362781252388
0.7125396102143944,2.0345280564010615,2.034591160574583,-6.310417352128894e-05,0.0001365776067813
0.7125396170148459,2.0345280509646306,2.0345911605676825,-6.310960305189184e-05,0.0001365776067813
0.7125395775214107,2.0345280489416195,2.0345911605854714,-6.31116438518653e-05,0.0001363855707674
0.7125395870298175,2.0345280420214356,2.0345911605549833,-6.311853354779018e-05,0.0001364656620449
0.7125395711919082,2.0345280336001657,2.034591160575704,-6.312697553845226e-05,0.0001363986258675
0.7125396069162624,2.0345280459940294,2.0345911605464377,-6.311455240837205e-05,0.0001365776067813
0.712539599821129,2.0345280668225905,2.0345911605752636,-6.309375267310458e-05,0.0001364656620449
0.7125395995030958,2.034528044004059,2.0345911605570444,-6.311655298540941e-05,0.0001365811143468
0.7125395717696937,2.034527997402639,2.0345911605708724,-6.316316823351542e-05,0.0001363667011599
0.7125395789319906,2.034528030759602,2.0345911605682234,-6.312980862155371e-05,0.00013637516115045
0.7125396024886741,2.0345280444295297,2.0345911605692346,-6.31161397048885e-05,0.0001365037714601
0.7125396190843792,2.034528052842237,2.034591160543428,-6.310770119100084e-05,0.000136586401141
0.7125395919650604,2.034528059769742,2.034591160568812,-6.310079906990396e-05,0.00013647264441309998
0.7125396024886741,2.034528043401874,2.0345911605895046,-6.311718763063467e-05,0.000136513538398
0.712539599821129,2.034528065754681,2.0345911605416074,-6.309478692623216e-05,0.00013650875205635
0.7125395822756141,2.0345280404196466,2.0345911605493634,-6.312012971676495e-05,0.00013647264441309998
0.7125396152594146,2.0345280321677235,2.034591160574466,-6.312840674249642e-05,0.00013653059133365
0.7125395747902566,2.034528037457464,2.0345911605616966,-6.312310423250977e-05,0.0001363192594786
0.7125396024886741,2.0345280392121414,2.034591160570185,-6.312135804353858e-05,0.0001365137326526
0.7125396180496126,2.0345280416836595,2.0345911605773064,-6.311889364685186e-05,0.0001365474500147
0.7125395919650604,2.0345280045772034,2.034591160561512,-6.3155984308505e-05,0.00013656077461525002
0.7125395767833739,2.0345280311817215,2.034591160568436,-6.312938671459989e-05,0.00013642561640615
0.7125395995030958,2.0345280472101606,2.0345911605494953,-6.311333933473051e-05,0.0001365037714601
0.7125395803425706,2.034528009947447,2.0345911605666256,-6.315061917838705e-05,0.0001364796267813
0.712539576045337,2.034528047313114,2.0345911605702387,-6.31132571244919e-05,0.0001363335455155
0.7125396048381859,2.03452804403422,2.0345911605720595,-6.311653783930282e-05,0.0001365137326526
0.7125396021706408,2.0345280680097124,2.0345911605698634,-6.309256015102349e-05,0.0001364896470363
0.7125395747902566,2.034528052319713,2.03459116055168,-6.310823196731263e-05,0.0001363478315524
0.7125396001391624,2.0345280522864035,2.034591160566388,-6.310827998445845e-05,0.00013650875205635
0.7125395704455695,2.0345280435803113,2.0345911605831084,-6.311700279715282e-05,0.00013637516115045
0.7125395870298175,2.034528046016503,2.034591160558965,-6.311454246210602e-05,0.0001365474500147
0.7125396089943389,2.034528056195168,2.034591160580338,-6.310438517020955e-05,0.0001365137326526
0.712539599821129,2.034528058003392,2.034591160591876,-6.31025884838543e-05,0.0001365948004741
0.7125395815375772,2.034528027780701,2.0345911605598523,-6.313277915115378e-05,0.00013643867150625
0.7125396001391624,2.034528044192478,2.034591160561081,-6.31163686031222e-05,0.0001365137326526
0.7125395427256467,2.0345280189709025,2.0345911605433074,-6.314157240483453e-05,0.00013638983780515002
0.7125395891698403,2.034528061323838,2.0345911605616935,-6.309923785563498e-05,0.0001363986258675
0.7125395704455695,2.0345280247895365,2.034591160561681,-6.313577214456245e-05,0.0001363335455155
0.712539619897754,2.034528044824797,2.0345911605756863,-6.311575088924215e-05,0.000136586401141
0.7125395717696937,2.034528057169128,2.0345911605669964,-6.310339786841368e-05,0.0001363187320972
0.712539619897754,2.0345280284614833,2.0345911605668574,-6.313210537411962e-05,0.0001366221295295
0.7125395982016995,2.034528051733492,2.034591160560693,-6.310882720095279e-05,0.0001365256107374
0.7125396197327932,2.034528043484085,2.034591160575795,-6.311709171002988e-05,0.0001366221295295
0.7125395713283107,2.0345280595838173,2.034591160566536,-6.31009827185558e-05,0.0001364847167525
0.7125395969003034,2.034528050044028,2.0345911605843843,-6.311054035634811e-05,0.0001365037714601
0.7125396089943389,2.034528054196473,2.0345911605740574,-6.310637758444315e-05,0.0001365474500147
0.7125396048381859,2.0345280562060997,2.034591160557927,-6.310435182754759e-05,0.00013653059133365
0.7125395870298175,2.0345280339470646,2.0345911605590072,-6.312661194263214e-05,0.00013647264441309998
0.7125396194085862,2.034528037825315,2.0345911605479237,-6.312272260844409e-05,0.000136586401141
0.7125395913098632,2.034528052112618,2.0345911605893527,-6.310847673463016e-05,0.0001364656620449
0.712539608136318,2.0345280574407,2.0345911605676217,-6.310312692159314e-05,0.0001365776067813
0.7125395767833739,2.034528020632309,2.0345911605401543,-6.313990784523327e-05,0.00013637516115045
0.7125395941050834,2.0345280439229128,2.0345911605703595,-6.311664744673706e-05,0.0001364656620449
0.7125396206116685,2.0345280677811948,2.0345911605675724,-6.30927863776165e-05,0.0001365811143468
0.7125395767833739,2.0345280320114183,2.034591160561169,-6.312854975076831e-05,0.0001364487530514
0.7125396089943389,2.034528059461743,2.034591160556831,-6.310109508822492e-05,0.00013653059133365
0.7125395746455523,2.0345280461059714,2.034591160584079,-6.311447810780635e-05,0.0001364152067892
0.7125396180496126,2.034528043789516,2.0345911605759395,-6.31167864235671e-05,0.0001366221295295
0.7125396024886741,2.034528043905814,2.034591160559149,-6.31166533349159e-05,0.0001365474500147
0.7125395747902566,2.034528050457801,2.0345911605767895,-6.311011898851859e-05,0.0001362781252388
0.7125395803425706,2.0345280220653703,2.0345911605728433,-6.313850747297067e-05,0.0001364557354196
0.7125395870298175,2.0345280417722855,2.034591160553277,-6.311878099163337e-05,0.0001364916991207
0.7125396102143944,2.034528055973173,2.0345911605776643,-6.310460449121535e-05,0.00013650875205635
0.7125396195735471,2.0345280358512814,2.0345911605760194,-6.312472473801733e-05,0.00013662751606675
0.7125395767833739,2.0345280359467273,2.034591160551812,-6.312460508484108e-05,0.00013656428218075
0.7125396048381859,2.0345280408280946,2.0345911605641223,-6.311973602768362e-05,0.0001365740992158
0.7125395677045872,2.0345280533359866,2.0345911605530587,-6.31072170720337e-05,0.00013635629154295
0.7125395985197329,2.0345280248852653,2.0345911605651987,-6.313567993343483e-05,0.0001365439159342
0.7125396170148459,2.0345280549867213,2.034591160557441,-6.310557071964595e-05,0.0001365811143468
0.7125396001391624,2.0345280353942705,2.0345911605400744,-6.312514580386619e-05,0.00013659060080755
0.7125395969003034,2.034528057593621,2.034591160576686,-6.310298306511086e-05,0.00013643867150625
0.7125396048381859,2.0345280446388583,2.034591160564847,-6.311592598873261e-05,0.0001365776067813
0.712539614363566,2.034528051265897,2.034591160554659,-6.310928876196442e-05,0.0001365256107374
0.7125396194085862,2.034528012451462,2.034591160554368,-6.314810290586337e-05,0.000136715197858
0.7125395870298175,2.0345280561220025,2.0345911605804963,-6.310445849377899e-05,0.0001364487530514
0.7125396214496182,2.034528033041376,2.0345911605498763,-6.312750850012705e-05,0.0001366221295295
0.712539608136318,2.034528047470002,2.0345911605761984,-6.311310619633304e-05,0.0001365776067813
0.7125396140393591,2.0345280464610846,2.034591160554055,-6.311409297055093e-05,0.0001365740992158
0.7125395691651139,2.0345280283600737,2.0345911605580995,-6.313219802578374e-05,0.000136352415123
0.712539570309167,2.034528039788162,2.0345911605599483,-6.312077178627362e-05,0.00013630444606029999
0.7125395775214107,2.0345280536125467,2.034591160565491,-6.310695294420299e-05,0.0001363986258675
0.7125396089943389,2.0345280507234245,2.034591160577916,-6.310985449164974e-05,0.0001365474500147
0.7125395789319906,2.034528063685621,2.034591160567935,-6.309688231409538e-05,0.0001364116809676
0.7125395726524351,2.0345280311316523,2.0345911605515496,-6.312941989738974e-05,0.0001363667011599
0.7125396200627149,2.0345280239628014,2.034591160552234,-6.31365894325775e-05,0.0001366221295295
0.712539599821129,2.0345280694453205,2.034591160583154,-6.30911378336485e-05,0.00013637975626
0.7125396024886741,2.034528054561544,2.034591160578369,-6.310601682502082e-05,0.00013650875205635
0.7125395677045872,2.0345280466474844,2.0345911605755673,-6.311392808289185e-05,0.0001362508110358
0.7125395775214107,2.0345280277094284,2.03459116056154,-6.313285211145825e-05,0.00013635629154295
0.712539599821129,2.03452806055066,2.0345911605811966,-6.31000305366669e-05,0.0001365776067813
0.7125395755282935,2.034528020148926,2.0345911605659217,-6.31404169957328e-05,0.0001363187320972
0.7125396109265159,2.034528058442318,2.0345911605609404,-6.310211862237125e-05,0.00013656077461525002
0.7125396089943389,2.034528046149659,2.0345911605657196,-6.311441606055013e-05,0.0001364796267813
0.712539599821129,2.034528065355665,2.034591160566512,-6.309521084668646e-05,0.00013650875205635
0.7125395969003034,2.0345280493180944,2.0345911605907516,-6.311127265723471e-05,0.0001365740992158
0.7125396024886741,2.0345280314983087,2.034591160580837,-6.312908252814609e-05,0.000136586401141
0.7125395775214107,2.0345280330095634,2.0345911605656135,-6.312755605009102e-05,0.0001364847167525
0.7125396197327932,2.03452803478089,2.034591160554183,-6.312577329303792e-05,0.0001365948004741
0.7125396102143944,2.034528068063048,2.0345911605723512,-6.309250930325305e-05,0.00013649667971695
0.7125396204467078,2.0345280626917623,2.034591160576804,-6.309788504177405e-05,0.00013659060080755
0.712539614224648,2.0345280542095234,2.0345911605591342,-6.310634961081973e-05,0.00013650875205635
0.712539588621437,2.0345280638217824,2.034591160569953,-6.30967481707323e-05,0.0001364221891574
0.7125395858262169,2.0345280586124987,2.0345911605747964,-6.310196229764031e-05,0.0001363855707674
0.7125396045667507,2.0345280213218526,2.0345911605616607,-6.313923980805214e-05,0.0001364916991207
0.7125395755282935,2.034528043019368,2.0345911605583002,-6.311753893228911e-05,0.0001363986258675
0.7125395688486403,2.0345280083544326,2.0345911605749856,-6.315222055297554e-05,0.00013644565387444999
0.712539599821129,2.034528027749998,2.034591160572447,-6.313282244896357e-05,0.00013648969734874998
0.712539619897754,2.0345280296604287,2.034591160568437,-6.313090800835752e-05,0.0001366121564842
0.7125395803425706,2.0345280150299287,2.0345911605830715,-6.314555314279602e-05,0.00013644565387444999
0.7125396008692446,2.0345280461598336,2.0345911605705242,-6.31144106906234e-05,0.0001364796267813
0.7125396170148459,2.034528057624833,2.0345911605471327,-6.310292229994019e-05,0.0001365776067813
0.7125396170148459,2.0345280262999754,2.034591160576159,-6.31342761834297e-05,0.00013661714300685
0.7125395767833739,2.034528013332198,2.0345911605823783,-6.314725018041756e-05,0.0001365065560298
0.7125395822756141,2.0345280406780435,2.0345911605652267,-6.311988718321615e-05,0.00013648969734874998
0.7125396190843792,2.034528012816452,2.034591160560852,-6.314774440019377e-05,0.0001365811143468
0.7125396001391624,2.0345280501859215,2.034591160580008,-6.311039408668506e-05,0.00013647264441309998
0.7125396217684117,2.0345280380769095,2.034591160568944,-6.31224920346618e-05,0.0001366872318433
0.7125396048381859,2.0345280566741053,2.0345911605626354,-6.310388853014715e-05,0.00013647264441309998
0.712539588621437,2.0345280564942447,2.0345911605688327,-6.310407458798295e-05,0.0001365137326526
0.7125396190843792,2.034528040474195,2.034591160587301,-6.312011310605214e-05,0.00013659060080755
0.7125395803425706,2.034528020014328,2.0345911605768032,-6.314056247536115e-05,0.00013650875205635
0.7125395891698403,2.0345280610430194,2.034591160575318,-6.309953229877152e-05,0.0001364656620449
0.7125395870298175,2.034528032221075,2.0345911605687204,-6.312834764532482e-05,0.0001364796267813
0.7125396045667507,2.0345280462828232,2.0345911605847338,-6.311430191052736e-05,0.00013659060080755
0.712539599821129,2.0345280403796386,2.034591160565681,-6.312018604237579e-05,0.0001364796267813
0.7125396194085862,2.03452800882723,2.0345911605425098,-6.315171527981889e-05,0.00013664695563225001
0.7125396021706408,2.0345280509193855,2.034591160554811,-6.310963542555115e-05,0.00013653059133365
0.7125395767833739,2.034528030237842,2.034591160557331,-6.313031948890213e-05,0.00013634200550605
0.7125395767833739,2.0345280434551194,2.0345911605685596,-6.31171134402031e-05,0.0001364656620449
0.7125395689850427,2.0345280290481145,2.034591160561518,-6.313151340364698e-05,0.00013642176251275
0.7125395995030958,2.034528036319119,2.0345911605739704,-6.31242548512212e-05,0.0001364656620449
0.7125396208761967,2.0345280532655208,2.034591160582762,-6.310731724123997e-05,0.0001366221295295
0.7125395891698403,2.034528036636883,2.0345911605975124,-6.312396062924108e-05,0.0001364487530514
0.7125396220196003,2.0345280636168517,2.034591160562977,-6.309694612527394e-05,0.00013676021777639998
0.7125395941050834,2.0345280561297976,2.034591160559164,-6.310442936641181e-05,0.00013656077461525002
0.7125395409615206,2.034527982983044,2.034591160561421,-6.317757837681626e-05,0.00013645772621385
0.7125395739075153,2.0345280262050043,2.0345911605667464,-6.313436174210096e-05,0.0001364318440579
0.7125395747902566,2.0345280318160532,2.034591160564661,-6.312874860769924e-05,0.000136352415123
0.7125395711919082,2.034528047263906,2.0345911605647444,-6.311330083841327e-05,0.0001363192594786
0.712539614224648,2.034528040083128,2.034591160563417,-6.31204802892249e-05,0.0001365837577439
0.7125396200627149,2.034528053108446,2.034591160572983,-6.310746453719318e-05,0.000136641569095
0.7125395689850427,2.034528049489145,2.0345911605654936,-6.311107634848767e-05,0.0001363647515335
0.7125396089943389,2.0345280753373114,2.0345911605908933,-6.308525358189598e-05,0.00013653059133365
0.7125395747902566,2.0345280353769435,2.034591160562815,-6.312518587137106e-05,0.00013656077461525002
0.7125396155836217,2.0345280395382552,2.034591160566355,-6.31210280999106e-05,0.000136586401141
0.7125395913098632,2.034528041684822,2.0345911605735814,-6.311888875920602e-05,0.0001364557354196
0.7125396102143944,2.0345280346565366,2.0345911605922824,-6.312593574575587e-05,0.00013656077461525002
0.7125395760561322,2.0345280141955473,2.034591160574321,-6.314637877391505e-05,0.0001363986258675
0.7125396194085862,2.034528050839309,2.034591160541154,-6.310970184486564e-05,0.0001365948004741
0.7125396206116685,2.03452805031776,2.0345911605650455,-6.311024728544723e-05,0.0001366121564842
0.7125396089943389,2.0345280384744013,2.0345911605512277,-6.312207682634963e-05,0.0001365037714601
0.7125395789319906,2.034528037853015,2.0345911605590836,-6.312270606878556e-05,0.0001363855707674
0.7125395836861941,2.0345280618095654,2.034591160575608,-6.309876604282394e-05,0.00013640870741265
0.7125396001391624,2.0345280530925236,2.034591160559973,-6.310746744953022e-05,0.0001364796267813
0.71253961143445,2.0345280297173014,2.034591160581268,-6.313086396669831e-05,0.0001364557354196
0.7125395836861941,2.034528012542575,2.034591160576996,-6.314803442108996e-05,0.00013642176251275
0.7125395941050834,2.0345280588071297,2.0345911605794296,-6.310177229984504e-05,0.00013650875205635
0.7125396180496126,2.034528020278632,2.034591160567605,-6.314028897280721e-05,0.00013664695563225001
0.7125396194085862,2.0345280426122248,2.0345911605776426,-6.311796541780268e-05,0.0001365811143468
0.7125396102143944,2.0345280357705144,2.034591160570973,-6.312480045833624e-05,0.00013653059133365
0.7125395969003034,2.0345280484039145,2.034591160571555,-6.311216764043337e-05,0.0001364487530514
0.7125395995030958,2.0345280204184633,2.034591160569566,-6.314015110264748e-05,0.0001365439159342
0.7125395995030958,2.0345280596422657,2.0345911605724525,-6.310093018679908e-05,0.0001364796267813
0.7125395982016995,2.034528039953086,2.034591160563249,-6.312061016311432e-05,0.00013653059133365
0.7125395789319906,2.0345280445347056,2.0345911605816145,-6.311604690889538e-05,0.00013642561640615
0.7125396237955499,2.0345280364635516,2.0345911605742057,-6.312411065412249e-05,0.00013661714300685
0.7125395775214107,2.034528055078886,2.0345911605614013,-6.310548251553527e-05,0.0001363192594786
0.7125395995030958,2.0345280655071467,2.0345911605738887,-6.30950667419583e-05,0.00013647264441309998
0.7125395688486403,2.034528020694296,2.034591160554919,-6.313986062300714e-05,0.00013647264441309998
0.712539566560534,2.0345280449329715,2.034591160584159,-6.311565118766183e-05,0.0001363478315524
0.7125396197327932,2.0345280320088417,2.0345911605733393,-6.31285644976387e-05,0.0001366121564842
0.7125396001391624,2.034528054964833,2.034591160555822,-6.310559098876567e-05,0.00013642176251275
0.712539599821129,2.0345280452357595,2.0345911605673423,-6.311533158287475e-05,0.0001365137326526
0.7125395913098632,2.03452802331898,2.0345911605631266,-6.313724414663824e-05,0.0001364557354196
0.7125395870298175,2.0345280276806412,2.034591160570765,-6.313289012371825e-05,0.00013642176251275
0.7125395803425706,2.034528037549074,2.0345911605602476,-6.312301117361585e-05,0.0001364916991207
0.7125396024886741,2.034528055263231,2.0345911605532985,-6.310529006725574e-05,0.0001364318440579
0.7125395872108571,2.0345280318360817,2.0345911605550766,-6.312871899494255e-05,0.0001364916991207
0.71253961143445,2.034528029526845,2.034591160574824,-6.313104797905922e-05,0.0001365776067813
0.7125395858262169,2.0345280330383804,2.0345911605524205,-6.312751404013994e-05,0.0001364318440579
0.7125396152594146,2.0345280646198804,2.034591160556732,-6.309593685172032e-05,0.0001366084650018
0.7125395713283107,2.0345280546128914,2.03459116059062,-6.310597772873905e-05,0.00013627116382365
0.7125395982016995,2.0345280341179346,2.0345911605674623,-6.312644952766178e-05,0.0001364796267813
0.7125395995030958,2.0345280327683746,2.034591160583426,-6.31278150513559e-05,0.00013647264441309998
0.7125396214496182,2.0345280540344253,2.0345911605421554,-6.310650773011517e-05,0.0001365837577439
0.7125396089943389,2.03452806321108,2.0345911605592555,-6.309734817566692e-05,0.00013649667971695
0.7125395941050834,2.0345280577370515,2.0345911605486555,-6.31028116040433e-05,0.0001364487530514
0.7125396211606223,2.0345280474833842,2.0345911605667863,-6.311308340212207e-05,0.0001366221295295
0.7125396089943389,2.034528052674696,2.034591160567221,-6.310789252506055e-05,0.000136513538398
0.7125396109265159,2.0345280266747716,2.034591160566912,-6.31338921404101e-05,0.0001365948004741
0.7125395852177399,2.0345280573074622,2.0345911605865576,-6.310327909542224e-05,0.00013627116382365
0.7125395634788003,2.034528047885137,2.034591160591782,-6.311270664483004e-05,0.00013627691752525
0.7125396045667507,2.0345280399885515,2.0345911605814795,-6.312059292801209e-05,0.00013649667971695
0.7125395803425706,2.034528034531375,2.034591160557005,-6.312602562985603e-05,0.0001363647515335
0.7125396042487173,2.0345280315165306,2.0345911605554226,-6.312903889194033e-05,0.00013654244290345
0.7125396069162624,2.0345280561320203,2.0345911605538,-6.310442177959175e-05,0.0001365439159342
0.7125395980740246,2.034528032305367,2.0345911605540206,-6.312824865339906e-05,0.0001365137326526
0.7125396180496126,2.0345280508930124,2.034591160548317,-6.310965530476054e-05,0.0001365474500147
0.7125395646228534,2.0345280552955125,2.0345911605840876,-6.310528857511599e-05,0.0001362453569177
0.7125396140393591,2.034528039214967,2.034591160548951,-6.312133398367337e-05,0.00013661714300685
0.7125395858262169,2.0345280531290566,2.0345911605613893,-6.310743233273186e-05,0.00013640870741265
0.7125395891698403,2.0345280582182577,2.0345911605709697,-6.310235271200781e-05,0.0001363855707674
0.7125395717696937,2.0345280216725734,2.0345911605652645,-6.313889269105033e-05,0.00013637516115045
0.712539614224648,2.0345280267099297,2.034591160567491,-6.313385756140377e-05,0.00013656077461525002
0.7125396102143944,2.034528050804358,2.034591160586111,-6.310978175294579e-05,0.00013653059133365
0.7125395995030958,2.034528043702016,2.0345911605616163,-6.311685960014302e-05,0.00013656428218075
0.7125396054687729,2.034528039775388,2.034591160567472,-6.312079208381505e-05,0.0001365837577439
0.712539600152101,2.0345280399602435,2.0345911605597213,-6.312059947788384e-05,0.00013654742349969998
0.7125396001391624,2.0345280488726747,2.0345911605757374,-6.311170306272373e-05,0.00013658795741045
0.7125396021706408,2.0345280584994065,2.034591160539187,-6.310203978054929e-05,0.0001364916991207
0.7125395919650604,2.0345280540628785,2.0345911605601312,-6.310649725271844e-05,0.0001364796267813
0.7125395891698403,2.0345280438425744,2.034591160576872,-6.311673429770792e-05,0.0001364916991207
0.712539576045337,2.034528046762939,2.0345911605586795,-6.311379574031051e-05,0.0001363478315524
0.7125395870298175,2.0345280326588266,2.0345911605555185,-6.312789669182806e-05,0.0001365037714601
0.7125396021706408,2.0345280598827635,2.0345911605971074,-6.310071434389997e-05,0.00013649667971695
0.7125395803425706,2.0345280478118184,2.034591160559907,-6.311274808856737e-05,0.0001364116809676
0.712539608136318,2.034528043568946,2.0345911605721554,-6.311700320926761e-05,0.0001365137326526
0.7125396024886741,2.034528039392837,2.0345911605695233,-6.312117668638706e-05,0.0001365802501784
0.7125395969003034,2.034528037043739,2.034591160572495,-6.312352875603722e-05,0.0001365037714601
0.7125395913098632,2.0345280595047135,2.0345911605771385,-6.310107242502028e-05,0.0001364656620449
0.7125395767833739,2.034528048791963,2.034591160550554,-6.311175859119444e-05,0.00013637516115045
0.712539614224648,2.034528013713489,2.034591160540136,-6.314682664720905e-05,0.0001365776067813
0.7125395803425706,2.0345280385345292,2.0345911605490663,-6.312201453706479e-05,0.0001364916991207
0.7125395677045872,2.0345280477632475,2.0345911605675746,-6.311280432713673e-05,0.0001363187320972
0.7125395870298175,2.034528026755154,2.0345911605791036,-6.313382394962375e-05,0.0001365740992158
0.7125395775214107,2.03452805461257,2.0345911605728366,-6.310596026670723e-05,0.0001364796267813
0.71253961143445,2.0345280494941096,2.0345911605834672,-6.311108935763698e-05,0.0001365740992158
0.7125395941050834,2.0345280480726777,2.034591160549582,-6.311247690415911e-05,0.00013650875205635
0.7125395836861941,2.034528044218621,2.0345911605747675,-6.311635614641986e-05,0.0001363986258675
0.7125396217684117,2.0345280264838075,2.0345911605693523,-6.31340855448137e-05,0.000136632902604
0.712539576045337,2.0345280090507085,2.034591160599519,-6.315154881031404e-05,0.0001365776067813
0.7125396048381859,2.0345280465742945,2.03459116058068,-6.31140063855895e-05,0.0001365740992158
0.7125396180496126,2.03452806659462,2.0345911605627873,-6.309396816739365e-05,0.00013660347847915
0.712539570309167,2.0345280401373937,2.0345911605540015,-6.312041660772039e-05,0.0001363192594786
0.71253961143445,2.0345280465757134,2.0345911605551605,-6.311397944713804e-05,0.00013656077461525002
0.7125395735351763,2.0345280534858796,2.034591160563469,-6.310707758938605e-05,0.00013637975626
0.7125395982016995,2.0345280311558676,2.0345911605708857,-6.312941501818159e-05,0.0001365740992158
0.712539588621437,2.0345280480899177,2.0345911605856197,-6.311249570201127e-05,0.00013638821625055
0.7125395781939539,2.0345280348905144,2.0345911605803515,-6.312568983712907e-05,0.0001364916991207
0.7125396013721566,2.0345280419361678,2.034591160583593,-6.311864742514217e-05,0.00013647278835525
0.7125395995030958,2.034528038071221,2.0345911605657205,-6.312249449935692e-05,0.00013653059133365
0.7125396089943389,2.034528032648739,2.0345911605628166,-6.312791407747653e-05,0.0001365802501784
0.7125395891698403,2.0345280453978827,2.0345911605682603,-6.311517037760339e-05,0.0001363986258675
0.7125395891698403,2.0345280616682793,2.0345911605658804,-6.309889760114373e-05,0.0001364847167525
0.7125395767833739,2.0345280379392974,2.0345911605645832,-6.312262528584967e-05,0.0001363335455155
0.7125396180496126,2.034528040619545,2.034591160578015,-6.311995847019247e-05,0.0001365474500147
0.7125396180496126,2.0345280398475074,2.0345911605704896,-6.312072298220173e-05,0.0001365256107374
0.7125396102143944,2.0345280534322403,2.0345911605594185,-6.310712717816358e-05,0.0001365948004741
0.7125395726524351,2.034528048334463,2.0345911605733793,-6.311223891630746e-05,0.0001364916991207
0.7125396194085862,2.0345280318255115,2.034591160571158,-6.312874564651239e-05,0.000136586401141
0.7125395969003034,2.0345280339155565,2.034591160544914,-6.31266293575905e-05,0.0001364916991207
0.7125396001391624,2.0345280533426204,2.0345911605810096,-6.310723838920396e-05,0.00013647264441309998
0.7125395713283107,2.0345280335094316,2.03459116057118,-6.312706174860239e-05,0.00013637516115045
0.7125396102143944,2.0345280393156844,2.0345911605724694,-6.312125678498148e-05,0.0001365811143468
0.7125395913098632,2.034528069864196,2.0345911605748133,-6.309071061716409e-05,0.0001363986258675
0.71253961143445,2.0345280461921704,2.0345911605607445,-6.311436857409092e-05,0.00013650875205635
0.7125396069162624,2.034528022496841,2.034591160569225,-6.313807238367275e-05,0.00013656077461525002
0.7125396194085862,2.034528038496078,2.034591160557556,-6.312206147773836e-05,0.000136632902604
0.7125395600394948,2.034528035799517,2.0345911605591462,-6.312475962921837e-05,0.0001363982977957
0.7125395941050834,2.0345280266791717,2.0345911605627878,-6.313388361611771e-05,0.0001364318440579
0.7125396021706408,2.034528064157895,2.034591160553171,-6.309639527612987e-05,0.0001365256107374
0.7125396217535129,2.034528036470552,2.034591160543883,-6.312407333108894e-05,0.00013664695563225001
0.7125395995030958,2.0345280551329905,2.0345911605895566,-6.310545656607047e-05,0.0001364847167525
0.712539614224648,2.034528044545154,2.0345911605652316,-6.311602007746941e-05,0.00013670121485065
0.7125396048381859,2.034528058763727,2.034591160571721,-6.310180799395937e-05,0.0001365811143468
0.7125395891698403,2.03452802966052,2.0345911605584175,-6.313089789733439e-05,0.0001364487530514
0.7125396102143944,2.03452803254294,2.0345911605790112,-6.312803607144701e-05,0.00013662751606675
0.7125396195735471,2.03452805567169,2.0345911605703275,-6.31048986377003e-05,0.0001365811143468
0.7125395704455695,2.0345280074361116,2.034591160552422,-6.315311631022169e-05,0.00013630444606029999
0.7125395913098632,2.0345280498962905,2.034591160591625,-6.311069533460056e-05,0.00013650875205635
0.7125395913098632,2.0345280412280458,2.0345911605681652,-6.31193401194885e-05,0.00013640870741265
0.7125395870298175,2.0345280476718623,2.034591160567059,-6.311289519667085e-05,0.00013647264441309998
0.7125395982016995,2.034528043738907,2.0345911605782656,-6.311683935855683e-05,0.0001364656620449
0.7125396197327932,2.034528025174037,2.0345911605867615,-6.313541272451317e-05,0.0001366121564842
0.7125395822756141,2.0345280599158184,2.0345911605841325,-6.310066831405337e-05,0.00013642176251275
0.7125395969003034,2.0345280417751757,2.0345911605688527,-6.311879367704165e-05,0.00013643867150625
0.7125396276992623,2.0345280359572384,2.0345911605757814,-6.312461854296458e-05,0.000136641569095
0.7125396130045925,2.0345280347845516,2.034591160560427,-6.312577587541668e-05,0.0001365256107374
0.7125396054687729,2.0345280037703155,2.034591160554601,-6.315678428547855e-05,0.00013657112524440002
0.7125396045667507,2.0345280259656917,2.0345911605836386,-6.313461794693609e-05,0.0001365137326526
0.7125395870298175,2.0345280373765435,2.034591160561414,-6.312318487067259e-05,0.0001364656620449
0.7125395769388734,2.0345280139529183,2.034591160566056,-6.314661313755465e-05,0.0001364318440579
0.71253961143445,2.0345280417254963,2.0345911605797204,-6.311885422416452e-05,0.0001365992788126
0.7125396190843792,2.0345280257081306,2.0345911605804075,-6.313487227682657e-05,0.0001365811143468
0.712539619897754,2.0345280117183564,2.0345911605973392,-6.314887898284383e-05,0.00013664695563225001
0.7125395913098632,2.034528064631949,2.0345911605804075,-6.309594845843591e-05,0.0001363986258675
0.7125395969003034,2.0345280539449146,2.0345911605577722,-6.310661285757746e-05,0.0001365256107374
0.7125395767833739,2.034528049508983,2.0345911605551072,-6.311104612422014e-05,0.0001363335455155
0.7125395932664567,2.0345280327777227,2.0345911605523503,-6.312777462769148e-05,0.0001364318440579
0.7125396001391624,2.0345280505042447,2.0345911605640645,-6.311005981984863e-05,0.0001364318440579
0.71253961143445,2.0345280657501976,2.0345911605655633,-6.309481536570516e-05,0.00013656077461525002
0.7125396155836217,2.0345280534801473,2.0345911605697045,-6.310708955714617e-05,0.0001365837577439
0.7125395870298175,2.0345280439249036,2.0345911605728735,-6.311664796987415e-05,0.0001364656620449
0.7125395954064795,2.034528032026024,2.0345911605620697,-6.312853604573121e-05,0.0001364796267813
0.7125396140393591,2.0345280342974394,2.034591160559671,-6.312626223170525e-05,0.00013666006722365002
0.7125396082589708,2.034528018844245,2.0345911605766642,-6.314173241905863e-05,0.00013659060080755
0.7125396102143944,2.0345280557556746,2.0345911605824285,-6.310482675386808e-05,0.00013656428218075
0.7125396170148459,2.034528041894707,2.034591160573005,-6.311867829777995e-05,0.00013660347847915
0.7125396102143944,2.0345280400669705,2.034591160573869,-6.312050689860627e-05,0.00013653059133365
0.7125395985197329,2.034528057066514,2.034591160570747,-6.310350423310851e-05,0.00013644565387444999
0.7125396001391624,2.034528058424278,2.0345911605835933,-6.310215931515373e-05,0.0001364318440579
0.7125395747902566,2.0345280495811044,2.0345911605903644,-6.311100925993074e-05,0.0001364896470363
0.7125395969003034,2.034528029361769,2.0345911605600455,-6.31311982766114e-05,0.00013656077461525002
0.7125396048381859,2.034528047884312,2.034591160565196,-6.311268088410316e-05,0.0001365802501784
0.7125396069162624,2.034528054824316,2.0345911605604825,-6.310573616641335e-05,0.0001365776067813
0.7125395891698403,2.0345280336181544,2.034591160554997,-6.312693684273896e-05,0.00013650875205635
0.7125395985197329,2.0345280604013873,2.034591160541803,-6.310014041543965e-05,0.0001364916991207
0.7125396045667507,2.034528015207627,2.034591160582832,-6.314537520513142e-05,0.00013654742349969998
0.7125395691214451,2.0345280434075024,2.0345911605610807,-6.311715357831815e-05,0.0001362642024085
0.7125395789319906,2.034528044966097,2.0345911605429694,-6.311557687244118e-05,0.0001363855707674
0.712539566560534,2.034528052703475,2.0345911605873312,-6.310788385643917e-05,0.0001362074544713
0.7125396183738195,2.0345280568764017,2.03459116055804,-6.310368163831015e-05,0.00013660162193815
0.7125395726524351,2.034528027117613,2.0345911605731093,-6.313345549635585e-05,0.0001363855707674
0.7125396089943389,2.034528061207882,2.034591160551189,-6.309934330683831e-05,0.00013656077461525002
0.7125396069162624,2.0345280633861664,2.0345911605595886,-6.309717342212195e-05,0.0001365776067813
0.7125395803425706,2.034528048065255,2.034591160546757,-6.311248150225879e-05,0.0001364116809676
0.7125395995030958,2.0345280563571024,2.034591160557348,-6.310420024568941e-05,0.00013643867150625
0.7125395941050834,2.0345280487884465,2.0345911605924876,-6.311180404106054e-05,0.0001363986258675
0.712539584415637,2.0345280457639654,2.034591160575972,-6.311481200649283e-05,0.0001363855707674
0.7125396170148459,2.0345280546353943,2.0345911605575995,-6.310592220515332e-05,0.0001366546806864
0.712539576045337,2.034528055899384,2.034591160543177,-6.310464379266634e-05,0.00013638821625055
0.7125395982016995,2.0345280225089506,2.0345911605854625,-6.313807651192604e-05,0.0001365474500147
0.7125395969003034,2.034528039245836,2.0345911605683424,-6.312132250663183e-05,0.0001365037714601
0.7125396211606223,2.03452803036258,2.034591160551026,-6.313018844616991e-05,0.0001367383659238
0.7125395957245129,2.0345280595813784,2.0345911605699745,-6.310098859607649e-05,0.0001364318440579
0.71253961143445,2.0345280470495375,2.034591160576087,-6.311352654941871e-05,0.0001365137326526
0.7125395969003034,2.034528023896702,2.034591160577812,-6.313668111035398e-05,0.0001364656620449
0.7125395982016995,2.0345280566114345,2.0345911605750264,-6.310396359188175e-05,0.00013653893533795
0.7125396048381859,2.0345280483339176,2.0345911605650184,-6.311223110078146e-05,0.0001365776067813
0.7125396194085862,2.0345280566123964,2.0345911605595264,-6.310394712993883e-05,0.000136641569095
0.7125396024886741,2.034528064182647,2.0345911605773113,-6.309639466417494e-05,0.0001365740992158
0.7125395941050834,2.03452805968351,2.03459116059501,-6.310091149996921e-05,0.0001364318440579
0.7125396102143944,2.034528062502674,2.034591160564606,-6.30980619318322e-05,0.0001365802501784
0.7125395891698403,2.034528049237829,2.034591160588625,-6.311135079606345e-05,0.0001363986258675
0.712539599821129,2.0345280386278666,2.0345911605828295,-6.312195496294137e-05,0.00013656428218075
0.7125395836861941,2.0345280507805947,2.034591160595454,-6.31098148593523e-05,0.00013637516115045
0.7125396048381859,2.0345280319913317,2.0345911605629126,-6.31285715808616e-05,0.0001365740992158
0.7125395870298175,2.0345280574043305,2.03459116054645,-6.310314211965817e-05,0.00013642176251275
0.7125395689850427,2.0345280566750543,2.0345911605912463,-6.310391619201994e-05,0.00013630444606029999
0.712539614224648,2.0345280476689886,2.0345911605542177,-6.311288522908853e-05,0.00013656692557785
0.7125395995030958,2.034528060027549,2.0345911605784686,-6.310055091951483e-05,0.000136467807759
0.712539599821129,2.0345280280104814,2.034591160558083,-6.31325476017075e-05,0.0001365037714601
0.7125395775214107,2.03452804595857,2.034591160566413,-6.311460784269585e-05,0.00013640870741265
0.7125395802824969,2.0345280310967606,2.0345911605373574,-6.31294405968319e-05,0.0001364656620449
0.7125395870298175,2.034528024566093,2.0345911605653724,-6.31359992793179e-05,0.0001364656620449
0.7125395969003034,2.03452803747798,2.034591160566308,-6.312308832789881e-05,0.000136467807759
0.7125395982016995,2.034528062049127,2.0345911605407947,-6.30984916676347e-05,0.0001364318440579
0.7125395870298175,2.034528061121332,2.0345911605697147,-6.309944838278625e-05,0.0001363478315524
0.7125396024886741,2.034528051718775,2.034591160579167,-6.310886039218033e-05,0.00013656077461525002
0.7125395982016995,2.034528072883926,2.034591160563375,-6.308767944895877e-05,0.0001364487530514
0.7125395569396813,2.0345279906584546,2.034591160573199,-6.316991474442091e-05,0.00013647264441309998
0.7125395717696937,2.034528025126636,2.034591160561047,-6.313543441072156e-05,0.000136289632642
0.7125396001391624,2.0345280510444965,2.0345911605612508,-6.310951675425613e-05,0.00013647264441309998
0.7125396024886741,2.0345280596655675,2.0345911605684686,-6.310090290106984e-05,0.0001365256107374
0.7125395995030958,2.034528054918262,2.034591160563453,-6.3105645191186e-05,0.00013647264441309998
0.7125395767833739,2.034528060895582,2.0345911605507365,-6.309965515471916e-05,0.0001363192594786
0.7125395969003034,2.0345280309682,2.034591160597088,-6.312962888799234e-05,0.0001365037714601
0.7125396048381859,2.0345280642197903,2.034591160555412,-6.309633562162631e-05,0.00013650875205635
0.7125396021706408,2.034528042210518,2.0345911605614337,-6.311835091565854e-05,0.0001364656620449
0.712539599821129,2.0345280544532147,2.0345911605664773,-6.310611326254545e-05,0.0001364796267813
0.7125395941050834,2.034528021991514,2.034591160557291,-6.313856577699895e-05,0.0001365037714601
0.7125395822756141,2.0345280610943015,2.034591160575972,-6.309948167038115e-05,0.0001364916991207
0.7125395836861941,2.0345280140085786,2.034591160594605,-6.314658602635248e-05,0.00013649667971695
0.7125395735351763,2.034528047311749,2.034591160558011,-6.311324626206982e-05,0.0001363986258675
0.7125396045667507,2.034528038368205,2.0345911605586253,-6.31221904203727e-05,0.0001364557354196
0.7125395891698403,2.0345280327317536,2.0345911605742883,-6.312784253470483e-05,0.0001365137326526
0.7125395735351763,2.034528032804336,2.03459116057268,-6.312776834382916e-05,0.00013635629154295
0.7125396109265159,2.0345280515044295,2.034591160564894,-6.310906046458342e-05,0.0001366279045673
0.7125395954064795,2.0345280407832624,2.034591160557047,-6.311977378459233e-05,0.00013640870741265
0.7125396140393591,2.0345280677902395,2.03459116055493,-6.309276469051994e-05,0.00013658795741045
0.7125396069162624,2.034528022799883,2.0345911605764244,-6.313777654121111e-05,0.00013656077461525002
0.7125396001391624,2.034528039710076,2.0345911605414413,-6.312083136528202e-05,0.0001364916991207
0.7125395836861941,2.0345280337757727,2.0345911605614266,-6.312678565389973e-05,0.0001364318440579
0.7125395747902566,2.0345280460555624,2.0345911605732026,-6.311451764018372e-05,0.0001364487530514
0.7125396001391624,2.034528035554175,2.0345911605550278,-6.3125000852704e-05,0.0001364656620449
0.7125395969003034,2.0345280320568087,2.034591160571436,-6.312851462730862e-05,0.0001364796267813
0.7125396001391624,2.0345280339444174,2.034591160572862,-6.312662844454309e-05,0.00013642176251275
0.7125395689850427,2.0345280449170207,2.034591160568502,-6.311565148120479e-05,0.0001363478315524
0.7125395836861941,2.0345280161767696,2.034591160561619,-6.314438484933405e-05,0.0001364116809676
0.7125396211606223,2.0345280688269987,2.034591160575252,-6.309174825336328e-05,0.0001366121564842
0.7125396180496126,2.034528050839732,2.0345911605819684,-6.310974223655563e-05,0.0001365811143468
0.7125396211606223,2.0345280531527687,2.0345911605639504,-6.310741118165097e-05,0.0001366221295295
0.7125395713283107,2.034528031517429,2.03459116055752,-6.312904009098119e-05,0.00013637516115045
0.712539570309167,2.034528027979728,2.0345911605857565,-6.31326060283044e-05,0.0001363667011599
0.7125395688486403,2.0345280397554353,2.0345911605685565,-6.31208131212091e-05,0.00013627116382365
0.712539576045337,2.034528054195067,2.03459116056173,-6.310636666295721e-05,0.00013656077461525002
0.7125395760561322,2.034528029270972,2.0345911605926252,-6.313132165303159e-05,0.0001363855707674
0.7125395913098632,2.03452802945545,2.034591160588876,-6.313113342582e-05,0.00013656692557785
0.7125395739075153,2.0345280303017548,2.03459116055242,-6.313025066528866e-05,0.0001364116809676
0.7125395995030958,2.034528045901274,2.034591160562276,-6.311466100239471e-05,0.0001365256107374
0.7125395747902566,2.0345280450486496,2.0345911605569627,-6.311550831306079e-05,0.0001364847167525
0.7125396170148459,2.034528065034402,2.0345911605798737,-6.309554547145879e-05,0.00013659060080755
0.7125395995030958,2.03452804114461,2.0345911605747187,-6.31194301088378e-05,0.0001364487530514
0.7125395877742164,2.03452803387143,2.0345911605688394,-6.312669740937693e-05,0.0001365137326526
0.7125396089943389,2.0345280493062963,2.03459116057789,-6.311127159364105e-05,0.000136586401141
0.7125395913098632,2.034528042478204,2.0345911605625466,-6.311808434267263e-05,0.0001364318440579
0.7125395775214107,2.0345280449785412,2.034591160565672,-6.311558713090193e-05,0.00013637516115045
0.7125395704455695,2.034528037542123,2.034591160546131,-6.312300400779236e-05,0.0001363192594786
0.7125396152594146,2.034528039108952,2.034591160597824,-6.31214888722198e-05,0.0001365811143468
0.7125396195735471,2.0345280606812253,2.034591160572083,-6.309989085773182e-05,0.00013664695563225001
0.7125395913098632,2.0345280564777206,2.0345911605647116,-6.310408699095049e-05,0.00013637516115045
0.7125396057868062,2.034528059952831,2.034591160546575,-6.310059374392551e-05,0.0001365137326526
0.712539621464517,2.0345280539818456,2.034591160543211,-6.310656136543358e-05,0.00013674459012009998
0.7125396048381859,2.0345280592433395,2.0345911605381297,-6.310129479025761e-05,0.0001365137326526
0.712539599821129,2.0345280344664816,2.034591160563572,-6.312609709047123e-05,0.0001364487530514
0.7125396048381859,2.0345280504889756,2.034591160587384,-6.311009840853643e-05,0.00013649667971695
0.712539599821129,2.0345280362251503,2.0345911605696947,-6.3124344544363e-05,0.0001364487530514
0.7125395913098632,2.03452805201057,2.0345911605740508,-6.310856348079597e-05,0.00013643867150625
0.7125395858262169,2.034528060602719,2.0345911605782394,-6.309997552023106e-05,0.0001364318440579
0.7125395891698403,2.0345280366463343,2.034591160584306,-6.31239379718096e-05,0.0001363855707674
0.7125396001391624,2.0345280501905276,2.0345911605594336,-6.311036890593869e-05,0.00013653059133365
0.7125395775214107,2.03452803030609,2.0345911605653137,-6.313025922377591e-05,0.00013635629154295
0.7125395969003034,2.034528048880384,2.03459116056421,-6.311168382611143e-05,0.00013653059133365
0.7125396001391624,2.034528051105879,2.0345911605807827,-6.310947490373309e-05,0.0001365037714601
0.7125396048381859,2.0345280658222453,2.0345911605562788,-6.309473403343091e-05,0.00013653059133365
0.7125396054687729,2.0345280396114522,2.0345911605632323,-6.312095178007127e-05,0.000136467807759
0.7125396190843792,2.034528030229653,2.03459116056004,-6.313033038729543e-05,0.00013664695563225001
0.712539599821129,2.034528058735085,2.034591160567126,-6.310183204094599e-05,0.0001365137326526
0.7125396089943389,2.034528040950473,2.034591160564792,-6.31196143188184e-05,0.0001364916991207
0.7125396140393591,2.0345280338101857,2.0345911605724716,-6.312676228592551e-05,0.000136513538398
0.7125395891698403,2.034528054385694,2.0345911605741342,-6.310618844018734e-05,0.0001364656620449
0.7125395941050834,2.0345280506574848,2.0345911605632567,-6.310990577196307e-05,0.00013650875205635
0.7125396069162624,2.034528053969336,2.0345911605958586,-6.310662652264654e-05,0.0001365776067813
0.7125395822756141,2.034528040377084,2.0345911605678237,-6.312019073995145e-05,0.00013647264441309998
0.7125396109265159,2.034528051818953,2.0345911605526066,-6.310873365356073e-05,0.000136586401141
0.7125396024886741,2.0345280364115084,2.034591160567996,-6.312415648768166e-05,0.0001365037714601
0.7125396024886741,2.0345280684091205,2.0345911605694376,-6.309216031707976e-05,0.0001364796267813
0.7125396197327932,2.0345280438433946,2.0345911605496836,-6.311670628900146e-05,0.00013659060080755
0.71253961143445,2.034528053190929,2.0345911605587563,-6.310736782744186e-05,0.00013648969734874998
0.7125395982016995,2.034528056288349,2.0345911605657,-6.310427735112256e-05,0.000136467807759
0.7125396170148459,2.034528044216756,2.034591160546682,-6.311632992606064e-05,0.0001365811143468
0.7125396211606223,2.0345280593890647,2.034591160594238,-6.310120517349915e-05,0.0001366121564842
0.71253961143445,2.034528056386235,2.03459116055838,-6.310417214505648e-05,0.0001365740992158
0.7125396130045925,2.0345280566057524,2.034591160586498,-6.310398074571566e-05,0.0001365776067813
0.7125395969003034,2.034528053825282,2.0345911605528135,-6.31067275316255e-05,0.0001363986258675
0.7125395913098632,2.034528030430916,2.0345911605735982,-6.313014268233275e-05,0.0001364318440579
0.7125396048381859,2.0345280691832532,2.0345911605889886,-6.309140573534933e-05,0.0001364656620449
0.7125395775214107,2.034528050749707,2.034591160572099,-6.310982239199348e-05,0.00013634200550605
0.7125396089943389,2.034528044127667,2.034591160560436,-6.311643276868395e-05,0.0001364916991207
0.7125396170148459,2.0345280222675153,2.034591160585026,-6.313831751070254e-05,0.000136641569095
0.7125395941050834,2.0345280257982394,2.034591160545597,-6.313474735764046e-05,0.0001364796267813
0.71253961143445,2.0345280581938323,2.03459116054071,-6.310234687756378e-05,0.0001365948004741
0.7125396048381859,2.0345280659034515,2.034591160574324,-6.309467087239895e-05,0.0001365439159342
0.7125395803425706,2.0345280388077165,2.0345911605786573,-6.31217709408105e-05,0.0001363647515335
0.7125395891698403,2.0345280623452986,2.034591160555924,-6.309821062533416e-05,0.0001364116809676
0.712539614224648,2.0345280139550823,2.0345911605607467,-6.314660566442143e-05,0.00013656077461525002
0.7125396190843792,2.0345280437338364,2.0345911605557063,-6.311682186987966e-05,0.00013659060080755
0.7125396089943389,2.034528042357896,2.034591160570219,-6.311821232296566e-05,0.00013656428218075
0.7125396102143944,2.0345280348674164,2.0345911605663356,-6.31256989191975e-05,0.0001366070084754
0.7125396170148459,2.034528062662943,2.0345911605736844,-6.309791074121662e-05,0.00013661714300685
0.7125395767833739,2.034528058743139,2.0345911605685534,-6.31018254142468e-05,0.0001364487530514
0.7125396089943389,2.034528041277438,2.0345911605443323,-6.311926689450686e-05,0.00013649667971695
0.7125396045667507,2.034528028130252,2.0345911605431493,-6.313241289745974e-05,0.0001365037714601
0.7125395858262169,2.0345280041939993,2.0345911605566243,-6.315636262499424e-05,0.000136586401141
0.7125396102143944,2.034528039727297,2.034591160562379,-6.31208350823087e-05,0.00013656077461525002
0.7125395755282935,2.034528022657732,2.034591160577578,-6.31379198461346e-05,0.0001364656620449
0.7125395941050834,2.0345280449463625,2.0345911605480897,-6.311560172722608e-05,0.0001363986258675
0.7125395781939539,2.0345280587170897,2.0345911605710945,-6.310185400471013e-05,0.00013637516115045
0.7125396102143944,2.0345280479733496,2.034591160544181,-6.311257083124744e-05,0.0001365137326526
0.7125395746455523,2.0345280458521837,2.0345911605812206,-6.311472903686166e-05,0.0001363478315524
0.7125395735351763,2.0345280556667884,2.0345911605773277,-6.310491053929113e-05,0.00013632719208775
0.7125395689850427,2.034528057882652,2.0345911605578366,-6.310267518472301e-05,0.00013630444606029999
0.7125396069162624,2.034528043956976,2.0345911605365283,-6.311657955215821e-05,0.0001364796267813
0.7125396001391624,2.0345280325830206,2.0345911605359577,-6.312795293705875e-05,0.00013652686299855
0.7125396194085862,2.0345280072822116,2.0345911605524254,-6.315327021377826e-05,0.00013668810325925
0.7125395870298175,2.0345280410335316,2.0345911605806313,-6.311954709969925e-05,0.0001364487530514
0.7125396200627149,2.034528060389135,2.0345911605907427,-6.310020160782415e-05,0.0001365811143468
0.7125396069162624,2.0345280521907054,2.0345911605499984,-6.310835929301817e-05,0.0001365740992158
0.7125395755282935,2.034528039390365,2.034591160584283,-6.312119391793658e-05,0.0001363187320972
0.7125395941050834,2.034528030749957,2.0345911605646125,-6.31298146553938e-05,0.00013647264441309998
0.7125396001391624,2.0345280057611808,2.03459116058768,-6.315482649910109e-05,0.00013653059133365
0.7125395836861941,2.034528050328427,2.0345911605713187,-6.311024289162859e-05,0.0001364656620449
0.7125395995030958,2.034528040262234,2.0345911605521505,-6.312028991661833e-05,0.0001365740992158
0.7125395969003034,2.0345280404926953,2.0345911605734783,-6.3120080783019e-05,0.0001365037714601
0.7125395767833739,2.034528044319643,2.034591160536582,-6.311621693910752e-05,0.0001364916991207
0.7125395891698403,2.034528047373553,2.034591160553033,-6.311317947993444e-05,0.0001364656620449
0.7125396204114968,2.0345280328602184,2.0345911605387736,-6.312767855520818e-05,0.0001366121564842
0.7125395803425706,2.034528048737358,2.0345911605607516,-6.311182339358012e-05,0.0001364656620449
0.7125396048381859,2.034528038745725,2.0345911605681937,-6.312182246848153e-05,0.0001365740992158
0.712539608136318,2.0345280496623777,2.034591160575387,-6.311091300936766e-05,0.0001365740992158
0.7125395870298175,2.034528031641195,2.034591160588098,-6.31289469033014e-05,0.0001363855707674
0.7125396069162624,2.034528057296297,2.0345911605612352,-6.310326493830232e-05,0.0001365776067813
0.7125396001391624,2.0345280617215487,2.0345911605758817,-6.309885433308793e-05,0.00013656077461525002
0.7125396190843792,2.0345280673379444,2.0345911605381706,-6.309320022612752e-05,0.0001365837577439
0.7125395775214107,2.0345280428548245,2.03459116055591,-6.311770108569092e-05,0.00013656077461525002
0.7125395858262169,2.0345280064854565,2.034591160597581,-6.315411212431954e-05,0.0001363855707674
0.7125396183738195,2.034528058456129,2.034591160577573,-6.310212144367e-05,0.0001365992788126
0.7125395941050834,2.0345280229043543,2.0345911605879685,-6.313768361421168e-05,0.0001364656620449
0.7125395767833739,2.034528043977907,2.0345911605717193,-6.311659381230683e-05,0.0001362781252388
0.7125395726524351,2.0345280450344716,2.034591160563905,-6.311552943349952e-05,0.0001363192594786
0.7125395995030958,2.034528063082649,2.0345911605523055,-6.309746965627028e-05,0.0001364916991207
0.7125396048381859,2.0345280312742644,2.034591160540982,-6.312926671769858e-05,0.0001366221295295
0.7125395891698403,2.03452806386407,2.0345911605568707,-6.309669280080143e-05,0.0001364847167525
0.7125395789319906,2.0345280339792415,2.0345911605718228,-6.312659258123077e-05,0.0001363647515335
0.712539556957761,2.034528009684415,2.0345911605666367,-6.315088222175191e-05,0.00013623326137725
0.7125396048381859,2.0345280461922988,2.03459116057762,-6.311438532113911e-05,0.00013647278835525
0.712539608136318,2.0345280513143993,2.034591160580519,-6.310926611963197e-05,0.0001365811143468
0.7125396195735471,2.034528045160284,2.034591160592348,-6.311543206427572e-05,0.0001365811143468
0.7125395870298175,2.034528044910254,2.0345911605469444,-6.311563669036957e-05,0.0001364656620449
0.7125396102143944,2.0345280608695413,2.0345911605587608,-6.309968921947018e-05,0.00013659060080755
0.7125396024886741,2.0345280388781313,2.034591160579527,-6.312170139555207e-05,0.00013658444984495
0.7125395739075153,2.0345279950851074,2.03459116056229,-6.316547718254739e-05,0.00013637516115045
0.7125395775214107,2.0345280396666827,2.0345911605715186,-6.312090483584498e-05,0.00013635629154295
0.7125396130045925,2.03452802145625,2.0345911605520186,-6.31390957686051e-05,0.00013656428218075
0.7125396170148459,2.034528053189099,2.0345911605633646,-6.310737426584723e-05,0.0001365802501784
0.7125395691214451,2.034528030898511,2.034591160561204,-6.312966269295117e-05,0.0001363647515335
0.712539614224648,2.0345280513973476,2.0345911605762024,-6.310917885476997e-05,0.0001365837577439
0.7125396190843792,2.034528045692636,2.03459116056401,-6.311487137411476e-05,0.0001365740992158
0.7125395982016995,2.0345280183802457,2.0345911605722087,-6.314219196301707e-05,0.00013650875205635
0.71253961143445,2.0345280511001254,2.0345911605818165,-6.310948169119257e-05,0.00013653059133365
0.7125396054687729,2.034528056775833,2.0345911605625027,-6.310378666984917e-05,0.00013656428218075
0.7125395969003034,2.0345280602649716,2.0345911605726794,-6.310030770784181e-05,0.0001365037714601
0.7125396227670822,2.034528051321451,2.0345911605766105,-6.310925515951027e-05,0.0001366121564842
0.712539576045337,2.0345280608261502,2.0345911605596774,-6.309973352713882e-05,0.00013630444606029999
0.7125395995030958,2.0345280493448827,2.034591160580171,-6.311123528845997e-05,0.0001365811143468
0.712539599821129,2.034528037497512,2.0345911605608538,-6.312306334166351e-05,0.0001364116809676
0.712539599821129,2.0345280164283848,2.0345911605800633,-6.314415167851806e-05,0.00013656077461525002
0.7125395767833739,2.0345280419651472,2.034591160571533,-6.311860638597011e-05,0.00013628387894040002
0.7125395704455695,2.0345280428410097,2.0345911605684903,-6.31177274805772e-05,0.00013630444606029999
0.7125395836861941,2.0345280432228217,2.034591160553875,-6.31173310532418e-05,0.0001365065560298
0.7125396102143944,2.034528039169755,2.0345911605592497,-6.31213894948246e-05,0.0001365776067813
0.7125395775214107,2.034528052789677,2.0345911605758533,-6.310778617635293e-05,0.0001363335455155
0.7125396001391624,2.0345280437201456,2.034591160564325,-6.311684417958929e-05,0.00013649667971695
0.7125396024886741,2.0345280365941645,2.034591160576621,-6.312398245666984e-05,0.0001365811143468
0.7125396194085862,2.034528032441601,2.0345911605488936,-6.312810729269813e-05,0.0001365740992158
0.7125396048381859,2.034528038278539,2.034591160556252,-6.312227771321233e-05,0.00013656077461525002
0.7125396183738195,2.034528055182773,2.034591160577396,-6.310539462317521e-05,0.00013662751606675
0.7125395995030958,2.0345280464969693,2.0345911605648963,-6.311406792702812e-05,0.0001364796267813
0.7125396024886741,2.0345280351641986,2.0345911605702405,-6.312540604191952e-05,0.00013652686299855
0.712539614224648,2.0345280447544094,2.034591160557723,-6.311580331352928e-05,0.00013654742349969998
0.7125396209006646,2.0345280382345297,2.034591160595058,-6.312236052830045e-05,0.00013664695563225001
0.7125395775214107,2.034528050336835,2.034591160577839,-6.311024100380536e-05,0.0001364116809676
0.7125395870298175,2.0345280382268567,2.0345911605622478,-6.312233539107481e-05,0.00013650875205635
0.7125396170148459,2.034528048243037,2.0345911605645783,-6.31123215413254e-05,0.00013656077461525002
0.7125395995030958,2.034528044046284,2.0345911605558755,-6.311650959167636e-05,0.0001364796267813
0.7125395913098632,2.0345280625304487,2.034591160596867,-6.309806641846549e-05,0.0001363855707674
0.7125396217535129,2.0345280256220732,2.0345911605556295,-6.313493355625255e-05,0.00013664695563225001
0.7125395781939539,2.034528007235445,2.0345911605624405,-6.315332699546872e-05,0.00013637516115045
0.7125395891698403,2.0345280342008047,2.0345911605484956,-6.312634769090053e-05,0.00013647264441309998
0.7125395603970666,2.0345280435152953,2.03459116057872,-6.311706342465584e-05,0.0001362074544713
0.7125396024886741,2.0345280459517423,2.03459116056231,-6.311461056762724e-05,0.0001365837577439
0.7125395824225198,2.0345280293757533,2.0345911605577363,-6.313118198297829e-05,0.0001364318440579
0.7125396200627149,2.0345280274282347,2.0345911605830653,-6.31331548306413e-05,0.00013661714300685
0.7125395985197329,2.0345280331958167,2.034591160572004,-6.312737618729969e-05,0.0001365474500147
0.7125395982016995,2.0345280441208757,2.034591160556738,-6.311643586220939e-05,0.00013642176251275
0.7125396021706408,2.034528050168124,2.034591160572122,-6.311040399786805e-05,0.0001365776067813
0.712539576045337,2.034528037695802,2.0345911605650695,-6.312286926757338e-05,0.0001364656620449
0.7125395864728202,2.034528054939475,2.034591160570991,-6.310563151590287e-05,0.00013636547022309999
0.7125395932664567,2.0345280530806162,2.034591160561643,-6.310748102666963e-05,0.0001364116809676
0.7125396069162624,2.034528051239322,2.034591160572934,-6.310933361186599e-05,0.00013649667971695
0.7125395767833739,2.034528044173457,2.0345911605413782,-6.311636792144526e-05,0.00013628387894040002
0.7125395995030958,2.0345280423039216,2.034591160555048,-6.311825112659264e-05,0.0001364116809676
0.7125395646228534,2.0345280311130876,2.034591160552901,-6.312943981345853e-05,0.00013635629154295
0.712539614224648,2.0345280623034796,2.0345911605500797,-6.309824660011287e-05,0.0001365776067813
0.7125396045667507,2.034528045058864,2.034591160574564,-6.31155157000407e-05,0.0001365811143468
0.7125396197327932,2.034528046871533,2.0345911605553497,-6.311368381650695e-05,0.00013656077461525002
0.7125395995030958,2.034528034915939,2.0345911605484495,-6.312563251054115e-05,0.00013643259877435
0.7125395919650604,2.0345280616793895,2.0345911605429614,-6.309886357191985e-05,0.00013647264441309998
0.7125396024886741,2.034528041105116,2.0345911605504443,-6.311944532821911e-05,0.0001365256107374
0.7125395891698403,2.034528064113712,2.034591160537456,-6.309642374402458e-05,0.00013650875205635
0.7125396190843792,2.034528067367553,2.0345911605621727,-6.309319461950125e-05,0.0001367163298547
0.7125395913098632,2.0345280452409136,2.0345911605675875,-6.311532667391262e-05,0.0001363986258675
0.7125396024886741,2.0345280394308594,2.0345911605527047,-6.312112184536645e-05,0.0001364916991207
0.7125396211606223,2.0345280548631193,2.034591160574706,-6.310571158651967e-05,0.0001365948004741
0.7125396024886741,2.034528042324021,2.0345911605516265,-6.311822760540764e-05,0.0001365137326526
0.7125395969003034,2.034528038297638,2.0345911605749984,-6.31222773606055e-05,0.00013650875205635
0.7125396130045925,2.0345280419601925,2.034591160571686,-6.311861149344011e-05,0.0001364916991207
0.7125395803425706,2.0345280516586097,2.034591160532662,-6.310887405236443e-05,0.0001363647515335
0.7125395691651139,2.0345280439219007,2.0345911605578983,-6.311663599767314e-05,0.0001362642024085
0.7125395982016995,2.0345280354571136,2.034591160574082,-6.312511696826562e-05,0.0001364557354196
0.7125396102143944,2.034528060277445,2.034591160562981,-6.310028553579983e-05,0.00013649667971695
0.7125395982016995,2.0345280492577813,2.0345911605921523,-6.311133437097993e-05,0.0001364656620449
0.7125395760561322,2.0345280512902777,2.0345911605577958,-6.310926751806889e-05,0.00013628387894040002
0.7125395713283107,2.034528021911288,2.034591160560214,-6.313864892604215e-05,0.000136467807759
0.7125395660833802,2.0345280440549995,2.0345911605873326,-6.311653233304071e-05,0.00013629173094355
0.7125396024886741,2.034528043796741,2.034591160556453,-6.311675971204522e-05,0.0001364796267813
0.7125395870298175,2.034528041088447,2.0345911605581697,-6.31194697224835e-05,0.0001364656620449
0.7125395789319906,2.034528053916089,2.0345911605655638,-6.310664947495326e-05,0.00013638821625055
0.7125396183738195,2.034528051694246,2.034591160571788,-6.310887754201744e-05,0.0001366221295295
0.7125395941050834,2.0345280090046356,2.0345911605660763,-6.315156144065526e-05,0.00013650875205635
0.7125396048381859,2.034528038904407,2.0345911605555336,-6.312165112642987e-05,0.0001365740992158
0.7125395941050834,2.0345280433468287,2.0345911605926768,-6.311724584806555e-05,0.0001364116809676
0.7125396069162624,2.0345280606528675,2.034591160562716,-6.30999098483187e-05,0.00013653893533795
0.712539614224648,2.0345280507494623,2.0345911605646876,-6.31098152252818e-05,0.00013662751606675
0.7125396152594146,2.034528068466999,2.034591160580225,-6.309211322585995e-05,0.00013659060080755
0.7125395836861941,2.0345280553892304,2.0345911605634606,-6.310517423013806e-05,0.0001363855707674
0.7125395704455695,2.034528039044608,2.034591160567433,-6.312152282506034e-05,0.0001363478315524
0.7125395691214451,2.0345280251067024,2.034591160582514,-6.313547581182632e-05,0.00013637516115045
0.7125395822756141,2.0345280412877162,2.034591160561184,-6.311927346791535e-05,0.0001363376017047
0.712539576045337,2.0345280540828883,2.0345911605485325,-6.310646564422484e-05,0.0001363335455155
0.7125395870298175,2.0345280375873385,2.0345911605657907,-6.312297845223469e-05,0.0001363855707674
0.7125396130045925,2.034528054146691,2.0345911605602414,-6.310641355034008e-05,0.00013660347847915
0.7125395858262169,2.0345280691609475,2.0345911605637834,-6.309140283589088e-05,0.00013635629154295
0.7125395969003034,2.0345280261248706,2.034591160570094,-6.31344452233229e-05,0.0001365811143468
0.712539608136318,2.0345280563829258,2.0345911605538194,-6.310417089361309e-05,0.0001365137326526
0.7125395717696937,2.0345280240665136,2.0345911605483016,-6.313648178801756e-05,0.0001363478315524
0.7125396069162624,2.0345280703356226,2.0345911605587923,-6.309022316974833e-05,0.00013656077461525002
0.7125396089943389,2.034528018751596,2.0345911605614413,-6.314180984512419e-05,0.0001365256107374
0.7125395913098632,2.034528053014837,2.0345911605855025,-6.310757066563255e-05,0.0001363986258675
0.7125395932664567,2.0345280596019304,2.0345911605411633,-6.310093923289628e-05,0.00013653059133365
0.7125396069162624,2.034528065913655,2.0345911605689726,-6.309465531773029e-05,0.0001365776067813
0.71253961143445,2.0345280132237096,2.0345911605431004,-6.314731939083273e-05,0.000136586401141
0.7125395885122532,2.03452804204688,2.0345911605613423,-6.311851446216821e-05,0.0001364557354196
0.7125395870298175,2.034528030687385,2.034591160540624,-6.312985323919662e-05,0.00013653059133365
0.7125396001391624,2.034528046732286,2.0345911605557228,-6.311382343682226e-05,0.00013656077461525002
0.7125395941050834,2.034528014514171,2.0345911605735756,-6.314605940449525e-05,0.0001364916991207
0.7125395969003034,2.0345280414572406,2.0345911605819844,-6.311912474377124e-05,0.00013650875205635
0.7125395691214451,2.034528042338747,2.034591160579357,-6.311824061011606e-05,0.0001362316998162
0.7125395803425706,2.0345280609976557,2.034591160548336,-6.30995506805121e-05,0.00013656077461525002
0.7125396170148459,2.034528049166818,2.0345911605756695,-6.311140885140176e-05,0.0001365474500147
0.7125396089943389,2.0345280142088296,2.0345911605614813,-6.314635265169954e-05,0.0001366121564842
0.7125395969003034,2.0345280500831318,2.034591160544051,-6.311046091944661e-05,0.00013647264441309998
0.7125396185387805,2.0345280210308965,2.0345911605486116,-6.313951771508286e-05,0.00013664695563225001
0.712539576045337,2.0345280420235405,2.0345911605686613,-6.311854512075499e-05,0.00013634200550605
0.7125395969003034,2.034528027984409,2.034591160571716,-6.313258730727966e-05,0.0001365037714601
0.7125395913098632,2.0345280431972808,2.0345911605737816,-6.311737650088745e-05,0.0001364796267813
0.7125396045667507,2.0345280587871284,2.0345911605424467,-6.310175531831774e-05,0.0001365037714601
0.71253961143445,2.0345280533918566,2.034591160564549,-6.310717269242261e-05,0.00013650875205635
0.712539619897754,2.0345280492137965,2.0345911605671905,-6.311135339398533e-05,0.00013660347847915
0.7125395824225198,2.034528041674131,2.0345911605375266,-6.311886339549488e-05,0.00013653059133365
0.7125395603970666,2.034528039717587,2.0345911605834206,-6.312086583371013e-05,0.00013627691752525
0.7125395769388734,2.0345280584554875,2.03459116054705,-6.310209156268343e-05,0.00013637516115045
0.7125395995030958,2.0345280382866817,2.0345911605578126,-6.312227113092206e-05,0.00013653059133365
0.7125395995030958,2.0345280574844984,2.034591160578817,-6.31030943187838e-05,0.00013642176251275
0.7125395969003034,2.0345280582156047,2.034591160575835,-6.310236023043814e-05,0.0001364796267813
0.7125395717696937,2.0345280454943544,2.0345911605539877,-6.311505963330077e-05,0.0001363647515335
0.7125395836861941,2.0345280414227487,2.0345911605636884,-6.311914093970472e-05,0.0001364318440579
0.7125395726524351,2.034528022386211,2.0345911605466864,-6.313816047542886e-05,0.00013638983780515002
0.7125395870298175,2.0345280511320953,2.0345911605629894,-6.31094308940483e-05,0.0001364116809676
0.7125395803425706,2.034528015887028,2.034591160569161,-6.314468213286517e-05,0.00013650875205635
0.7125395704455695,2.034528032358645,2.034591160555783,-6.312819713816253e-05,0.0001364796267813
0.7125396024886741,2.034528050133669,2.0345911605699505,-6.311043628137725e-05,0.0001364557354196
0.712539599821129,2.034528038728075,2.0345911605706446,-6.312184256973552e-05,0.0001364116809676
0.7125396170148459,2.0345280382075863,2.034591160568372,-6.312236078587219e-05,0.000136586401141
0.7125395982016995,2.034528048720576,2.034591160574564,-6.311185398821806e-05,0.00013653893533795
0.712539619897754,2.034528053719035,2.034591160558659,-6.310683962418295e-05,0.0001366121564842
0.7125395985197329,2.03452803819767,2.034591160562779,-6.312236510908065e-05,0.00013642176251275
0.712539599821129,2.03452805523647,2.0345911605575147,-6.310532104469857e-05,0.0001364796267813
0.7125395969003034,2.0345280514224986,2.0345911605692875,-6.310914678886448e-05,0.0001364916991207
0.712539588621437,2.0345280307334925,2.0345911605662925,-6.312983279999074e-05,0.0001364916991207
0.7125395957245129,2.0345280598080198,2.0345911605626945,-6.310075467474974e-05,0.00013648969734874998
0.7125395836861941,2.0345280183676895,2.034591160556206,-6.314218851644071e-05,0.00013656428218075
0.7125396102143944,2.0345280533690393,2.0345911605927234,-6.310722368407795e-05,0.000136586401141
0.7125396045667507,2.0345280243627544,2.0345911605725147,-6.313620976028389e-05,0.00013649667971695
0.7125395985197329,2.034528058009068,2.0345911605566696,-6.310254760144574e-05,0.0001364847167525
0.7125396190843792,2.0345280520079183,2.0345911605957263,-6.310858780800288e-05,0.0001365837577439
0.7125395836861941,2.0345280231151297,2.0345911605773965,-6.313746226682682e-05,0.00013649667971695
0.7125396089943389,2.034528037597609,2.0345911605767246,-6.312297911570397e-05,0.0001364796267813
0.7125396130045925,2.0345280662309295,2.034591160577729,-6.309434679963033e-05,0.0001365837577439
0.7125395836861941,2.0345280441667803,2.034591160537768,-6.311637098743716e-05,0.00013642176251275
0.7125395769388734,2.0345280617216632,2.034591160593866,-6.309887220279364e-05,0.0001363478315524
0.7125396190843792,2.0345280356024174,2.0345911605466576,-6.312494424021153e-05,0.00013660162193815
0.7125395985197329,2.03452802383398,2.0345911605749465,-6.313674096647404e-05,0.0001364916991207
0.712539599821129,2.034528002582517,2.034591160571108,-6.315798859057864e-05,0.00013654742349969998
0.7125395919650604,2.0345280444034253,2.0345911605692364,-6.311616581111679e-05,0.0001364656620449
0.7125396183738195,2.034528050129145,2.0345911605869063,-6.311045776108415e-05,0.0001365948004741
0.7125396155836217,2.0345280659163842,2.0345911605588616,-6.309464247733487e-05,0.0001365474500147
0.7125396209006646,2.034528039175999,2.034591160560517,-6.312138451836091e-05,0.00013660347847915
0.7125396001391624,2.0345280383519375,2.0345911605670173,-6.312221507975835e-05,0.00013653059133365
0.7125396048381859,2.0345280277665574,2.0345911605859475,-6.313281939007709e-05,0.00013653059133365
0.7125396206116685,2.0345280534690735,2.0345911605760283,-6.310710695478505e-05,0.0001366610086605
0.7125395836861941,2.034528018502015,2.034591160569767,-6.314206775215325e-05,0.0001365065560298
0.7125395913098632,2.034528028938076,2.0345911605636062,-6.31316255303993e-05,0.0001364796267813
0.712539576045337,2.0345280239550663,2.0345911605738456,-6.313661877932475e-05,0.0001364487530514
0.7125395691214451,2.034528024137848,2.0345911605841795,-6.313644633149096e-05,0.0001363129783956
0.7125395985197329,2.0345280263024415,2.0345911605686493,-6.313426620785378e-05,0.0001364916991207
0.7125395822756141,2.0345280527055856,2.0345911605882594,-6.310788267382961e-05,0.0001364487530514
0.7125395767833739,2.034528060261266,2.0345911605582234,-6.310029695733022e-05,0.00013630444606029999
0.7125395746455523,2.0345280432204866,2.03459116054933,-6.311732884345389e-05,0.0001363667011599
0.7125396190843792,2.0345280394528458,2.0345911605585507,-6.312110570494411e-05,0.0001365802501784
0.7125396119612826,2.034528055168661,2.0345911605905136,-6.310542185250512e-05,0.0001365776067813
0.7125395789319906,2.0345280559594414,2.034591160587925,-6.3104628483579e-05,0.0001363335455155
0.7125395995030958,2.034528027143116,2.0345911605762987,-6.313343318264941e-05,0.0001365037714601
0.7125395836861941,2.03452804155994,2.034591160570802,-6.311901086197835e-05,0.0001363855707674
0.7125395677045872,2.034528050652955,2.034591160545799,-6.310989284408208e-05,0.00013627691752525
0.7125396048381859,2.0345280534564103,2.0345911605654385,-6.310710902823757e-05,0.0001364796267813
0.7125396001391624,2.034528054006506,2.0345911605615847,-6.310655507890672e-05,0.0001364318440579
0.7125395870298175,2.0345280387230154,2.034591160580644,-6.312185762880063e-05,0.00013642561640615
0.7125395954064795,2.0345280455030608,2.0345911605384335,-6.311503537270724e-05,0.0001364318440579
0.7125395836861941,2.034528038111326,2.0345911605562175,-6.312244489148355e-05,0.00013647264441309998
0.7125396042487173,2.034528036682583,2.034591160583818,-6.31239012349738e-05,0.0001364796267813
0.7125395775214107,2.0345280357721816,2.0345911605543305,-6.31247821489822e-05,0.00013640870741265
0.7125395913098632,2.0345280304617908,2.034591160573026,-6.313011123504353e-05,0.0001365474500147
0.7125395822756141,2.034528048766945,2.0345911605387226,-6.311177177753535e-05,0.0001363855707674
0.7125395678409896,2.0345280408968733,2.034591160579875,-6.31196830016556e-05,0.0001363855707674
0.712539576045337,2.0345280619522894,2.034591160562198,-6.309860990860727e-05,0.00013635629154295
0.712539608136318,2.0345280376357766,2.0345911605700144,-6.312293423782478e-05,0.00013656077461525002
0.7125395836861941,2.034528026447533,2.034591160578862,-6.313413132907897e-05,0.0001363982977957
0.7125395789319906,2.034528025302516,2.034591160569036,-6.313526652013124e-05,0.0001363855707674
0.7125395767833739,2.034528055645446,2.0345911605409897,-6.310489554373078e-05,0.0001363647515335
0.7125396048381859,2.034528044466272,2.0345911605551046,-6.311608883269315e-05,0.0001365776067813
0.7125395954064795,2.0345280498161515,2.034591160571463,-6.311075531151289e-05,0.0001364487530514
0.712539614224648,2.0345280419975444,2.034591160550165,-6.311855262053356e-05,0.0001365439159342
0.7125396152594146,2.034528062243489,2.0345911605618086,-6.309831831963209e-05,0.0001365137326526
0.7125396170148459,2.0345280678136812,2.0345911605467584,-6.309273307714136e-05,0.00013656428218075
0.7125395864728202,2.034528037364688,2.034591160558987,-6.312319429868651e-05,0.0001365137326526
0.7125395767833739,2.0345280459808768,2.0345911605994695,-6.311461859276335e-05,0.0001364152067892
0.7125395954064795,2.0345280416617424,2.0345911605843456,-6.31189226032447e-05,0.0001365740992158
0.7125395691214451,2.0345280589468193,2.034591160582122,-6.310163530276469e-05,0.0001362508110358
0.712539619897754,2.0345280587693377,2.0345911605625777,-6.310179323998355e-05,0.0001366121564842
0.7125395911797983,2.034528052180467,2.0345911605512526,-6.310837078560283e-05,0.0001365811143468
0.7125396024886741,2.0345280368775818,2.034591160572756,-6.312369517402772e-05,0.0001365474500147
0.7125395836861941,2.0345280424439616,2.0345911605688483,-6.311812488668522e-05,0.00013647264441309998
0.7125395789319906,2.034528033842178,2.034591160573995,-6.312673181696482e-05,0.00013637516115045
0.7125395836861941,2.034528045994463,2.03459116057541,-6.311458094732103e-05,0.0001364796267813
0.712539576045337,2.0345280573135653,2.0345911605421776,-6.310322861224904e-05,0.00013656077461525002
0.7125395677045872,2.0345280325972537,2.034591160580385,-6.312798313112822e-05,0.000136289632642
0.7125395941050834,2.034528034932076,2.034591160557247,-6.312562517107878e-05,0.0001365037714601
0.7125395985197329,2.0345280446908216,2.034591160551142,-6.311586032037297e-05,0.0001364796267813
0.7125396140393591,2.034528052202993,2.0345911605669853,-6.310836399237019e-05,0.0001365474500147
0.7125395982016995,2.034528032757141,2.034591160579534,-6.312782239303871e-05,0.0001365740992158
0.7125396048381859,2.0345280420735596,2.0345911605675355,-6.311849397588887e-05,0.0001365811143468
0.7125395739075153,2.0345280594210826,2.034591160559508,-6.310113842555864e-05,0.0001363192594786
0.712539599821129,2.034528063688162,2.034591160566194,-6.309687803174313e-05,0.00013653059133365
0.712539584415637,2.034528062246362,2.0345911605588545,-6.309831249229347e-05,0.00013630444606029999
0.7125395735351763,2.034528049663163,2.034591160579125,-6.311091596211682e-05,0.00013640870741265
0.7125395995030958,2.034528040914267,2.034591160567115,-6.311965284799825e-05,0.0001364318440579
0.7125395789319906,2.0345280136277557,2.0345911605600158,-6.314693226006085e-05,0.0001364116809676
0.7125395775214107,2.034528050728242,2.03459116055512,-6.310982687818267e-05,0.00013637516115045
0.7125396024886741,2.034528036608911,2.034591160562889,-6.312395397811699e-05,0.0001365037714601
0.71253961143445,2.0345280494626756,2.034591160577274,-6.31111145983354e-05,0.0001365837577439
0.7125395969003034,2.034528050398345,2.0345911605699953,-6.311017165039345e-05,0.00013647264441309998
0.7125395982016995,2.0345280329254334,2.0345911605730356,-6.312764760219025e-05,0.00013650875205635
0.7125395767833739,2.034528033305477,2.0345911605597817,-6.31272543047956e-05,0.00013640870741265
0.71253961143445,2.034528044055462,2.034591160565357,-6.311650989498929e-05,0.0001365948004741
0.7125395913098632,2.034528051351859,2.034591160571566,-6.310921970698047e-05,0.000136467807759
0.7125395677045872,2.03452803421766,2.0345911605642613,-6.312634660110561e-05,0.00013635629154295
0.71253961143445,2.03452802891941,2.0345911605679152,-6.313164850535458e-05,0.00013653059133365
0.7125395858262169,2.034528064960536,2.034591160588978,-6.309562844197814e-05,0.0001363986258675
0.7125395747902566,2.034528046277348,2.0345911605925373,-6.311431518923882e-05,0.00013637516115045
0.7125395935844899,2.0345280503141274,2.034591160550474,-6.311023634664181e-05,0.0001364487530514
0.7125395755282935,2.034528018267472,2.0345911605714906,-6.314230401871512e-05,0.00013656077461525002
0.7125396170148459,2.03452805397437,2.034591160569179,-6.310659480890379e-05,0.0001365776067813
0.7125395982016995,2.0345280550542393,2.0345911605579157,-6.310550367638612e-05,0.0001364487530514
0.7125395789319906,2.0345280559450507,2.034591160548342,-6.310460329128631e-05,0.00013637516115045
0.7125395941050834,2.034528054877683,2.034591160556823,-6.310567914002974e-05,0.00013644565387444999
0.712539584415637,2.0345280537776294,2.034591160561136,-6.310678350684995e-05,0.00013642176251275
0.7125396089943389,2.034528045840208,2.0345911605643856,-6.311472417763753e-05,0.00013650875205635
0.7125395954064795,2.034528013116981,2.0345911605570417,-6.314744006052919e-05,0.0001365474500147
0.7125395775214107,2.0345280361058884,2.0345911605631097,-6.312445722134186e-05,0.0001363187320972
0.7125395803425706,2.0345280444684533,2.0345911605524405,-6.311608398723578e-05,0.0001363647515335
0.7125395969003034,2.0345280501049086,2.034591160564525,-6.311045961648887e-05,0.0001364656620449
0.7125396102143944,2.034528057587314,2.034591160581894,-6.310299457989998e-05,0.0001364557354196
0.712539599821129,2.034528048846799,2.0345911605622513,-6.31117154523686e-05,0.0001364318440579
0.7125395836861941,2.0345280417311717,2.0345911605678597,-6.31188366879698e-05,0.00013653059133365
0.7125395954064795,2.0345280353701294,2.0345911605848253,-6.31252146958694e-05,0.00013648969734874998
0.7125395985197329,2.034528049914191,2.0345911605739344,-6.311065974351493e-05,0.00013645772621385
0.7125395870298175,2.034528043008365,2.0345911605619973,-6.311755363208604e-05,0.0001364656620449
0.7125395995030958,2.034528057459152,2.0345911605684877,-6.310310933566043e-05,0.0001364656620449
0.7125395767833739,2.0345280100289096,2.034591160569739,-6.315054082950411e-05,0.00013642176251275
0.7125395995030958,2.034528031738374,2.034591160547106,-6.312880873204918e-05,0.0001364796267813
0.7125395891698403,2.0345280116726925,2.034591160552276,-6.314887958369653e-05,0.0001365037714601
0.7125395980740246,2.0345280388707376,2.03459116057104,-6.312170030220443e-05,0.0001365137326526
0.7125395982016995,2.034528034548399,2.0345911605507268,-6.312600232760701e-05,0.0001364656620449
0.7125396001391624,2.0345280550046616,2.0345911605653852,-6.310556072364193e-05,0.0001365137326526
0.7125395985197329,2.034528041285318,2.034591160562563,-6.311927724489408e-05,0.0001365802501784
0.7125395969003034,2.0345280329502975,2.034591160560168,-6.312760987059463e-05,0.0001365256107374
0.7125395982016995,2.0345280362582807,2.0345911605666935,-6.31243084128208e-05,0.0001364656620449
0.71253961143445,2.0345280443441074,2.0345911605702702,-6.31162261628404e-05,0.00013659060080755
0.7125396048381859,2.034528066772513,2.0345911605513693,-6.30937788561603e-05,0.0001365256107374
0.7125396048381859,2.034528047834613,2.0345911605688816,-6.311273426851116e-05,0.0001365811143468
0.7125396042487173,2.0345280568329147,2.034591160557395,-6.31037244804844e-05,0.00013656428218075
0.7125395995030958,2.0345280379962896,2.0345911605812765,-6.312258498697432e-05,0.00013653893533795
0.7125396183738195,2.0345280173209366,2.0345911605351144,-6.314321417777435e-05,0.00013660347847915
0.712539614224648,2.034528052853037,2.034591160538884,-6.310768584683046e-05,0.0001365740992158
0.7125395858262169,2.034528040362252,2.034591160579837,-6.31202175847001e-05,0.0001364796267813
0.7125395836861941,2.0345280450760046,2.0345911605772637,-6.311550125914778e-05,0.0001363335455155
0.7125395919650604,2.034528032291032,2.0345911605613107,-6.312827027876722e-05,0.0001365439159342
0.7125395985197329,2.034528024540145,2.034591160573972,-6.313603382723798e-05,0.00013650875205635
0.7125396185387805,2.0345280487491326,2.034591160591252,-6.311184211948984e-05,0.000136586401141
0.712539599821129,2.0345280382886433,2.0345911605639113,-6.312227526805714e-05,0.0001365802501784
0.7125396194085862,2.034528019520089,2.034591160550474,-6.314103038507213e-05,0.00013661714300685
0.7125395870298175,2.034528037181192,2.0345911605756766,-6.312339448477644e-05,0.0001364916991207
0.7125395954064795,2.0345280525096427,2.034591160562984,-6.310805334130976e-05,0.0001364318440579
0.7125395982016995,2.0345280320272505,2.03459116054953,-6.31285222794098e-05,0.0001364796267813
0.7125395836861941,2.0345280476230014,2.034591160547744,-6.311292474237007e-05,0.0001364116809676
0.712539614224648,2.0345280246759603,2.0345911605490916,-6.313587313133695e-05,0.00013656077461525002
0.7125396190843792,2.03452805149802,2.0345911605609364,-6.310906291639995e-05,0.000136586401141
0.7125395746455523,2.034528050952394,2.034591160569812,-6.310961741773369e-05,0.00013628387894040002
0.712539619897754,2.034528037358647,2.0345911605468654,-6.312318821821705e-05,0.00013664695563225001
0.7125396048381859,2.0345280381244253,2.0345911605476465,-6.312242322126238e-05,0.0001365474500147
0.7125396001391624,2.0345280481846486,2.034591160556829,-6.311237218037391e-05,0.0001364916991207
0.7125395689850427,2.034528056581578,2.03459116055176,-6.310397018216563e-05,0.00013635629154295
0.712539599821129,2.0345280644687898,2.034591160572478,-6.309610368804286e-05,0.000136467807759
0.7125395775214107,2.03452805324404,2.034591160551627,-6.310730758674055e-05,0.00013637516115045
0.7125396001391624,2.0345280504761534,2.034591160582034,-6.311010588078148e-05,0.0001364916991207
0.7125396001391624,2.034528030156781,2.034591160563884,-6.313040710281825e-05,0.0001364796267813
0.7125396194085862,2.0345280430129122,2.034591160569176,-6.31175562637587e-05,0.0001365948004741
0.7125396048381859,2.0345280368551357,2.03459116056578,-6.312371064431943e-05,0.00013650875205635
0.7125395767833739,2.0345280478297134,2.0345911605461637,-6.31127164503198e-05,0.0001363192594786
0.7125395913098632,2.0345280252251086,2.0345911605714524,-6.313534634383444e-05,0.0001364916991207
0.7125396048381859,2.034528041579983,2.034591160558169,-6.311897818589429e-05,0.0001365439159342
0.7125395789319906,2.0345280500631975,2.03459116057739,-6.311051419238822e-05,0.00013638821625055
0.7125395954064795,2.0345280416543403,2.034591160559544,-6.311890520382946e-05,0.00013647264441309998
0.7125395913098632,2.0345280412930093,2.034591160568958,-6.311927594859768e-05,0.0001364116809676
0.7125396024886741,2.0345280340463954,2.0345911605591813,-6.312651278594927e-05,0.00013656077461525002
0.7125395913098632,2.034528038767139,2.0345911605847617,-6.312181762258007e-05,0.00013640870741265
0.7125395941050834,2.0345280545166413,2.034591160590297,-6.310607365556109e-05,0.00013653059133365
0.7125396001391624,2.034528059298985,2.0345911605672504,-6.31012682652532e-05,0.0001364318440579
0.7125395995030958,2.0345280261061935,2.034591160554245,-6.313444805128299e-05,0.0001365776067813
0.7125396102143944,2.0345280212182697,2.0345911605725457,-6.313935427604278e-05,0.00013653059133365
0.7125396102143944,2.034528049526369,2.034591160570449,-6.31110440800775e-05,0.00013650875205635
0.7125395891698403,2.034528056310238,2.034591160561036,-6.310425079769644e-05,0.0001363986258675
0.7125395891698403,2.034528059753514,2.034591160580013,-6.3100826499074e-05,0.0001364487530514
0.7125395969003034,2.0345280458580115,2.0345911605380085,-6.31146799969784e-05,0.0001365474500147
0.7125395689850427,2.0345280526261575,2.0345911605767433,-6.310795058572793e-05,0.0001363335455155
0.712539614224648,2.0345280433464605,2.0345911605665266,-6.311722006602238e-05,0.00013653059133365
0.7125395747902566,2.034528027478158,2.034591160569651,-6.313309149330593e-05,0.00013642176251275
0.7125396048381859,2.0345280282804965,2.03459116054593,-6.313226543364081e-05,0.0001365802501784
0.7125395954064795,2.0345280376566377,2.0345911605603026,-6.312290366494722e-05,0.00013647264441309998
0.712539599821129,2.034528029117845,2.03459116056126,-6.31314434151875e-05,0.0001364487530514
0.7125396170148459,2.034528042153916,2.034591160565599,-6.311841168304966e-05,0.00013666006722365002
0.7125395725833911,2.034528051455154,2.0345911605598825,-6.310910472873132e-05,0.00013630444606029999
0.7125395913098632,2.034528018343109,2.0345911605826927,-6.314223958359122e-05,0.00013653059133365
0.7125396152594146,2.034528043146529,2.034591160570126,-6.311742359699224e-05,0.0001365474500147
0.7125395941050834,2.0345280455826042,2.0345911605723432,-6.311498973898821e-05,0.0001364916991207
0.7125395836861941,2.034528035020494,2.034591160545098,-6.312552460396859e-05,0.0001364916991207
0.7125395747902566,2.0345280462946924,2.034591160565382,-6.311427068972364e-05,0.00013635629154295
0.7125396102143944,2.0345280382937094,2.0345911605554474,-6.312226173799118e-05,0.0001364796267813
0.7125395836776001,2.0345280410038815,2.0345911605666815,-6.311956280002917e-05,0.0001364557354196
0.7125396214496182,2.034528061669906,2.034591160555244,-6.309888533806429e-05,0.0001366610086605
0.7125395969003034,2.034528046487352,2.034591160560062,-6.311407270986891e-05,0.0001365037714601
0.7125395885122532,2.034528042476793,2.034591160591834,-6.311811504078335e-05,0.00013656077461525002
0.7125395941050834,2.0345280062346087,2.0345911605575786,-6.315432296988277e-05,0.0001365948004741
0.7125396045667507,2.034528048045131,2.0345911605511415,-6.31125060106541e-05,0.00013650875205635
0.7125395985197329,2.0345280187286874,2.0345911605566407,-6.314182795330581e-05,0.0001365776067813
0.7125395781939539,2.034528049841813,2.034591160549922,-6.311070810927077e-05,0.0001364656620449
0.7125395870298175,2.034528051378491,2.0345911605453946,-6.310916690344115e-05,0.0001364487530514
0.7125396001391624,2.034528055457234,2.034591160576682,-6.310511944818131e-05,0.00013647264441309998
0.7125395803425706,2.0345280376076063,2.0345911605769813,-6.312296937505124e-05,0.00013634200550605
0.7125395739075153,2.0345280374660044,2.034591160566395,-6.312310039069402e-05,0.00013642176251275
0.7125396048381859,2.034528062619301,2.0345911605548452,-6.309793554404308e-05,0.00013656077461525002
0.7125396048381859,2.0345280245162836,2.0345911605571563,-6.31360408727133e-05,0.0001365992788126
0.712539619897754,2.034528031134946,2.0345911605533855,-6.312941843944486e-05,0.00013659060080755
0.7125396130045925,2.034528051677363,2.034591160571069,-6.31088937059765e-05,0.00013656077461525002
0.7125395995030958,2.0345280297720123,2.0345911605656752,-6.31307936629355e-05,0.00013649667971695
0.7125395985197329,2.0345280288261947,2.0345911605591898,-6.313173299510311e-05,0.00013656077461525002
0.7125395913098632,2.0345280390434914,2.0345911605302667,-6.312148677523055e-05,0.0001365474500147
0.7125396170148459,2.0345280296272272,2.0345911605646196,-6.313093739240827e-05,0.00013659060080755
0.7125395789319906,2.034528034845097,2.034591160547395,-6.31257022982723e-05,0.0001363647515335
0.7125396130045925,2.0345280505817622,2.034591160570224,-6.310998846181803e-05,0.00013659060080755
0.7125396099359778,2.034528057647311,2.0345911605810274,-6.31029337165856e-05,0.00013659060080755
0.712539599821129,2.0345280520504114,2.0345911605639224,-6.31085135109899e-05,0.000136586401141
0.712539599821129,2.0345280203591676,2.034591160559806,-6.314020063857839e-05,0.0001365439159342
0.7125396170148459,2.0345280471420955,2.034591160577448,-6.311343535259084e-05,0.000136586401141
0.7125395992321337,2.034528053164027,2.0345911605860576,-6.310742203075037e-05,0.00013648969734874998
0.7125395735351763,2.034528027528002,2.0345911605694935,-6.313304149152543e-05,0.00013630444606029999
0.7125395913098632,2.0345280551631673,2.0345911605729077,-6.310540974041601e-05,0.00013643259877435
0.7125396102143944,2.0345280273843245,2.0345911605850246,-6.31332007001717e-05,0.0001365474500147
0.7125395726524351,2.0345280637957157,2.0345911605756637,-6.30967799479798e-05,0.000136289632642
0.7125396069162624,2.0345280510921806,2.034591160571301,-6.310947912036013e-05,0.0001365802501784
0.7125396170148459,2.034528052450389,2.0345911605578797,-6.310810749088347e-05,0.0001365966354155
0.7125395691214451,2.0345280286247602,2.034591160535729,-6.313191096873894e-05,0.00013630601698045
0.7125395704455695,2.0345280595291104,2.034591160564859,-6.310103574858061e-05,0.00013642561640615
0.7125396109265159,2.034528050722006,2.034591160550732,-6.310982872603788e-05,0.0001365776067813
0.7125395760561322,2.034528040149754,2.034591160576114,-6.312042635991943e-05,0.0001364557354196
0.7125396048381859,2.0345280346500494,2.034591160564154,-6.31259141044005e-05,0.0001365474500147
0.7125395803425706,2.0345280433525486,2.034591160573443,-6.311722089424876e-05,0.0001363647515335
0.7125395891698403,2.0345280575146614,2.034591160564251,-6.31030495896745e-05,0.00013642561640615
0.7125396197327932,2.0345280211408467,2.034591160559498,-6.313941865121464e-05,0.0001366221295295
0.7125395781939539,2.0345280373039025,2.034591160565959,-6.312326205648588e-05,0.0001364796267813
0.7125396069162624,2.034528032115408,2.0345911605513898,-6.312843598177409e-05,0.0001364318440579
0.7125396024886741,2.034528035610189,2.0345911605558724,-6.312494568350147e-05,0.0001364916991207
0.7125395836861941,2.034528052682907,2.0345911605714977,-6.310788859087424e-05,0.00013637516115045
0.7125396102143944,2.034528052818655,2.0345911605382008,-6.310771954565197e-05,0.0001365474500147
0.7125396194085862,2.034528042578215,2.0345911605874454,-6.311800923031186e-05,0.00013660347847915
0.7125395858262169,2.0345280131449277,2.034591160557536,-6.31474126082665e-05,0.0001364557354196
0.7125395803425706,2.034528048502486,2.0345911605742732,-6.311207178733014e-05,0.00013638821625055
0.7125395789319906,2.034528048752353,2.0345911605643723,-6.311181201912319e-05,0.0001363855707674
0.7125396001391624,2.0345280548710543,2.0345911605653,-6.310569424572421e-05,0.00013647264441309998
0.71253961143445,2.0345280312486773,2.0345911605886817,-6.312934000440862e-05,0.0001365811143468
0.7125396024886741,2.034528055907695,2.034591160575291,-6.310466759629207e-05,0.0001365137326526
0.7125395913098632,2.03452805366053,2.034591160558409,-6.310689787891732e-05,0.00013643259877435
0.7125395767833739,2.0345280202874867,2.034591160572013,-6.314028452614195e-05,0.00013635629154295
0.7125396001391624,2.0345280576336924,2.0345911605940104,-6.310296031797336e-05,0.0001364916991207
0.71253961143445,2.0345280376415156,2.0345911605623814,-6.312292086585458e-05,0.00013654742349969998
0.7125395891698403,2.0345280345764847,2.0345911605491667,-6.312597268198772e-05,0.0001364487530514
0.7125395870298175,2.0345280553191203,2.0345911605654243,-6.310524630404046e-05,0.0001364656620449
0.7125396045667507,2.034528029140099,2.0345911605573894,-6.313141729030747e-05,0.000136715197858
0.7125396200627149,2.0345280582347725,2.0345911605606926,-6.310232592010578e-05,0.00013666006722365002
0.7125395870298175,2.0345280389379146,2.0345911605362104,-6.312159829580111e-05,0.00013642176251275
0.7125395688486403,2.034528017478124,2.0345911605613103,-6.314308318611239e-05,0.0001363335455155
0.7125395870298175,2.034528048251419,2.034591160562276,-6.31123108569831e-05,0.00013642176251275
0.712539576045337,2.0345280346560797,2.034591160556072,-6.312589999213358e-05,0.00013649667971695
0.7125396045667507,2.0345280421943897,2.0345911605763916,-6.311838200190323e-05,0.00013654742349969998
0.712539608136318,2.034528034442254,2.0345911605710296,-6.312612877579227e-05,0.0001365439159342
0.7125395803425706,2.034528054884635,2.034591160556003,-6.310567136802447e-05,0.0001363647515335
0.7125396229075751,2.0345280293158976,2.0345911605635076,-6.313124761003763e-05,0.00013664695563225001
0.7125396102143944,2.0345280517433846,2.0345911605922207,-6.310884883609091e-05,0.0001365776067813
0.7125395704455695,2.0345280291446803,2.034591160581641,-6.313143696079493e-05,0.0001363855707674
0.7125396089943389,2.0345280503089764,2.0345911605576417,-6.31102486652324e-05,0.0001365439159342
0.7125396069162624,2.03452805896992,2.0345911605635547,-6.310159363476231e-05,0.0001365037714601
0.7125396085770042,2.034528045343752,2.034591160553443,-6.311520969060069e-05,0.0001365474500147
0.7125395822756141,2.034528042753305,2.0345911605969182,-6.311784361345829e-05,0.0001364656620449
0.712539619897754,2.0345280492808695,2.0345911605792613,-6.311129839176033e-05,0.0001366121564842
0.7125395747902566,2.0345280406775035,2.0345911605457023,-6.311986819884652e-05,0.000136352415123
0.712539588621437,2.034528037280504,2.0345911605627394,-6.312328223545549e-05,0.0001365037714601
0.7125396024886741,2.0345280364276745,2.0345911605176132,-6.312408993869312e-05,0.00013656077461525002
0.7125395775214107,2.0345280275444924,2.0345911605698483,-6.313302535598808e-05,0.00013642176251275
0.7125395747902566,2.034528055436818,2.0345911605541236,-6.310511730545088e-05,0.0001363192594786
0.7125396194085862,2.0345280574462734,2.0345911605894567,-6.310314318325183e-05,0.00013660347847915
0.7125396042487173,2.034528069372134,2.034591160579614,-6.30912074797152e-05,0.0001364796267813
0.712539599821129,2.0345280569902657,2.034591160545641,-6.31035553753101e-05,0.0001364318440579
0.7125396190843792,2.0345280487530943,2.0345911605770906,-6.311182399620918e-05,0.00013653059133365
0.7125395980740246,2.0345280463212503,2.034591160550475,-6.311422922467003e-05,0.0001365811143468
0.7125396206116685,2.034528049271747,2.03459116057623,-6.311130448288793e-05,0.0001366121564842
0.7125395836861941,2.034528056740454,2.034591160588671,-6.310384821706094e-05,0.00013643867150625
0.7125396024886741,2.034528016408875,2.0345911605467935,-6.314413791841389e-05,0.0001364796267813
0.7125395919650604,2.0345280190992807,2.0345911605618285,-6.314146254782216e-05,0.0001365137326526
0.71253961143445,2.0345280547019993,2.034591160556056,-6.310585405655544e-05,0.0001365811143468
0.7125395982016995,2.0345280259292533,2.0345911605804665,-6.313465121321471e-05,0.00013642176251275
0.7125396109265159,2.0345280225132374,2.03459116055812,-6.313804488256025e-05,0.0001365740992158
0.7125395941050834,2.034528059705435,2.0345911605751943,-6.31008697591362e-05,0.00013647264441309998
0.7125395691214451,2.034528056381714,2.0345911605707534,-6.310418903954229e-05,0.0001363478315524
0.7125395735351763,2.034528058476393,2.034591160557331,-6.310208093784908e-05,0.0001363478315524
0.7125396024886741,2.034528050354359,2.0345911605859777,-6.311023161886808e-05,0.00013650875205635
0.7125396045667507,2.0345280498392464,2.0345911605833997,-6.31107441533274e-05,0.0001364796267813
0.7125396217535129,2.034528064210829,2.0345911605702782,-6.309635944923286e-05,0.00013661714300685
0.7125396001391624,2.0345280290270487,2.0345911605718863,-6.313154483761352e-05,0.0001364916991207
0.7125395982016995,2.034528052042763,2.03459116056961,-6.310852684698887e-05,0.00013656428218075
0.7125395789319906,2.0345280589879873,2.0345911605619245,-6.31015739371854e-05,0.00013656077461525002
0.7125395969003034,2.034528033041213,2.034591160558293,-6.312751707993058e-05,0.0001364796267813
0.7125396069162624,2.034528038888511,2.0345911605414364,-6.312165292543526e-05,0.0001365137326526
0.712539619897754,2.034528046995276,2.034591160555408,-6.311356013188885e-05,0.0001366225295441
0.7125395982016995,2.034528054479906,2.0345911605652303,-6.310608532444917e-05,0.0001365740992158
0.7125395982016995,2.034528063514877,2.034591160572044,-6.309705716711633e-05,0.0001365256107374
0.7125395913098632,2.0345280381525486,2.0345911605863827,-6.312243383410632e-05,0.00013642176251275
0.7125396069162624,2.0345280263405354,2.0345911605720035,-6.313423146808717e-05,0.0001365837577439
0.7125396069162624,2.03452804153445,2.0345911605258356,-6.311899138555788e-05,0.00013647264441309998
0.7125395932664567,2.0345280263457863,2.0345911605837834,-6.313423799708673e-05,0.00013642176251275
0.7125395969003034,2.03452802616578,2.0345911605708213,-6.313440504124301e-05,0.0001365037714601
0.7125396089943389,2.034527992444269,2.034591160580046,-6.316813577678104e-05,0.0001365802501784
0.7125395969003034,2.0345280557107848,2.034591160543511,-6.310483272642387e-05,0.00013642176251275
0.712539614224648,2.0345280593588773,2.0345911605679414,-6.310120906416472e-05,0.00013654742349969998
0.7125395913098632,2.034528051089968,2.0345911605739087,-6.310948394050442e-05,0.0001363855707674
0.712539614224648,2.034528042985299,2.0345911605654647,-6.311758016552815e-05,0.00013659060080755
0.7125395870298175,2.034528054801659,2.034591160562193,-6.310576053403238e-05,0.00013642561640615
0.7125395982016995,2.0345280501878933,2.03459116058077,-6.311039287654197e-05,0.00013647264441309998
0.7125395969003034,2.0345280368650074,2.03459116058808,-6.312372307260006e-05,0.0001364916991207
0.7125396195735471,2.0345280562603354,2.0345911605565132,-6.310429617784052e-05,0.0001365811143468
0.7125396197327932,2.0345280476634295,2.034591160551043,-6.31128876134035e-05,0.00013659060080755
0.7125395982016995,2.034528041587525,2.0345911605808262,-6.311899330135873e-05,0.0001364318440579
0.7125396204467078,2.034528060621698,2.0345911605717815,-6.30999500832452e-05,0.0001365966354155
0.7125395789319906,2.0345280279755356,2.034591160542694,-6.313256715850812e-05,0.00013647264441309998
0.7125396206116685,2.0345280587546215,2.034591160560379,-6.310180575752611e-05,0.0001366121564842
0.7125396190843792,2.0345280220583275,2.034591160556382,-6.313849805428262e-05,0.0001365948004741
0.7125395789319906,2.034528039485327,2.034591160560751,-6.312107542427725e-05,0.0001363982977957
0.7125396024886741,2.034528037861238,2.03459116056767,-6.312270643205053e-05,0.0001365776067813
0.7125396021706408,2.0345280521884836,2.0345911605581675,-6.31083696838175e-05,0.0001365740992158
0.7125396170148459,2.0345280406328112,2.0345911605790654,-6.311994625418649e-05,0.0001365811143468
0.7125395735351763,2.03452804297246,2.0345911605635916,-6.311759113142301e-05,0.000136289632642
0.7125395870298175,2.0345280540868367,2.034591160559715,-6.310647287843807e-05,0.0001365474500147
0.7125396170148459,2.034528042486582,2.0345911605657956,-6.311807921344226e-05,0.00013659060080755
0.7125395985197329,2.0345280358035,2.0345911605635414,-6.312476004133316e-05,0.00013653059133365
0.7125395941050834,2.034528018685546,2.0345911605759173,-6.314189037137652e-05,0.0001365256107374
0.7125395891698403,2.03452803440629,2.034591160553,-6.312614670989092e-05,0.0001364318440579
0.7125395836861941,2.034528059118163,2.0345911605683438,-6.310145018062485e-05,0.00013638821625055
0.7125395678409896,2.0345280386580584,2.0345911605703315,-6.312191227308972e-05,0.0001362642024085
0.7125395995030958,2.034528056038818,2.0345911605633744,-6.310452455648985e-05,0.0001364318440579
0.7125395726524351,2.0345280140981497,2.0345911605681692,-6.314647001959273e-05,0.0001364116809676
0.7125396190843792,2.034528027353306,2.0345911605593607,-6.31332060545553e-05,0.0001365837577439
0.7125396194085862,2.0345280420652228,2.034591160575564,-6.311851034146443e-05,0.00013657112524440002
0.7125396001391624,2.0345280333019797,2.034591160572263,-6.312727028312537e-05,0.0001365439159342
0.71253961143445,2.034528036654072,2.0345911605727487,-6.312391867657752e-05,0.0001365811143468
0.7125395941050834,2.0345280443692473,2.0345911605598253,-6.311619057797202e-05,0.00013647264441309998
0.7125396021706408,2.0345280722713985,2.034591160547175,-6.308827577639065e-05,0.00013653893533795
0.7125395982016995,2.034528050232629,2.0345911605641165,-6.311033148742595e-05,0.00013647264441309998
0.7125395913098632,2.0345280475946392,2.03459116057826,-6.311298362060569e-05,0.0001363855707674
0.7125396190843792,2.034528039555136,2.034591160548637,-6.312099350092026e-05,0.0001365740992158
0.7125395995030958,2.0345280397305125,2.0345911605634464,-6.31208329338051e-05,0.0001364796267813
0.7125395913098632,2.034528038215207,2.0345911605793927,-6.312236418581918e-05,0.0001363855707674
0.7125396048381859,2.0345280564110615,2.0345911605657023,-6.310415464083619e-05,0.0001365740992158
0.712539599821129,2.0345280363048746,2.0345911605697378,-6.312426486321243e-05,0.00013653059133365
0.71253961143445,2.0345280600753926,2.0345911605914253,-6.310051603275468e-05,0.0001365137326526
0.7125396001391624,2.0345280445471086,2.034591160561188,-6.311601407960055e-05,0.0001365256107374
0.7125395858262169,2.034528060825751,2.0345911605614955,-6.309973574447625e-05,0.00013637516115045
0.712539599821129,2.0345280413536613,2.034591160560848,-6.31192071867126e-05,0.0001365037714601
0.7125396197327932,2.0345280637183696,2.034591160565108,-6.309684673855287e-05,0.000136586401141
0.7125396217386143,2.034528043926587,2.0345911605735867,-6.311664699953923e-05,0.0001366084650018
0.7125395789319906,2.0345280438663735,2.034591160590935,-6.311672456149608e-05,0.0001363855707674
0.7125396089943389,2.0345280542246647,2.0345911605545997,-6.31063299350032e-05,0.00013653059133365
0.7125395717696937,2.0345280391814655,2.034591160592872,-6.31214114066303e-05,0.00013627691752525
0.7125396194085862,2.034528040068703,2.0345911605596863,-6.312049098333716e-05,0.0001365837577439
0.7125395836861941,2.034528032519601,2.0345911605691254,-6.312804952424145e-05,0.0001364487530514
0.7125395985197329,2.0345280354050863,2.0345911605552427,-6.312515015638454e-05,0.00013656692557785
0.7125396021706408,2.034528068189875,2.0345911605633966,-6.309237352164487e-05,0.0001365037714601
0.7125395995030958,2.0345280406809314,2.0345911605503786,-6.311986944718129e-05,0.00013647278835525
0.7125396215901113,2.0345280395401844,2.034591160563284,-6.31210230994661e-05,0.0001366221295295
0.7125395982016995,2.0345280378967656,2.0345911605577944,-6.312266102881381e-05,0.0001364318440579
0.7125395803425706,2.0345280597314086,2.034591160576132,-6.3100844723607e-05,0.00013630444606029999
0.7125396024886741,2.034528045942874,2.0345911605840845,-6.31146412106709e-05,0.0001364916991207
0.7125395688486403,2.0345280439223883,2.034591160555223,-6.311663283486979e-05,0.00013628387894040002
0.7125396180496126,2.034528047098869,2.034591160541731,-6.311344286169529e-05,0.0001365992788126
0.7125395891698403,2.034528051493543,2.0345911605886693,-6.310909512619034e-05,0.00013647264441309998
0.7125396045667507,2.0345280601410565,2.0345911605461984,-6.310040514190263e-05,0.0001364318440579
0.7125395870298175,2.034528047516922,2.0345911605779685,-6.311306104667125e-05,0.00013652338819585
0.7125396048381859,2.0345280592615502,2.034591160585748,-6.310132419784509e-05,0.00013649667971695
0.7125396069162624,2.034528052115579,2.0345911605717886,-6.310845620971506e-05,0.00013653059133365
0.7125395836861941,2.034528039363808,2.034591160545013,-6.312118120499477e-05,0.00013637516115045
0.712539576045337,2.034528057407227,2.0345911605652374,-6.310315801050237e-05,0.0001363335455155
0.7125395775214107,2.0345280409394473,2.0345911605504,-6.31196109526222e-05,0.00013637516115045
0.7125395982016995,2.0345280250974795,2.0345911605590508,-6.313546157121763e-05,0.000136467807759
0.7125396190843792,2.034528060889558,2.034591160549415,-6.309965985673571e-05,0.00013659060080755
0.7125396001391624,2.0345280042845237,2.0345911605657254,-6.315628120168171e-05,0.0001365439159342
0.7125395775214107,2.034528060228245,2.0345911605520524,-6.310032380740793e-05,0.0001363478315524
0.7125396206116685,2.034528050301967,2.0345911605557307,-6.311025376382062e-05,0.00013660347847915
0.7125396194085862,2.0345280369167114,2.0345911605575924,-6.312364088101319e-05,0.00013661714300685
0.7125395802824969,2.0345280382585402,2.03459116055063,-6.312229208971232e-05,0.0001365811143468
0.7125396069162624,2.0345280208601717,2.0345911605584894,-6.313969831772681e-05,0.0001364796267813
0.71253961143445,2.034528045750869,2.034591160539022,-6.311478815268501e-05,0.0001365137326526
0.7125395688486403,2.0345280329614006,2.03459116056511,-6.312760370930093e-05,0.0001363478315524
0.7125396089943389,2.03452802917739,2.03459116058632,-6.3131408929884e-05,0.0001365837577439
0.7125395603970666,2.0345280509596213,2.034591160550592,-6.310959097088897e-05,0.000136289632642
0.7125395677045872,2.034528035908609,2.034591160555055,-6.312464644597782e-05,0.0001363187320972
0.71253961143445,2.0345280254661873,2.034591160575568,-6.313510938094069e-05,0.0001365948004741
0.7125395982016995,2.03452806173245,2.034591160568241,-6.309883579103115e-05,0.0001364487530514
0.7125396069162624,2.0345280112826423,2.0345911605481675,-6.31492655251975e-05,0.00013656077461525002
0.7125395982016995,2.0345280435723585,2.03459116056195,-6.311698959171608e-05,0.00013650875205635
0.7125396195735471,2.0345280491359103,2.0345911605578744,-6.311142196402386e-05,0.0001366121564842
0.712539621464517,2.034528063244064,2.034591160558453,-6.309731438891575e-05,0.0001365948004741
0.7125395919650604,2.0345280272271804,2.0345911605951312,-6.313336795082947e-05,0.0001364796267813
0.7125395677045872,2.034528031721273,2.034591160540752,-6.312881947900806e-05,0.00013628387894040002
0.7125395941050834,2.0345280532172616,2.034591160564183,-6.310734692149822e-05,0.0001364656620449
0.712539614224648,2.0345280387960734,2.0345911605620253,-6.312176595191232e-05,0.000136586401141
0.7125396200627149,2.0345280536539763,2.034591160547133,-6.310689315691675e-05,0.0001366084650018
0.7125395590124746,2.0345280121567515,2.0345911605728553,-6.314841610377542e-05,0.0001363982977957
0.712539576045337,2.034528061678071,2.0345911605534828,-6.309887541178227e-05,0.0001363192594786
0.7125396102143944,2.034528043755878,2.0345911605774516,-6.311682157367215e-05,0.0001365776067813
0.7125396045667507,2.0345280264462553,2.034591160571214,-6.313412495861925e-05,0.0001364916991207
0.712539599821129,2.0345280613657875,2.0345911605809923,-6.309921520486483e-05,0.00013638821625055
0.7125395704455695,2.0345280444217058,2.034591160572206,-6.31161505002531e-05,0.0001363478315524
0.7125395803425706,2.0345280509037,2.0345911605776164,-6.310967391653932e-05,0.0001364796267813
0.7125395919650604,2.034528053680816,2.034591160577301,-6.310689648492129e-05,0.0001364656620449
0.7125396217386143,2.0345280354675026,2.0345911605728713,-6.312510536865545e-05,0.000136641569095
0.7125395677045872,2.034528024510706,2.0345911605871305,-6.313607642471908e-05,0.0001363187320972
0.712539576045337,2.034528055649063,2.0345911605993554,-6.310495029238083e-05,0.00013635629154295
0.7125396001391624,2.0345280468564138,2.0345911605804345,-6.31137240207913e-05,0.0001364916991207
0.7125395767833739,2.0345280425147343,2.0345911605622944,-6.311804756009565e-05,0.0001363986258675
0.7125395995030958,2.0345280449745036,2.034591160576118,-6.311560161442742e-05,0.0001364916991207
0.7125395870298175,2.0345280502743184,2.0345911605618765,-6.311028755812131e-05,0.0001364656620449
0.7125395941050834,2.034528056478948,2.0345911605661287,-6.310408718057658e-05,0.00013640870741265
0.7125396089943389,2.0345280411437767,2.034591160575918,-6.311943214143412e-05,0.00013659060080755
0.7125395941050834,2.0345280397508407,2.034591160572453,-6.312082161219479e-05,0.0001365037714601
0.7125395735351763,2.0345280619622192,2.0345911605612015,-6.309859898223635e-05,0.00013630444606029999
0.7125396194085862,2.034528041285435,2.034591160560504,-6.311927506885695e-05,0.0001366121564842
0.7125395913098632,2.034528056092998,2.034591160595046,-6.310450204782825e-05,0.0001364656620449
0.7125396024886741,2.0345280317355585,2.0345911605482625,-6.312881270398307e-05,0.00013660347847915
0.7125395870298175,2.0345280381127226,2.0345911605632314,-6.312245050876797e-05,0.00013643867150625
0.7125396021706408,2.034528048159589,2.0345911605899976,-6.311243040846293e-05,0.0001365137326526
0.7125395803425706,2.0345280524254794,2.034591160561004,-6.310813552445893e-05,0.0001364796267813
0.7125395941050834,2.034528048437354,2.034591160552672,-6.311211531784267e-05,0.0001364916991207
0.7125395803425706,2.0345280545733293,2.0345911605860767,-6.310601274739369e-05,0.00013638821625055
0.7125395789319906,2.034528028638173,2.0345911605461517,-6.313190797868629e-05,0.00013635629154295
0.7125395713283107,2.0345280565449504,2.0345911605825697,-6.310403761933259e-05,0.0001363986258675
0.7125395735351763,2.0345280461625905,2.034591160547195,-6.311438460437913e-05,0.0001363667011599
0.712539614224648,2.034528040840984,2.0345911605858085,-6.311974482464677e-05,0.0001365776067813
0.7125396045667507,2.0345280515327504,2.0345911605630214,-6.310903027095804e-05,0.00013649667971695
0.7125396021706408,2.034528038859006,2.034591160585191,-6.312172618505585e-05,0.0001364557354196
0.7125395941050834,2.034528029348289,2.034591160564241,-6.313121595180604e-05,0.00013642176251275
0.712539614224648,2.034528031511469,2.0345911605491076,-6.312903763872058e-05,0.00013659060080755
0.7125395803425706,2.034528034720025,2.034591160565971,-6.312584594603265e-05,0.00013638821625055
0.7125395803425706,2.034528028294842,2.0345911605708586,-6.313227601673077e-05,0.0001364916991207
0.7125395985197329,2.0345280476294905,2.0345911605622082,-6.311293271776819e-05,0.00013653059133365
0.7125395836861941,2.0345280484437187,2.0345911605384606,-6.31120947418573e-05,0.00013635629154295
0.71253961143445,2.0345280689305705,2.034591160559832,-6.309162926143586e-05,0.00013654742349969998
0.71253961143445,2.0345280252567077,2.0345911605728215,-6.313531611379375e-05,0.00013660426533525
0.7125396024886741,2.034528067165031,2.034591160599564,-6.309343453292371e-05,0.00013650875205635
0.7125395836861941,2.034528053966387,2.0345911606015474,-6.310663516062576e-05,0.0001364656620449
0.7125395870298175,2.0345280378868678,2.0345911605480103,-6.312266114250065e-05,0.0001364796267813
0.7125395836861941,2.0345280241808705,2.0345911605588087,-6.313637793819993e-05,0.00013642176251275
0.712539599821129,2.0345280474493395,2.034591160557991,-6.311310865170228e-05,0.0001365948004741
0.7125395982016995,2.0345280566443855,2.034591160558072,-6.310391368646862e-05,0.0001364487530514
0.7125395747902566,2.034528036703263,2.034591160561878,-6.312385861484415e-05,0.0001364318440579
0.7125396102143944,2.0345280286091953,2.0345911605940183,-6.313198482299498e-05,0.0001365802501784
0.7125395717696937,2.0345280114949893,2.0345911605526545,-6.314905766524603e-05,0.00013630444606029999
0.712539614224648,2.034528037951063,2.0345911605704523,-6.312261938923314e-05,0.0001365811143468
0.7125395870298175,2.034528059638445,2.0345911605651192,-6.310092667405343e-05,0.00013643867150625
0.7125395726524351,2.0345280273963087,2.034591160559695,-6.313316338646402e-05,0.0001363855707674
0.7125395919650604,2.0345280438526916,2.034591160570338,-6.3116717646583e-05,0.0001365037714601
0.7125395735351763,2.03452805297705,2.0345911605419116,-6.310756486138658e-05,0.0001363187320972
0.7125395836861941,2.034528035348648,2.034591160564426,-6.312521577811481e-05,0.0001364796267813
0.7125395735351763,2.0345280364791303,2.0345911605539984,-6.312407486808169e-05,0.00013634200550605
0.7125395789319906,2.034528032802111,2.0345911605669698,-6.312776485861704e-05,0.00013637516115045
0.7125395735351763,2.0345280293071886,2.034591160571568,-6.313126437929029e-05,0.00013650875205635
0.7125396170148459,2.034528044675344,2.0345911605595703,-6.311588422613923e-05,0.0001366221295295
0.7125395775214107,2.034528027568086,2.0345911605793803,-6.313301129434734e-05,0.0001363986258675
0.7125395858262169,2.0345280535299786,2.0345911605951374,-6.310706515888498e-05,0.00013637516115045
0.7125395789319906,2.034528054834683,2.034591160536692,-6.310570200929178e-05,0.0001363192594786
0.7125395891698403,2.034528037256146,2.0345911606002587,-6.312334411262555e-05,0.0001364116809676
0.7125396057868062,2.034528038044765,2.0345911605530556,-6.312250829054733e-05,0.00013657980324944998
0.7125396001391624,2.0345280490385487,2.0345911605679152,-6.311152936655517e-05,0.0001365837577439
0.7125396089943389,2.0345280417254714,2.0345911605485254,-6.311882305398697e-05,0.0001365137326526
0.7125396140393591,2.034528067830899,2.034591160559658,-6.309272875881788e-05,0.0001365740992158
0.7125396102143944,2.034528044142593,2.0345911605753177,-6.311643272471912e-05,0.00013650875205635
0.7125395954064795,2.034528050909949,2.0345911605680778,-6.310965812872382e-05,0.0001363986258675
0.7125396152594146,2.034528052021997,2.03459116056349,-6.310854149305101e-05,0.00013656692557785
0.7125396180496126,2.0345280314023246,2.034591160587086,-6.3129184761479e-05,0.0001365776067813
0.7125395789319906,2.0345280378547703,2.034591160579155,-6.312272438480093e-05,0.00013642176251275
0.7125396102143944,2.034528045929719,2.034591160557627,-6.311462790797862e-05,0.00013653059133365
0.7125395985197329,2.034528045148751,2.0345911605729032,-6.311542415238236e-05,0.0001364916991207
0.7125396001391624,2.0345280612945515,2.0345911605750464,-6.309928049486047e-05,0.0001365439159342
0.712539599821129,2.034528038194105,2.034591160564288,-6.312237018279987e-05,0.0001364916991207
0.712539599821129,2.0345280335365046,2.0345911605436107,-6.312700710608965e-05,0.00013647264441309998
0.7125395941050834,2.0345280432227537,2.034591160579982,-6.311735722830392e-05,0.0001364487530514
0.7125395891698403,2.034528051600244,2.0345911605846227,-6.31089843787791e-05,0.0001364116809676
0.7125395836861941,2.0345280627130777,2.0345911605780693,-6.309786499159031e-05,0.0001365811143468
0.712539614224648,2.034528028454668,2.034591160585725,-6.313213105713089e-05,0.00013670121485065
0.7125395941050834,2.0345280410619915,2.0345911605639997,-6.311950200821315e-05,0.0001363855707674
0.7125395969003034,2.0345280428432972,2.034591160561826,-6.311771852862691e-05,0.00013653059133365
0.7125395982016995,2.034528058060156,2.034591160566107,-6.310250595076283e-05,0.00013647264441309998
0.7125395803425706,2.034528050367823,2.0345911605618587,-6.311019403559825e-05,0.0001363855707674
0.7125395836776001,2.0345280153184944,2.034591160579016,-6.314526052175751e-05,0.0001363986258675
0.7125395836861941,2.034528054864383,2.0345911605782945,-6.310571391132669e-05,0.00013637516115045
0.7125396001391624,2.034528051533,2.0345911605834632,-6.310905046325033e-05,0.0001364796267813
0.7125396102143944,2.0345280597871067,2.034591160559843,-6.310077273630199e-05,0.00013650875205635
0.7125395969003034,2.0345280574127225,2.0345911605777354,-6.310316501290103e-05,0.0001364116809676
0.7125396045667507,2.034528049585225,2.0345911605664986,-6.311098127342873e-05,0.000136586401141
0.7125395919650604,2.034528049941885,2.0345911605800326,-6.311063814745665e-05,0.0001364847167525
0.7125395789319906,2.034528044889811,2.0345911605742812,-6.311568447037175e-05,0.0001363855707674
0.7125396042487173,2.0345280379551856,2.0345911605561446,-6.312260095908684e-05,0.00013653059133365
0.7125395919650604,2.034528041129444,2.0345911605659963,-6.311943655212815e-05,0.0001365439159342
0.7125395995030958,2.0345280265714254,2.03459116058815,-6.313401672475294e-05,0.0001364318440579
0.7125395822756141,2.034528034696183,2.034591160571022,-6.312587483892074e-05,0.0001364656620449
0.7125396042487173,2.034528037963812,2.0345911605529317,-6.31225891196685e-05,0.00013649667971695
0.7125395870298175,2.0345280382523985,2.034591160554195,-6.312230179661427e-05,0.0001365439159342
0.71253961143445,2.0345280366530316,2.034591160559869,-6.312390683760327e-05,0.000136586401141
0.7125395789319906,2.0345280398681855,2.034591160571894,-6.312070370828593e-05,0.0001365256107374
0.7125395985197329,2.03452805593394,2.034591160578379,-6.310464443881614e-05,0.0001364916991207
0.7125395735351763,2.034528044850062,2.034591160565697,-6.311571563522023e-05,0.00013630444606029999
0.7125396152594146,2.0345280466773614,2.034591160571316,-6.311389395463607e-05,0.0001365811143468
0.7125396048381859,2.034528038264989,2.034591160575784,-6.312231079519393e-05,0.0001365740992158
0.7125395969003034,2.034528049545667,2.0345911605622216,-6.31110165545401e-05,0.0001365037714601
0.7125395985197329,2.0345280644975783,2.0345911605892075,-6.309609162924446e-05,0.0001365037714601
0.7125395755282935,2.0345280465574596,2.034591160579126,-6.311402166625513e-05,0.0001364796267813
0.7125395995030958,2.0345280433506514,2.0345911605589744,-6.311720832297141e-05,0.00013642176251275
0.7125396194085862,2.034528032326766,2.034591160568059,-6.312824129306449e-05,0.0001365992788126
0.712539576045337,2.0345280301730746,2.034591160569722,-6.31303966471819e-05,0.00013640870741265
0.7125395803425706,2.0345280432691277,2.0345911605689966,-6.31172998688534e-05,0.00013643867150625
0.7125396102143944,2.0345280459385346,2.0345911605574063,-6.311461887165137e-05,0.0001365966354155
0.7125395775214107,2.0345280492961244,2.0345911605814737,-6.311128534930432e-05,0.00013640870741265
0.712539600152101,2.034528036875781,2.034591160553736,-6.31236779549127e-05,0.00013649667971695
0.7125396130045925,2.0345280591241983,2.0345911605762033,-6.310145200494333e-05,0.0001364796267813
0.7125395982016995,2.0345280563936208,2.0345911605633207,-6.310416969990129e-05,0.00013643259877435
0.712539614224648,2.0345280381222746,2.0345911605581217,-6.31224358471627e-05,0.00013656428218075
0.7125396119612826,2.034528040685978,2.0345911605790246,-6.311989304652599e-05,0.00013666006722365002
0.7125396089943389,2.0345280620450157,2.03459116055046,-6.309850544417017e-05,0.0001364916991207
0.712539576045337,2.0345280530562695,2.0345911605511824,-6.310749491289513e-05,0.00013650875205635
0.7125395932664567,2.0345280311911713,2.0345911605588767,-6.312936770536126e-05,0.00013647264441309998
0.7125396048381859,2.034528059887978,2.034591160586099,-6.310069812087704e-05,0.000136467807759
0.7125395836861941,2.034528061840172,2.034591160568771,-6.309872859899812e-05,0.0001364487530514
0.7125396170148459,2.034528057684347,2.0345911605745495,-6.310289020250437e-05,0.0001366070084754
0.7125395767833739,2.034528046692925,2.0345911605556846,-6.311386275958952e-05,0.0001364916991207
0.712539619897754,2.034528039848424,2.0345911605644753,-6.312071605130143e-05,0.0001365966354155
0.7125395775214107,2.0345280217924624,2.0345911605511002,-6.313875863783736e-05,0.0001364557354196
0.71253961143445,2.034528018815208,2.0345911605668205,-6.314175161259428e-05,0.0001365802501784
0.712539576045337,2.0345280494814975,2.034591160544249,-6.311106275136424e-05,0.0001364318440579
0.7125396042487173,2.034528016128944,2.034591160570877,-6.314444193300517e-05,0.00013655426656335
0.7125396024886741,2.0345280596188955,2.0345911605555655,-6.310093667005745e-05,0.000136586401141
0.7125395982016995,2.034528026381603,2.0345911605648586,-6.31341832555421e-05,0.0001364116809676
0.7125396190843792,2.0345280539668553,2.034591160569617,-6.310660276165336e-05,0.00013660347847915
0.7125396170148459,2.034528033304037,2.0345911605983695,-6.312729433233244e-05,0.0001365948004741
0.7125396197327932,2.0345280469540987,2.034591160562856,-6.311360875743688e-05,0.0001365811143468
0.7125396089943389,2.0345280573520457,2.0345911605791427,-6.310322709701666e-05,0.0001365474500147
0.7125395919650604,2.0345280465325852,2.034591160574,-6.311404141490229e-05,0.0001364318440579
0.7125396089943389,2.0345280434626174,2.0345911605731137,-6.311711049633573e-05,0.0001364916991207
0.7125395836861941,2.0345280359834153,2.034591160549066,-6.312456565060742e-05,0.0001364116809676
0.7125395891698403,2.0345280336196225,2.0345911605571514,-6.312693752885679e-05,0.00013647264441309998
0.712539599821129,2.034528054830095,2.0345911605490503,-6.310571895529193e-05,0.0001364896470363
0.7125396130045925,2.034528035277558,2.0345911605673423,-6.312528978424936e-05,0.0001365256107374
0.7125395995030958,2.0345280330804245,2.034591160575979,-6.31274955544825e-05,0.0001364557354196
0.7125395747902566,2.0345280214747,2.0345911605578415,-6.313908314137251e-05,0.0001364116809676
0.7125395781939539,2.034528039989631,2.034591160572184,-6.312058255275588e-05,0.00013643259877435
0.7125395969003034,2.034528044949736,2.034591160588302,-6.311563856620239e-05,0.0001365037714601
0.7125396069162624,2.0345280285462857,2.0345911605522353,-6.313200594965096e-05,0.0001365776067813
0.7125395789319906,2.034528038802847,2.034591160579306,-6.312177645906303e-05,0.0001363855707674
0.7125395877742164,2.0345280507468226,2.0345911605622935,-6.310981547086314e-05,0.0001364671163467
0.7125395775214107,2.0345280565414057,2.034591160562232,-6.31040208265432e-05,0.0001362644681373
0.7125395789319906,2.0345280564038357,2.03459116057338,-6.310416954447007e-05,0.00013637516115045
0.7125395995030958,2.034528063537764,2.0345911605581954,-6.30970204316128e-05,0.0001363478315524
0.7125396024886741,2.034528046468814,2.0345911605801676,-6.311411135362377e-05,0.00013656077461525002
0.7125395789319906,2.034528048738161,2.0345911605734326,-6.311183527163422e-05,0.00013635629154295
0.7125395735351763,2.034528001883796,2.034591160583138,-6.315869934203633e-05,0.00013638983780515002
0.7125395980740246,2.034528042388622,2.03459116058121,-6.311819258808526e-05,0.00013647264441309998
0.712539599821129,2.0345280625726363,2.034591160571449,-6.309799881254463e-05,0.0001364916991207
0.7125395995030958,2.034528058438085,2.0345911605731115,-6.310213502658257e-05,0.0001364796267813
0.7125396048381859,2.0345280255362086,2.034591160551327,-6.313501511856501e-05,0.0001365802501784
0.7125395985197329,2.034528042789304,2.034591160588863,-6.31177995589205e-05,0.00013653059133365
0.7125396152594146,2.0345280446983574,2.03459116059625,-6.311589789254057e-05,0.00013653059133365
0.712539599821129,2.034528034999111,2.0345911605650735,-6.312556596244079e-05,0.0001365776067813
0.7125396045667507,2.0345280448104863,2.034591160576436,-6.311576594963952e-05,0.0001365137326526
0.712539614224648,2.03452802986042,2.034591160569993,-6.313070957331135e-05,0.00013659060080755
0.7125395985197329,2.03452804528068,2.034591160550901,-6.311527022084817e-05,0.0001365776067813
0.712539556957761,2.0345280102474157,2.0345911605602804,-6.315031286474593e-05,0.00013653893533795
0.7125395689850427,2.034528041852711,2.034591160553039,-6.311870032815747e-05,0.00013635629154295
0.7125395775214107,2.034528025660189,2.0345911605622375,-6.31349020485672e-05,0.0001364916991207
0.7125395704455695,2.0345280445009877,2.0345911605544384,-6.311605345077353e-05,0.0001362644681373
0.7125396170148459,2.0345280534631502,2.0345911605956486,-6.310713249835231e-05,0.0001366084650018
0.712539584415637,2.034528051550864,2.034591160555115,-6.310900425088306e-05,0.0001364916991207
0.7125395858262169,2.0345280729717463,2.034591160555484,-6.308758373751999e-05,0.0001363855707674
0.7125395775214107,2.0345280564894,2.0345911605798523,-6.31040904521818e-05,0.0001364318440579
0.7125396089943389,2.0345280448112537,2.0345911605852622,-6.311577400852642e-05,0.0001364916991207
0.7125395755282935,2.0345280432746344,2.0345911605577625,-6.311728312802245e-05,0.00013638821625055
0.7125396102143944,2.034528030209246,2.0345911605794704,-6.3130370224318e-05,0.0001366084650018
0.7125395891698403,2.0345280539354165,2.0345911605371105,-6.31066016940629e-05,0.0001364487530514
0.7125395691214451,2.0345280435635615,2.0345911605808493,-6.311701728778374e-05,0.0001362508110358
0.7125396197327932,2.0345280231818728,2.0345911605590583,-6.313737718555146e-05,0.00013660347847915
0.712539608136318,2.034528048102599,2.034591160576554,-6.311247395496267e-05,0.00013661714300685
0.7125396109265159,2.0345280614866814,2.0345911605431106,-6.309905642920555e-05,0.00013660347847915
0.7125395982016995,2.034528045352404,2.0345911605671785,-6.311521477453397e-05,0.0001364796267813
0.7125395913098632,2.034528020090382,2.0345911605586,-6.314046821787045e-05,0.00013654244290345
0.7125395836861941,2.0345280594346518,2.034591160566952,-6.310113230023617e-05,0.0001363647515335
0.7125395700478552,2.0345280488381476,2.0345911605497164,-6.311171156880846e-05,0.0001363855707674
0.7125395913098632,2.0345280425102046,2.0345911605851517,-6.311807494707722e-05,0.0001363855707674
0.7125395724469887,2.0345280222526414,2.034591160549973,-6.313829733173293e-05,0.0001363647515335
0.7125396069162624,2.0345280553232037,2.0345911605489806,-6.310522577690492e-05,0.0001365740992158
0.7125395935844899,2.034528022104832,2.03459116053861,-6.313843377814266e-05,0.0001364796267813
0.7125395789319906,2.034528041313995,2.0345911605642306,-6.311925023583242e-05,0.0001363855707674
0.712539584415637,2.0345280427987817,2.0345911605648017,-6.31177660199711e-05,0.0001365474500147
0.7125395726524351,2.0345280252106988,2.0345911605905793,-6.313537988056339e-05,0.00013647264441309998
0.7125395941050834,2.03452803328122,2.0345911606018565,-6.312732063662452e-05,0.00013650875205635
0.7125396089943389,2.034528054922007,2.0345911605726523,-6.310565064548967e-05,0.00013650875205635
0.7125396197327932,2.034528061612167,2.0345911605617903,-6.309894962353013e-05,0.000136586401141
0.7125396024886741,2.0345280400679955,2.0345911605670803,-6.312049908485662e-05,0.0001365137326526
0.7125396209006646,2.0345280504725083,2.0345911605826363,-6.311011012805068e-05,0.0001366221295295
0.712539599821129,2.0345280594772865,2.0345911605770337,-6.310109974716482e-05,0.0001365137326526
0.7125396001391624,2.0345280554258776,2.0345911605651725,-6.310513929497219e-05,0.0001365037714601
0.7125396109265159,2.034528046568512,2.034591160577347,-6.31140088347415e-05,0.0001364847167525
0.71253961143445,2.0345280536705577,2.034591160581194,-6.310691063626805e-05,0.00013660347847915
0.7125395746455523,2.034528050538253,2.0345911605613662,-6.31100231132109e-05,0.0001364916991207
0.7125396069162624,2.0345280279809925,2.034591160534648,-6.313255365553161e-05,0.00013653059133365
0.7125396119612826,2.0345280465006272,2.034591160555312,-6.311405468473197e-05,0.0001365811143468
0.7125396069162624,2.034528066398558,2.0345911605779725,-6.309417941441353e-05,0.0001364796267813
0.7125395836861941,2.034528049564506,2.0345911605614044,-6.31109968982635e-05,0.00013642176251275
0.7125395733214279,2.034528054600182,2.034591160563132,-6.310596294989423e-05,0.00013629932129409999
0.7125396170148459,2.0345280363621168,2.0345911605698728,-6.312420775600458e-05,0.00013656428218075
0.7125395941050834,2.0345280366280067,2.0345911605616753,-6.312393366858515e-05,0.00013653059133365
0.7125395913098632,2.034528060800571,2.034591160559983,-6.30997594117666e-05,0.0001363855707674
0.7125395603970666,2.0345280680069893,2.0345911605638674,-6.309255687808601e-05,0.0001362125885966
0.7125395941050834,2.0345280492039386,2.0345911605740326,-6.311137009396006e-05,0.0001364656620449
0.7125395891698403,2.034528041181239,2.0345911605806384,-6.311939939918076e-05,0.0001364318440579
0.7125396195735471,2.0345280409603874,2.0345911605744775,-6.311961409011246e-05,0.0001365837577439
0.7125395677045872,2.034528051811413,2.034591160567028,-6.310875561510443e-05,0.0001364487530514
0.7125395995030958,2.0345280647007273,2.034591160568427,-6.309586769948083e-05,0.00013653059133365
0.7125395941050834,2.034528064691695,2.0345911605998155,-6.309590812048071e-05,0.0001363855707674
0.7125396048381859,2.0345280294700805,2.034591160568597,-6.31310985164113e-05,0.0001365776067813
0.7125396021706408,2.034528046338036,2.034591160578487,-6.311424045124525e-05,0.000136586401141
0.7125396102143944,2.0345280438779585,2.034591160585291,-6.31167073326111e-05,0.00013653059133365
0.7125395995030958,2.034528035810455,2.0345911605778597,-6.312476740477635e-05,0.00013660426533525
0.7125395913098632,2.034528047458802,2.0345911605724796,-6.311311367745986e-05,0.0001364318440579
0.7125395872108571,2.0345280468607996,2.0345911605488367,-6.31136880371308e-05,0.0001364116809676
0.7125395775214107,2.0345280268014787,2.0345911605445757,-6.313374309696584e-05,0.00013634200550605
0.712539614224648,2.0345280483047787,2.034591160592073,-6.311228729405371e-05,0.0001365776067813
0.7125395995030958,2.0345280538503214,2.034591160565244,-6.310671492260056e-05,0.0001364487530514
0.7125395941050834,2.0345280323106794,2.034591160566729,-6.312825604970485e-05,0.0001366221295295
0.7125395919650604,2.0345280620113613,2.0345911605683047,-6.309855694341948e-05,0.00013642176251275
0.7125395891698403,2.0345280446474905,2.0345911605577283,-6.311591023777652e-05,0.0001364796267813
0.7125395858262169,2.0345280185456263,2.034591160590835,-6.314204520885269e-05,0.0001365992788126
0.7125396209006646,2.034528055809049,2.0345911605891165,-6.310478006765763e-05,0.00013659060080755
0.712539614224648,2.0345280328091366,2.034591160565872,-6.312775673533721e-05,0.0001365837577439
0.7125395982016995,2.0345280443253544,2.0345911605602414,-6.311623488697293e-05,0.0001365740992158
0.7125395803425706,2.0345280480239283,2.0345911605691795,-6.311254525126486e-05,0.0001364656620449
0.7125395803425706,2.034528036270575,2.034591160570193,-6.312429961807808e-05,0.00013649667971695
0.7125396102143944,2.034528023436785,2.0345911605795712,-6.313714278638471e-05,0.00013656692557785
0.7125395725833911,2.0345280489831588,2.0345911605633815,-6.311158022276331e-05,0.0001364656620449
0.7125395913098632,2.034528057356632,2.034591160585039,-6.310322840707983e-05,0.0001363187320972
0.7125396211606223,2.0345280371729233,2.034591160564576,-6.312339165281955e-05,0.00013661714300685
0.7125395822756141,2.034528036401978,2.0345911605863276,-6.31241843493946e-05,0.0001363335455155
0.7125395995030958,2.034528031978146,2.034591160567634,-6.31285894883149e-05,0.00013650875205635
0.7125396048381859,2.0345280408724165,2.0345911605844766,-6.311971206018896e-05,0.0001365740992158
0.7125396089943389,2.0345280377986636,2.034591160549539,-6.312275087516639e-05,0.00013653059133365
0.7125395689850427,2.0345280546644293,2.034591160556956,-6.310589252667143e-05,0.00013630444606029999
0.7125395985197329,2.034528065769512,2.0345911605774822,-6.309480797028755e-05,0.0001364916991207
0.7125395836861941,2.034528041488535,2.0345911605794433,-6.311909090817025e-05,0.0001364656620449
0.7125395919650604,2.0345280538223416,2.034591160549806,-6.310672746456802e-05,0.0001364656620449
0.7125396045667507,2.0345280242474346,2.034591160575685,-6.31363282503905e-05,0.00013656428218075
0.7125396001391624,2.0345280453851675,2.034591160559841,-6.311517467327832e-05,0.0001364557354196
0.712539599821129,2.034528036679974,2.034591160555852,-6.312387587792401e-05,0.00013647264441309998
0.7125396001391624,2.0345280434436472,2.0345911605440277,-6.311710038042762e-05,0.0001364916991207
0.712539576045337,2.034528030402272,2.034591160562193,-6.31301599209877e-05,0.0001365037714601
0.7125395775214107,2.0345280598559965,2.034591160574793,-6.310071879633838e-05,0.00013634200550605
0.7125395870298175,2.0345280453872547,2.034591160572636,-6.311518538115735e-05,0.0001364487530514
0.7125396001391624,2.034528036117607,2.034591160554661,-6.312443705391857e-05,0.0001364847167525
0.7125395919650604,2.0345280319129038,2.034591160576498,-6.312866359436953e-05,0.0001365439159342
0.7125395982016995,2.034528048793623,2.03459116056853,-6.311177490703201e-05,0.0001364796267813
0.7125395919650604,2.0345280556605423,2.0345911605609546,-6.310490041228078e-05,0.0001364656620449
0.7125396170148459,2.0345280391129363,2.0345911605614777,-6.312144854137003e-05,0.0001365474500147
0.7125395959340017,2.0345280474716785,2.034591160566303,-6.31130946247005e-05,0.0001365740992158
0.7125395870298175,2.034528010116225,2.034591160567858,-6.315045163285404e-05,0.0001364656620449
0.7125396190843792,2.034528046404595,2.034591160558912,-6.311415431703438e-05,0.0001365837577439
0.7125395982016995,2.0345280242938824,2.034591160556021,-6.313626213882984e-05,0.00013653059133365
0.7125395704455695,2.0345280359325946,2.034591160561663,-6.312462906832295e-05,0.00013630444606029999
0.7125396140393591,2.034528041844592,2.0345911605675293,-6.311872293718324e-05,0.00013660347847915
0.7125396102143944,2.034528059803183,2.034591160545784,-6.31007426008523e-05,0.0001365137326526
0.7125395995030958,2.0345280589524655,2.0345911605682203,-6.310161575484585e-05,0.00013650875205635
0.7125395767833739,2.0345280578163054,2.03459116054829,-6.310273198462113e-05,0.00013637975626
0.7125395767833739,2.034528020754259,2.0345911605615385,-6.313980727945534e-05,0.0001365137326526
0.7125395969003034,2.03452804838702,2.0345911605993376,-6.311221231758424e-05,0.00013650875205635
0.7125396048381859,2.034528064225838,2.034591160558371,-6.309633253298585e-05,0.0001365740992158
0.7125395775214107,2.0345280442195084,2.0345911605675555,-6.311634804712085e-05,0.0001363192594786
0.7125395704455695,2.0345280517160123,2.0345911605671056,-6.310885109339637e-05,0.0001362642024085
0.712539614363566,2.034528045845767,2.034591160584089,-6.311473832187886e-05,0.0001366221295295
0.7125396170148459,2.034528055708046,2.0345911605681297,-6.310486008365146e-05,0.00013656428218075
0.7125395775214107,2.0345280492321076,2.034591160541938,-6.311130983016611e-05,0.0001363376017047
0.7125395995030958,2.034528058418868,2.034591160562163,-6.310214329507957e-05,0.0001364656620449
0.7125395982016995,2.0345280528462664,2.034591160579317,-6.310773305084894e-05,0.00013642176251275
0.7125395870298175,2.034528055589874,2.0345911605722358,-6.310498236183903e-05,0.0001363986258675
0.7125396048381859,2.034528028972473,2.0345911605726514,-6.313160017823449e-05,0.0001365740992158
0.7125396190843792,2.0345280699085797,2.0345911605577838,-6.309064920406726e-05,0.0001365966354155
0.7125395731850255,2.0345280087631896,2.034591160567752,-6.315180456217817e-05,0.0001365256107374
0.7125396130045925,2.0345280522368774,2.0345911605767917,-6.310833991429732e-05,0.0001365037714601
0.7125396024886741,2.0345280316225347,2.0345911605602818,-6.312893774707007e-05,0.0001364916991207
0.7125396207357038,2.0345280569221087,2.034591160554151,-6.31036320424272e-05,0.00013671576385635
0.7125395781939539,2.0345280509557506,2.0345911605677176,-6.310961196698273e-05,0.00013635629154295
0.7125395789319906,2.0345280332621534,2.034591160556636,-6.312729448243459e-05,0.0001364318440579
0.712539619897754,2.0345280453782495,2.0345911605480733,-6.311516982382415e-05,0.00013658795741045
0.7125395891698403,2.034528049694625,2.0345911605677944,-6.311087316923647e-05,0.0001364656620449
0.7125395870298175,2.0345280495108784,2.034591160556188,-6.311104530976053e-05,0.00013652338819585
0.7125395803425706,2.034528042588789,2.034591160563565,-6.31179747760946e-05,0.0001363855707674
0.7125395891698403,2.0345280360086235,2.034591160554637,-6.312454601342665e-05,0.00013653059133365
0.7125396180496126,2.0345280195253195,2.0345911605756117,-6.314105029225914e-05,0.00013662751606675
0.7125395995030958,2.0345280670850068,2.0345911605842897,-6.309349928290686e-05,0.0001364847167525
0.7125396021706408,2.0345280373126577,2.034591160574698,-6.312326204005458e-05,0.0001365802501784
0.7125395789319906,2.0345280418822442,2.0345911605516926,-6.311866944841427e-05,0.00013638821625055
0.712539576045337,2.0345280547803712,2.034591160591489,-6.310581111756974e-05,0.0001363855707674
0.7125395739075153,2.034528035508072,2.0345911605514893,-6.31250434173225e-05,0.0001363335455155
0.7125395789319906,2.034528055110803,2.034591160571595,-6.31054607920234e-05,0.00013637516115045
0.7125395735351763,2.0345280451738215,2.0345911605879463,-6.3115414124848e-05,0.00013637975626
0.7125396206116685,2.034528022062661,2.034591160569362,-6.313850670114363e-05,0.00013670178084900002
0.7125396001391624,2.0345280382515747,2.0345911605596023,-6.312230802762997e-05,0.00013643867150625
0.7125395870298175,2.034528046807698,2.0345911605894105,-6.311378171242055e-05,0.0001364656620449
0.7125395775214107,2.034528026876386,2.034591160563149,-6.313368676291731e-05,0.0001363986258675
0.7125395781939539,2.0345280513380093,2.0345911605699585,-6.310923194918772e-05,0.0001363647515335
0.7125396180496126,2.034528043605286,2.0345911605515514,-6.311694626548459e-05,0.00013661714300685
0.7125396048381859,2.034528032120549,2.0345911605690947,-6.312844854594601e-05,0.0001365474500147
0.7125395919650604,2.0345280373239314,2.034591160581439,-6.312325750768011e-05,0.00013655426656335
0.7125395969003034,2.0345280324230317,2.0345911605792586,-6.312815622688817e-05,0.00013656428218075
0.7125395982016995,2.0345280583297036,2.0345911605575493,-6.310222784566832e-05,0.0001365256107374
0.7125396001391624,2.034528056469956,2.034591160573429,-6.310410347287743e-05,0.0001365474500147
0.7125395836861941,2.034528043313732,2.0345911605533127,-6.311723958063453e-05,0.0001363855707674
0.7125395767833739,2.0345280382122697,2.034591160570818,-6.312235854810666e-05,0.00013637516115045
0.7125396001391624,2.034528044695099,2.0345911605564946,-6.311586139551295e-05,0.0001365439159342
0.7125396197327932,2.0345280393528427,2.034591160567498,-6.312121465512632e-05,0.00013656428218075
0.7125396194085862,2.034528034334645,2.0345911605556393,-6.31262209944694e-05,0.0001365966354155
0.7125395891698403,2.0345280545359614,2.0345911605784806,-6.310604251913432e-05,0.0001363667011599
0.712539599821129,2.0345280451018235,2.0345911605510376,-6.311544921411283e-05,0.0001364557354196
0.7125395932664567,2.0345280300182598,2.0345911605812326,-6.313056297280184e-05,0.0001364796267813
0.7125395995030958,2.03452801977336,2.0345911605523037,-6.314077894353787e-05,0.00013660347847915
0.7125396190843792,2.034528053691013,2.0345911605841414,-6.310689312849505e-05,0.000136586401141
0.7125396069162624,2.0345280431836,2.0345911605710354,-6.311738743525197e-05,0.0001365037714601
0.7125395852177399,2.0345280455861947,2.0345911605683296,-6.311498213484867e-05,0.0001364116809676
0.7125395822756141,2.0345280363155918,2.034591160560185,-6.312424459320454e-05,0.0001364116809676
0.7125395902408664,2.0345280599822875,2.0345911605699762,-6.310058768876914e-05,0.00013659060080755
0.7125395836861941,2.0345279948075214,2.0345911605879485,-6.316578042708798e-05,0.00013642176251275
0.7125395726524351,2.034528036855555,2.0345911605734397,-6.312371788474991e-05,0.0001363647515335
0.7125396197327932,2.0345280591139026,2.0345911605596245,-6.310144572196918e-05,0.00013660347847915
0.7125396197327932,2.034528037185633,2.0345911605782185,-6.312339258540689e-05,0.0001366121564842
0.7125395535003758,2.0345280364001184,2.0345911605611793,-6.312416106091234e-05,0.00013630601698045
0.7125395891698403,2.0345280414297466,2.03459116056155,-6.31191318034574e-05,0.00013642176251275
0.7125395891698403,2.0345280387249507,2.03459116058693,-6.312186197909853e-05,0.0001364116809676
0.7125396001391624,2.0345280527363845,2.034591160547021,-6.310781063634252e-05,0.0001365948004741
0.7125396069162624,2.0345280424438195,2.0345911605700917,-6.311812627224356e-05,0.0001365474500147
0.7125395969003034,2.034528038331147,2.034591160543837,-6.312221269011431e-05,0.00013656077461525002
0.7125395747902566,2.034528058246175,2.034591160568396,-6.310232222128676e-05,0.00013634200550605
0.7125395985197329,2.0345280152347667,2.034591160563486,-6.31453287192052e-05,0.0001365137326526
0.7125395932664567,2.03452803007229,2.034591160564855,-6.313049256512215e-05,0.0001364656620449
0.7125396021706408,2.034528051134972,2.0345911606003226,-6.3109465350486e-05,0.00013650875205635
0.7125395858262169,2.0345280600899978,2.034591160552767,-6.310046276913894e-05,0.0001364116809676
0.7125395789319906,2.0345280290325576,2.0345911605771114,-6.313154455384051e-05,0.0001363986258675
0.7125395985197329,2.034528020749033,2.0345911605578246,-6.31398087915791e-05,0.0001364916991207
0.7125395789319906,2.0345280418248284,2.034591160543185,-6.311871835640304e-05,0.00013637516115045
0.7125395995030958,2.034528052946914,2.034591160576477,-6.310762956296401e-05,0.00013644965171
0.7125395803425706,2.0345280492414854,2.0345911605965954,-6.311135510994603e-05,0.00013644565387444999
0.7125395836861941,2.034528044244221,2.0345911605613396,-6.311631711852783e-05,0.00013637516115045
0.7125395677045872,2.034528046159207,2.0345911605664253,-6.311440721828987e-05,0.0001363187320972
0.7125396195735471,2.0345280383989066,2.0345911605681897,-6.312216928305858e-05,0.0001366221295295
0.7125396195735471,2.034528042760337,2.034591160558997,-6.311779866008393e-05,0.0001365837577439
0.7125396001391624,2.034528030106081,2.034591160575657,-6.313046957595603e-05,0.000136467807759
0.7125395789319906,2.0345280509947723,2.034591160589063,-6.31095942908999e-05,0.0001363855707674
0.7125395836861941,2.034528056313724,2.0345911605646685,-6.310425094468997e-05,0.0001363855707674
0.712539599821129,2.034528058438609,2.034591160560531,-6.310212192195408e-05,0.00013648969734874998
0.7125395941050834,2.0345280532714987,2.0345911605557983,-6.310728429959056e-05,0.00013647264441309998
0.7125395995030958,2.034528064078944,2.0345911605833398,-6.309650439595416e-05,0.00013653059133365
0.7125395789319906,2.0345280447515885,2.0345911605679032,-6.311581631468499e-05,0.00013634200550605
0.7125396155836217,2.034528018328444,2.0345911605700926,-6.314224164860605e-05,0.0001366121564842
0.7125395969003034,2.034528024533888,2.0345911605815012,-6.313604761309932e-05,0.00013650875205635
0.7125395995030958,2.034528052688476,2.0345911605796556,-6.310789117947024e-05,0.0001364116809676
0.7125395941050834,2.0345280208534056,2.0345911605695055,-6.313971609994695e-05,0.0001364487530514
0.7125395726524351,2.0345280289787926,2.034591160558253,-6.313157946058467e-05,0.00013642176251275
0.7125395836861941,2.034528039479525,2.034591160601382,-6.312112185691277e-05,0.0001365776067813
0.7125396024886741,2.0345280460581336,2.0345911605844464,-6.31145263128019e-05,0.0001365137326526
0.712539599821129,2.0345280273730006,2.034591160564781,-6.313319178019583e-05,0.0001364796267813
0.7125396102143944,2.03452803796384,2.034591160574315,-6.312261047503043e-05,0.0001365837577439
0.7125395735351763,2.0345280380916395,2.0345911605487816,-6.31224571421285e-05,0.0001363855707674
0.7125395995030958,2.0345280335520273,2.0345911605715123,-6.312701948507637e-05,0.0001365037714601
0.7125396069162624,2.0345280635554457,2.0345911605688842,-6.309701343854002e-05,0.0001365811143468
0.7125395735351763,2.0345280563307826,2.0345911605692786,-6.310423849598124e-05,0.00013630444606029999
0.7125396024886741,2.0345280496301466,2.034591160559498,-6.31109293514065e-05,0.0001364557354196
0.7125396045667507,2.0345280462853803,2.0345911605611633,-6.311427578298279e-05,0.00013650875205635
0.7125396042487173,2.034528049922407,2.0345911605521856,-6.31106297785955e-05,0.00013656692557785
0.7125395858262169,2.034528057632367,2.034591160560455,-6.310292808775486e-05,0.0001365500668968
0.7125395969003034,2.034528056327181,2.0345911605603613,-6.31042331802334e-05,0.00013653893533795
0.7125395789319906,2.034528046734154,2.034591160526733,-6.311379257883942e-05,0.00013635629154295
0.7125395969003034,2.034528047626157,2.034591160563713,-6.311293755567604e-05,0.00013647264441309998
0.7125395954064795,2.0345280421772833,2.0345911605475644,-6.311837028105671e-05,0.0001364557354196
0.712539619897754,2.034528049517979,2.034591160554475,-6.311103649592198e-05,0.00013660347847915
0.7125396024886741,2.0345280262994883,2.0345911605434854,-6.313424399717604e-05,0.00013649667971695
0.7125395982016995,2.0345280392689395,2.0345911605807383,-6.31213117987528e-05,0.0001364796267813
0.7125395803425706,2.0345280720677725,2.03459116057994,-6.30885121672975e-05,0.00013637516115045
0.7125395769388734,2.0345280426480437,2.0345911605882705,-6.311794022684225e-05,0.0001364318440579
0.7125396048381859,2.034528050889417,2.034591160559987,-6.310967056988304e-05,0.00013653059133365
0.7125395969003034,2.0345280652640847,2.0345911605870417,-6.309532295700748e-05,0.00013637516115045
0.7125396001391624,2.034528052965338,2.0345911605688993,-6.310760356154077e-05,0.00013648969734874998
0.7125396048381859,2.034528062910463,2.0345911605624036,-6.309765194068007e-05,0.0001365256107374
0.7125395913098632,2.0345280178418523,2.034591160595176,-6.314275332375274e-05,0.0001365948004741
0.7125396170148459,2.0345280655812097,2.0345911605782305,-6.309499702084054e-05,0.00013661714300685
0.7125395995030958,2.0345280464670883,2.034591160572723,-6.311410563464293e-05,0.0001364796267813
0.7125395726524351,2.0345280173695626,2.034591160577182,-6.31432076194649e-05,0.00013653059133365
0.7125395995030958,2.0345280486718584,2.034591160564092,-6.31118922336249e-05,0.00013650875205635
0.7125395755282935,2.0345280173583125,2.034591160575042,-6.314321672951095e-05,0.0001363855707674
0.7125395803425706,2.034528054495009,2.0345911605565146,-6.31060615057244e-05,0.0001363647515335
0.7125395836861941,2.0345280654585833,2.0345911605718863,-6.30951133029356e-05,0.00013643867150625
0.7125395689850427,2.034528039533136,2.034591160604325,-6.312107118899846e-05,0.0001363335455155
0.7125396085770042,2.0345280612377614,2.0345911605860363,-6.30993482748643e-05,0.00013659060080755
0.7125396048381859,2.034528034843833,2.034591160576649,-6.31257328160828e-05,0.0001365256107374
0.7125395803425706,2.034528046149757,2.0345911605767086,-6.3114426951838e-05,0.000136467807759
0.7125396001391624,2.034528054895667,2.0345911605862477,-6.310569058065596e-05,0.0001365776067813
0.7125395954064795,2.0345280614519363,2.034591160563469,-6.309911153268288e-05,0.0001364656620449
0.7125396190843792,2.0345280423181693,2.034591160562824,-6.311824465488058e-05,0.000136586401141
0.7125395775214107,2.0345280421569045,2.0345911605674294,-6.3118410524865e-05,0.00013634200550605
0.7125395775214107,2.0345280536659827,2.0345911605734597,-6.310690747701742e-05,0.000136289632642
0.712539619897754,2.034528042524427,2.034591160573864,-6.311804943681665e-05,0.000136586401141
0.7125396089943389,2.034528033053954,2.0345911605710496,-6.31275170954737e-05,0.00013653059133365
0.7125396057868062,2.034528056391491,2.034591160550571,-6.310415907995193e-05,0.0001365137326526
0.7125396001391624,2.034528015275404,2.03459116056418,-6.31452887760453e-05,0.00013653059133365
0.7125396089943389,2.034528052890398,2.0345911605595117,-6.310766911354904e-05,0.0001365474500147
0.7125395747902566,2.0345280519905993,2.0345911605816456,-6.31085910463014e-05,0.0001362781252388
0.7125395858262169,2.0345280570284974,2.0345911605827385,-6.310355424110625e-05,0.00013637516115045
0.7125396217535129,2.034528053628378,2.0345911605676235,-6.310693924538313e-05,0.00013659060080755
0.7125395913098632,2.0345280299246027,2.0345911605664995,-6.31306418967803e-05,0.0001363986258675
0.7125396183738195,2.034528057196783,2.0345911605643168,-6.310336753356793e-05,0.00013659060080755
0.7125395775214107,2.034528041898678,2.034591160552614,-6.311865393593408e-05,0.0001363667011599
0.712539599821129,2.034528043912632,2.0345911605758764,-6.311666324432252e-05,0.00013656077461525002
0.7125396008692446,2.0345280427625974,2.0345911605629428,-6.311780034540249e-05,0.0001365439159342
0.7125395913098632,2.0345280319272976,2.0345911605868845,-6.31286595869085e-05,0.0001363855707674
0.7125395969003034,2.0345280592532586,2.034591160571045,-6.310131778652917e-05,0.0001364916991207
0.7125395913098632,2.034528050790428,2.0345911605640117,-6.310977358348069e-05,0.0001363855707674
0.7125395870298175,2.0345280714982974,2.0345911605628393,-6.308906454188801e-05,0.0001364487530514
0.7125396024886741,2.034528037916532,2.034591160575808,-6.31226592759937e-05,0.00013656077461525002
0.7125395803425706,2.034528039420285,2.034591160555378,-6.312113509299166e-05,0.0001364116809676
0.712539600152101,2.034528037569332,2.034591160563244,-6.312299391186826e-05,0.00013653301396115
0.7125396211606223,2.0345280506729013,2.034591160548321,-6.310987541979785e-05,0.0001365837577439
0.7125396170148459,2.0345280311780587,2.0345911605911864,-6.312941312769382e-05,0.0001366225295441
0.7125395704455695,2.034528046213249,2.034591160552425,-6.311433917582931e-05,0.00013637764734345
0.712539576045337,2.034528045488131,2.034591160553458,-6.311506532696853e-05,0.00013630444606029999
0.712539599821129,2.034528046157708,2.034591160566606,-6.311440889783526e-05,0.0001364557354196
0.7125396209006646,2.034528056920864,2.0345911605560247,-6.310363516082163e-05,0.0001366121564842
0.7125395767833739,2.034528050134143,2.034591160567358,-6.311043321494125e-05,0.0001363478315524
0.7125395726524351,2.0345280266310763,2.034591160585534,-6.313395445767256e-05,0.00013643867150625
0.7125395969003034,2.0345280366223997,2.0345911605423264,-6.312391992668864e-05,0.0001364557354196
0.7125395985197329,2.034528030332397,2.0345911605820164,-6.313024961945857e-05,0.0001365776067813
0.7125395789319906,2.034528047543678,2.034591160554903,-6.311301122474688e-05,0.0001363478315524
0.7125395735351763,2.0345280435896136,2.034591160587783,-6.311699816929917e-05,0.00013630444606029999
0.7125395913098632,2.0345280227607283,2.034591160563961,-6.313780323274898e-05,0.0001364656620449
0.7125395870298175,2.034528035902699,2.034591160560372,-6.312465767299713e-05,0.00013650875205635
0.7125395789319906,2.034528036270077,2.034591160570562,-6.312430048494022e-05,0.00013637516115045
0.7125396048381859,2.034528054463323,2.034591160553728,-6.310609040482973e-05,0.00013653059133365
0.712539566560534,2.034528040692518,2.0345911605694504,-6.311987693230492e-05,0.0001362125885966
0.7125395717696937,2.034528012254213,2.0345911605669262,-6.314831271314603e-05,0.00013634200550605
0.7125396197327932,2.034528046759094,2.034591160565682,-6.311380658807764e-05,0.0001365474500147
0.712539619897754,2.0345280314869005,2.034591160546688,-6.312905978766992e-05,0.00013661714300685
0.7125396214496182,2.0345280514631883,2.034591160571926,-6.310910873752462e-05,0.0001367267818909
0.7125396024886741,2.034528054867062,2.034591160554867,-6.31056878050984e-05,0.00013653893533795
0.7125396155836217,2.0345280565254025,2.034591160563618,-6.31040382157444e-05,0.00013656428218075
0.7125396021706408,2.0345280476401104,2.0345911605528655,-6.311291275507003e-05,0.0001365439159342
0.7125396152594146,2.034528032921157,2.034591160545255,-6.312762409832473e-05,0.0001365474500147
0.71253961143445,2.0345280605134706,2.0345911605723144,-6.310005884380132e-05,0.00013653059133365
0.7125395969003034,2.0345280348914665,2.034591160533026,-6.312564155930289e-05,0.00013647264441309998
0.7125396008692446,2.0345280479806194,2.0345911605865568,-6.311260593738766e-05,0.0001365740992158
0.7125396001391624,2.034528058830007,2.0345911605848657,-6.310175485868541e-05,0.0001365137326526
0.7125396069162624,2.0345280236405245,2.0345911605850873,-6.3136944562725e-05,0.00013656077461525002
0.7125395717696937,2.0345280353007213,2.0345911605719715,-6.312527125018619e-05,0.0001363986258675
0.7125396021706408,2.034528039350207,2.03459116054494,-6.312119473284028e-05,0.00013653059133365
0.7125395789319906,2.0345280558963954,2.0345911605638745,-6.310466747905252e-05,0.0001363647515335
0.712539599821129,2.034528040843665,2.0345911605636955,-6.31197200307021e-05,0.00013650875205635
0.7125396197327932,2.034528050478937,2.034591160540316,-6.311006137904585e-05,0.00013659312785
0.7125395913098632,2.0345280513169786,2.034591160569517,-6.310925253849575e-05,0.00013642176251275
0.7125395891698403,2.0345280427992045,2.034591160575866,-6.311777666168084e-05,0.0001364487530514
0.7125396089943389,2.0345280473277674,2.034591160588802,-6.311326103469739e-05,0.00013653059133365
0.712539599821129,2.03452804111805,2.034591160570188,-6.311945213788306e-05,0.0001364916991207
0.7125395891698403,2.034528040533177,2.0345911605663822,-6.312003320507742e-05,0.0001365256107374
0.7125395755282935,2.034528058811943,2.0345911605714626,-6.310175951940167e-05,0.0001364116809676
0.7125395982016995,2.03452804545745,2.0345911605513525,-6.311509390233283e-05,0.0001364318440579
0.7125395747902566,2.034528054002413,2.0345911605835285,-6.310658111541301e-05,0.0001363192594786
0.712539599821129,2.0345280424834185,2.0345911605554816,-6.311807206316189e-05,0.0001365776067813
0.712539566560534,2.0345280608382157,2.03459116056504,-6.309972682450038e-05,0.00013640870741265
0.7125396089943389,2.0345280318512518,2.034591160564136,-6.312871288427502e-05,0.0001364796267813
0.7125396197327932,2.034528046964557,2.034591160565864,-6.31136013069522e-05,0.0001366221295295
0.7125396089943389,2.034528052061687,2.0345911605733678,-6.310851168089826e-05,0.0001364796267813
0.7125396209155632,2.0345280408425563,2.0345911605793967,-6.311973684036687e-05,0.0001366221295295
0.7125395995030958,2.0345280521611095,2.034591160593713,-6.310843260326493e-05,0.0001364656620449
0.7125396130045925,2.0345280469920812,2.0345911605715905,-6.311357950927743e-05,0.0001365776067813
0.7125396197327932,2.034528040026576,2.034591160577076,-6.312055049972898e-05,0.00013656077461525002
0.7125396155836217,2.0345280556427228,2.034591160581045,-6.310493832240027e-05,0.0001365837577439
0.7125395888302866,2.0345280537683603,2.0345911605553675,-6.31067870071611e-05,0.00013647278835525
0.7125395985197329,2.0345280347543007,2.034591160590124,-6.31258358234632e-05,0.0001364318440579
0.7125396170148459,2.0345280694888843,2.034591160562473,-6.309107358859478e-05,0.0001365740992158
