case,sign,cell,time,rank,rho_F,max_ahead_HP_over_h2,fit_center_rel_cells,fit_A_over_h2,fit_relL2,fit_corr,candidate_peak_cell,candidate_peak_amp,edge_HP_over_h2
h002_mid_k20,1,10,0.2,1,1.130946548553021,0.005707081700378351,167.6827878400701,0.006417331678050498,0.5241004604087127,0.8516564491620876,169,0.005707081700378351,0.016402142214136488
h002_mid_k20,1,12,0.24,1,1.130946548553021,0.007435739649558442,167.7569962774195,0.008292946804274467,0.5149511910321704,0.8572194998100249,169,0.007435739649558442,0.020678617146701727
h002_mid_k20,1,14,0.28,1,1.130946548553021,0.009708720265515296,167.83484193445554,0.010709039935987458,0.503016569003546,0.8642767677705454,169,0.009708720265515296,0.025832772422981834
h002_mid_k20,1,16,0.32,1,1.130946548553021,0.012651263738322541,167.930601146899,0.013810336571238646,0.48861705569099306,0.8724983512235799,169,0.012651263738322541,0.031909178353291746
h002_mid_k20,1,18,0.36,1,1.130946548553021,0.016585886124161762,168.07484694042148,0.017821808800983586,0.4736887002699892,0.8806923499364169,169,0.016585886124161762,0.03878265482651168
h002_mid_k20,1,20,0.4,1,1.130946548553021,0.021934262412460978,168.2658667165449,0.022978826136474804,0.45615998653301687,0.8898977844034661,169,0.021934262412460978,0.045929367981907714
h002_mid_k20,1,20,0.4,2,1.130946548553021,0.021934262412460978,168.5000200662081,0.022923906610519965,0.4568240982152414,0.8895570489236945,173,0.005865651653143031,0.045929367981907714
h002_mid_k20,1,22,0.44,1,1.130946548553021,0.029031671034557054,168.51331186716584,0.029561364931733936,0.4377644402501376,0.8990897034514872,169,0.029031671034557054,0.052295055013609204
h002_mid_k20,1,22,0.44,2,1.130946548553021,0.029031671034557054,169.5000200513757,0.028114775218674025,0.5147612607943017,0.8573335665803955,174,0.00676217345393305,0.052295055013609204
h002_mid_k20,1,24,0.48,1,1.130946548553021,0.03908261723278202,168.83847071350147,0.03777185279072988,0.4223428352598781,0.9064361695699528,170,0.03908261723278202,0.06143618157889112
h002_mid_k20,1,24,0.48,2,1.130946548553021,0.03908261723278202,169.5000200513757,0.03685976100884589,0.463010487430693,0.8863528013884725,174,0.008077925629318528,0.06143618157889112
h002_mid_k20,1,26,0.52,1,1.130946548553021,0.05336099864150258,169.25348496366303,0.04743672523667672,0.4224536300451732,0.9063845378544672,170,0.05336099864150258,0.0665000050286174
h002_mid_k20,1,26,0.52,2,1.130946548553021,0.05336099864150258,169.5000200513757,0.04725891637209554,0.42628421035614505,0.9045892835983844,174,0.009115073809088351,0.0665000050286174
h002_mid_k20,1,28,0.56,1,1.130946548553021,0.07047184353815464,169.74977442442923,0.0575267897964878,0.45278722390813375,0.8916186011213347,174,0.009348813594621948,0.0679050821267488
h002_mid_k20,1,28,0.56,2,1.130946548553021,0.07047184353815464,169.74977639125814,0.0575268014595871,0.4554963016631915,0.890237675663727,170,0.07047184353815464,0.0679050821267488
h002_mid_k20,1,28,0.56,3,1.130946548553021,0.07047184353815464,158.8283674608324,0.008401383004816845,0.9915250389962782,0.12991573054649203,159,0.006319641182965519,0.0679050821267488
h002_mid_k20,1,30,0.6,1,1.130946548553021,0.08580418008325622,170.2917339483638,0.06611475158784151,0.528787110359629,0.8487544944903173,174,0.007906446521595589,0.06589809200010557
h002_mid_k20,1,30,0.6,2,1.130946548553021,0.08580418008325622,170.29173680887789,0.06611476001700992,0.5306773143456616,0.8475739425199885,170,0.08580418008325622,0.06589809200010557
h002_mid_k20,1,30,0.6,3,1.130946548553021,0.08580418008325622,169.49997994862326,0.06280174876401773,0.5939472556011487,0.8045039823169704,165,0.008836457621288867,0.06589809200010557
h002_mid_k20,1,30,0.6,4,1.130946548553021,0.08580418008325622,156.33494193258684,0.008079781345580149,0.9946281764879059,0.10351227239483876,158,0.006319009442735345,0.06589809200010557
h002_mid_k20,1,32,0.64,1,1.130946548553021,0.10054389231772573,170.83402913733676,0.06948039727258241,0.6512784760852306,0.7588388146293651,171,0.10054389231772573,0.06063215045569688
h002_mid_k20,1,32,0.64,2,1.130946548553021,0.10054389231772573,164.37351425385054,0.018397679799405486,0.9796399365808552,0.2007625329982116,166,0.030697943171149402,0.06063215045569688
h002_mid_k20,1,32,0.64,3,1.130946548553021,0.10054389231772573,154.74402867813774,0.008088463815728754,0.9960935641856257,0.08830408477514712,156,0.006460985080869061,0.06063215045569688
h002_mid_k20,1,34,0.68,1,1.130946548553021,0.10460912676344522,171.35482270091904,0.06276959603585003,0.7962427441944225,0.6049772659511556,171,0.10460912676344522,0.0523212532600147
h002_mid_k20,1,34,0.68,2,1.130946548553021,0.10460912676344522,165.33352088714253,0.04136309390562812,0.9172278465624182,0.3983629971401322,167,0.06097125631872539,0.0523212532600147
h002_mid_k20,1,34,0.68,3,1.130946548553021,0.10460912676344522,153.4683209115094,0.0082444786526107,0.9968418162193561,0.0794128039833337,155,0.00661433475128383,0.0523212532600147
h002_mid_k20,1,36,0.72,1,1.130946548553021,0.09891885255660174,166.30468079525713,0.05862949112375214,0.84758111092562,0.5306658651186188,167,0.09891885255660174,0.05958599618854473
h002_mid_k20,1,36,0.72,2,1.130946548553021,0.09891885255660174,166.30468276009947,0.058629493283648276,0.8477503450491632,0.5303954679944245,162,0.007332678865857205,0.05958599618854473
h002_mid_k20,1,36,0.72,3,1.130946548553021,0.09891885255660174,171.876153069863,0.04323448165356282,0.9201060086696661,0.39166941776193875,171,0.08793030320965554,0.05958599618854473
h002_mid_k20,1,36,0.72,4,1.130946548553021,0.09891885255660174,152.15438112607865,0.008370740276654938,0.9971188602361906,0.07585498376033144,153,0.006750254552784921,0.05958599618854473
h002_mid_k20,1,38,0.76,1,1.130946548553021,0.11465939420611602,167.24647336490705,0.06250185073727872,0.8326447761884164,0.5538074364669927,171,0.05254857613347374,0.05100374898952996
h002_mid_k20,1,38,0.76,2,1.130946548553021,0.11465939420611602,167.2464796713523,0.0625018394561727,0.8330623562970699,0.5531790944357656,167,0.11465939420611602,0.05100374898952996
h002_mid_k20,1,38,0.76,3,1.130946548553021,0.11465939420611602,161.52418050546942,0.024119016334659075,0.9769764204608667,0.2133473080764599,163,0.04432338401325698,0.05100374898952996
h002_mid_k20,1,38,0.76,4,1.130946548553021,0.11465939420611602,150.56411193305485,0.008364654982627723,0.9972512557226256,0.07409408181256039,152,0.00681535507537405,0.05100374898952996
h002_mid_k20,1,40,0.8,1,1.130946548553021,0.09524367799875412,162.73482168642647,0.05235782729129464,0.8939629371546732,0.448140900826726,164,0.09044228405110298,0.03211650414164309
h002_mid_k20,1,40,0.8,2,1.130946548553021,0.09524367799875412,168.1085740915546,0.049045520154364225,0.9072358292773469,0.42062233663399856,171,0.02070190865651643,0.03211650414164309
h002_mid_k20,1,40,0.8,3,1.130946548553021,0.09524367799875412,168.10857424736446,0.04904551401791453,0.9074683554179623,0.4201204397729524,168,0.09524367799875412,0.03211650414164309
h002_mid_k20,1,40,0.8,4,1.130946548553021,0.09524367799875412,148.77401974333895,0.00826165831307363,0.9974322763863008,0.07161601792086716,150,0.006986549665779308,0.03211650414164309
h002_mid_k20,1,42,0.84,1,1.130946548553021,0.11889309602449567,163.8400599026479,0.06181091593271993,0.8411822472234667,0.5407517239510925,168,0.0470775391433234,0.0329419659377206
h002_mid_k20,1,42,0.84,2,1.130946548553021,0.11889309602449567,163.84005866337247,0.06181093236279615,0.8415631554308688,0.5401587316902687,164,0.11889309602449567,0.0329419659377206
h002_mid_k20,1,42,0.84,3,1.130946548553021,0.11889309602449567,158.19051962099581,0.021855019155969716,0.9816099548977711,0.19089760722857613,160,0.04422012795792411,0.0329419659377206
h002_mid_k20,1,42,0.84,4,1.130946548553021,0.11889309602449567,172.6589954952285,0.009536835393733876,0.9965040434265442,0.083544547605147,172,0.023744689787471476,0.0329419659377206
h002_mid_k20,1,42,0.84,5,1.130946548553021,0.11889309602449567,147.12925193434478,0.00823757009253409,0.9972972212520795,0.07347280097342586,148,0.007087150682740274,0.0329419659377206
h002_mid_k20,1,44,0.88,1,1.130946548553021,0.09891389255790882,165.0469354264544,0.05597122329301266,0.8806062679479565,0.47384871093079023,169,0.008535985259554017,0.037429458780099976
h002_mid_k20,1,44,0.88,2,1.130946548553021,0.09891389255790882,165.04693198359348,0.055971238923485815,0.8810627598463747,0.472999379716178,164,0.09891389255790882,0.037429458780099976
h002_mid_k20,1,44,0.88,3,1.130946548553021,0.09891389255790882,159.42026698655684,0.05108467432736991,0.9019399621538704,0.43186144151784933,156,0.007315035085745077,0.037429458780099976
h002_mid_k20,1,44,0.88,4,1.130946548553021,0.09891389255790882,159.42026641126927,0.05108467240740257,0.9020826179887333,0.43156337926496147,160,0.09621980399237158,0.037429458780099976
h002_mid_k20,1,44,0.88,5,1.130946548553021,0.09891389255790882,171.3010593579453,0.021721253175168643,0.9829440447736838,0.18390487988074192,173,0.029664288657548037,0.037429458780099976
h002_mid_k20,1,46,0.92,1,1.130946548553021,0.11239304916551221,160.48796825840634,0.05887692486181095,0.873560329339953,0.4867158832455263,160,0.11239304916551221,0.03218285913795449
h002_mid_k20,1,46,0.92,2,1.130946548553021,0.11239304916551221,155.02747684210476,0.026633945420401452,0.975442750155069,0.22025312976190764,157,0.051421232395065,0.03218285913795449
h002_mid_k20,1,46,0.92,3,1.130946548553021,0.11239304916551221,165.8593362656502,0.024618296126931248,0.9790382029410866,0.2036766976899612,165,0.04333637116399091,0.03218285913795449
h002_mid_k20,1,46,0.92,4,1.130946548553021,0.11239304916551221,144.0318152686441,0.008296037102808698,0.9972669084327291,0.07388310595140561,145,0.007353495120990268,0.03218285913795449
h002_mid_k20,1,46,0.92,5,1.130946548553021,0.11239304916551221,174.49189022785026,0.008674101694651383,0.9974165465884246,0.07183475893758628,173,0.02864976428482696,0.03218285913795449
h002_mid_k20,1,48,0.96,1,1.130946548553021,0.10370870620287231,170.54526241367762,0.05381699458950181,0.9209511505631806,0.3896780443858158,174,0.016328060771808043,0.05361716059451738
h002_mid_k20,1,48,0.96,2,1.130946548553021,0.10370870620287231,170.54525657792317,0.0538170162571556,0.921512331495663,0.3883490992669184,171,0.08234781174154504,0.05361716059451738
h002_mid_k20,1,48,0.96,3,1.130946548553021,0.10370870620287231,170.49997996345564,0.05380567325948741,0.9215623252655116,0.3882304478672729,166,0.026105052763541036,0.05361716059451738
h002_mid_k20,1,48,0.96,4,1.130946548553021,0.10370870620287231,156.15401115947657,0.052639478765710936,0.9243947363206605,0.3814372444618596,153,0.014518222190139677,0.05361716059451738
h002_mid_k20,1,48,0.96,5,1.130946548553021,0.10370870620287231,156.154013120086,0.05263949459114516,0.9252750464859408,0.3792968340896616,157,0.10370870620287231,0.05361716059451738
h002_mid_k20,1,50,1.0,1,1.130946548553021,0.11511032349793084,171.14478527039228,0.06689792833036354,0.896056516781751,0.4439399945183533,171,0.10637010632427464,0.036046876203328505
h002_mid_k20,1,50,1.0,2,1.130946548553021,0.11511032349793084,157.19939586900614,0.05886525313015881,0.9207148076456382,0.39023613746301805,161,0.04490004065569012,0.036046876203328505
h002_mid_k20,1,50,1.0,3,1.130946548553021,0.11511032349793084,157.19939062563662,0.05886526468618277,0.9207835524276414,0.3900739027142585,157,0.11511032349793084,0.036046876203328505
h002_mid_k20,1,50,1.0,4,1.130946548553021,0.11511032349793084,151.79984151181077,0.03349282019013643,0.9749800094289635,0.2222925577114499,153,0.06740158338737219,0.036046876203328505
h002_mid_k20,1,50,1.0,5,1.130946548553021,0.11511032349793084,165.53670338570612,0.017410194692952796,0.9933051421137282,0.11552010496197741,167,0.04013250445402774,0.036046876203328505
h002_mid_k20,1,52,1.04,1,1.130946548553021,0.10649387760223897,152.88190838045466,0.05698805960432742,0.9041735024904429,0.4271653981705039,149,0.024680595536575655,0.017692760136899754
h002_mid_k20,1,52,1.04,2,1.130946548553021,0.10649387760223897,152.88190908376112,0.05698822636343752,0.9250276921720948,0.3798996824357297,153,0.10649387760223897,0.017692760136899754
h002_mid_k20,1,52,1.04,3,1.130946548553021,0.10649387760223897,171.69094393768285,0.04746721393216449,0.9473647203143024,0.3201563472802058,171,0.08301498684686126,0.017692760136899754
h002_mid_k20,1,52,1.04,4,1.130946548553021,0.10649387760223897,165.8720857090525,0.04714942078087681,0.949146146029566,0.31483581987636283,167,0.07704184075699154,0.017692760136899754
h002_mid_k20,1,52,1.04,5,1.130946548553021,0.10649387760223897,158.26222799376876,0.04070983810516207,0.9624510966393472,0.271455128110923,157,0.08331624962909571,0.017692760136899754
h002_mid_k20,1,54,1.08,1,1.130946548553021,0.10908501043816561,153.94680953951922,0.05822736497178328,0.9106418152496162,0.4131966654256588,157,0.022779226393197516,0.05468512350465424
h002_mid_k20,1,54,1.08,2,1.130946548553021,0.10908501043816561,153.94681165101656,0.05822735999256528,0.9106468390995195,0.4131855932121229,154,0.10908501043816561,0.05468512350465424
h002_mid_k20,1,54,1.08,3,1.130946548553021,0.10908501043816561,166.62122738862615,0.054461105764201344,0.9138517611434928,0.406047975804506,170,0.026328901799744023,0.05468512350465424
h002_mid_k20,1,54,1.08,4,1.130946548553021,0.10908501043816561,166.62122157292208,0.054461183794008085,0.9221071236077124,0.3869346877599773,167,0.09208564971452564,0.05468512350465424
h002_mid_k20,1,54,1.08,5,1.130946548553021,0.10908501043816561,166.6212183724441,0.05446118396818673,0.9221133814374565,0.3869197743382727,163,0.021336503944701022,0.05468512350465424
h002_mid_k20,1,56,1.12,1,1.130946548553021,0.11464322480135555,170.50002003654333,0.056018562569649856,0.8353590852713522,0.549704646746423,175,0.006743134756970763,0.07717054830354207
h002_mid_k20,1,56,1.12,2,1.130946548553021,0.11464322480135555,167.97531229605647,0.06521862962256893,0.8514615219939492,0.524417082639141,171,0.04869262597565636,0.07717054830354207
h002_mid_k20,1,56,1.12,3,1.130946548553021,0.11464322480135555,149.52102188936237,0.059396470937412925,0.900042504587591,0.4358021224543268,146,0.02260918705870672,0.07717054830354207
h002_mid_k20,1,56,1.12,4,1.130946548553021,0.11464322480135555,167.97530140950744,0.06521873856572434,0.9000455097973853,0.4357959158752692,166,0.08307142276244366,0.07717054830354207
h002_mid_k20,1,56,1.12,5,1.130946548553021,0.11464322480135555,149.52103050568303,0.05939656808840349,0.9122541505436338,0.4096246633393951,150,0.11464322480135555,0.07717054830354207
h002_mid_k20,1,58,1.16,1,1.130946548553021,0.11194996491758707,168.57498151750156,0.05020251150929044,0.8487655427163322,0.5287693764747068,173,0.04202577136941372,0.06577665729872395
h002_mid_k20,1,58,1.16,2,1.130946548553021,0.11194996491758707,150.6259213418407,0.05961691760923866,0.9098589391568997,0.41491771574166436,150,0.11194996491758707,0.06577665729872395
h002_mid_k20,1,58,1.16,3,1.130946548553021,0.11194996491758707,150.62592114360393,0.05961691360033199,0.915012669154034,0.4034251049297879,154,0.021597668624303745,0.06577665729872395
h002_mid_k20,1,58,1.16,4,1.130946548553021,0.11194996491758707,168.57493537625533,0.0502027187262082,0.9386990562789623,0.3447376999125358,166,0.04957516464039126,0.06577665729872395
h002_mid_k20,1,58,1.16,5,1.130946548553021,0.11194996491758707,145.07580378097794,0.04228939493872256,0.9519958031897747,0.3061110757699821,146,0.07524787479457094,0.06577665729872395
h002_mid_k20,1,60,1.2,1,1.130946548553021,0.10809866894100362,146.2332093790859,0.05782947414910213,0.908942969786235,0.41692046924584975,143,0.03260352129790341,0.04613429861146192
h002_mid_k20,1,60,1.2,2,1.130946548553021,0.10809866894100362,146.2332100434104,0.0578294728029208,0.9099316324787945,0.4147582720265816,146,0.10809866894100362,0.04613429861146192
h002_mid_k20,1,60,1.2,3,1.130946548553021,0.10809866894100362,161.97648709452267,0.043448819277512464,0.9561131780062389,0.2929975952850299,162,0.07860115501548615,0.04613429861146192
h002_mid_k20,1,60,1.2,4,1.130946548553021,0.10809866894100362,151.9132507959141,0.04050875680500576,0.9609402522321799,0.27675590624222385,151,0.06633870755476697,0.04613429861146192
h002_mid_k20,1,60,1.2,5,1.130946548553021,0.10809866894100362,153.50002420400324,0.034806027926450205,0.9721020075505874,0.23455849359193476,158,0.04707206328615646,0.04613429861146192
h002_mid_k20,1,62,1.24,1,1.130946548553021,0.10462495938735221,171.18884679253097,0.04579745257092439,0.9079219760710574,0.41913921955267575,171,0.06853111337412095,0.056617575294668716
h002_mid_k20,1,62,1.24,2,1.130946548553021,0.10462495938735221,147.27736023855732,0.05439803462684577,0.9288697895454611,0.37040641742519925,147,0.10462495938735221,0.056617575294668716
h002_mid_k20,1,62,1.24,3,1.130946548553021,0.10462495938735221,171.18885220371374,0.04579745263125377,0.9358955491018275,0.3522776194585588,167,0.041295151990882885,0.056617575294668716
h002_mid_k20,1,62,1.24,4,1.130946548553021,0.10462495938735221,147.27736309566978,0.05439804648127755,0.9377685922239158,0.3472608060786231,151,0.018011659915581537,0.056617575294668716
h002_mid_k20,1,62,1.24,5,1.130946548553021,0.10462495938735221,141.98304323420825,0.043029932957475266,0.9436534213848062,0.33093537180052146,139,0.009829209614036456,0.056617575294668716
h002_mid_k20,1,64,1.28,1,1.130946548553021,0.11561754082180525,142.96798307048493,0.05785926544414368,0.9179236719865403,0.3967570193540961,143,0.11561754082180525,0.016716533903745272
h002_mid_k20,1,64,1.28,2,1.130946548553021,0.11561754082180525,171.09374664426605,0.028654393910975413,0.96080353766768,0.27723016070635415,173,0.020776311557905137,0.016716533903745272
h002_mid_k20,1,64,1.28,3,1.130946548553021,0.11561754082180525,171.0937416621175,0.028654401222573615,0.9615347768791713,0.2746832227347023,170,0.04137903880888234,0.016716533903745272
h002_mid_k20,1,64,1.28,4,1.130946548553021,0.11561754082180525,156.9719453842232,0.0422233762914545,0.962425713619233,0.2715451081579449,157,0.08060947260513245,0.016716533903745272
h002_mid_k20,1,64,1.28,5,1.130946548553021,0.11561754082180525,170.49997996345564,0.027790353265462222,0.9707315307136692,0.24016722357202952,166,0.04659219185451507,0.016716533903745272
h002_mid_k20,1,66,1.32,1,1.130946548553021,0.09790795371201778,138.49997950838326,0.054008777565081316,0.9055888128260591,0.4241566952015366,134,0.012155977375517846,0.043962577567936444
h002_mid_k20,1,66,1.32,2,1.130946548553021,0.09790795371201778,138.60186424950837,0.05408387417611446,0.9263769538248527,0.376597582868221,139,0.09256181224700033,0.043962577567936444
h002_mid_k20,1,66,1.32,3,1.130946548553021,0.09790795371201778,144.0467786258488,0.0500878386627673,0.9417483906464089,0.33631825510206637,143,0.09790795371201778,0.043962577567936444
h002_mid_k20,1,66,1.32,4,1.130946548553021,0.09790795371201778,144.04678001392438,0.05008784086848674,0.9448169718831161,0.3275986716114985,147,0.005198727637777671,0.043962577567936444
h002_mid_k20,1,66,1.32,5,1.130946548553021,0.09790795371201778,157.128129633845,0.04307342850911998,0.9629609471179598,0.2696408988371047,157,0.07719303303829281,0.043962577567936444
h002_mid_k20,1,68,1.36,1,1.130946548553021,0.11429586097577525,171.31482858662855,0.061678500968773184,0.8322702115770543,0.554370178600441,175,0.006594602234779286,0.07839395590171623
h002_mid_k20,1,68,1.36,2,1.130946548553021,0.11429586097577525,171.3148362860577,0.06167840523048485,0.8768922414714042,0.4806870050742545,171,0.09303318799274231,0.07839395590171623
h002_mid_k20,1,68,1.36,3,1.130946548553021,0.11429586097577525,171.3148369219432,0.061678404092616566,0.8817325026624744,0.47174971515473113,167,0.0377370805748668,0.07839395590171623
h002_mid_k20,1,68,1.36,4,1.130946548553021,0.11429586097577525,139.66088606223866,0.06053900216963612,0.9097634136804134,0.41512712646677397,140,0.11429586097577525,0.07839395590171623
h002_mid_k20,1,68,1.36,5,1.130946548553021,0.11429586097577525,152.06415809757482,0.04326761095894567,0.967558770356251,0.2526460486663099,152,0.07351617000063865,0.07839395590171623
h002_mid_k20,1,70,1.4000000000000001,1,1.130946548553021,0.1026435911459358,172.15302939220226,0.05728973478510361,0.8839926026224727,0.4675008861047724,172,0.07652114797696148,0.058305948421630206
h002_mid_k20,1,70,1.4000000000000001,2,1.130946548553021,0.1026435911459358,140.7397284615497,0.05329028081026311,0.933183614228477,0.35939997514673916,140,0.09271967620437403,0.058305948421630206
h002_mid_k20,1,70,1.4000000000000001,3,1.130946548553021,0.1026435911459358,135.22910086161903,0.05203731856522892,0.9336770625567014,0.35811610248003317,136,0.1026435911459358,0.058305948421630206
h002_mid_k20,1,70,1.4000000000000001,4,1.130946548553021,0.1026435911459358,152.31363897985034,0.04971173585005167,0.9557696528138253,0.2941162538183497,156,0.049921247122810895,0.058305948421630206
h002_mid_k20,1,70,1.4000000000000001,5,1.130946548553021,0.1026435911459358,152.3136421094556,0.04971164544320963,0.9579022451600555,0.287094564067877,153,0.08234393947033383,0.058305948421630206
h002_mid_k20,1,72,1.44,1,1.130946548553021,0.11467105202237587,136.31829735161125,0.058434302590970086,0.9171440792505082,0.39855581528280004,136,0.11467105202237587,0.04157787745408255
h002_mid_k20,1,72,1.44,2,1.130946548553021,0.11467105202237587,153.50002028869415,0.04450288372898631,0.9344511774730349,0.3560912761066445,158,0.0302924907617105,0.04157787745408255
h002_mid_k20,1,72,1.44,3,1.130946548553021,0.11467105202237587,166.86965057710188,0.03676605487678102,0.9477094780757278,0.3191343685118097,166,0.05531523923932396,0.04157787745408255
h002_mid_k20,1,72,1.44,4,1.130946548553021,0.11467105202237587,152.81189154869048,0.04676002067598632,0.9566990787940312,0.2910788082884984,152,0.08492671118488912,0.04157787745408255
h002_mid_k20,1,72,1.44,5,1.130946548553021,0.11467105202237587,147.1054925436946,0.03563777559112969,0.9752160270874924,0.22125483161207493,148,0.051636611748750234,0.04157787745408255
h002_mid_k20,1,74,1.48,1,1.130946548553021,0.09975547456106047,169.83434611010648,0.058837080841906704,0.7944227369336414,0.6073652237680905,174,0.013830382469665151,0.07301701919698678
h002_mid_k20,1,74,1.48,2,1.130946548553021,0.09975547456106047,169.83433044508445,0.058837202974070316,0.8440160942058224,0.5363178467304147,171,0.07419047443414953,0.07301701919698678
h002_mid_k20,1,74,1.48,3,1.130946548553021,0.09975547456106047,169.49997994862326,0.05847920762256797,0.8906413215754195,0.45470653866245414,165,0.043514007187886,0.07301701919698678
h002_mid_k20,1,74,1.48,4,1.130946548553021,0.09975547456106047,132.08149891576136,0.05279775926527154,0.933001547530056,0.3598723555741959,132,0.09975547456106047,0.07301701919698678
h002_mid_k20,1,74,1.48,5,1.130946548553021,0.09975547456106047,154.06390659819783,0.045819913310089375,0.9515915403582889,0.30736548329072233,156,0.04684189468197809,0.07301701919698678
h002_mid_k20,1,76,1.52,1,1.130946548553021,0.11122200669627948,171.08710419780994,0.06754336661752562,0.7544395682841633,0.656369513160998,171,0.08360604756752589,0.059827371013007946
h002_mid_k20,1,76,1.52,2,1.130946548553021,0.11122200669627948,171.08710627589505,0.06754336680454415,0.8435300611479886,0.5370819638934738,167,0.01849435049306156,0.059827371013007946
h002_mid_k20,1,76,1.52,3,1.130946548553021,0.11122200669627948,133.0654287703378,0.056422942618405934,0.9184907148109429,0.3954425455184144,133,0.11122200669627948,0.059827371013007946
h002_mid_k20,1,76,1.52,4,1.130946548553021,0.11122200669627948,133.06542464960046,0.056422950750867194,0.9272777052490637,0.3743742209982287,137,0.04366210971004404,0.059827371013007946
h002_mid_k20,1,76,1.52,5,1.130946548553021,0.11122200669627948,168.49997993379088,0.03956014108252015,0.9510173155391056,0.3091376158683918,164,0.027009262177863532,0.059827371013007946
h002_mid_k20,1,78,1.56,1,1.130946548553021,0.11254586424767012,128.71314539072193,0.06215366922417672,0.8757637454896088,0.4827399528586916,125,0.022981161040684164,0.029931928271022562
h002_mid_k20,1,78,1.56,2,1.130946548553021,0.11254586424767012,128.71315096293426,0.06215378864444735,0.9016154477647446,0.4325385351063867,129,0.11254586424767012,0.029931928271022562
h002_mid_k20,1,78,1.56,3,1.130946548553021,0.11254586424767012,148.40688567276368,0.05416005308790294,0.9417240831379361,0.3363863125009902,147,0.07418587969043895,0.029931928271022562
h002_mid_k20,1,78,1.56,4,1.130946548553021,0.11254586424767012,155.21168289143293,0.03679245985878236,0.9533682548052955,0.30180949410100566,155,0.059213862050890194,0.029931928271022562
h002_mid_k20,1,78,1.56,5,1.130946548553021,0.11254586424767012,134.2490074479649,0.03619245444754401,0.9689882997228876,0.24710660654896957,133,0.07848687740527113,0.029931928271022562
h002_mid_k20,1,80,1.6,1,1.130946548553021,0.11059099870504188,171.48847340177952,0.042464456414858576,0.8919321025484351,0.4521693537199618,175,0.008351361871220549,0.07121228687654613
h002_mid_k20,1,80,1.6,2,1.130946548553021,0.11059099870504188,129.8723676766905,0.06250915822536739,0.8964791047447094,0.4430860128193217,129,0.11059099870504188,0.07121228687654613
h002_mid_k20,1,80,1.6,3,1.130946548553021,0.11059099870504188,129.8723685844834,0.06250916514665866,0.9044810826088748,0.4265137409306731,133,0.007835923925588467,0.07121228687654613
h002_mid_k20,1,80,1.6,4,1.130946548553021,0.11059099870504188,171.48847659892306,0.04246440777503988,0.9061265662415857,0.42300667364857564,171,0.07525352492750165,0.07121228687654613
h002_mid_k20,1,80,1.6,5,1.130946548553021,0.11059099870504188,171.48847690989828,0.0424644111222864,0.9247054226977917,0.38068343966253404,168,0.03962218426100152,0.07121228687654613
h002_mid_k20,1,82,1.6400000000000001,1,1.130946548553021,0.11302044624104379,172.01625067041334,0.05268118645037597,0.8557056817771064,0.5174628355489669,172,0.07061061586827036,0.06427960858685712
h002_mid_k20,1,82,1.6400000000000001,2,1.130946548553021,0.11302044624104379,125.3317514105662,0.05926337199645761,0.8993603843445872,0.4372080729716187,122,0.020347605578903326,0.06427960858685712
h002_mid_k20,1,82,1.6400000000000001,3,1.130946548553021,0.11302044624104379,125.3317496049051,0.05926344933359286,0.9094811249378455,0.4157452145025737,126,0.11302044624104379,0.06427960858685712
h002_mid_k20,1,82,1.6400000000000001,4,1.130946548553021,0.11302044624104379,131.0357290398888,0.0495298821952105,0.9448842794733907,0.3274044874525258,130,0.07030921385896631,0.06427960858685712
h002_mid_k20,1,82,1.6400000000000001,5,1.130946548553021,0.11302044624104379,149.5119427572323,0.045361288985329574,0.9464291249081468,0.3229116156560485,150,0.06575343261033284,0.06427960858685712
h002_mid_k20,1,84,1.68,1,1.130946548553021,0.11050256037778768,126.44217565690133,0.0625236474806713,0.9045809787625829,0.4263018330489877,126,0.11050256037778768,0.03760215066079157
h002_mid_k20,1,84,1.68,2,1.130946548553021,0.11050256037778768,149.66364463233674,0.03981801471880981,0.9535273621184822,0.3013064381843986,153,0.02191372677714149,0.03760215066079157
h002_mid_k20,1,84,1.68,3,1.130946548553021,0.11050256037778768,149.66364124965617,0.03981805795036054,0.9537076577061151,0.3007352716804522,150,0.07174934328818093,0.03760215066079157
h002_mid_k20,1,84,1.68,4,1.130946548553021,0.11050256037778768,120.96030056578479,0.0391492858533499,0.9597347001709226,0.2809080014663674,122,0.07785331542143681,0.03760215066079157
h002_mid_k20,1,84,1.68,5,1.130946548553021,0.11050256037778768,173.3947893497641,0.023372227723751218,0.9599054801810175,0.2803238646966215,173,0.047972660820472836,0.03760215066079157
h002_mid_k20,1,86,1.72,1,1.130946548553021,0.10908200740816731,170.18381310089865,0.05757817220737034,0.8192417067842447,0.5734483637305434,174,0.021858856466170182,0.06711865538026068
h002_mid_k20,1,86,1.72,2,1.130946548553021,0.10908200740816731,170.1838157921087,0.05757813498137544,0.8234009245457641,0.5674600580280352,171,0.08292926166658564,0.06711865538026068
h002_mid_k20,1,86,1.72,3,1.130946548553021,0.10908200740816731,169.49997994862326,0.055620218274809695,0.8892809836993841,0.45736127080313177,165,0.02865956937863688,0.06711865538026068
h002_mid_k20,1,86,1.72,4,1.130946548553021,0.10908200740816731,122.07024692363825,0.058875316591529815,0.9092113299677662,0.4163349102084109,122,0.10908200740816731,0.06711865538026068
h002_mid_k20,1,86,1.72,5,1.130946548553021,0.10908200740816731,143.98072410200234,0.04311055589772172,0.9550695736209509,0.29638169569576145,145,0.05594187309079927,0.06711865538026068
h002_mid_k20,1,88,1.76,1,1.130946548553021,0.11131730850115447,171.65531725112385,0.07479279599383229,0.7755712517225225,0.631260036357094,171,0.1037400356360719,0.057996916534178496
h002_mid_k20,1,88,1.76,2,1.130946548553021,0.11131730850115447,171.49997997828802,0.07462762624695668,0.7974707545863051,0.603357601741744,167,0.035686868288232546,0.057996916534178496
h002_mid_k20,1,88,1.76,3,1.130946548553021,0.11131730850115447,123.14044722961569,0.059406383878530415,0.9076555430054078,0.4197158744335959,123,0.11131730850115447,0.057996916534178496
h002_mid_k20,1,88,1.76,4,1.130946548553021,0.11131730850115447,123.14043305541156,0.0594063767416638,0.9221510267519242,0.38683004518828745,126,0.02624185534719716,0.057996916534178496
h002_mid_k20,1,88,1.76,5,1.130946548553021,0.11131730850115447,117.63563468770076,0.04355482072501976,0.9433170919062847,0.33189285035606103,114,0.005512609924789234,0.057996916534178496
h002_mid_k20,1,90,1.8,1,1.130946548553021,0.11170421400439239,118.66119712582224,0.06434953522572516,0.8951326005246054,0.44579998595564946,119,0.11170421400439239,0.03534978979204572
h002_mid_k20,1,90,1.8,2,1.130946548553021,0.11170421400439239,166.39912015895948,0.03386591315450983,0.9300817846439563,0.3673525198954177,167,0.05696221576918516,0.03534978979204572
h002_mid_k20,1,90,1.8,3,1.130946548553021,0.11170421400439239,125.01771069600068,0.049348641251118625,0.9453815342946414,0.32596587952531203,123,0.0738440350517247,0.03534978979204572
h002_mid_k20,1,90,1.8,4,1.130946548553021,0.11170421400439239,125.01771465638853,0.04934859434460012,0.9513409650982116,0.30814017609848227,129,0.04387372851668445,0.03534978979204572
h002_mid_k20,1,90,1.8,5,1.130946548553021,0.11170421400439239,144.3452597144427,0.03722072617050596,0.959582398283396,0.28142782539167394,144,0.07351187220595516,0.03534978979204572
h002_mid_k20,1,92,1.84,1,1.130946548553021,0.11273486566444275,169.67472176934564,0.04991067180200108,0.8072458130874864,0.5902153820875244,174,0.01362983355164546,0.0874838819703923
h002_mid_k20,1,92,1.84,2,1.130946548553021,0.11273486566444275,169.67466895135658,0.0499108461981748,0.866147207383503,0.49978897060835503,171,0.06430912839547846,0.0874838819703923
h002_mid_k20,1,92,1.84,3,1.130946548553021,0.11273486566444275,169.67466975232878,0.0499108492028476,0.8681615118044859,0.4962817641434647,166,0.05614442789943077,0.0874838819703923
h002_mid_k20,1,92,1.84,4,1.130946548553021,0.11273486566444275,119.85193974969741,0.06353401388158618,0.8967949218669954,0.4424464579060051,119,0.11273486566444275,0.0874838819703923
h002_mid_k20,1,92,1.84,5,1.130946548553021,0.11273486566444275,113.94978596096371,0.04746880124732416,0.9399337943495878,0.34135679609403874,115,0.06447275204551835,0.0874838819703923
h002_mid_k20,1,94,1.8800000000000001,1,1.130946548553021,0.10955247198924747,171.10766839111204,0.07389086101704491,0.6550128827068453,0.7556177098824965,175,0.006926725281583507,0.08275592611191601
h002_mid_k20,1,94,1.8800000000000001,2,1.130946548553021,0.10955247198924747,171.10766364143046,0.07389085055098694,0.7485753002030834,0.6630497869133686,171,0.0929479609358856,0.08275592611191601
h002_mid_k20,1,94,1.8800000000000001,3,1.130946548553021,0.10955247198924747,169.49997994862326,0.062035238026570495,0.8462161181565773,0.5328398271263266,165,0.04175771156971851,0.08275592611191601
h002_mid_k20,1,94,1.8800000000000001,4,1.130946548553021,0.10955247198924747,115.22028666313486,0.05919817895985613,0.9038755553660583,0.4277954890034485,112,0.010260482697517448,0.08275592611191601
h002_mid_k20,1,94,1.8800000000000001,5,1.130946548553021,0.10955247198924747,115.22028768202608,0.05919813116073772,0.9110673887461894,0.412257459802973,116,0.10955247198924747,0.08275592611191601
h002_mid_k20,1,96,1.92,1,1.130946548553021,0.10810765317142734,172.19713824238045,0.05525281307310633,0.7496222620999126,0.6618658959065726,173,0.0691310512722134,0.06797370343548927
h002_mid_k20,1,96,1.92,2,1.130946548553021,0.10810765317142734,171.49997997828802,0.05326298663969706,0.8574655774467324,0.5145413331248923,167,0.020522654359377012,0.06797370343548927
h002_mid_k20,1,96,1.92,3,1.130946548553021,0.10810765317142734,116.36195069474547,0.06234969207170992,0.9097694236207023,0.41511395525187444,116,0.10810765317142734,0.06797370343548927
h002_mid_k20,1,96,1.92,4,1.130946548553021,0.10810765317142734,151.26104472429813,0.03419602410260591,0.9563663446958608,0.29217018111552356,150,0.06060375688556234,0.06797370343548927
h002_mid_k20,1,96,1.92,5,1.130946548553021,0.10810765317142734,122.46955492899974,0.0421624930715473,0.9645184452035083,0.264015470876626,123,0.06304584708117342,0.06797370343548927
h002_mid_k20,1,98,1.96,1,1.130946548553021,0.1044500454409119,170.26993511913372,0.0283363995729637,0.9116536288110002,0.4109594396965899,174,0.02291098325854913,0.09302982296986993
h002_mid_k20,1,98,1.96,2,1.130946548553021,0.1044500454409119,170.26994753156316,0.028336364559604477,0.9222399788079646,0.38661792701358916,171,0.05119523198544809,0.09302982296986993
h002_mid_k20,1,98,1.96,3,1.130946548553021,0.1044500454409119,112.002298524803,0.05261807867714824,0.9345282580244713,0.3558889362620696,112,0.1044500454409119,0.09302982296986993
h002_mid_k20,1,98,1.96,4,1.130946548553021,0.1044500454409119,117.41333597461437,0.0524151124876119,0.9455669641494252,0.3254275899631739,117,0.07846671529284874,0.09302982296986993
h002_mid_k20,1,98,1.96,5,1.130946548553021,0.1044500454409119,169.49997994862326,0.027013846399255973,0.9592897914885025,0.28242361081528855,165,0.02142340020455273,0.09302982296986993
h002_mid_k20,1,100,2.0,1,1.130946548553021,0.09569089030421958,171.4346141185158,0.0636593791338564,0.7372489344786521,0.675621202013445,171,0.08593709669389564,0.09449576165933292
h002_mid_k20,1,100,2.0,2,1.130946548553021,0.09569089030421958,171.43461857966838,0.06365937884458477,0.7529798263875923,0.6580436011795198,167,0.02412073557508405,0.09449576165933292
h002_mid_k20,1,100,2.0,3,1.130946548553021,0.09569089030421958,112.91221062437671,0.05313349777458631,0.9413990646227138,0.33729482819557044,113,0.09569089030421958,0.09449576165933292
h002_mid_k20,1,100,2.0,4,1.130946548553021,0.09569089030421958,107.65245511088153,0.047286171583243976,0.9436086449582953,0.3310630229427161,104,0.02655465129847041,0.09449576165933292
h002_mid_k20,1,100,2.0,5,1.130946548553021,0.09569089030421958,107.65246362229459,0.04728619784762603,0.9445524114100465,0.3283606890287969,108,0.08627988610694552,0.09449576165933292
h002_mid_k20,1,102,2.04,1,1.130946548553021,0.1055668294135752,108.52348538332024,0.06147630492281889,0.915364849402402,0.40262537485672406,109,0.1055668294135752,0.0288826018803409
h002_mid_k20,1,102,2.04,2,1.130946548553021,0.1055668294135752,172.59067894070915,0.020750819494384922,0.9528763135853718,0.3033590793234187,173,0.02950450844828004,0.0288826018803409
h002_mid_k20,1,102,2.04,3,1.130946548553021,0.1055668294135752,172.5906798124047,0.020750816419161155,0.9557877471890648,0.29405744731812655,170,0.020281106724682023,0.0288826018803409
h002_mid_k20,1,102,2.04,4,1.130946548553021,0.1055668294135752,158.14797935656668,0.023816841342992244,0.9617371610322272,0.2739737817559775,162,0.02504942865030679,0.0288826018803409
h002_mid_k20,1,102,2.04,5,1.130946548553021,0.1055668294135752,145.02086058379166,0.03016350730072772,0.966217851500478,0.2577267224053417,144,0.05283388259912342,0.0288826018803409
h002_mid_k20,1,104,2.08,1,1.130946548553021,0.10548627604006265,170.66189915464474,0.039945324240179166,0.8464836099392341,0.5324147801331613,174,0.019592158437066118,0.05482752076530905
h002_mid_k20,1,104,2.08,2,1.130946548553021,0.10548627604006265,170.6618919268891,0.039945376675942335,0.8851330403695604,0.4653380500734259,171,0.06804052920105605,0.05482752076530905
h002_mid_k20,1,104,2.08,3,1.130946548553021,0.10548627604006265,169.49997994862326,0.03564770609083089,0.9141412406180361,0.4053958463049634,165,0.03660001656950006,0.05482752076530905
h002_mid_k20,1,104,2.08,4,1.130946548553021,0.10548627604006265,109.52395316544835,0.06262184330567501,0.9176289760998363,0.39743812376515425,109,0.10548627604006265,0.05482752076530905
h002_mid_k20,1,104,2.08,5,1.130946548553021,0.10548627604006265,103.59146174824025,0.05480582023173729,0.9262712321637164,0.3768575386879114,105,0.07514498526223418,0.05482752076530905
h002_mid_k20,1,106,2.12,1,1.130946548553021,0.10102777000505882,171.41297553922993,0.06923198023623155,0.713164047078553,0.7009971768520467,175,0.012142251786587838,0.0647694583588035
h002_mid_k20,1,106,2.12,2,1.130946548553021,0.10102777000505882,171.41297534125977,0.06923197301639171,0.74375270110656,0.668454874764704,171,0.09409409893487602,0.0647694583588035
h002_mid_k20,1,106,2.12,3,1.130946548553021,0.10102777000505882,171.412975157446,0.0692319747871958,0.7741572541579237,0.6329933221090601,167,0.033906388250734436,0.0647694583588035
h002_mid_k20,1,106,2.12,4,1.130946548553021,0.10102777000505882,104.90407297158595,0.07148791385366449,0.8541801566802429,0.519977172512136,101,0.00953220776917464,0.0647694583588035
h002_mid_k20,1,106,2.12,5,1.130946548553021,0.10102777000505882,104.90407063469854,0.07148798184056712,0.8794587951286903,0.4759750284109375,106,0.10102777000505882,0.0647694583588035
h002_mid_k20,1,108,2.16,1,1.130946548553021,0.12034938325993759,106.29930576620916,0.07896846964876769,0.8466219786095643,0.5321947250163488,106,0.12034938325993759,0.04479650923285607
h002_mid_k20,1,108,2.16,2,1.130946548553021,0.12034938325993759,106.29930032741106,0.07896847036871844,0.8518422314371644,0.5237984466759638,110,0.05535962396833049,0.04479650923285607
h002_mid_k20,1,108,2.16,3,1.130946548553021,0.12034938325993759,172.84568281201655,0.042710552303926334,0.8547770707297614,0.5189953365442206,173,0.06767798089799322,0.04479650923285607
h002_mid_k20,1,108,2.16,4,1.130946548553021,0.12034938325993759,117.49997950838326,0.04377689229990296,0.9576203417908357,0.28803347199310503,113,0.01967590244924014,0.04479650923285607
h002_mid_k20,1,108,2.16,5,1.130946548553021,0.12034938325993759,166.32431374492148,0.026535266919244432,0.9603872662225429,0.27866879781846865,166,0.04535433692282641,0.04479650923285607
h002_mid_k20,1,110,2.2,1,1.130946548553021,0.11526703558950802,170.2440943576927,0.0635061186384861,0.7558458099477833,0.6547496556580841,174,0.021081562885311485,0.0954186566284361
h002_mid_k20,1,110,2.2,2,1.130946548553021,0.11526703558950802,170.24410081240126,0.06350609345490615,0.7602865064783889,0.6495878909484741,171,0.0915053626993545,0.0954186566284361
h002_mid_k20,1,110,2.2,3,1.130946548553021,0.11526703558950802,169.49997994862326,0.0615357242137388,0.8187649753739135,0.5741288314489659,165,0.041638279272836906,0.0954186566284361
h002_mid_k20,1,110,2.2,4,1.130946548553021,0.11526703558950802,108.11218728718586,0.08280404091550826,0.8404409749856634,0.541903097947546,107,0.11526703558950802,0.0954186566284361
h002_mid_k20,1,110,2.2,5,1.130946548553021,0.11526703558950802,108.11219143151277,0.08280403830806751,0.8479273336885155,0.5301124755972878,110,0.05305989366032063,0.0954186566284361
h002_mid_k20,1,112,2.24,1,1.130946548553021,0.11607196741002077,171.69522706042164,0.07381875808079956,0.772732147120234,0.6347322496982116,176,0.006827790844625566,0.06782522536860158
h002_mid_k20,1,112,2.24,2,1.130946548553021,0.11607196741002077,171.69522450736451,0.07381878828336415,0.7803406413324774,0.6253546861460447,171,0.11278403151161402,0.06782522536860158
h002_mid_k20,1,112,2.24,3,1.130946548553021,0.11607196741002077,171.6952216017827,0.0738187865875204,0.7838741468372401,0.6209197387103977,168,0.041686610891607134,0.06782522536860158
h002_mid_k20,1,112,2.24,4,1.130946548553021,0.11607196741002077,110.11425490147508,0.07306443899821377,0.8792191354159202,0.4764175814540032,110,0.08550567194225825,0.06782522536860158
h002_mid_k20,1,112,2.24,5,1.130946548553021,0.11607196741002077,103.04555442423475,0.06472569197845877,0.8882319426421078,0.45939527214614134,99,0.01868410395916769,0.06782522536860158
h002_mid_k20,1,114,2.2800000000000002,1,1.130946548553021,0.09780596091508646,104.47250539687832,0.07926959882261227,0.8713292550531596,0.4906988172886761,105,0.09780596091508646,0.03272214473401461
h002_mid_k20,1,114,2.2800000000000002,2,1.130946548553021,0.09780596091508646,112.20995309870602,0.07006341818175095,0.9113704191358537,0.4115871221553682,110,0.06561748280381954,0.03272214473401461
h002_mid_k20,1,114,2.2800000000000002,3,1.130946548553021,0.09780596091508646,112.20996238562066,0.07006344227584818,0.9143798214710989,0.40485743427345094,115,0.07059151594187667,0.03272214473401461
h002_mid_k20,1,114,2.2800000000000002,4,1.130946548553021,0.09780596091508646,167.366417591654,0.03567545648890467,0.9391683425283779,0.3434571652950325,167,0.07290382611355133,0.03272214473401461
h002_mid_k20,1,114,2.2800000000000002,5,1.130946548553021,0.09780596091508646,172.65382648162426,0.033774373884894585,0.9434421818263741,0.3315371013185265,172,0.05781599962418526,0.03272214473401461
h002_mid_k20,1,116,2.32,1,1.130946548553021,0.09863425699018744,168.28359163639914,0.05251340094488489,0.8633580623812083,0.5045917717535292,167,0.07199560061290118,0.054675679710434785
h002_mid_k20,1,116,2.32,2,1.130946548553021,0.09863425699018744,105.86105846752116,0.06706622728796686,0.9063959707362508,0.42242909965234393,106,0.09863425699018744,0.054675679710434785
h002_mid_k20,1,116,2.32,3,1.130946548553021,0.09863425699018744,99.69731505628454,0.05972377326123989,0.9181317668135098,0.39627523108049895,96,0.04744039851899823,0.054675679710434785
h002_mid_k20,1,116,2.32,4,1.130946548553021,0.09863425699018744,99.69731704453352,0.05972370929938274,0.922354166144083,0.38634543118387327,99,0.09205398034701055,0.054675679710434785
h002_mid_k20,1,116,2.32,5,1.130946548553021,0.09863425699018744,162.30945621298395,0.03628323222846565,0.9377060051256669,0.34742977412890597,163,0.0647967308110813,0.054675679710434785
h002_mid_k20,1,118,2.36,1,1.130946548553021,0.09768754497066459,170.9163738722948,0.08305762944729463,0.705253371238851,0.7089553458125806,175,0.012877364977664514,0.08836933787280055
h002_mid_k20,1,118,2.36,2,1.130946548553021,0.09768754497066459,170.91637656851333,0.08305754568936002,0.7274780977068059,0.6861309039511971,171,0.09732701200782055,0.08836933787280055
h002_mid_k20,1,118,2.36,3,1.130946548553021,0.09768754497066459,170.9163857253236,0.08305754920344462,0.7557159209734572,0.654899570000805,167,0.033242035311791124,0.08836933787280055
h002_mid_k20,1,118,2.36,4,1.130946548553021,0.09768754497066459,100.88311392441892,0.06853664262052474,0.9006232145099842,0.4346007656294487,101,0.09768754497066459,0.08836933787280055
h002_mid_k20,1,118,2.36,5,1.130946548553021,0.09768754497066459,107.69800503780436,0.06539964208367036,0.9198161209622002,0.39234972106279287,106,0.07982851656065493,0.08836933787280055
h002_mid_k20,1,120,2.4,1,1.130946548553021,0.10909224473396963,172.81479117022695,0.05014312494095222,0.8608909682441309,0.5087894857361764,173,0.07471981563257794,0.062339406441841404
h002_mid_k20,1,120,2.4,2,1.130946548553021,0.10909224473396963,162.92993658975297,0.049596697078919054,0.8904878064550654,0.4550071060487364,167,0.01981259980398923,0.062339406441841404
h002_mid_k20,1,120,2.4,3,1.130946548553021,0.10909224473396963,162.9299350991538,0.04959671728699578,0.8921894417105412,0.451661377693768,162,0.07554327742789325,0.062339406441841404
h002_mid_k20,1,120,2.4,4,1.130946548553021,0.10909224473396963,102.1449910811292,0.06558901738514523,0.9134789123607493,0.4068860733328467,102,0.10909224473396963,0.062339406441841404
h002_mid_k20,1,120,2.4,5,1.130946548553021,0.10909224473396963,95.593143542868,0.05836716862030788,0.924328902991302,0.38159674932433124,94,0.06408068410034962,0.062339406441841404
h002_mid_k20,1,122,2.44,1,1.130946548553021,0.09655047469124078,170.20145445577293,0.05528077132886782,0.8475272335378455,0.5307519085332492,174,0.016856562118177754,0.09983670002597388
h002_mid_k20,1,122,2.44,2,1.130946548553021,0.09655047469124078,170.20145562302173,0.055280777152280684,0.8501269387073138,0.5265778081956463,171,0.07877799006892046,0.09983670002597388
h002_mid_k20,1,122,2.44,3,1.130946548553021,0.09655047469124078,163.65610716325887,0.05433680331925446,0.8832732956596626,0.4688584916310232,162,0.05919366618196301,0.09983670002597388
h002_mid_k20,1,122,2.44,4,1.130946548553021,0.09655047469124078,103.97431874589586,0.07657059480644514,0.8930124385338065,0.45003198177896736,102,0.07545135796083326,0.09983670002597388
h002_mid_k20,1,122,2.44,5,1.130946548553021,0.09655047469124078,103.97431799608967,0.07657060283748551,0.8938554055421047,0.4483553434310331,105,0.0736157645393077,0.09983670002597388
h002_mid_k20,1,124,2.48,1,1.130946548553021,0.10864682863052942,171.34774491297276,0.06216346410392318,0.8209336101842208,0.5710236489585189,171,0.08865322824234308,0.06744206923482664
h002_mid_k20,1,124,2.48,2,1.130946548553021,0.10864682863052942,171.34774268724118,0.062163463640596134,0.8288225897664985,0.5595114964795226,167,0.02302501669824635,0.06744206923482664
h002_mid_k20,1,124,2.48,3,1.130946548553021,0.10864682863052942,98.3081264374033,0.06848701698170509,0.8980602505130544,0.4398724661176576,98,0.10717082122695422,0.06744206923482664
h002_mid_k20,1,124,2.48,4,1.130946548553021,0.10864682863052942,105.72379401843341,0.06449783975258157,0.9180166557042149,0.3965418261036904,106,0.10864682863052942,0.06744206923482664
h002_mid_k20,1,124,2.48,5,1.130946548553021,0.10864682863052942,163.2082310666459,0.03883881935079127,0.9419821853585635,0.3356628702539274,164,0.04743450871062405,0.06744206923482664
h002_mid_k20,1,126,2.52,1,1.130946548553021,0.10112169839098598,100.17634334003606,0.0880252405170541,0.8484685058125185,0.5292458735259746,99,0.07574921996449342,0.02004807525646746
h002_mid_k20,1,126,2.52,2,1.130946548553021,0.10112169839098598,100.17634527462371,0.08802523426253091,0.8572560049177286,0.5148904174991948,102,0.08694257307927851,0.02004807525646746
h002_mid_k20,1,126,2.52,3,1.130946548553021,0.10112169839098598,171.80166157529743,0.04274843379188241,0.9032726806368714,0.4290669696155606,172,0.05062961276546163,0.02004807525646746
h002_mid_k20,1,126,2.52,4,1.130946548553021,0.10112169839098598,171.49997997828802,0.04242400435580682,0.9056025029964302,0.4241274649991442,167,0.03609656599265976,0.02004807525646746
h002_mid_k20,1,126,2.52,5,1.130946548553021,0.10112169839098598,156.8503051348158,0.043415365576646416,0.9219763857246651,0.3872461028416988,156,0.0661754528368474,0.02004807525646746
h002_mid_k20,1,128,2.56,1,1.130946548553021,0.12043303786029563,102.25735793906551,0.07647583292762979,0.88369243153932,0.46806803612308767,103,0.12043303786029563,0.04543834823886229
h002_mid_k20,1,128,2.56,2,1.130946548553021,0.12043303786029563,156.89684307547725,0.0469234831393796,0.9127109982208683,0.40860571915560145,157,0.05855338456397633,0.04543834823886229
h002_mid_k20,1,128,2.56,3,1.130946548553021,0.12043303786029563,93.76199636309548,0.05126547242721912,0.9379820321503676,0.3466838723723194,90,0.03495054844170034,0.04543834823886229
h002_mid_k20,1,128,2.56,4,1.130946548553021,0.12043303786029563,93.76200746053894,0.05126554538608574,0.9423077248763333,0.33474789265712834,94,0.08066952286309963,0.04543834823886229
h002_mid_k20,1,128,2.56,5,1.130946548553021,0.12043303786029563,93.76199699974711,0.051265555025608846,0.9478587895354558,0.31869062600017084,97,0.014697391524543501,0.04543834823886229
h002_mid_k20,1,130,2.6,1,1.130946548553021,0.11235708998566162,171.65881378727875,0.0814382048729387,0.7562455447476231,0.6542879152554865,172,0.11110444883128939,0.10031044112164852
h002_mid_k20,1,130,2.6,2,1.130946548553021,0.11235708998566162,171.49997997828802,0.08125282010107346,0.790627205989026,0.6122978206314195,167,0.02796014712039719,0.10031044112164852
h002_mid_k20,1,130,2.6,3,1.130946548553021,0.11235708998566162,103.81499859778921,0.07732332617520705,0.888665619671965,0.45855579422033554,103,0.11235708998566162,0.10031044112164852
h002_mid_k20,1,130,2.6,4,1.130946548553021,0.11235708998566162,96.8244251605804,0.0574652367784622,0.936640315674698,0.3502926191811675,93,0.07104660466474887,0.10031044112164852
h002_mid_k20,1,130,2.6,5,1.130946548553021,0.11235708998566162,96.82440036311482,0.05746513104349014,0.9418702831139532,0.3359767399491244,99,0.08594842100973084,0.10031044112164852
h002_mid_k20,1,132,2.64,1,1.130946548553021,0.11401830581387754,173.2661526679418,0.0433018472604083,0.898926916167334,0.43809861833825364,173,0.07292700467088892,0.06364977772183225
h002_mid_k20,1,132,2.64,2,1.130946548553021,0.11401830581387754,99.02111291711617,0.07203106923066974,0.9059187267863404,0.4234516034422537,99,0.11401830581387754,0.06364977772183225
h002_mid_k20,1,132,2.64,3,1.130946548553021,0.11401830581387754,99.021111644607,0.07203105811943945,0.9090853841740606,0.4166098465964296,96,0.021337415619322498,0.06364977772183225
h002_mid_k20,1,132,2.64,4,1.130946548553021,0.11401830581387754,105.34678125738105,0.06573312506094517,0.9190916223115608,0.39404389323615113,106,0.0793515183268196,0.06364977772183225
h002_mid_k20,1,132,2.64,5,1.130946548553021,0.11401830581387754,150.96252324222075,0.04208287494368277,0.9244942062371536,0.38119609472545146,150,0.05421129674933537,0.06364977772183225
h002_mid_k20,1,134,2.68,1,1.130946548553021,0.11299805769908766,170.1277125832038,0.07506401153664717,0.7700760876843091,0.6379520508445975,171,0.09682634453534533,0.11442010946081194
h002_mid_k20,1,134,2.68,2,1.130946548553021,0.11299805769908766,170.1277166928644,0.0750640191564902,0.7913000833638594,0.6114279827325123,166,0.04729912116645805,0.11442010946081194
h002_mid_k20,1,134,2.68,3,1.130946548553021,0.11299805769908766,100.49450434662572,0.08240316319160529,0.8710780837042252,0.49114455315128425,100,0.11299805769908766,0.11442010946081194
h002_mid_k20,1,134,2.68,4,1.130946548553021,0.11299805769908766,151.08336432003057,0.047068717745632926,0.9375834825121461,0.3477602814014219,152,0.06386659581362165,0.11442010946081194
h002_mid_k20,1,134,2.68,5,1.130946548553021,0.11299805769908766,157.68992677224026,0.034963210307863445,0.9611804619556741,0.2759204949884605,160,0.02796901431735538,0.11442010946081194
h002_mid_k20,1,136,2.72,1,1.130946548553021,0.11798230859326676,171.50002002171095,0.06770489075939788,0.768110939321268,0.6403167847987425,176,0.005851681832986632,0.05654101158744647
h002_mid_k20,1,136,2.72,2,1.130946548553021,0.11798230859326676,171.27374187813336,0.06803743396203037,0.8334740090333576,0.5525586631895861,171,0.11045349116729565,0.05654101158744647
h002_mid_k20,1,136,2.72,3,1.130946548553021,0.11798230859326676,171.2737425488773,0.06803743514696203,0.8363020816914419,0.5482689378020255,168,0.03123049178843861,0.05654101158744647
h002_mid_k20,1,136,2.72,4,1.130946548553021,0.11798230859326676,101.99527340798716,0.07431451714098294,0.8708182297186731,0.491605137065955,106,0.04120224965663528,0.05654101158744647
h002_mid_k20,1,136,2.72,5,1.130946548553021,0.11798230859326676,101.99526031477149,0.07431465373932633,0.8868970541587817,0.46196711498165643,102,0.11798230859326676,0.05654101158744647
h002_mid_k20,1,138,2.7600000000000002,1,1.130946548553021,0.10386938280107622,172.25821822002285,0.06089392238286839,0.8537846952995087,0.5206262518086509,172,0.09226338284743578,0.011538691811160087
h002_mid_k20,1,138,2.7600000000000002,2,1.130946548553021,0.10386938280107622,97.06431646910926,0.08576708682161652,0.8543590110073548,0.5196832499807303,98,0.10386938280107622,0.011538691811160087
h002_mid_k20,1,138,2.7600000000000002,3,1.130946548553021,0.10386938280107622,103.81740983796772,0.06549628878175488,0.900142085461026,0.43559640262733484,108,0.046512242353004545,0.011538691811160087
h002_mid_k20,1,138,2.7600000000000002,4,1.130946548553021,0.10386938280107622,103.81741498969325,0.06549621384325377,0.915375789744551,0.4026005011789473,102,0.09569538196509604,0.011538691811160087
h002_mid_k20,1,138,2.7600000000000002,5,1.130946548553021,0.10386938280107622,144.5611273980693,0.04265719851385095,0.9161980587122698,0.4007257381450161,143,0.04460699244087995,0.011538691811160087
h002_mid_k20,1,140,2.8000000000000003,1,1.130946548553021,0.13063106750726527,168.33850860483608,0.062372805848493786,0.8303190563678579,0.5572883137410924,171,0.045376252069181756,0.0796747007712672
h002_mid_k20,1,140,2.8000000000000003,2,1.130946548553021,0.13063106750726527,98.83504478672057,0.07911612956161097,0.8512878589543581,0.5246989433922125,99,0.13063106750726527,0.0796747007712672
h002_mid_k20,1,140,2.8000000000000003,3,1.130946548553021,0.13063106750726527,98.83504328229287,0.07911612475725123,0.8561807671913764,0.5166763918465661,95,0.02739460571484851,0.0796747007712672
h002_mid_k20,1,140,2.8000000000000003,4,1.130946548553021,0.13063106750726527,168.33851206738848,0.06237277764720032,0.8627672884878295,0.5056012321141615,167,0.0747153020574688,0.0796747007712672
h002_mid_k20,1,140,2.8000000000000003,5,1.130946548553021,0.13063106750726527,145.08069749540675,0.045947331364158725,0.9095552802539776,0.41558295460967637,142,0.031189847178713245,0.0796747007712672
h002_mid_k20,1,142,2.84,1,1.130946548553021,0.12137409194235335,171.6211153504462,0.09282922766999521,0.7247420314919503,0.689020310142539,172,0.12137409194235335,0.10756359537214986
h002_mid_k20,1,142,2.84,2,1.130946548553021,0.12137409194235335,170.49997996345564,0.0852184203518653,0.814711184360815,0.579866955497033,166,0.038053502855030064,0.10756359537214986
h002_mid_k20,1,142,2.84,3,1.130946548553021,0.12137409194235335,100.57882939236958,0.08669451800704536,0.8162869353121893,0.5776466387322213,100,0.10788135430771303,0.10756359537214986
h002_mid_k20,1,142,2.84,4,1.130946548553021,0.12137409194235335,145.56967709044113,0.04492124124210168,0.9271039320868987,0.3748043477722895,146,0.07376400586683078,0.10756359537214986
h002_mid_k20,1,142,2.84,5,1.130946548553021,0.12137409194235335,144.4999795778133,0.03984870765336201,0.93119072522988,0.36453234869603873,140,0.01929277814737398,0.10756359537214986
h002_mid_k20,1,144,2.88,1,1.130946548553021,0.10998823555413466,102.14928140926168,0.06477896786850167,0.8917245692959324,0.4525784932075141,102,0.09937464302471531,0.08103006648460974
h002_mid_k20,1,144,2.88,2,1.130946548553021,0.10998823555413466,95.75129710032434,0.06956106451315021,0.8940722844130886,0.4479227056584216,96,0.10998823555413466,0.08103006648460974
h002_mid_k20,1,144,2.88,3,1.130946548553021,0.10998823555413466,95.75129842970603,0.06956109147590006,0.8990875777529385,0.4377688060270556,92,0.046253877435564764,0.08103006648460974
h002_mid_k20,1,144,2.88,4,1.130946548553021,0.10998823555413466,145.7019321969924,0.04820987504012315,0.913650589873151,0.4065004300421378,146,0.07018110961070463,0.08103006648460974
h002_mid_k20,1,144,2.88,5,1.130946548553021,0.10998823555413466,103.50002049161674,0.052715365334281984,0.9344225663913895,0.35616634795910873,108,0.030606595905172687,0.08103006648460974
h002_mid_k20,1,146,2.92,1,1.130946548553021,0.10446200584411641,171.0267975620617,0.06453754250058549,0.7963342337644317,0.6048568327586419,175,0.006852530521348624,0.1277668116991655
h002_mid_k20,1,146,2.92,2,1.130946548553021,0.10446200584411641,171.02678889024014,0.06453764878887172,0.8311858117861769,0.5559947358432042,171,0.09891987697778615,0.1277668116991655
h002_mid_k20,1,146,2.92,3,1.130946548553021,0.10446200584411641,97.24789895373613,0.08322755414218494,0.8401948367393526,0.5422846451048862,98,0.10446200584411641,0.1277668116991655
h002_mid_k20,1,146,2.92,4,1.130946548553021,0.10446200584411641,170.49997996345564,0.06311634744205782,0.8594684999612522,0.5111887103353858,166,0.02298398964211517,0.1277668116991655
h002_mid_k20,1,146,2.92,5,1.130946548553021,0.10446200584411641,145.85478385132365,0.045644493555928145,0.9207050255814704,0.39025921625122983,145,0.06524918023720114,0.1277668116991655
h002_mid_k20,1,148,2.96,1,1.130946548553021,0.11379987383620103,171.63589242485125,0.06413762097429444,0.8440710141445364,0.5362314081448545,176,0.005338632853812603,0.08347445110360668
h002_mid_k20,1,148,2.96,2,1.130946548553021,0.11379987383620103,171.63589257897365,0.06413769629001946,0.8747144632020453,0.48463863637266674,171,0.10945588827146609,0.08347445110360668
h002_mid_k20,1,148,2.96,3,1.130946548553021,0.11379987383620103,98.78112004501918,0.07265058941884162,0.8748703255781,0.4843572167552263,99,0.11379987383620103,0.08347445110360668
h002_mid_k20,1,148,2.96,4,1.130946548553021,0.11379987383620103,98.78111329087017,0.07265069296042036,0.8775620636433992,0.4794630584872399,103,0.03928812852214534,0.08347445110360668
h002_mid_k20,1,148,2.96,5,1.130946548553021,0.11379987383620103,146.0643970404858,0.04712691482177191,0.922543356205647,0.38589345151326493,146,0.05734972494037923,0.08347445110360668
h002_mid_k20,1,150,3.0,1,1.130946548553021,0.1059691781060478,94.01181025998176,0.07265134819284756,0.8714109864838453,0.4905536592822966,95,0.1059691781060478,0.038841723209198376
h002_mid_k20,1,150,3.0,2,1.130946548553021,0.1059691781060478,94.0118108301142,0.07265135596866742,0.8830918336781345,0.46920018466640656,91,0.02835858268359855,0.038841723209198376
h002_mid_k20,1,150,3.0,3,1.130946548553021,0.1059691781060478,100.25301686420914,0.06204931037382323,0.9134965530504189,0.4068464668213349,99,0.09672798031995368,0.038841723209198376
h002_mid_k20,1,150,3.0,4,1.130946548553021,0.1059691781060478,146.49343473686974,0.048148104581456956,0.9226731580166789,0.38558299168341004,146,0.05617521421073444,0.038841723209198376
h002_mid_k20,1,150,3.0,5,1.130946548553021,0.1059691781060478,7.187908430434618,0.018873440547939074,0.924607593759972,0.38092098598186297,6,0.024192027767995405,0.038841723209198376
h002_mid_k20,1,152,3.04,1,1.130946548553021,0.11777854702389724,169.5545955467013,0.08996494070044735,0.700296186853699,0.7138524011854054,174,0.025685086617533676,0.07098669488895845
h002_mid_k20,1,152,3.04,2,1.130946548553021,0.11777854702389724,169.5546075974387,0.08996481390240016,0.7471952104050408,0.6646046325054971,171,0.08847793115713266,0.07098669488895845
h002_mid_k20,1,152,3.04,3,1.130946548553021,0.11777854702389724,169.55460727958575,0.08996482102997497,0.7835439992023864,0.6213363029100514,168,0.07679468481827927,0.07098669488895845
h002_mid_k20,1,152,3.04,4,1.130946548553021,0.11777854702389724,95.54082050061254,0.07207884108656348,0.873339973015633,0.4871111695835495,96,0.11777854702389724,0.07098669488895845
h002_mid_k20,1,152,3.04,5,1.130946548553021,0.11777854702389724,87.65262176090937,0.05436067979111945,0.9275535685110707,0.37369021601104097,91,0.05169631713048979,0.07098669488895845
h002_mid_k20,1,154,3.08,1,1.130946548553021,0.10628675219574704,172.43088102447314,0.08168639168746022,0.7657000157788938,0.6431978590108972,173,0.10628675219574704,0.06540093577649875
h002_mid_k20,1,154,3.08,2,1.130946548553021,0.10628675219574704,90.58856126642115,0.0726183957453173,0.8792935389136292,0.47628024567973243,92,0.10197229542635958,0.06540093577649875
h002_mid_k20,1,154,3.08,3,1.130946548553021,0.10628675219574704,89.49997950838326,0.06787890568599184,0.9014146548538801,0.4329568338930105,85,0.051142708019211926,0.06540093577649875
h002_mid_k20,1,154,3.08,4,1.130946548553021,0.10628675219574704,96.86617190758648,0.06688577535581243,0.9015887350549612,0.4325942126543014,101,0.03100859955121863,0.06540093577649875
h002_mid_k20,1,154,3.08,5,1.130946548553021,0.10628675219574704,96.86616901439709,0.06688587092384908,0.9033495323734027,0.4289051437797811,96,0.10077008163546076,0.06540093577649875
h002_mid_k20,1,156,3.12,1,1.130946548553021,0.11768959405642167,92.37795980610974,0.07982643296927067,0.8308292775105655,0.5565273682679694,89,0.03237806730118172,0.1119161240473819
h002_mid_k20,1,156,3.12,2,1.130946548553021,0.11768959405642167,92.37796464608618,0.07982648402439516,0.8381420665882634,0.5454519925851908,93,0.11768959405642167,0.1119161240473819
h002_mid_k20,1,156,3.12,3,1.130946548553021,0.11768959405642167,170.32391579105536,0.05244378763539632,0.8638336312432987,0.5037771903659561,174,0.021538876244036453,0.1119161240473819
h002_mid_k20,1,156,3.12,4,1.130946548553021,0.11768959405642167,170.32391323614445,0.05244384610506309,0.8731900920454735,0.48737979354259,171,0.07456811245831908,0.1119161240473819
h002_mid_k20,1,156,3.12,5,1.130946548553021,0.11768959405642167,141.09476723158446,0.05804307261958156,0.8933218666165693,0.449417448064367,139,0.05104143031640082,0.1119161240473819
h002_mid_k20,1,158,3.16,1,1.130946548553021,0.11740510722882787,1.5000204916167377,0.06278682344242976,0.6541772580877036,0.7563412688732875,6,0.013640495263311863,0.0938153535824736
h002_mid_k20,1,158,3.16,2,1.130946548553021,0.11740510722882787,171.72469308765562,0.06281617125724769,0.8218052141885197,0.5697685406659104,176,0.005355047720508865,0.0938153535824736
h002_mid_k20,1,158,3.16,3,1.130946548553021,0.11740510722882787,171.72469680768245,0.06281618158142589,0.8280680981661636,0.5606275276861394,171,0.08847610129919672,0.0938153535824736
h002_mid_k20,1,158,3.16,4,1.130946548553021,0.11740510722882787,171.7246928850211,0.06281618080994482,0.8441450128142058,0.5361149105750597,168,0.032541992087670495,0.0938153535824736
h002_mid_k20,1,158,3.16,5,1.130946548553021,0.11740510722882787,93.85269733291977,0.07515030572466538,0.8573457744935264,0.5147409279997998,93,0.11740510722882787,0.0938153535824736
h002_mid_k20,1,160,3.2,1,1.130946548553021,0.11512383783910876,89.22383238572559,0.06931090396573786,0.8913063858896826,0.4534015069144261,90,0.11512383783910876,0.03598030563506579
h002_mid_k20,1,160,3.2,2,1.130946548553021,0.11512383783910876,171.79702848957288,0.04633098591368722,0.895658537259868,0.44474238007358113,175,0.013129512794683058,0.03598030563506579
h002_mid_k20,1,160,3.2,3,1.130946548553021,0.11512383783910876,95.46225298918569,0.06890629766520034,0.8957950011035481,0.44446745212433086,94,0.0843896503739618,0.03598030563506579
h002_mid_k20,1,160,3.2,4,1.130946548553021,0.11512383783910876,142.8028966905781,0.05594491775841953,0.8969112473580553,0.4422105995593244,143,0.0845981509428528,0.03598030563506579
h002_mid_k20,1,160,3.2,5,1.130946548553021,0.11512383783910876,88.49997950838326,0.06527180246099888,0.8992308001743714,0.43747453413628556,84,0.029146839320623,0.03598030563506579
h002_mid_k20,1,162,3.24,1,1.130946548553021,0.1165028693745387,90.6262473097355,0.07730073702641953,0.865627823989375,0.5006879969955541,90,0.1165028693745387,0.007195762206131175
h002_mid_k20,1,162,3.24,2,1.130946548553021,0.1165028693745387,173.3135291995519,0.04487192079933155,0.9257138881739152,0.37822453283986307,173,0.08766464035944942,0.007195762206131175
h002_mid_k20,1,162,3.24,3,1.130946548553021,0.1165028693745387,143.3455258517347,0.04868873932651241,0.9320949807657288,0.36221395173479415,143,0.07960146336150892,0.007195762206131175
h002_mid_k20,1,162,3.24,4,1.130946548553021,0.1165028693745387,143.50002043701807,0.048570961481280234,0.9359971705453438,0.3520075236853754,148,0.011676633586495944,0.007195762206131175
h002_mid_k20,1,162,3.24,5,1.130946548553021,0.1165028693745387,157.53590307267598,0.04757887352660687,0.9392446820436194,0.34324834632198875,162,0.044594072682780525,0.007195762206131175
h002_mid_k20,1,164,3.2800000000000002,1,1.130946548553021,0.11747232229972593,170.79129915837393,0.09416363747779868,0.6613793793896373,0.7500515425743606,175,0.019469183831234416,0.11064094369008448
h002_mid_k20,1,164,3.2800000000000002,2,1.130946548553021,0.11747232229972593,170.79129575920524,0.09416358616199061,0.728363954609088,0.6851904477050231,171,0.11747232229972593,0.11064094369008448
h002_mid_k20,1,164,3.2800000000000002,3,1.130946548553021,0.11747232229972593,169.49997994862326,0.0843398466957127,0.7977320271154815,0.6030121167225619,165,0.022052090908928002,0.11064094369008448
h002_mid_k20,1,164,3.2800000000000002,4,1.130946548553021,0.11747232229972593,91.94473764184897,0.06949608196392207,0.893667248320535,0.4487302633868179,92,0.106876724012651,0.11064094369008448
h002_mid_k20,1,164,3.2800000000000002,5,1.130946548553021,0.11747232229972593,137.74045701319687,0.05206441885207663,0.9123988593941433,0.40930223719919545,134,0.028689190506740316,0.11064094369008448
h002_mid_k20,1,166,3.3200000000000003,1,1.130946548553021,0.11304746972996772,172.8234966793716,0.050176504316481234,0.839557342270046,0.5432710824629421,173,0.06957016095687321,0.08099749471771879
h002_mid_k20,1,166,3.3200000000000003,2,1.130946548553021,0.11304746972996772,87.42347668767707,0.07541857539079612,0.8762417934107245,0.4818716836257936,88,0.11304746972996772,0.08099749471771879
h002_mid_k20,1,166,3.3200000000000003,3,1.130946548553021,0.11304746972996772,47.189865168837514,0.040252272321766966,0.9208502178650897,0.3899164990838639,48,0.06175998170593309,0.08099749471771879
h002_mid_k20,1,166,3.3200000000000003,4,1.130946548553021,0.11304746972996772,138.11424742782708,0.05238293154040993,0.9208737451748501,0.3898609309069647,138,0.09022789685120962,0.08099749471771879
h002_mid_k20,1,166,3.3200000000000003,5,1.130946548553021,0.11304746972996772,151.7986690730022,0.04825558173956319,0.9251189837012673,0.37967731825266376,151,0.06523593130009601,0.08099749471771879
h002_mid_k20,1,168,3.36,1,1.130946548553021,0.11999023405994744,171.34669522363959,0.06324259765746573,0.8239592052530081,0.5666491225430703,171,0.09347232798938017,0.1294661372444444
h002_mid_k20,1,168,3.36,2,1.130946548553021,0.11999023405994744,88.80196695162317,0.07364180441401316,0.8635193813461645,0.5043156531771914,93,0.03211933970748305,0.1294661372444444
h002_mid_k20,1,168,3.36,3,1.130946548553021,0.11999023405994744,170.49997996345564,0.05959405980518378,0.867241387477209,0.49788791494331874,166,0.020664325479248992,0.1294661372444444
h002_mid_k20,1,168,3.36,4,1.130946548553021,0.11999023405994744,88.80196619438345,0.07364187653439302,0.8681570237362575,0.4962896151819048,89,0.11999023405994744,0.1294661372444444
h002_mid_k20,1,168,3.36,5,1.130946548553021,0.11999023405994744,138.47397990693116,0.05601494121439478,0.9120868424151201,0.4099970632738919,138,0.08144169235853345,0.1294661372444444
h002_mid_k20,1,170,3.4,1,1.130946548553021,0.11025102078513875,84.05042482328224,0.07543379380611497,0.8624634470635119,0.5061193559619359,85,0.11025102078513875,0.05958343958141413
h002_mid_k20,1,170,3.4,2,1.130946548553021,0.11025102078513875,90.50002049161674,0.0665368569868882,0.8879862302530848,0.45987004129527204,95,0.03318019005259552,0.05958343958141413
h002_mid_k20,1,170,3.4,3,1.130946548553021,0.11025102078513875,90.48687023949776,0.06653779830631572,0.892086396506609,0.4518648704733012,89,0.09722740580164406,0.05958343958141413
h002_mid_k20,1,170,3.4,4,1.130946548553021,0.11025102078513875,138.78250460897732,0.0456494480905144,0.9383350450761262,0.3457272670501771,139,0.07270355239188844,0.05958343958141413
h002_mid_k20,1,170,3.4,5,1.130946548553021,0.11025102078513875,171.45261349988198,0.03467643872983912,0.9389264453095524,0.34411790174062107,171,0.06713279592523479,0.05958343958141413
h002_mid_k20,1,172,3.44,1,1.130946548553021,0.12273128089876384,171.7068848161017,0.06606573723006404,0.8159158985811197,0.5781706032327862,175,0.018691782534138134,0.05193270112426868
h002_mid_k20,1,172,3.44,2,1.130946548553021,0.12273128089876384,85.63247110133113,0.07627413448881554,0.8410865163047696,0.5409006120261894,86,0.12273128089876384,0.05193270112426868
h002_mid_k20,1,172,3.44,3,1.130946548553021,0.12273128089876384,171.70687888527289,0.0660657930076197,0.8432193746395508,0.5375696105924189,172,0.10279778377414413,0.05193270112426868
h002_mid_k20,1,172,3.44,4,1.130946548553021,0.12273128089876384,85.63246952482461,0.07627417790117144,0.8571390965624842,0.5150850115699814,82,0.04048377113827534,0.05193270112426868
h002_mid_k20,1,172,3.44,5,1.130946548553021,0.12273128089876384,133.39825161289332,0.05043893431626904,0.9311425332674381,0.3646554301533136,134,0.0757589643675986,0.05193270112426868
h002_mid_k20,1,174,3.48,1,1.130946548553021,0.1045923395267346,87.11054606545281,0.07607809888681079,0.8520254427547417,0.5235003771713889,86,0.1045923395267346,0.054061126875667824
h002_mid_k20,1,174,3.48,2,1.130946548553021,0.1045923395267346,167.25513800604608,0.05503071563341693,0.8956703420733032,0.44471860578380573,167,0.0651584388978687,0.054061126875667824
h002_mid_k20,1,174,3.48,3,1.130946548553021,0.1045923395267346,133.75744682418167,0.04948228562848942,0.9313419600048248,0.36414578609997855,134,0.08646541596679955,0.054061126875667824
h002_mid_k20,1,174,3.48,4,1.130946548553021,0.1045923395267346,133.75745147059342,0.04948227608283893,0.9319844898458353,0.3624981526667387,137,0.03154964074152646,0.054061126875667824
h002_mid_k20,1,174,3.48,5,1.130946548553021,0.1045923395267346,173.92324152279048,0.03487083866660306,0.9381465641484508,0.34623839211799806,174,0.0592038778771114,0.054061126875667824
h002_mid_k20,1,176,3.52,1,1.130946548553021,0.12490987843553304,171.57078176727964,0.09671841763167527,0.694555223278562,0.7194393941232762,172,0.12490987843553304,0.11171588618150588
h002_mid_k20,1,176,3.52,2,1.130946548553021,0.12490987843553304,171.49997997828802,0.09668992277153579,0.7436630533791516,0.6685546073723494,167,0.05227626078897613,0.11171588618150588
h002_mid_k20,1,176,3.52,3,1.130946548553021,0.12490987843553304,82.50998835055645,0.06992600897158885,0.8786574438973455,0.4774527162806627,83,0.11212343281320294,0.11171588618150588
h002_mid_k20,1,176,3.52,4,1.130946548553021,0.12490987843553304,88.50389069579217,0.05994443763777771,0.9131327985997755,0.4076622279796615,88,0.08079619813122244,0.11171588618150588
h002_mid_k20,1,176,3.52,5,1.130946548553021,0.12490987843553304,146.86243183518013,0.050576597769517256,0.9335933956871731,0.3583341618228624,147,0.07365403697588162,0.11171588618150588
h002_mid_k20,1,178,3.56,1,1.130946548553021,0.10886719342439466,83.8655147168862,0.0759340083765293,0.8562630667369838,0.5165399892962549,84,0.10886719342439466,0.06914905895892602
h002_mid_k20,1,178,3.56,2,1.130946548553021,0.10886719342439466,77.7827209348086,0.055906746750406675,0.9258560592079031,0.37787637876428837,79,0.0803326628423474,0.06914905895892602
h002_mid_k20,1,178,3.56,3,1.130946548553021,0.10886719342439466,147.02959764164393,0.051062241001415036,0.9317953051477589,0.36298417225079516,147,0.07419939956894922,0.06914905895892602
h002_mid_k20,1,178,3.56,4,1.130946548553021,0.10886719342439466,57.06674362608169,0.03111182866697424,0.945698145580055,0.32504617740629504,57,0.06144284257275587,0.06914905895892602
h002_mid_k20,1,178,3.56,5,1.130946548553021,0.10886719342439466,134.84027144286313,0.04382314935179132,0.9462804635797908,0.3233470028424827,139,0.023578166592629648,0.06914905895892602
h002_mid_k20,1,180,3.6,1,1.130946548553021,0.10948527534144711,171.7261381483513,0.06148547723980577,0.8204500050836324,0.5717182777892161,171,0.09370566703741103,0.11766427378674105
h002_mid_k20,1,180,3.6,2,1.130946548553021,0.10948527534144711,171.72613982049245,0.06148547725663184,0.8424102069564271,0.5388367500603777,168,0.02184724757020354,0.11766427378674105
h002_mid_k20,1,180,3.6,3,1.130946548553021,0.10948527534144711,79.13984421075997,0.07603216597511084,0.8426117391853247,0.5385215473749234,79,0.09945160044885422,0.11766427378674105
h002_mid_k20,1,180,3.6,4,1.130946548553021,0.10948527534144711,85.23235143664681,0.06102827790926409,0.9010017934150467,0.43381536194891634,85,0.10948527534144711,0.11766427378674105
h002_mid_k20,1,180,3.6,5,1.130946548553021,0.10948527534144711,85.23235104789615,0.0610282635688294,0.9016504131022499,0.4324656432048009,88,0.026069988920862954,0.11766427378674105
h002_mid_k20,1,182,3.64,1,1.130946548553021,0.1247967929814763,80.71904462638895,0.0866852568102556,0.7709629765499851,0.6368799641919869,81,0.1247967929814763,0.07416110486405184
h002_mid_k20,1,182,3.64,2,1.130946548553021,0.1247967929814763,123.5087860426986,0.04238277624531315,0.9342174441202773,0.35670403291997815,120,0.016223006781668912,0.07416110486405184
h002_mid_k20,1,182,3.64,3,1.130946548553021,0.1247967929814763,141.21261759414892,0.04878411764061277,0.9358140437377066,0.35249407873506483,137,0.018841012238831174,0.07416110486405184
h002_mid_k20,1,182,3.64,4,1.130946548553021,0.1247967929814763,141.21262969154213,0.048784166361892,0.9390278452383074,0.34384110555182557,142,0.06299018098503066,0.07416110486405184
h002_mid_k20,1,182,3.64,5,1.130946548553021,0.1247967929814763,51.2140800907863,0.03178544183064622,0.9438302971995346,0.3304305828585453,52,0.059760269074329006,0.07416110486405184
h002_mid_k20,1,184,3.68,1,1.130946548553021,0.13381289124227566,82.4464604702257,0.08711759809053206,0.7658382491221135,0.6430332621113592,82,0.12704407909649623,0.07560510325976706
h002_mid_k20,1,184,3.68,2,1.130946548553021,0.13381289124227566,172.3207665509011,0.07973163500751002,0.8641018074237016,0.5033170634968505,172,0.13381289124227566,0.07560510325976706
h002_mid_k20,1,184,3.68,3,1.130946548553021,0.13381289124227566,141.53306138324183,0.05250052575379866,0.9242152598462935,0.38187190714590225,142,0.07582524034645081,0.07560510325976706
h002_mid_k20,1,184,3.68,4,1.130946548553021,0.13381289124227566,51.07974919079561,0.031059054367834623,0.9292220431282341,0.3695218458556821,51,0.06720661715051662,0.07560510325976706
h002_mid_k20,1,184,3.68,5,1.130946548553021,0.13381289124227566,124.0775239161145,0.047846193478640775,0.9328384781512997,0.36029484270575807,124,0.07881339800433759,0.07560510325976706
h002_mid_k20,1,186,3.72,1,1.130946548553021,0.11053944128731333,169.04091980143028,0.08495675114665881,0.7921375208536136,0.6103426480722863,168,0.1042489204886026,0.07544035630147228
h002_mid_k20,1,186,3.72,2,1.130946548553021,0.11053944128731333,169.5000200513757,0.08346807865951329,0.7944303896254891,0.6073552140547521,174,0.03942076507541115,0.07544035630147228
h002_mid_k20,1,186,3.72,3,1.130946548553021,0.11053944128731333,84.06924756934961,0.07731706961616404,0.8277565488064446,0.5610874226963605,84,0.1028503813912621,0.07544035630147228
h002_mid_k20,1,186,3.72,4,1.130946548553021,0.11053944128731333,84.06924815288323,0.0773170822105737,0.8395697020390251,0.5432519815132777,88,0.021597970795144736,0.07544035630147228
h002_mid_k20,1,186,3.72,5,1.130946548553021,0.11053944128731333,77.7554229965167,0.06342877071035262,0.8859839132846566,0.46371597492517574,78,0.11053944128731333,0.07544035630147228
h002_mid_k20,1,188,3.7600000000000002,1,1.130946548553021,0.13745201190991627,172.30623374176355,0.102369120274815,0.7754205762081599,0.631445112415169,172,0.13745201190991627,0.08544086639549311
h002_mid_k20,1,188,3.7600000000000002,2,1.130946548553021,0.13745201190991627,79.24788574027934,0.08140573298711287,0.8272207667307236,0.5618770355597692,80,0.10732226550878861,0.08544086639549311
h002_mid_k20,1,188,3.7600000000000002,3,1.130946548553021,0.13745201190991627,163.85833927823592,0.06844657835321848,0.9092719029723864,0.4162026026648258,164,0.09632009116720662,0.08544086639549311
h002_mid_k20,1,188,3.7600000000000002,4,1.130946548553021,0.13745201190991627,142.27174868287727,0.05282473085773411,0.9130446069379634,0.40785971331022614,142,0.07731729350319155,0.08544086639549311
h002_mid_k20,1,188,3.7600000000000002,5,1.130946548553021,0.13745201190991627,118.90642106067912,0.04539589113836474,0.916630528822439,0.3997355045910932,115,0.018238581696344798,0.08544086639549311
h002_mid_k20,1,190,3.8000000000000003,1,1.130946548553021,0.11803862001694759,166.50002009587297,0.08201513694030602,0.7624712340441478,0.6470221149660917,171,0.05014244064187288,0.1074198820337831
h002_mid_k20,1,190,3.8000000000000003,2,1.130946548553021,0.11803862001694759,166.13973549455397,0.08227829054976106,0.7833663250008156,0.6215602954297487,168,0.06316098336576367,0.1074198820337831
h002_mid_k20,1,190,3.8000000000000003,3,1.130946548553021,0.11803862001694759,166.139732189254,0.0822782989164735,0.7942442292876457,0.607598637460021,164,0.08655397545053749,0.1074198820337831
h002_mid_k20,1,190,3.8000000000000003,4,1.130946548553021,0.11803862001694759,169.5000200513757,0.06466359600459931,0.8456315266783452,0.5337671037893315,174,0.029546939247042114,0.1074198820337831
h002_mid_k20,1,190,3.8000000000000003,5,1.130946548553021,0.11803862001694759,80.71253922051596,0.0745402290919123,0.855255360442056,0.5182067815410458,81,0.11803862001694759,0.1074198820337831
h002_mid_k20,1,192,3.84,1,1.130946548553021,0.10150592007260147,169.5911852558886,0.06719018689708821,0.8301701947101608,0.5575100427928575,171,0.08559967230186376,0.0868940166147793
h002_mid_k20,1,192,3.84,2,1.130946548553021,0.10150592007260147,169.59119128445946,0.06719018973862781,0.8559803554127297,0.5170083472706192,166,0.062197548908552204,0.0868940166147793
h002_mid_k20,1,192,3.84,3,1.130946548553021,0.10150592007260147,82.1088154750812,0.07138265724521418,0.8803793216442256,0.4742702289004164,82,0.09348240533068561,0.0868940166147793
h002_mid_k20,1,192,3.84,4,1.130946548553021,0.10150592007260147,75.98085587899095,0.06819442248944775,0.8883420125975348,0.459182391489658,77,0.10150592007260147,0.0868940166147793
h002_mid_k20,1,192,3.84,5,1.130946548553021,0.10150592007260147,158.5180558829063,0.060510059929226555,0.8973275670838882,0.4413651972588125,160,0.07967227142086823,0.0868940166147793
h002_mid_k20,1,194,3.88,1,1.130946548553021,0.12438001925555275,170.77749571820857,0.07729775470554337,0.8340103172035884,0.5517488475728516,174,0.027712685044390194,0.06463330233900412
h002_mid_k20,1,194,3.88,2,1.130946548553021,0.12438001925555275,170.7774953828225,0.0772977511268443,0.834227005416255,0.5514211670168526,171,0.12438001925555275,0.06463330233900412
h002_mid_k20,1,194,3.88,3,1.130946548553021,0.12438001925555275,77.48402293598735,0.07641184993798172,0.8618488519645144,0.5071652160464564,77,0.11259597457693152,0.06463330233900412
h002_mid_k20,1,194,3.88,4,1.130946548553021,0.12438001925555275,169.49997994862326,0.06609889761914314,0.8976930394869078,0.44062138719853033,165,0.04434762916626965,0.06463330233900412
h002_mid_k20,1,194,3.88,5,1.130946548553021,0.12438001925555275,159.4481224297897,0.061430652957300394,0.9155931076471696,0.4021060323210759,159,0.08676229140386442,0.06463330233900412
h002_mid_k20,1,196,3.92,1,1.130946548553021,0.11604209355743081,172.56150332797733,0.07706818027879221,0.8647781306292592,0.5021541444470653,172,0.1146370147377084,0.06435277882692271
h002_mid_k20,1,196,3.92,2,1.130946548553021,0.11604209355743081,72.17064831636765,0.06743208474937602,0.8792662556459063,0.47633061174191593,68,0.04473919723328676,0.06435277882692271
h002_mid_k20,1,196,3.92,3,1.130946548553021,0.11604209355743081,78.8296196652991,0.07037214722740211,0.8817827492575238,0.4716557888034906,79,0.11604209355743081,0.06435277882692271
h002_mid_k20,1,196,3.92,4,1.130946548553021,0.11604209355743081,72.17064455917864,0.0674320437591737,0.883960123942496,0.46756229454433923,73,0.08544617636094295,0.06435277882692271
h002_mid_k20,1,196,3.92,5,1.130946548553021,0.11604209355743081,78.82961908842947,0.07037213267794486,0.8906510834777793,0.4546874173537878,83,0.039161141579262246,0.06435277882692271
h002_mid_k20,1,198,3.96,1,1.130946548553021,0.1151992971202587,169.63176269181326,0.09984797307666712,0.7225401766065066,0.6913289327009523,172,0.09764491985588265,0.11802827916248375
h002_mid_k20,1,198,3.96,2,1.130946548553021,0.1151992971202587,169.6317643010359,0.09984799022589254,0.7371438923191066,0.6757358078543991,168,0.08824251148144499,0.11802827916248375
h002_mid_k20,1,198,3.96,3,1.130946548553021,0.1151992971202587,74.08514959504328,0.08267097832976045,0.8166318782969852,0.5771588822405296,75,0.1151992971202587,0.11802827916248375
h002_mid_k20,1,198,3.96,4,1.130946548553021,0.1151992971202587,115.23617015482364,0.04853470213206655,0.9281534149982764,0.37219784822999386,115,0.08094742806921801,0.11802827916248375
h002_mid_k20,1,198,3.96,5,1.130946548553021,0.1151992971202587,71.49997950838326,0.050047105579022276,0.9342249221797001,0.35668444706537594,67,0.026087985302584504,0.11802827916248375
h002_mid_k20,1,200,4.0,1,1.130946548553021,0.13508313868280203,4.500020491616738,0.10730903657925296,0.6553481185860447,0.7553269778484887,9,0.0358106549277474,0.13508313868280203
h002_mid_k20,1,200,4.0,2,1.130946548553021,0.13508313868280203,75.74653915726162,0.07986822601055922,0.8098155199448883,0.5866846032208365,72,0.04281912923263931,0.13508313868280203
h002_mid_k20,1,200,4.0,3,1.130946548553021,0.13508313868280203,172.79716698331868,0.07839328003941326,0.8221699649444393,0.5692420827233872,173,0.11020384749569646,0.13508313868280203
h002_mid_k20,1,200,4.0,4,1.130946548553021,0.13508313868280203,75.74654277167747,0.07986812747136253,0.8278631639408718,0.5609301041928566,80,0.030829563508993806,0.13508313868280203
h002_mid_k20,1,200,4.0,5,1.130946548553021,0.13508313868280203,75.74654181693563,0.0798682068010889,0.8288246742197913,0.5595084086986152,76,0.12829287313577672,0.13508313868280203
h002_mid_k20,1,202,4.04,1,1.130946548553021,0.10386746622690951,77.35215914953721,0.08019380639806858,0.8551248397740917,0.5184221334022441,76,0.10386746622690951,0.1688493961726525
h002_mid_k20,1,202,4.04,2,1.130946548553021,0.10386746622690951,171.0673617262073,0.0530437580525503,0.8906411219941723,0.45470692958537823,171,0.07695125458356256,0.1688493961726525
h002_mid_k20,1,202,4.04,3,1.130946548553021,0.10386746622690951,71.36646188023826,0.05447484441783673,0.926922843344228,0.37525197199568655,68,0.019494845825404766,0.1688493961726525
h002_mid_k20,1,202,4.04,4,1.130946548553021,0.10386746622690951,110.22351140894364,0.04876374416024692,0.9299127085024991,0.3677803074738319,111,0.0838342820282493,0.1688493961726525
h002_mid_k20,1,202,4.04,5,1.130946548553021,0.10386746622690951,29.055912573186333,0.028506998767303473,0.9299738320276988,0.3676257223640881,32,0.034744751328820635,0.1688493961726525
h002_mid_k20,1,204,4.08,1,1.130946548553021,0.13057108216998034,4.500020491616738,0.10949646773334681,0.8130443767018234,0.5822017189201211,9,0.04093131188523214,0.14357842962655817
h002_mid_k20,1,204,4.08,2,1.130946548553021,0.13057108216998034,72.68855176148747,0.0714724762495315,0.8850768692817199,0.4654448790807232,73,0.1156022851598647,0.14357842962655817
h002_mid_k20,1,204,4.08,3,1.130946548553021,0.13057108216998034,79.02275420745104,0.06146459802049021,0.9157297159664007,0.401794832341203,78,0.08285121235693672,0.14357842962655817
h002_mid_k20,1,204,4.08,4,1.130946548553021,0.13057108216998034,79.02275261876389,0.06146462432487497,0.9169195089414633,0.3990721916176889,82,0.02723342879599447,0.14357842962655817
h002_mid_k20,1,204,4.08,5,1.130946548553021,0.13057108216998034,110.55948284085025,0.04854962930375539,0.9226189424360134,0.3857127001516184,107,0.03408695167499379,0.14357842962655817
h002_mid_k20,1,206,4.12,1,1.130946548553021,0.12603325850633215,6.666086393356409,0.09996057170724117,0.755375330407586,0.6552923852843325,6,0.12603325850633215,0.12603325850633215
h002_mid_k20,1,206,4.12,2,1.130946548553021,0.12603325850633215,6.6660835124921505,0.09996055400993191,0.7701910215190122,0.6378132880173479,11,0.02468474483412621,0.12603325850633215
h002_mid_k20,1,206,4.12,3,1.130946548553021,0.12603325850633215,171.75830180934122,0.0699214660637068,0.8295286142575674,0.5584642138292483,172,0.09651045603746906,0.12603325850633215
h002_mid_k20,1,206,4.12,4,1.130946548553021,0.12603325850633215,73.99982559620798,0.07192154546952861,0.8840253042189773,0.46743904575949186,74,0.11481708920199382,0.12603325850633215
h002_mid_k20,1,206,4.12,5,1.130946548553021,0.12603325850633215,110.84955595781753,0.046052940319071894,0.9238791343790025,0.38268439354003614,110,0.07477464539212388,0.12603325850633215
h002_mid_k20,1,208,4.16,1,1.130946548553021,0.10570217183989385,9.01577906041723,0.095243728966994,0.8057265979214546,0.5922876407641124,9,0.09439665584985972,0.12188300133368349
h002_mid_k20,1,208,4.16,2,1.130946548553021,0.10570217183989385,69.43290569014573,0.07576066992242603,0.8777052047588634,0.47920097405911194,70,0.10570217183989385,0.12188300133368349
h002_mid_k20,1,208,4.16,3,1.130946548553021,0.10570217183989385,167.0076705329326,0.05182414399597571,0.9104818412196772,0.41354905006447046,169,0.040525806103120086,0.12188300133368349
h002_mid_k20,1,208,4.16,4,1.130946548553021,0.10570217183989385,125.74523881885716,0.05162839914931458,0.9259041747759191,0.37775846665895413,125,0.07028130790675056,0.12188300133368349
h002_mid_k20,1,208,4.16,5,1.130946548553021,0.10570217183989385,167.00767301290125,0.05182412764043705,0.9276101923011453,0.3735496367807523,165,0.059165586450114244,0.12188300133368349
h002_mid_k20,1,210,4.2,1,1.130946548553021,0.14545143769981894,171.46865694439828,0.08968758683417355,0.7076704616913497,0.706542650976961,172,0.10928416530642193,0.16538267786568642
h002_mid_k20,1,210,4.2,2,1.130946548553021,0.14545143769981894,70.89145267189576,0.07857954558988965,0.8575393781269421,0.5144183268135546,71,0.12486322788130963,0.16538267786568642
h002_mid_k20,1,210,4.2,3,1.130946548553021,0.14545143769981894,169.49997994862326,0.07025596934659457,0.8753530877714937,0.4834842000819796,165,0.03329759484945614,0.16538267786568642
h002_mid_k20,1,210,4.2,4,1.130946548553021,0.14545143769981894,126.03487073585825,0.053137110209693854,0.9254641548422046,0.3788351859347336,126,0.06029363890122243,0.16538267786568642
h002_mid_k20,1,210,4.2,5,1.130946548553021,0.14545143769981894,11.433643586551398,0.07020174630185702,0.9323382429245155,0.3615873349281297,11,0.08430897523433939,0.16538267786568642
h002_mid_k20,1,212,4.24,1,1.130946548553021,0.16511254200967948,7.660890214647793,0.1273847753086372,0.8095689541673136,0.5870247937254797,8,0.16511254200967948,0.16511254200967948
h002_mid_k20,1,212,4.24,2,1.130946548553021,0.16511254200967948,72.39353650871954,0.0741457006937491,0.8698412201142472,0.49333178672183414,72,0.11770222069693362,0.16511254200967948
h002_mid_k20,1,212,4.24,3,1.130946548553021,0.16511254200967948,65.9365937116761,0.06497690332623857,0.8939466419229145,0.4481734054969623,62,0.03210453922107335,0.16511254200967948
h002_mid_k20,1,212,4.24,4,1.130946548553021,0.16511254200967948,65.93659116853496,0.064976816928167,0.8975352365399433,0.4409427391047371,67,0.09064621309254163,0.16511254200967948
h002_mid_k20,1,212,4.24,5,1.130946548553021,0.16511254200967948,126.4889897428086,0.05040094340925736,0.9253482848074774,0.37911812381348786,130,0.018839992571758998,0.16511254200967948
h002_mid_k20,1,214,4.28,1,1.130946548553021,0.18037939135295958,67.65976332745095,0.07825016517863218,0.8537948065321422,0.5206096698475181,68,0.11968378138189206,0.18037939135295958
h002_mid_k20,1,214,4.28,2,1.130946548553021,0.18037939135295958,10.997989369116908,0.08456755335576051,0.9133259305516612,0.4072293513266722,10,0.12867377302991614,0.18037939135295958
h002_mid_k20,1,214,4.28,3,1.130946548553021,0.18037939135295958,160.50002018486737,0.04186059252637389,0.9139071325086933,0.40592333407890907,165,0.038219361110603325,0.18037939135295958
h002_mid_k20,1,214,4.28,4,1.130946548553021,0.18037939135295958,73.93626117005942,0.060325574586211045,0.9164120802744431,0.40023605425681935,74,0.07284892829508213,0.18037939135295958
h002_mid_k20,1,214,4.28,5,1.130946548553021,0.18037939135295958,127.13349797839862,0.05410973736791446,0.917932866354957,0.3967357468963094,126,0.0504576582610596,0.18037939135295958
h002_mid_k20,1,216,4.32,1,1.130946548553021,0.17893526530405918,69.21431414082531,0.08574522367700466,0.831853599729866,0.5549951248582854,69,0.12118335329821663,0.17893526530405918
h002_mid_k20,1,216,4.32,2,1.130946548553021,0.17893526530405918,171.7294324874664,0.0664869946299673,0.856880175577023,0.515515629930937,172,0.11591888063034274,0.17893526530405918
h002_mid_k20,1,216,4.32,3,1.130946548553021,0.17893526530405918,8.355808245092135,0.1140298155393828,0.8575270726137326,0.51443883964425,8,0.17893526530405918,0.17893526530405918
h002_mid_k20,1,216,4.32,4,1.130946548553021,0.17893526530405918,136.41458581252095,0.04989056209943575,0.9311920894947459,0.3645288636890211,137,0.08569223273417143,0.17893526530405918
h002_mid_k20,1,216,4.32,5,1.130946548553021,0.17893526530405918,127.68663080653323,0.048098141756830165,0.9312825434887404,0.36429771368091596,124,0.025879797970444072,0.17893526530405918
h002_mid_k20,1,218,4.36,1,1.130946548553021,0.18825039386882034,70.82904272913572,0.07572521876503481,0.8638141171908154,0.5038106498892736,70,0.11389516055675164,0.18825039386882034
h002_mid_k20,1,218,4.36,2,1.130946548553021,0.18825039386882034,70.82903342283112,0.07572528730905739,0.8647331778375542,0.5022315513256459,75,0.026306077145105945,0.18825039386882034
h002_mid_k20,1,218,4.36,3,1.130946548553021,0.18825039386882034,5.950680535891706,0.11189824886057913,0.8686818823565348,0.4953703536400898,6,0.18825039386882034,0.18825039386882034
h002_mid_k20,1,218,4.36,4,1.130946548553021,0.18825039386882034,64.63394222838451,0.06007498898983945,0.9174541194558847,0.39784160000360325,65,0.09330955359760668,0.18825039386882034
h002_mid_k20,1,218,4.36,5,1.130946548553021,0.18825039386882034,128.50002049161674,0.05278106390141273,0.9217248191601598,0.3878445020161698,133,0.04175898839136328,0.18825039386882034
h002_mid_k20,1,220,4.4,1,1.130946548553021,0.1418095151933584,66.0049650112212,0.07690741514266826,0.8652376543931739,0.5013619465218698,67,0.11441303034774133,0.18888980669983776
h002_mid_k20,1,220,4.4,2,1.130946548553021,0.1418095151933584,72.69629923149796,0.06735218931020102,0.9043962273521543,0.4266936417984109,73,0.06976665866509946,0.18888980669983776
h002_mid_k20,1,220,4.4,3,1.130946548553021,0.1418095151933584,130.9772276243466,0.052327878257378495,0.927056623713668,0.3749213469897577,127,0.05515706096821023,0.18888980669983776
h002_mid_k20,1,220,4.4,4,1.130946548553021,0.1418095151933584,130.97722155829695,0.0523277972049192,0.9296715241057711,0.3683895455450014,133,0.07576738892981509,0.18888980669983776
h002_mid_k20,1,220,4.4,5,1.130946548553021,0.1418095151933584,39.67755725278107,0.025132163362294322,0.931146164210061,0.3646461584562354,40,0.045980961485919666,0.18888980669983776
h002_mid_k20,1,222,4.44,1,1.130946548553021,0.12216441289744935,67.56227715537375,0.08196568396484817,0.8495092441819009,0.5275737332823687,67,0.11853168591541742,0.15596055597994468
h002_mid_k20,1,222,4.44,2,1.130946548553021,0.12216441289744935,132.3204030513374,0.06044202844854004,0.9049843726033485,0.42544480881040714,132,0.08555596843073943,0.15596055597994468
h002_mid_k20,1,222,4.44,3,1.130946548553021,0.12216441289744935,39.15562596916266,0.030175226883037597,0.9090345005202518,0.4167208620454422,39,0.04402984479960402,0.15596055597994468
h002_mid_k20,1,222,4.44,4,1.130946548553021,0.12216441289744935,6.992676051706098,0.06184494982572364,0.9362602890406072,0.35130708954645107,6,0.12216441289744935,0.15596055597994468
h002_mid_k20,1,222,4.44,5,1.130946548553021,0.12216441289744935,6.99267531699536,0.06184494360979216,0.9364276238559421,0.3508608061318818,11,0.04352890463903967,0.15596055597994468
h002_mid_k20,1,224,4.48,1,1.130946548553021,0.10862956856300704,171.67858229949377,0.07986833733774304,0.8335913948178141,0.5523815587849502,172,0.10165228661622852,0.13258702306379308
h002_mid_k20,1,224,4.48,2,1.130946548553021,0.10862956856300704,69.05188939621121,0.06949200789567697,0.8860896114860989,0.463513970033714,69,0.10862956856300704,0.13258702306379308
h002_mid_k20,1,224,4.48,3,1.130946548553021,0.10862956856300704,38.504364180558014,0.03211684952931092,0.8926817741659927,0.45068753041531545,39,0.04485015524486175,0.13258702306379308
h002_mid_k20,1,224,4.48,4,1.130946548553021,0.10862956856300704,62.49997950838326,0.06660577094052691,0.8942020050124035,0.44766368428966596,58,0.023407179468217132,0.13258702306379308
h002_mid_k20,1,224,4.48,5,1.130946548553021,0.10862956856300704,62.69664366909706,0.0668590526002203,0.8946800082563944,0.4467076032779589,63,0.10238541527904611,0.13258702306379308
h002_mid_k20,1,226,4.5200000000000005,1,1.130946548553021,0.11747793400961817,64.22396169689864,0.08443817726401445,0.8424740965012006,0.5387368529481588,65,0.11747793400961817,0.08108096974676238
h002_mid_k20,1,226,4.5200000000000005,2,1.130946548553021,0.11747793400961817,133.85139564378494,0.05888915246372933,0.915860596407457,0.40149641087832555,133,0.09174501398879098,0.08108096974676238
h002_mid_k20,1,226,4.5200000000000005,3,1.130946548553021,0.11747793400961817,37.91687068751469,0.028103176550286872,0.91588948031426,0.4014305168390598,38,0.04941434624632485,0.08108096974676238
h002_mid_k20,1,226,4.5200000000000005,4,1.130946548553021,0.11747793400961817,70.69614258099557,0.06113646804499419,0.927039358083602,0.37496403636074654,69,0.069641210227908,0.08108096974676238
h002_mid_k20,1,226,4.5200000000000005,5,1.130946548553021,0.11747793400961817,9.026808840677404,0.03358962614268335,0.9272081293144524,0.3745465057014868,8,0.05256788400666537,0.08108096974676238
h002_mid_k20,1,228,4.5600000000000005,1,1.130946548553021,0.11789377210909659,65.86933484713279,0.08536266374554743,0.8266340119661002,0.562739913513187,65,0.11789377210909659,0.08294173371664576
h002_mid_k20,1,228,4.5600000000000005,2,1.130946548553021,0.11789377210909659,127.96951947556431,0.05815949266417069,0.9115189350672096,0.41125810753581543,125,0.038183460801790435,0.08294173371664576
h002_mid_k20,1,228,4.5600000000000005,3,1.130946548553021,0.11789377210909659,127.96952407205947,0.058159519252948884,0.9155739471152752,0.40214965791823787,129,0.08480475383824715,0.08294173371664576
h002_mid_k20,1,228,4.5600000000000005,4,1.130946548553021,0.11789377210909659,153.05870468379874,0.04936951970618618,0.9314273277138748,0.3639273735071189,156,0.0412762671100855,0.08294173371664576
h002_mid_k20,1,228,4.5600000000000005,5,1.130946548553021,0.11789377210909659,37.352678554834824,0.026105874217915936,0.9351766946008965,0.3541815210811284,37,0.049664164696469476,0.08294173371664576
h002_mid_k20,1,230,4.6000000000000005,1,1.130946548553021,0.11222025772818017,67.37947505804266,0.07815977653259999,0.8818514621887915,0.4715273042311445,67,0.11222025772818017,0.06718479165471626
h002_mid_k20,1,230,4.6000000000000005,2,1.130946548553021,0.11222025772818017,129.02897316722294,0.06582247060928213,0.8821028147946046,0.4710569223898905,129,0.0896045814053499,0.06718479165471626
h002_mid_k20,1,230,4.6000000000000005,3,1.130946548553021,0.11222025772818017,67.50002049161674,0.0780311091380976,0.8835725246699458,0.4682943450954514,72,0.04326113437234624,0.06718479165471626
h002_mid_k20,1,230,4.6000000000000005,4,1.130946548553021,0.11222025772818017,60.907944063240734,0.06224419050797562,0.9082778783488409,0.4183674171133887,61,0.08877149123340446,0.06718479165471626
h002_mid_k20,1,230,4.6000000000000005,5,1.130946548553021,0.11222025772818017,60.49997950838326,0.06133412435998442,0.9141095175705592,0.40546737216071904,56,0.02844838767219285,0.06718479165471626
h002_mid_k20,1,232,4.64,1,1.130946548553021,0.15086894991989022,172.66630242512122,0.09374501998438005,0.7869337156929331,0.6170375410829668,172,0.15086894991989022,0.09976348230024538
h002_mid_k20,1,232,4.64,2,1.130946548553021,0.15086894991989022,172.66630331569888,0.09374502590546364,0.8398209046324203,0.5428635631006957,169,0.03499648507367918,0.09976348230024538
h002_mid_k20,1,232,4.64,3,1.130946548553021,0.15086894991989022,62.55960207775831,0.08606423806304157,0.8480196972280665,0.529964709309232,63,0.10330147844748414,0.09976348230024538
h002_mid_k20,1,232,4.64,4,1.130946548553021,0.15086894991989022,61.49997950838326,0.0778913359116845,0.8601233483434872,0.5100860962958979,57,0.034491385527100744,0.09976348230024538
h002_mid_k20,1,232,4.64,5,1.130946548553021,0.15086894991989022,30.311423361033007,0.028058377351028365,0.9245406362569315,0.38108347105277124,31,0.04742872316567262,0.09976348230024538
h002_mid_k20,1,234,4.68,1,1.130946548553021,0.1262013855677229,169.8480818089206,0.0831247000227667,0.7631585218469022,0.64621132033759,174,0.04958376829562014,0.12408997811168272
h002_mid_k20,1,234,4.68,2,1.130946548553021,0.1262013855677229,169.8480830992337,0.08312472630976006,0.8160387213356455,0.5779972363955423,170,0.11590203420692947,0.12408997811168272
h002_mid_k20,1,234,4.68,3,1.130946548553021,0.1262013855677229,169.848080569795,0.08312472746194262,0.8494851705318013,0.527612495157721,166,0.040082854239988,0.12408997811168272
h002_mid_k20,1,234,4.68,4,1.130946548553021,0.1262013855677229,64.28575473357682,0.08319263733915797,0.8522299713987941,0.5231673497549431,64,0.1262013855677229,0.12408997811168272
h002_mid_k20,1,234,4.68,5,1.130946548553021,0.1262013855677229,64.28575749977244,0.08319258817091855,0.8601881023866412,0.5099768901749073,68,0.03927994453596559,0.12408997811168272
h002_mid_k20,1,236,4.72,1,1.130946548553021,0.14014653607959404,172.57219970923722,0.08456923081116882,0.8128749722720167,0.5824382194308404,172,0.14014653607959404,0.08218355705569187
h002_mid_k20,1,236,4.72,2,1.130946548553021,0.14014653607959404,66.08940096801734,0.09168116669444173,0.8445573806373884,0.5354650603082455,65,0.1152749286276224,0.08218355705569187
h002_mid_k20,1,236,4.72,3,1.130946548553021,0.14014653607959404,165.71873052900162,0.06408344510044488,0.9081344558015699,0.41867864787446046,168,0.05218581382702094,0.08218355705569187
h002_mid_k20,1,236,4.72,4,1.130946548553021,0.14014653607959404,165.71873780140743,0.06408340578229797,0.9212634215166043,0.3889392088431292,165,0.07392189001793478,0.08218355705569187
h002_mid_k20,1,236,4.72,5,1.130946548553021,0.14014653607959404,29.254035650370383,0.0286592803070498,0.9307100796096945,0.36575777191047665,29,0.05073782382847289,0.08218355705569187
h002_mid_k20,1,238,4.76,1,1.130946548553021,0.11181312694524792,169.13563734440015,0.08063946475479983,0.7845797116314375,0.6200279639631832,173,0.09447745286484178,0.11580927267688007
h002_mid_k20,1,238,4.76,2,1.130946548553021,0.11181312694524792,169.1356343092516,0.0806395007236581,0.796382184610155,0.6047936970865002,168,0.10500168139835565,0.11580927267688007
h002_mid_k20,1,238,4.76,3,1.130946548553021,0.11181312694524792,168.49997993379088,0.07971029182608742,0.8224908610156958,0.5687783254886382,164,0.03848269686668292,0.11580927267688007
h002_mid_k20,1,238,4.76,4,1.130946548553021,0.11181312694524792,67.76985650640017,0.07469454315647416,0.8935272285162043,0.4490090109342464,72,0.035366961529399686,0.11580927267688007
h002_mid_k20,1,238,4.76,5,1.130946548553021,0.11181312694524792,61.22921199254699,0.0694330129284921,0.8942940667028771,0.4474797450835397,57,0.03010207100157646,0.11580927267688007
h002_mid_k20,1,240,4.8,1,1.130946548553021,0.1147134612549993,62.79517883622782,0.0875192600675992,0.8581600449831882,0.5133822525121534,63,0.10447036247826087,0.0844965725425274
h002_mid_k20,1,240,4.8,2,1.130946548553021,0.1147134612549993,138.16461787662888,0.06929740731784292,0.8991025716340671,0.4377380103223926,142,0.051330785065846214,0.0844965725425274
h002_mid_k20,1,240,4.8,3,1.130946548553021,0.1147134612549993,138.16461275130246,0.06929753029802188,0.9036114439574006,0.42835307673602785,138,0.1147134612549993,0.0844965725425274
h002_mid_k20,1,240,4.8,4,1.130946548553021,0.1147134612549993,137.49997950838326,0.06601241709065137,0.9156049252102006,0.4020791227243997,133,0.03545439989338166,0.0844965725425274
h002_mid_k20,1,240,4.8,5,1.130946548553021,0.1147134612549993,126.6608784675334,0.05513552794902748,0.943867435745015,0.33032448250187335,125,0.0772484118348714,0.0844965725425274
h002_mid_k20,1,242,4.84,1,1.130946548553021,0.11944608363405684,64.50002049161674,0.07827668809487012,0.8736483962180196,0.4865577866869281,69,0.03938086355813515,0.048151544383641456
h002_mid_k20,1,242,4.84,2,1.130946548553021,0.11944608363405684,64.45117917612481,0.07829812310674866,0.8778474015147697,0.47894043434832945,65,0.11944608363405684,0.048151544383641456
h002_mid_k20,1,242,4.84,3,1.130946548553021,0.11944608363405684,170.12714821072927,0.05226579152107605,0.887445239460579,0.4609131663977017,171,0.05978516825061178,0.048151544383641456
h002_mid_k20,1,242,4.84,4,1.130946548553021,0.11944608363405684,170.12715058951187,0.05226580103532981,0.8977095463838279,0.4405877555395092,166,0.04311747194946573,0.048151544383641456
h002_mid_k20,1,242,4.84,5,1.130946548553021,0.11944608363405684,139.6899703916872,0.06886295185048566,0.9059756241408108,0.42332985775003973,138,0.09548273616279711,0.048151544383641456
h002_mid_k20,1,244,4.88,1,1.130946548553021,0.10909838647019689,59.31290401301044,0.08210073136393567,0.8779742654275873,0.47870783286560975,61,0.09987896055875506,0.049382002880294075
h002_mid_k20,1,244,4.88,2,1.130946548553021,0.10909838647019689,66.12930521408441,0.07330664356849649,0.9054756592477321,0.4243981980521179,65,0.10909838647019689,0.049382002880294075
h002_mid_k20,1,244,4.88,3,1.130946548553021,0.10909838647019689,77.56060285228477,0.058689140585324866,0.9409027178258379,0.3386769487106428,76,0.07220335765729838,0.049382002880294075
h002_mid_k20,1,244,4.88,4,1.130946548553021,0.10909838647019689,140.95931729935967,0.05502839265383613,0.9427265315161881,0.3335666151992089,141,0.07258074165098576,0.049382002880294075
h002_mid_k20,1,244,4.88,5,1.130946548553021,0.10909838647019689,134.63570815386663,0.053612097158048246,0.944634629450667,0.3281240875684092,135,0.10423915623381169,0.049382002880294075
h002_mid_k20,1,246,4.92,1,1.130946548553021,0.17300740390187808,172.07490747751842,0.10684828735130758,0.7931210662170937,0.6090640149628447,172,0.17300740390187808,0.1384955447956003
h002_mid_k20,1,246,4.92,2,1.130946548553021,0.17300740390187808,172.07490171056304,0.10684828686143985,0.793718350599592,0.6082854427992366,168,0.04650780235735457,0.1384955447956003
h002_mid_k20,1,246,4.92,3,1.130946548553021,0.17300740390187808,61.322206633738915,0.08041449476707649,0.8680997321877804,0.49638982158733286,62,0.12327275637729329,0.1384955447956003
h002_mid_k20,1,246,4.92,4,1.130946548553021,0.17300740390187808,135.52931806351944,0.0682616196000803,0.9277335512988273,0.37324316175178096,136,0.09169850850809097,0.1384955447956003
h002_mid_k20,1,246,4.92,5,1.130946548553021,0.17300740390187808,71.02168355247738,0.05617255240978945,0.937801355849651,0.3471723159564377,72,0.08198713373872275,0.1384955447956003
h002_mid_k20,1,248,4.96,1,1.130946548553021,0.1205755175871682,169.5000200513757,0.08983450330183933,0.6605839857944502,0.7507521546502002,174,0.04108242121746002,0.07768169685520439
h002_mid_k20,1,248,4.96,2,1.130946548553021,0.1205755175871682,169.08261263953523,0.09121351759635633,0.7750614433241053,0.6318858750378545,169,0.1205755175871682,0.07768169685520439
h002_mid_k20,1,248,4.96,3,1.130946548553021,0.1205755175871682,63.02428979206002,0.08212679473208345,0.8736078240276179,0.4866306297364879,62,0.11747144047738471,0.07768169685520439
h002_mid_k20,1,248,4.96,4,1.130946548553021,0.1205755175871682,63.50002049161674,0.08052221959290719,0.8818963553621857,0.4714433353001112,68,0.03713903273021387,0.07768169685520439
h002_mid_k20,1,248,4.96,5,1.130946548553021,0.1205755175871682,72.15634291025412,0.06148781939369568,0.9312505332897374,0.3643795332446373,72,0.07606295479579946,0.07768169685520439
h002_mid_k20,1,250,5.0,1,1.130946548553021,0.11806777097619717,172.14452140833998,0.09438694802143485,0.6341139089003364,0.7732396462540807,172,0.11806777097619717,0.06633765267576684
h002_mid_k20,1,250,5.0,2,1.130946548553021,0.11806777097619717,65.39868055690351,0.07858704751496999,0.8890149344922181,0.457878200234295,67,0.0820605663903532,0.06633765267576684
h002_mid_k20,1,250,5.0,3,1.130946548553021,0.11806777097619717,65.39868417137893,0.07858707013396764,0.8931685926945975,0.4497219863693036,63,0.07276927929426842,0.06633765267576684
h002_mid_k20,1,250,5.0,4,1.130946548553021,0.11806777097619717,58.33524431948263,0.06831037053577581,0.9143594772282193,0.40490337909547963,59,0.11405108892635356,0.06633765267576684
h002_mid_k20,1,250,5.0,5,1.130946548553021,0.11806777097619717,137.1351633721622,0.0560400040305005,0.937425501031287,0.34818591300660157,141,0.03813519619665743,0.06633765267576684
