label,h,kappa,epsilon,cell,time,hp_edge,hp_ahead_max,hp_ahead_energy,relL2,peak,l2sq,mass
h001_k5_epscrit,0.01,5,0.36866,0,0.0,0.0,0.0,0.0,0.0,1.3333333333333333,8.377580409572788,8.377580407384373
h001_k5_epscrit,0.01,5,0.36866,1,0.01,0.005831157619674066,0.00014637252940877198,2.5654236615244295e-08,3.905030529525645e-08,1.3333333333323405,8.377580409559883,8.377580407384372
h001_k5_epscrit,0.01,5,0.36866,2,0.02,0.0013734612836970074,9.799607324664118e-05,1.222591320316366e-08,1.861504205188925e-08,1.3333333333308381,8.377580409546947,8.377580407384373
h001_k5_epscrit,0.01,5,0.36866,3,0.03,0.004133123240847507,0.00011678645372464633,1.6646055235384527e-08,2.8669749490815462e-08,1.333333333329287,8.377580409533998,8.377580407384368
h001_k5_epscrit,0.01,5,0.36866,4,0.04,0.0022866390369116474,0.0001062296673596124,1.4022293885002732e-08,2.0987554043056854e-08,1.3333333333277433,8.377580409521029,8.377580407384368
h001_k5_epscrit,0.01,5,0.36866,5,0.05,0.003463926718885948,0.00011415871213027073,1.6026603686693297e-08,2.533168771057688e-08,1.3333333333249708,8.377580409508054,8.377580407384372
h001_k5_epscrit,0.01,5,0.36866,6,0.06,0.0027088553021413922,0.0001085578381157526,1.4590344818832976e-08,2.2188968409714334e-08,1.333333333292137,8.37758040949505,8.37758040738437
h001_k5_epscrit,0.01,5,0.36866,7,0.07,0.003193512385226424,0.00011224801238235931,1.5524996616899363e-08,2.40676714170058e-08,1.3333333331326769,8.377580409482041,8.377580407384372
h001_k5_epscrit,0.01,5,0.36866,8,0.08,0.0028817678071977083,0.00010993328559894265,1.4937959824686357e-08,2.2767753916765695e-08,1.3333333331493118,8.377580409469003,8.377580407384372
h001_k5_epscrit,0.01,5,0.36866,9,0.09,0.003082004214502557,0.00011139620846470016,1.5307154532162616e-08,2.3556995909104506e-08,1.333333333222202,8.377580409455941,8.377580407384366
h001_k5_epscrit,0.01,5,0.36866,10,0.1,0.0029524379553327296,0.00011045172648421087,1.5067892927120275e-08,2.302385660120066e-08,1.3333333331456996,8.377580409442869,8.377580407384366
h001_k5_epscrit,0.01,5,0.36866,11,0.11,0.003018089875456389,0.00011072803274365993,1.5132346638427993e-08,2.3286812738619826e-08,1.3333333331441826,8.377580409429784,8.377580407384368
h001_k5_epscrit,0.01,5,0.36866,12,0.12,0.0027676707036270566,0.0001065196025424705,1.4026656674316807e-08,2.265737090572636e-08,1.3333333331998376,8.377580409416671,8.377580407384364
h001_k5_epscrit,0.01,5,0.36866,13,0.13,0.0019565894894235927,8.981396124395016e-05,1.0023130609017744e-08,2.379400065161421e-08,1.3333333331752335,8.377580409403555,8.377580407384368
h001_k5_epscrit,0.01,5,0.36866,14,0.14,0.0016686456665155282,7.674577863930227e-05,7.3000759542449886e-09,2.7608689940282132e-08,1.3333333331511112,8.377580409390404,8.377580407384364
h001_k5_epscrit,0.01,5,0.36866,15,0.15,0.003438714266573569,0.00011148716081890938,1.5088814650471974e-08,2.4925397167409432e-08,1.3333333331397434,8.377580409377236,8.37758040738436
h001_k5_epscrit,0.01,5,0.36866,16,0.16,0.001568517748609876,8.60288044172348e-05,9.25908806413245e-09,2.724484102906257e-08,1.333333333156277,8.377580409364064,8.377580407384363
h001_k5_epscrit,0.01,5,0.36866,17,0.17,0.0027424520168056626,9.559345293550462e-05,1.117383062282505e-08,2.346844512717307e-08,1.3333333331770238,8.37758040935086,8.377580407384361
h001_k5_epscrit,0.01,5,0.36866,18,0.18,0.0021325971734614257,9.555690905934255e-05,1.1251407245410497e-08,2.9003583652072577e-08,1.3333333332212005,8.377580409337643,8.377580407384356
h001_k5_epscrit,0.01,5,0.36866,19,0.19,0.0023533041912667937,9.460259087114498e-05,1.1022031930923081e-08,2.1401787290499727e-08,1.3333333333017263,8.377580409324416,8.37758040738436
h001_k5_epscrit,0.01,5,0.36866,20,0.2,0.0020574608229470565,9.06274941443447e-05,1.0127727349620094e-08,2.9666006490492538e-08,1.3333333333139552,8.377580409311161,8.377580407384356
h001_k5_epscrit,0.01,5,0.36866,21,0.21,0.0026769043109788867,0.00010038169066684294,1.2348435856154856e-08,2.4004480591408355e-08,1.3333333332176989,8.377580409297886,8.377580407384349
h001_k5_epscrit,0.01,5,0.36866,22,0.22,0.0018939529269255827,8.932270944976412e-05,9.883986143543219e-09,2.5182460924063954e-08,1.333333333256186,8.377580409284603,8.37758040738435
h001_k5_epscrit,0.01,5,0.36866,23,0.23,0.0025996326870551777,9.714718803940475e-05,1.156857216199508e-08,2.604506806423755e-08,1.3333333332581305,8.377580409271296,8.37758040738435
h001_k5_epscrit,0.01,5,0.36866,24,0.24,0.0023160848732674518,9.767382218723126e-05,1.1760722691811274e-08,2.428297245248215e-08,1.333333333234958,8.377580409257984,8.37758040738435
h001_k5_epscrit,0.01,5,0.36866,25,0.25,0.0030856225622464687,0.00010952996552354309,1.4736387755964234e-08,2.3818536262843092e-08,1.3333333332482213,8.377580409244645,8.377580407384343
h001_k5_epscrit,0.01,5,0.36866,26,0.26,0.002954762559904075,0.00011176151012053298,1.5432794495668686e-08,2.2967164922918866e-08,1.3333333332695836,8.377580409231287,8.377580407384347
h001_k5_epscrit,0.01,5,0.36866,27,0.27,0.002372907629164477,9.887497018122616e-05,1.2161489055522863e-08,2.2700950113693666e-08,1.333333333249584,8.377580409217913,8.377580407384343
h001_k5_epscrit,0.01,5,0.36866,28,0.28,0.0022701357595204343,9.369735778754144e-05,1.0880480574174164e-08,2.400328430128639e-08,1.3333333332740165,8.377580409204533,8.377580407384349
h001_k5_epscrit,0.01,5,0.36866,29,0.29,0.0034540312127366917,0.00011584329124638868,1.644106697168135e-08,2.4700403499054715e-08,1.333333333260203,8.37758040919114,8.377580407384347
h001_k5_epscrit,0.01,5,0.36866,30,0.3,0.0018261760196254685,9.32086781872424e-05,1.0888399917859e-08,2.295508574879908e-08,1.3333333332311448,8.377580409177712,8.377580407384343
h001_k5_epscrit,0.01,5,0.36866,31,0.31,0.003168214477345396,0.00010611635386199662,1.382289836703047e-08,2.3784964998902735e-08,1.333333333175105,8.377580409164262,8.377580407384338
h001_k5_epscrit,0.01,5,0.36866,32,0.32,0.002393862646655063,0.00010238279741709199,1.2999032967022104e-08,2.3546059091641805e-08,1.3333333331613482,8.377580409150791,8.377580407384334
h001_k5_epscrit,0.01,5,0.36866,33,0.33,0.0027537140083656758,0.00010279118082598328,1.3059469102921395e-08,2.2814628311105146e-08,1.3333333332031736,8.377580409137332,8.377580407384343
h001_k5_epscrit,0.01,5,0.36866,34,0.34,0.0024058347603784663,9.908545997046211e-05,1.2161337159109804e-08,2.4397987289394723e-08,1.333333333199526,8.377580409123848,8.377580407384347
h001_k5_epscrit,0.01,5,0.36866,35,0.35000000000000003,0.0030418663584037557,0.00010865013419701832,1.4529350665624048e-08,2.415895229737381e-08,1.3333333331456232,8.37758040911035,8.377580407384345
h001_k5_epscrit,0.01,5,0.36866,36,0.36,0.002037366296398303,9.413750014210346e-05,1.103274499789561e-08,2.4115133321556412e-08,1.3333333331801414,8.37758040909682,8.37758040738434
h001_k5_epscrit,0.01,5,0.36866,37,0.37,0.002676448449745624,9.875240490811465e-05,1.1982825884005594e-08,2.558635341593107e-08,1.3333333331670796,8.377580409083286,8.377580407384343
h001_k5_epscrit,0.01,5,0.36866,38,0.38,0.0020348694778755364,9.219716121138425e-05,1.0498284113380679e-08,2.6639563852565964e-08,1.3333333331484782,8.377580409069735,8.377580407384349
h001_k5_epscrit,0.01,5,0.36866,39,0.39,0.002959064173967998,0.00010498413295853463,1.3483790120985256e-08,2.6136010211220884e-08,1.3333333331523196,8.377580409056161,8.37758040738435
h001_k5_epscrit,0.01,5,0.36866,40,0.4,0.0026727602296040395,0.0001058870211549839,1.3799831758319944e-08,2.56853121642376e-08,1.3333333331590427,8.377580409042563,8.37758040738435
h001_k5_epscrit,0.01,5,0.36866,41,0.41000000000000003,0.0023833996919726207,9.768002052961433e-05,1.1784738604284607e-08,2.5758967657182025e-08,1.333333333135636,8.37758040902895,8.377580407384347
h001_k5_epscrit,0.01,5,0.36866,42,0.42,0.002394193357184729,9.629142192771952e-05,1.140912026347513e-08,2.6973817565898644e-08,1.3333333331748043,8.377580409015327,8.377580407384345
h001_k5_epscrit,0.01,5,0.36866,43,0.43,0.003147447204668205,0.00011087558435152658,1.5039998786537084e-08,2.6388605094686377e-08,1.3333333331956347,8.377580409001705,8.37758040738435
h001_k5_epscrit,0.01,5,0.36866,44,0.44,0.0018873780503823481,9.207825585288965e-05,1.0539391641808805e-08,2.697573879566328e-08,1.3333333332056352,8.377580408988049,8.377580407384347
h001_k5_epscrit,0.01,5,0.36866,45,0.45,0.003135042944175769,0.0001062513228409838,1.3792079990106214e-08,2.6709694453503452e-08,1.333333333165795,8.377580408974383,8.377580407384347
h001_k5_epscrit,0.01,5,0.36866,46,0.46,0.0022738359643159774,9.982990379000495e-05,1.2312819752077915e-08,2.6576471857045125e-08,1.3333333331663277,8.37758040896071,8.377580407384354
h001_k5_epscrit,0.01,5,0.36866,47,0.47000000000000003,0.0027048383025750754,0.00010107353851797813,1.2561834864150325e-08,2.545668275763068e-08,1.3333333331924235,8.377580408946994,8.37758040738435
h001_k5_epscrit,0.01,5,0.36866,48,0.48,0.0023825562664848868,9.861625385070675e-05,1.1995496725040574e-08,2.635484470454691e-08,1.3333333331944637,8.377580408933264,8.377580407384349
h001_k5_epscrit,0.01,5,0.36866,49,0.49,0.003050284949065219,0.00010898775203185269,1.4594900186683088e-08,2.505748219059744e-08,1.3333333331617154,8.37758040891952,8.377580407384349
h001_k5_epscrit,0.01,5,0.36866,50,0.5,0.0021127638173760277,9.59906944852299e-05,1.1473655889446873e-08,2.4443731872932132e-08,1.3333333332033401,8.377580408905748,8.377580407384343
h001_k5_epscrit,0.01,5,0.36866,51,0.51,0.0027240064002966593,0.0001004440587145143,1.2437856196379559e-08,2.5091114489866456e-08,1.3333333331841404,8.377580408891976,8.377580407384347
h001_k5_epscrit,0.01,5,0.36866,52,0.52,0.0018914002851038705,9.00474269080212e-05,1.0087028356328413e-08,2.5467298031035666e-08,1.3333333331864896,8.377580408878199,8.37758040738435
h001_k5_epscrit,0.01,5,0.36866,53,0.53,0.002856749223510095,0.00010229665345744631,1.2858367397403885e-08,2.5530296513275016e-08,1.3333333331940254,8.3775804088644,8.37758040738435
h001_k5_epscrit,0.01,5,0.36866,54,0.54,0.0023519057714680475,9.967114724542618e-05,1.2304387396930822e-08,2.519896092599267e-08,1.3333333331933983,8.37758040885059,8.377580407384349
h001_k5_epscrit,0.01,5,0.36866,55,0.55,0.002347274235398765,9.549914919321025e-05,1.1298409595428358e-08,2.5227411363078185e-08,1.3333333331586137,8.377580408836774,8.377580407384354
h001_k5_epscrit,0.01,5,0.36866,56,0.56,0.002324145458587178,9.532825594416378e-05,1.1231730614992006e-08,2.584985117801291e-08,1.3333333331809132,8.377580408822945,8.377580407384357
h001_k5_epscrit,0.01,5,0.36866,57,0.5700000000000001,0.0028323882190479286,0.00010497714130161851,1.3567436550525315e-08,2.587895355677082e-08,1.3333333331921549,8.377580408809106,8.377580407384363
h001_k5_epscrit,0.01,5,0.36866,58,0.58,0.0018487074596458867,8.974244419924299e-05,1.0043585814111611e-08,2.6103232294545328e-08,1.3333333332062518,8.377580408795232,8.377580407384363
h001_k5_epscrit,0.01,5,0.36866,59,0.59,0.0030166802201598247,0.00010458021086955289,1.3415725740844305e-08,2.673344481241341e-08,1.3333333331764383,8.37758040878134,8.37758040738436
h001_k5_epscrit,0.01,5,0.36866,60,0.6,0.002159872386104154,9.715671240284985e-05,1.1712356463567413e-08,2.689797216176672e-08,1.333333333181621,8.377580408767447,8.377580407384366
h001_k5_epscrit,0.01,5,0.36866,61,0.61,0.0026863700039286413,0.00010001776010171241,1.2311394822041695e-08,2.7272686597700145e-08,1.3333333331946005,8.377580408753527,8.377580407384372
h001_k5_epscrit,0.01,5,0.36866,62,0.62,0.002423989733797012,9.917531810871282e-05,1.2116453378447423e-08,2.898365071905077e-08,1.333333333191273,8.377580408739567,8.377580407384363
h001_k5_epscrit,0.01,5,0.36866,63,0.63,0.0031524756065119263,0.00011082692906487194,1.5050501886730023e-08,2.797736782573977e-08,1.3333333331626778,8.377580408725606,8.377580407384364
h001_k5_epscrit,0.01,5,0.36866,64,0.64,0.002390212275031217,0.00010137300025060954,1.2718876754693169e-08,2.8047426799389948e-08,1.3333333331953994,8.37758040871162,8.37758040738436
h001_k5_epscrit,0.01,5,0.36866,65,0.65,0.0030403236058012934,0.000107631545564276,1.4219460850890498e-08,2.822583140418616e-08,1.333333333163965,8.377580408697629,8.37758040738436
h001_k5_epscrit,0.01,5,0.36866,66,0.66,0.0021883562845545763,9.692329483499661e-05,1.1635388301589154e-08,2.8694961479925044e-08,1.3333333331686406,8.377580408683617,8.37758040738436
h001_k5_epscrit,0.01,5,0.36866,67,0.67,0.003153754281468652,0.00010882525153689448,1.450317013413998e-08,2.874880654213899e-08,1.3333333331746169,8.377580408669589,8.377580407384356
h001_k5_epscrit,0.01,5,0.36866,68,0.68,0.002495121046527043,0.00010352287695809818,1.3239990675950084e-08,2.851918156168459e-08,1.3333333331693855,8.377580408655572,8.377580407384364
h001_k5_epscrit,0.01,5,0.36866,69,0.6900000000000001,0.0027202271490688467,0.00010255487958631006,1.2953551131897322e-08,2.856093803139925e-08,1.3333333331337265,8.37758040864152,8.37758040738436
h001_k5_epscrit,0.01,5,0.36866,70,0.7000000000000001,0.002595001875865374,0.00010219013067212984,1.2861127855542916e-08,2.9056185720330184e-08,1.3333333331466681,8.37758040862747,8.377580407384363
h001_k5_epscrit,0.01,5,0.36866,71,0.71,0.0029253749711394108,0.00010760746221282243,1.4231628002442468e-08,2.8695187989468452e-08,1.3333333331448847,8.377580408613415,8.377580407384364
h001_k5_epscrit,0.01,5,0.36866,72,0.72,0.002079928667659886,9.402840318842026e-05,1.0971646081994953e-08,2.8751973996494835e-08,1.3333333331535893,8.377580408599334,8.377580407384363
h001_k5_epscrit,0.01,5,0.36866,73,0.73,0.0030204403391107834,0.00010593869168769588,1.3764003447110471e-08,2.8652878384100533e-08,1.3333333331294328,8.377580408585258,8.377580407384366
h001_k5_epscrit,0.01,5,0.36866,74,0.74,0.0020400558980089036,9.488167354225616e-05,1.1193999162806686e-08,2.810401260866357e-08,1.333333333132416,8.377580408571157,8.377580407384363
h001_k5_epscrit,0.01,5,0.36866,75,0.75,0.0024776190052769424,9.56417880493764e-05,1.1288320368446156e-08,2.8234509858287233e-08,1.3333333331397905,8.377580408557058,8.377580407384368
h001_k5_epscrit,0.01,5,0.36866,76,0.76,0.0020971935830580864,9.238598480908819e-05,1.0559442316178565e-08,2.9455081751054553e-08,1.3333333331327142,8.37758040854293,8.377580407384364
h001_k5_epscrit,0.01,5,0.36866,77,0.77,0.002748310248822456,0.00010190288543571051,1.2766870925397699e-08,2.8708995142275774e-08,1.3333333331208348,8.377580408528805,8.377580407384368
h001_k5_epscrit,0.01,5,0.36866,78,0.78,0.0020780914464311765,9.376025038509507e-05,1.0906427435750932e-08,2.919910483029134e-08,1.333333333150628,8.377580408514666,8.377580407384379
h001_k5_epscrit,0.01,5,0.36866,79,0.79,0.002726979689818139,0.00010079448314622338,1.2498292906407938e-08,2.913207814865826e-08,1.3333333331260366,8.377580408500489,8.377580407384373
h001_k5_epscrit,0.01,5,0.36866,80,0.8,0.001908777100483598,9.056129911106493e-05,1.0190330620017208e-08,2.9774322772625972e-08,1.333333333134869,8.377580408486319,8.377580407384382
h001_k5_epscrit,0.01,5,0.36866,81,0.81,0.0028488694194388573,0.00010206419003971777,1.2787045719465458e-08,2.9507567682317414e-08,1.3333333331468333,8.377580408472117,8.37758040738438
h001_k5_epscrit,0.01,5,0.36866,82,0.8200000000000001,0.0021116759345157286,9.52986540188806e-05,1.1264574984217289e-08,2.9758397676237616e-08,1.3333333331459891,8.377580408457893,8.377580407384379
h001_k5_epscrit,0.01,5,0.36866,83,0.8300000000000001,0.0025772150594924543,9.818200644790765e-05,1.188140678635846e-08,2.9694518120269266e-08,1.3333333331172519,8.377580408443649,8.377580407384373
h001_k5_epscrit,0.01,5,0.36866,84,0.84,0.0024321238962767304,9.912396760722738e-05,1.2127568153167334e-08,3.0475178721502437e-08,1.3333333331316757,8.377580408429395,8.377580407384373
h001_k5_epscrit,0.01,5,0.36866,85,0.85,0.002847785534028332,0.00010540883886917085,1.366855803885661e-08,3.060758959521359e-08,1.3333333331205672,8.37758040841513,8.377580407384372
h001_k5_epscrit,0.01,5,0.36866,86,0.86,0.0022889602110067178,9.752574455681112e-05,1.1769591291415522e-08,3.137860593557929e-08,1.3333333331300716,8.37758040840085,8.377580407384375
h001_k5_epscrit,0.01,5,0.36866,87,0.87,0.0032600464052756476,0.00011156086054043676,1.524187156545727e-08,3.155891612821274e-08,1.333333333107674,8.37758040838656,8.377580407384379
h001_k5_epscrit,0.01,5,0.36866,88,0.88,0.002364485519751313,0.00010181464511266207,1.285045895447953e-08,3.0874038211293336e-08,1.3333333331098225,8.377580408372255,8.377580407384384
h001_k5_epscrit,0.01,5,0.36866,89,0.89,0.002865580227957665,0.00010420530268989182,1.3364637037437549e-08,3.117716038114188e-08,1.3333333331072845,8.377580408357929,8.377580407384384
h001_k5_epscrit,0.01,5,0.36866,90,0.9,0.0024169495331185366,0.00010003349082418495,1.2362999970423561e-08,3.182768908731281e-08,1.3333333330892643,8.37758040834359,8.377580407384384
h001_k5_epscrit,0.01,5,0.36866,91,0.91,0.0030058251800800717,0.0001078738935353277,1.4297690207651772e-08,3.1621407395659654e-08,1.3333333330736192,8.37758040832925,8.377580407384388
h001_k5_epscrit,0.01,5,0.36866,92,0.92,0.002391072913654873,0.00010036775403272219,1.2465913232060555e-08,3.190883662358456e-08,1.3333333330859223,8.377580408314888,8.377580407384388
h001_k5_epscrit,0.01,5,0.36866,93,0.93,0.003014604851601231,0.00010754395688334118,1.4209751639302118e-08,3.205212033336492e-08,1.3333333330550303,8.377580408300519,8.377580407384384
h001_k5_epscrit,0.01,5,0.36866,94,0.9400000000000001,0.002225250619968255,9.747037469480241e-05,1.1774024554476576e-08,3.239420894962622e-08,1.333333333061545,8.377580408286132,8.377580407384382
h001_k5_epscrit,0.01,5,0.36866,95,0.9500000000000001,0.0030752732354185765,0.00010758521638766773,1.4197115614322244e-08,3.243665097205674e-08,1.3333333330700667,8.377580408271731,8.377580407384373
h001_k5_epscrit,0.01,5,0.36866,96,0.96,0.0021836476499966437,9.733458293310019e-05,1.1745794637868096e-08,3.2466957209072625e-08,1.3333333330710528,8.377580408257346,8.377580407384377
h001_k5_epscrit,0.01,5,0.36866,97,0.97,0.0026652675644816912,9.981029717931963e-05,1.2264063432790017e-08,3.2169463618667406e-08,1.3333333330500914,8.377580408242945,8.377580407384379
h001_k5_epscrit,0.01,5,0.36866,98,0.98,0.0022468464220925894,9.618527296378537e-05,1.144087663696904e-08,3.256938459980655e-08,1.333333333065367,8.377580408228543,8.37758040738438
h001_k5_epscrit,0.01,5,0.36866,99,0.99,0.002561474465545152,9.903121623813372e-05,1.2086458025486825e-08,3.253217345892013e-08,1.3333333330521442,8.377580408214135,8.377580407384382
h001_k5_epscrit,0.01,5,0.36866,100,1.0,0.0020264183284734796,9.134675054967278e-05,1.033592416042322e-08,3.3516296988459764e-08,1.333333333068447,8.377580408199718,8.377580407384384
h001_k5_epscrit,0.01,5,0.36866,101,1.01,0.002932004406528369,0.00010451090927125784,1.3389488664601976e-08,3.332832849531749e-08,1.3333333330554384,8.377580408185297,8.37758040738439
h001_k5_epscrit,0.01,5,0.36866,102,1.02,0.0020846154126379596,9.514551029732852e-05,1.1230630295400857e-08,3.3285397389927614e-08,1.3333333330766526,8.377580408170868,8.377580407384391
h001_k5_epscrit,0.01,5,0.36866,103,1.03,0.002661571557899156,9.933614735599776e-05,1.2141205123372352e-08,3.33878424392909e-08,1.333333333079279,8.377580408156422,8.377580407384391
h001_k5_epscrit,0.01,5,0.36866,104,1.04,0.0021674376113191987,9.477717362537524e-05,1.1111414109524267e-08,3.399581463424402e-08,1.3333333330796706,8.377580408141974,8.377580407384391
h001_k5_epscrit,0.01,5,0.36866,105,1.05,0.0027181405559963947,0.00010142500915245815,1.2650279147409306e-08,3.366597253011788e-08,1.3333333330759822,8.377580408127525,8.377580407384396
h001_k5_epscrit,0.01,5,0.36866,106,1.06,0.002166918821856698,9.501777553261962e-05,1.1178422900914218e-08,3.415115394931934e-08,1.3333333330931234,8.37758040811306,8.377580407384398
h001_k5_epscrit,0.01,5,0.36866,107,1.07,0.002799932618791284,0.0001028178128946483,1.299592731231326e-08,3.410916214815591e-08,1.3333333330619848,8.377580408098579,8.377580407384395
h001_k5_epscrit,0.01,5,0.36866,108,1.08,0.0021521514643396134,9.529763399056608e-05,1.1255039294168077e-08,3.457593770552678e-08,1.3333333330745831,8.377580408084084,8.377580407384391
h001_k5_epscrit,0.01,5,0.36866,109,1.09,0.003063895011763208,0.00010738859885434953,1.41490902755047e-08,3.4812263370578716e-08,1.3333333330748802,8.37758040806959,8.377580407384391
h001_k5_epscrit,0.01,5,0.36866,110,1.1,0.00227872491335179,9.909361084721037e-05,1.2167704584430013e-08,3.495998259255413e-08,1.3333333330759225,8.377580408055085,8.377580407384391
h001_k5_epscrit,0.01,5,0.36866,111,1.11,0.002952017432879701,0.00010566427689858778,1.3723386498095712e-08,3.497949924030526e-08,1.33333333306182,8.37758040804056,8.377580407384384
h001_k5_epscrit,0.01,5,0.36866,112,1.12,0.002452270079654907,0.00010144490390942635,1.2727085804819357e-08,3.506092752076968e-08,1.33333333307188,8.377580408026033,8.377580407384386
h001_k5_epscrit,0.01,5,0.36866,113,1.1300000000000001,0.0027814838763856563,0.00010383279285809442,1.328708262726183e-08,3.50981157536673e-08,1.3333333330531505,8.377580408011491,8.377580407384384
h001_k5_epscrit,0.01,5,0.36866,114,1.1400000000000001,0.0022517251067152833,9.640057831335358e-05,1.1507342737577522e-08,3.573033198848807e-08,1.3333333330580706,8.37758040799694,8.377580407384384
h001_k5_epscrit,0.01,5,0.36866,115,1.1500000000000001,0.0030758666371808307,0.00010821199480261947,1.4369314731900661e-08,3.590251364076354e-08,1.3333333330322015,8.377580407982387,8.37758040738439
h001_k5_epscrit,0.01,5,0.36866,116,1.16,0.0022559250288790816,9.86960747245038e-05,1.2081477450767695e-08,3.576377566805588e-08,1.3333333330442947,8.377580407967805,8.377580407384384
h001_k5_epscrit,0.01,5,0.36866,117,1.17,0.0028915184217433057,0.00010433791506421498,1.3387783427525438e-08,3.60552363034481e-08,1.3333333330342847,8.377580407953198,8.377580407384379
h001_k5_epscrit,0.01,5,0.36866,118,1.18,0.0023437407879818985,9.912297574967259e-05,1.215670820183086e-08,3.6442407176519255e-08,1.3333333330373818,8.377580407938595,8.377580407384379
h001_k5_epscrit,0.01,5,0.36866,119,1.19,0.0028505351611363356,0.00010442094997014532,1.3411367776019385e-08,3.637946850094488e-08,1.333333333036458,8.377580407923968,8.377580407384372
h001_k5_epscrit,0.01,5,0.36866,120,1.2,0.002263709662701116,9.724343474331087e-05,1.1704919218314689e-08,3.684791030134231e-08,1.333333333051989,8.377580407909347,8.377580407384375
h001_k5_epscrit,0.01,5,0.36866,121,1.21,0.0027723829309299524,0.00010254808067603383,1.2931416112928498e-08,3.678856699270033e-08,1.333333333023865,8.377580407894694,8.377580407384368
h001_k5_epscrit,0.01,5,0.36866,122,1.22,0.002085765605964847,9.372724798396151e-05,1.0886832867521279e-08,3.7251138371630006e-08,1.3333333330391055,8.37758040788004,8.377580407384366
h001_k5_epscrit,0.01,5,0.36866,123,1.23,0.0028677738265693127,0.00010341653417380847,1.312775705524969e-08,3.729976595927115e-08,1.333333333036873,8.377580407865365,8.377580407384357
h001_k5_epscrit,0.01,5,0.36866,124,1.24,0.0020966017038022704,9.471974265430448e-05,1.1117197116701504e-08,3.781637230329428e-08,1.3333333330410375,8.37758040785069,8.377580407384357
h001_k5_epscrit,0.01,5,0.36866,125,1.25,0.0028505783698272503,0.00010300388323487607,1.302462197955187e-08,3.7687225785316467e-08,1.3333333330387387,8.377580407836009,8.377580407384357
h001_k5_epscrit,0.01,5,0.36866,126,1.26,0.0023070464774015797,9.848690620071624e-05,1.1993187214881463e-08,3.793104975220419e-08,1.3333333330535668,8.37758040782132,8.377580407384361
h001_k5_epscrit,0.01,5,0.36866,127,1.27,0.0026802495343686166,0.00010121315909760938,1.2612900106212895e-08,3.787109913937656e-08,1.3333333330510955,8.377580407806608,8.377580407384356
h001_k5_epscrit,0.01,5,0.36866,128,1.28,0.0021666596010762773,9.449874550600967e-05,1.1049199600670757e-08,3.8558652420489174e-08,1.3333333330636863,8.377580407791895,8.37758040738436
h001_k5_epscrit,0.01,5,0.36866,129,1.29,0.0029124533678297035,0.00010487729045468631,1.3497909729867848e-08,3.8481686156585964e-08,1.3333333330474795,8.37758040777717,8.377580407384357
h001_k5_epscrit,0.01,5,0.36866,130,1.3,0.0021277848615103767,9.55040414736662e-05,1.1307539611708207e-08,3.86398063088741e-08,1.3333333330601365,8.37758040776243,8.377580407384352
h001_k5_epscrit,0.01,5,0.36866,131,1.31,0.0028235419688844047,0.00010262403656468914,1.2941330301048982e-08,3.870045697967632e-08,1.3333333330472703,8.3775804077477,8.377580407384357
h001_k5_epscrit,0.01,5,0.36866,132,1.32,0.002269611888524711,9.765297844585956e-05,1.1801141458415045e-08,3.9012723659665786e-08,1.3333333330498744,8.37758040773296,8.37758040738436
h001_k5_epscrit,0.01,5,0.36866,133,1.33,0.002854890188302469,0.00010424539622640135,1.3365359089613705e-08,3.896580362897295e-08,1.3333333330514976,8.377580407718224,8.377580407384366
h001_k5_epscrit,0.01,5,0.36866,134,1.34,0.002334346796259704,9.876333504236111e-05,1.207246919801293e-08,3.937456003087728e-08,1.3333333330608435,8.377580407703462,8.377580407384366
h001_k5_epscrit,0.01,5,0.36866,135,1.35,0.0028663708615799194,0.00010472534986681632,1.349192231966237e-08,3.938481337175945e-08,1.3333333330383366,8.377580407688695,8.377580407384363
h001_k5_epscrit,0.01,5,0.36866,136,1.36,0.0022162472875626635,9.658071213378315e-05,1.1562530753192948e-08,3.963412529918104e-08,1.333333333054683,8.377580407673939,8.377580407384368
h001_k5_epscrit,0.01,5,0.36866,137,1.37,0.0029035339295751896,0.000104706402418718,1.3476709555139968e-08,3.9818285704423636e-08,1.3333333330443966,8.377580407659172,8.377580407384368
h001_k5_epscrit,0.01,5,0.36866,138,1.3800000000000001,0.0021442192223655667,9.562810280237017e-05,1.1342895113735757e-08,4.020082564282775e-08,1.3333333330420238,8.377580407644407,8.377580407384375
h001_k5_epscrit,0.01,5,0.36866,139,1.3900000000000001,0.002916677711990004,0.00010442766267885218,1.339617774972313e-08,4.0254229242498156e-08,1.3333333330298278,8.377580407629623,8.377580407384372
h001_k5_epscrit,0.01,5,0.36866,140,1.4000000000000001,0.0023313598877001546,9.929465833700068e-05,1.2205463856981532e-08,4.04634498006732e-08,1.333333333036399,8.377580407614843,8.377580407384372
h001_k5_epscrit,0.01,5,0.36866,141,1.41,0.0027608588073017248,0.00010269472351276939,1.2989188078247716e-08,4.0486999937567296e-08,1.333333333030044,8.377580407600059,8.377580407384368
h001_k5_epscrit,0.01,5,0.36866,142,1.42,0.002259772822395472,9.668991008870687e-05,1.157267520171549e-08,4.107283429404847e-08,1.3333333330428445,8.377580407585258,8.37758040738436
h001_k5_epscrit,0.01,5,0.36866,143,1.43,0.0029379914435131,0.00010574608821621322,1.373667180774368e-08,4.1186941928051484e-08,1.3333333330307728,8.377580407570466,8.377580407384354
h001_k5_epscrit,0.01,5,0.36866,144,1.44,0.0021655124242671822,9.611333807495817e-05,1.1452978240172931e-08,4.1474798315573216e-08,1.3333333330441681,8.377580407555675,8.37758040738435
h001_k5_epscrit,0.01,5,0.36866,145,1.45,0.0028504861643139355,0.00010322641673000626,1.3090139146551817e-08,4.163253820621477e-08,1.3333333330294468,8.377580407540895,8.377580407384354
h001_k5_epscrit,0.01,5,0.36866,146,1.46,0.0022134552034100714,9.66320486953726e-05,1.1556719017511938e-08,4.1977503055510156e-08,1.3333333330314368,8.377580407526105,8.377580407384352
h001_k5_epscrit,0.01,5,0.36866,147,1.47,0.0028155098980825006,0.00010312155036014876,1.3069804919706755e-08,4.196636291637767e-08,1.3333333330336428,8.37758040751133,8.377580407384356
h001_k5_epscrit,0.01,5,0.36866,148,1.48,0.002291190290488584,9.776441492150798e-05,1.181903242991226e-08,4.246217060989118e-08,1.333333333040388,8.377580407496557,8.377580407384363
h001_k5_epscrit,0.01,5,0.36866,149,1.49,0.0028572835150635534,0.000104364570769735,1.3384819713229329e-08,4.2425511238957026e-08,1.333333333024121,8.377580407481764,8.377580407384356
h001_k5_epscrit,0.01,5,0.36866,150,1.5,0.0022490078630880758,9.715474931828888e-05,1.1683188763667013e-08,4.273740468860527e-08,1.3333333330450634,8.377580407466985,8.377580407384357
h001_k5_epscrit,0.01,5,0.36866,151,1.51,0.002883912936411448,0.00010453672644330631,1.3425653309335695e-08,4.283006808594344e-08,1.3333333330373047,8.37758040745219,8.377580407384354
h001_k5_epscrit,0.01,5,0.36866,152,1.52,0.00214464496690273,9.545360828841478e-05,1.1289758827527823e-08,4.3278100513545386e-08,1.33333333304454,8.377580407437408,8.377580407384354
h001_k5_epscrit,0.01,5,0.36866,153,1.53,0.0029119044514166765,0.00010436073871540526,1.3368567107259059e-08,4.3273451513329516e-08,1.3333333330336583,8.377580407422636,8.377580407384356
h001_k5_epscrit,0.01,5,0.36866,154,1.54,0.0022768590024710234,9.823713779697175e-05,1.1942500746233766e-08,4.3514025161174375e-08,1.3333333330413106,8.377580407407867,8.377580407384363
h001_k5_epscrit,0.01,5,0.36866,155,1.55,0.002757056988280544,0.00010230482311475102,1.2878761393411221e-08,4.3446788161928126e-08,1.3333333330299388,8.377580407393086,8.377580407384363
h001_k5_epscrit,0.01,5,0.36866,156,1.56,0.002254855769327993,9.670679902855776e-05,1.1572304939896495e-08,4.3896584479535354e-08,1.333333333040449,8.377580407378321,8.377580407384368
h001_k5_epscrit,0.01,5,0.36866,157,1.57,0.002897410372968379,0.00010505088299662184,1.3563099304187849e-08,4.391133392599786e-08,1.333333333029251,8.377580407363533,8.377580407384363
h001_k5_epscrit,0.01,5,0.36866,158,1.58,0.0021793661306734728,9.619961439080642e-05,1.1475418620908345e-08,4.417002319734432e-08,1.3333333330446304,8.377580407348763,8.377580407384364
h001_k5_epscrit,0.01,5,0.36866,159,1.59,0.0028696180041737703,0.0001037869427173736,1.3239802505108977e-08,4.434177687225529e-08,1.3333333330288695,8.377580407333992,8.377580407384366
h001_k5_epscrit,0.01,5,0.36866,160,1.6,0.0021889150250474446,9.62981572826185e-05,1.1491666281095226e-08,4.4572554076598256e-08,1.3333333330358483,8.377580407319208,8.377580407384363
h001_k5_epscrit,0.01,5,0.36866,161,1.61,0.002791554004583557,0.00010253277642299344,1.2932247215177815e-08,4.466171824580441e-08,1.3333333330331996,8.377580407304434,8.377580407384361
h001_k5_epscrit,0.01,5,0.36866,162,1.62,0.0022356866626077727,9.664055145336321e-05,1.1562518881631255e-08,4.5094466101012844e-08,1.3333333330364654,8.377580407289674,8.377580407384368
h001_k5_epscrit,0.01,5,0.36866,163,1.6300000000000001,0.0028182515613635072,0.00010339486113780742,1.3146838109463902e-08,4.511692291476683e-08,1.3333333330192088,8.3775804072749,8.377580407384368
h001_k5_epscrit,0.01,5,0.36866,164,1.6400000000000001,0.0022387763976388555,9.684199876035082e-05,1.1614942302692347e-08,4.5419873964036065e-08,1.3333333330346355,8.37758040726012,8.377580407384366
h001_k5_epscrit,0.01,5,0.36866,165,1.6500000000000001,0.002850964939163302,0.0001039613844205701,1.3290095554373977e-08,4.556027707527101e-08,1.3333333330246186,8.377580407245345,8.377580407384364
h001_k5_epscrit,0.01,5,0.36866,166,1.6600000000000001,0.002150110723021975,9.53794236162825e-05,1.1278141003616462e-08,4.5958550796367185e-08,1.333333333035163,8.377580407230582,8.377580407384366
h001_k5_epscrit,0.01,5,0.36866,167,1.67,0.002918975612301662,0.00010460531366515996,1.3438794144564793e-08,4.611061579065972e-08,1.3333333330257455,8.377580407215813,8.377580407384368
h001_k5_epscrit,0.01,5,0.36866,168,1.68,0.002259506861579083,9.789234939859615e-05,1.18652158086419e-08,4.640470575753113e-08,1.3333333330342694,8.377580407201043,8.377580407384373
h001_k5_epscrit,0.01,5,0.36866,169,1.69,0.002796601945645419,0.00010289039857516875,1.30205263956512e-08,4.648139301761963e-08,1.3333333330207684,8.377580407186251,8.377580407384363
h001_k5_epscrit,0.01,5,0.36866,170,1.7,0.0022810064846761234,9.737507401152645e-05,1.1727175716135999e-08,4.6946447092061506e-08,1.3333333330294561,8.37758040717148,8.377580407384366
h001_k5_epscrit,0.01,5,0.36866,171,1.71,0.002896829516486939,0.00010508907481589339,1.356853159997488e-08,4.696090436925934e-08,1.3333333330192456,8.377580407156705,8.37758040738437
h001_k5_epscrit,0.01,5,0.36866,172,1.72,0.0022341967477160682,9.713979101215006e-05,1.1686658573508875e-08,4.7311325470774513e-08,1.3333333330315957,8.377580407141929,8.377580407384375
h001_k5_epscrit,0.01,5,0.36866,173,1.73,0.0029303468677002375,0.0001052003778820875,1.3591818549970783e-08,4.7440826205650076e-08,1.3333333330145491,8.377580407127143,8.377580407384373
h001_k5_epscrit,0.01,5,0.36866,174,1.74,0.0022471746482260126,9.764710860929634e-05,1.180755479461354e-08,4.766468968281578e-08,1.333333333024549,8.377580407112362,8.377580407384375
h001_k5_epscrit,0.01,5,0.36866,175,1.75,0.002854517320709832,0.00010389237041917007,1.326817269477389e-08,4.777207548976316e-08,1.333333333019052,8.377580407097563,8.377580407384372
h001_k5_epscrit,0.01,5,0.36866,176,1.76,0.0022703967847181967,9.755414337594815e-05,1.1776442400021782e-08,4.818304318295369e-08,1.3333333330255297,8.377580407082796,8.377580407384382
h001_k5_epscrit,0.01,5,0.36866,177,1.77,0.00285427477578144,0.00010412960693358452,1.3326576933109175e-08,4.820582112483491e-08,1.3333333330101973,8.37758040706801,8.377580407384384
h001_k5_epscrit,0.01,5,0.36866,178,1.78,0.002276361342656641,9.76772246139935e-05,1.1807455531045442e-08,4.8522517226244094e-08,1.333333333022153,8.37758040705322,8.37758040738439
h001_k5_epscrit,0.01,5,0.36866,179,1.79,0.002849792660257716,0.00010407136698774042,1.3314683406947717e-08,4.859006846719881e-08,1.333333333010697,8.37758040703843,8.377580407384396
h001_k5_epscrit,0.01,5,0.36866,180,1.8,0.0021633284602483906,9.55690147125278e-05,1.1318263022984489e-08,4.891189687002764e-08,1.333333333019576,8.37758040702363,8.377580407384398
h001_k5_epscrit,0.01,5,0.36866,181,1.81,0.0028926527483364595,0.00010424219679344312,1.3348799177895987e-08,4.900938659725766e-08,1.3333333330112185,8.377580407008823,8.377580407384398
h001_k5_epscrit,0.01,5,0.36866,182,1.82,0.0022089174486659576,9.683463171943128e-05,1.161800794941262e-08,4.9258356098706726e-08,1.3333333330196862,8.377580406994012,8.377580407384396
h001_k5_epscrit,0.01,5,0.36866,183,1.83,0.0027748542261828804,0.0001022709274386265,1.2867231589971055e-08,4.9354209606638634e-08,1.3333333330095396,8.377580406979193,8.377580407384391
h001_k5_epscrit,0.01,5,0.36866,184,1.84,0.0022281225941985653,9.637527814081752e-05,1.1496779479389916e-08,4.9771999729493706e-08,1.333333333016787,8.377580406964373,8.37758040738439
h001_k5_epscrit,0.01,5,0.36866,185,1.85,0.002811503443604622,0.00010324275045774288,1.310612376818064e-08,4.9792645009864086e-08,1.3333333330095318,8.377580406949567,8.377580407384396
h001_k5_epscrit,0.01,5,0.36866,186,1.86,0.002177524303281748,9.569333122308877e-05,1.1345243195904503e-08,5.0206173165376994e-08,1.33333333302098,8.377580406934749,8.377580407384398
h001_k5_epscrit,0.01,5,0.36866,187,1.87,0.002868273371129978,0.00010387135902029984,1.3255742684069438e-08,5.0295344541894257e-08,1.3333333330040773,8.377580406919916,8.377580407384398
h001_k5_epscrit,0.01,5,0.36866,188,1.8800000000000001,0.002194534368608813,9.64403718633515e-05,1.1523565571412418e-08,5.0561014988768337e-08,1.3333333330152988,8.377580406905095,8.3775804073844
h001_k5_epscrit,0.01,5,0.36866,189,1.8900000000000001,0.0028190236258110015,0.0001030228531314788,1.3050580352885318e-08,5.0664188685686846e-08,1.3333333330093482,8.377580406890267,8.377580407384402
h001_k5_epscrit,0.01,5,0.36866,190,1.9000000000000001,0.0022243905586682307,9.66176842748634e-05,1.1558711116703202e-08,5.1064324613904933e-08,1.3333333330170825,8.377580406875436,8.377580407384404
h001_k5_epscrit,0.01,5,0.36866,191,1.9100000000000001,0.0028362138187016336,0.00010359513515647652,1.3193565547206133e-08,5.1130217590076816e-08,1.333333333004639,8.377580406860604,8.377580407384405
h001_k5_epscrit,0.01,5,0.36866,192,1.92,0.0022792754617032085,9.770214995220538e-05,1.1814511178688998e-08,5.15089266590983e-08,1.333333333014432,8.377580406845746,8.377580407384396
h001_k5_epscrit,0.01,5,0.36866,193,1.93,0.002862185350588313,0.00010432138746612881,1.3378347743075645e-08,5.162382010945142e-08,1.3333333330010275,8.377580406830903,8.377580407384396
h001_k5_epscrit,0.01,5,0.36866,194,1.94,0.0022201731940956634,9.666128153693926e-05,1.1571344877174749e-08,5.1981728454218144e-08,1.3333333330098767,8.377580406816046,8.377580407384393
h001_k5_epscrit,0.01,5,0.36866,195,1.95,0.0029313597853088944,0.00010523013373491203,1.3599900935801003e-08,5.2100140724747146e-08,1.3333333330015131,8.377580406801208,8.377580407384398
h001_k5_epscrit,0.01,5,0.36866,196,1.96,0.002257009459954844,9.786202301866615e-05,1.186107419691102e-08,5.2348693679500245e-08,1.3333333330077863,8.377580406786358,8.3775804073844
h001_k5_epscrit,0.01,5,0.36866,197,1.97,0.0028552020614893265,0.00010394360180501899,1.3283744636074685e-08,5.246777084431884e-08,1.3333333329944304,8.377580406771491,8.377580407384396
h001_k5_epscrit,0.01,5,0.36866,198,1.98,0.0022867562962636968,9.786148321213513e-05,1.1851451269358328e-08,5.280913867893286e-08,1.333333333000685,8.377580406756627,8.377580407384395
h001_k5_epscrit,0.01,5,0.36866,199,1.99,0.0028553855162270995,0.00010427085015888007,1.3367997733233747e-08,5.2882700075479716e-08,1.3333333329916264,8.37758040674176,8.377580407384391
h001_k5_epscrit,0.01,5,0.36866,200,2.0,0.002233695493339856,9.686359162098794e-05,1.1618818428375539e-08,5.327950159808647e-08,1.3333333330017727,8.377580406726887,8.377580407384384
h001_k5_epscrit,0.01,5,0.36866,201,2.0100000000000002,0.002909216850238315,0.00010489353947862322,1.351608975828108e-08,5.3399205796728094e-08,1.3333333329850712,8.377580406712037,8.377580407384391
h001_k5_epscrit,0.01,5,0.36866,202,2.02,0.0022309021240045322,9.722500043379515e-05,1.170793974719299e-08,5.36589901957426e-08,1.3333333329945658,8.377580406697152,8.377580407384384
h001_k5_epscrit,0.01,5,0.36866,203,2.0300000000000002,0.0028504896071997942,0.00010373289618375653,1.322720937489024e-08,5.3772052481849055e-08,1.333333332986464,8.377580406682277,8.37758040738438
h001_k5_epscrit,0.01,5,0.36866,204,2.04,0.002215510823547726,9.656907476250142e-05,1.1547690503130668e-08,5.411033593090787e-08,1.3333333329939232,8.377580406667418,8.377580407384382
h001_k5_epscrit,0.01,5,0.36866,205,2.05,0.0028207565513929398,0.00010323102859466021,1.3101440231074347e-08,5.4164569948402185e-08,1.333333332982709,8.377580406652557,8.377580407384388
h001_k5_epscrit,0.01,5,0.36866,206,2.06,0.002237383549014614,9.68551117817284e-05,1.1613918984775802e-08,5.4519894946612345e-08,1.3333333329944461,8.377580406637689,8.37758040738439
h001_k5_epscrit,0.01,5,0.36866,207,2.07,0.0028110642886552627,0.00010318825497640727,1.309286187418891e-08,5.461763170162291e-08,1.3333333329799444,8.37758040662283,8.377580407384395
h001_k5_epscrit,0.01,5,0.36866,208,2.08,0.0021828913011130704,9.574482120652727e-05,1.1354230144832985e-08,5.500590216552117e-08,1.333333332991453,8.377580406607965,8.377580407384396
h001_k5_epscrit,0.01,5,0.36866,209,2.09,0.0028665154299342475,0.0001038913448653555,1.3259762701032965e-08,5.509706294009492e-08,1.333333332982515,8.37758040659309,8.377580407384395
h001_k5_epscrit,0.01,5,0.36866,210,2.1,0.0022001568639749896,9.65095938341323e-05,1.153753120768592e-08,5.5414678220899066e-08,1.3333333329924248,8.377580406578229,8.377580407384398
h001_k5_epscrit,0.01,5,0.36866,211,2.11,0.0028251330907074984,0.00010314463374009819,1.3077905157924506e-08,5.5512072574000364e-08,1.3333333329788353,8.377580406563366,8.3775804073844
h001_k5_epscrit,0.01,5,0.36866,212,2.12,0.002242494390506596,9.697689719125448e-05,1.1640898594083107e-08,5.58408059519677e-08,1.3333333329887873,8.377580406548493,8.377580407384396
h001_k5_epscrit,0.01,5,0.36866,213,2.13,0.0028126238551192504,0.00010328463850930329,1.3118458314721253e-08,5.591500893926962e-08,1.333333332978675,8.377580406533625,8.377580407384396
h001_k5_epscrit,0.01,5,0.36866,214,2.14,0.0022065531059463272,9.617520251987852e-05,1.1454927677380631e-08,5.630111756226956e-08,1.3333333329901667,8.37758040651878,8.377580407384405
h001_k5_epscrit,0.01,5,0.36866,215,2.15,0.002879727581829311,0.00010429867857314613,1.3366150011331235e-08,5.64198667087321e-08,1.333333332974221,8.377580406503936,8.377580407384412
h001_k5_epscrit,0.01,5,0.36866,216,2.16,0.0022296495012874935,9.70775565687758e-05,1.1672678958876893e-08,5.6708353160178997e-08,1.3333333329842771,8.377580406489072,8.37758040738441
h001_k5_epscrit,0.01,5,0.36866,217,2.17,0.0028737439533658826,0.00010420669641705869,1.3346752981003524e-08,5.686397305020721e-08,1.3333333329741872,8.377580406474205,8.377580407384402
h001_k5_epscrit,0.01,5,0.36866,218,2.18,0.0022438392082412637,9.722210660142936e-05,1.1703678399388846e-08,5.718196867554081e-08,1.3333333329812214,8.377580406459343,8.377580407384398
h001_k5_epscrit,0.01,5,0.36866,219,2.19,0.0028654907991450713,0.00010417598716330462,1.334047260943657e-08,5.72843547084094e-08,1.3333333329691723,8.377580406444494,8.377580407384396
h001_k5_epscrit,0.01,5,0.36866,220,2.2,0.002271761136318373,9.768149556318398e-05,1.1812425457740747e-08,5.75909708301635e-08,1.333333332980169,8.377580406429638,8.377580407384391
h001_k5_epscrit,0.01,5,0.36866,221,2.21,0.002849633679396976,0.00010405002624378638,1.3312738376255356e-08,5.771530009505576e-08,1.3333333329632278,8.377580406414795,8.37758040738439
h001_k5_epscrit,0.01,5,0.36866,222,2.22,0.0022284416366421212,9.674678909229258e-05,1.159190785747918e-08,5.8055839065409425e-08,1.3333333329726687,8.37758040639997,8.377580407384395
h001_k5_epscrit,0.01,5,0.36866,223,2.23,0.002888472022712102,0.00010451750099829297,1.3423503936674527e-08,5.8186280330561787e-08,1.3333333329610277,8.377580406385157,8.377580407384402
h001_k5_epscrit,0.01,5,0.36866,224,2.24,0.002224917057196986,9.701019698226606e-05,1.1657692614853921e-08,5.850099362907891e-08,1.3333333329700907,8.377580406370333,8.3775804073844
h001_k5_epscrit,0.01,5,0.36866,225,2.25,0.002865638551782816,0.00010399370753910142,1.32920950915249e-08,5.86371126181422e-08,1.3333333329572452,8.377580406355529,8.377580407384409
h001_k5_epscrit,0.01,5,0.36866,226,2.2600000000000002,0.0022646781928874855,9.757625216575e-05,1.1785741258911683e-08,5.89417612525632e-08,1.333333332966046,8.377580406340709,8.377580407384405
h001_k5_epscrit,0.01,5,0.36866,227,2.27,0.002829013844365353,0.00010363554724595052,1.3207053757162537e-08,5.9050083136381807e-08,1.333333332954237,8.377580406325897,8.377580407384404
h001_k5_epscrit,0.01,5,0.36866,228,2.2800000000000002,0.0022172583172995917,9.641420317015055e-05,1.1510400334962286e-08,5.942042058960943e-08,1.333333332964978,8.377580406311107,8.37758040738441
h001_k5_epscrit,0.01,5,0.36866,229,2.29,0.002856562565133072,0.0001038971197227402,1.3265051948105268e-08,5.952054146143113e-08,1.3333333329508423,8.377580406296328,8.377580407384414
h001_k5_epscrit,0.01,5,0.36866,230,2.3000000000000003,0.002208486169003612,9.654255886955366e-05,1.1544343704820277e-08,5.983580692021443e-08,1.3333333329614556,8.377580406281538,8.37758040738441
h001_k5_epscrit,0.01,5,0.36866,231,2.31,0.0028465431495294513,0.00010360213819464499,1.3191637792996505e-08,5.997053948748225e-08,1.3333333329511654,8.377580406266766,8.377580407384412
h001_k5_epscrit,0.01,5,0.36866,232,2.32,0.002215627391796139,9.659491981080293e-05,1.1553443340166954e-08,6.031382550198622e-08,1.3333333329584258,8.377580406251989,8.377580407384409
h001_k5_epscrit,0.01,5,0.36866,233,2.33,0.0028426415311769327,0.00010361072903869442,1.3193897718491743e-08,6.041134469659303e-08,1.333333332948981,8.377580406237238,8.377580407384414
h001_k5_epscrit,0.01,5,0.36866,234,2.34,0.0022453930344414723,9.711214242801192e-05,1.1674200106690528e-08,6.073864659072725e-08,1.3333333329602444,8.377580406222476,8.377580407384412
h001_k5_epscrit,0.01,5,0.36866,235,2.35,0.0028316473766318473,0.00010359926918749058,1.3195133887903739e-08,6.085103156844867e-08,1.333333332946658,8.377580406207743,8.377580407384414
h001_k5_epscrit,0.01,5,0.36866,236,2.36,0.002219134689204636,9.650803925238713e-05,1.1532523489207525e-08,6.119012856645913e-08,1.3333333329552841,8.377580406193015,8.377580407384418
h001_k5_epscrit,0.01,5,0.36866,237,2.37,0.0028601999339186008,0.0001039753750279205,1.3285707663035117e-08,6.130333632525249e-08,1.3333333329452701,8.377580406178287,8.377580407384416
h001_k5_epscrit,0.01,5,0.36866,238,2.38,0.0022025693869738286,9.644002760444318e-05,1.1520887805684567e-08,6.162392504993695e-08,1.3333333329532635,8.377580406163574,8.37758040738442
h001_k5_epscrit,0.01,5,0.36866,239,2.39,0.0028567279124638743,0.00010375990147003083,1.3231302430282713e-08,6.174699598317158e-08,1.33333333294163,8.377580406148866,8.377580407384414
h001_k5_epscrit,0.01,5,0.36866,240,2.4,0.002256391531641734,9.743331057213454e-05,1.1752747429538193e-08,6.204677615067719e-08,1.3333333329486998,8.377580406134175,8.377580407384416
h001_k5_epscrit,0.01,5,0.36866,241,2.41,0.0028385024838139656,0.00010377675546815432,1.3242891050627465e-08,6.217165552498036e-08,1.3333333329388766,8.377580406119504,8.377580407384421
h001_k5_epscrit,0.01,5,0.36866,242,2.42,0.002240694315445655,9.692355677140516e-05,1.1631789444485674e-08,6.252649144675386e-08,1.3333333329485322,8.377580406104828,8.377580407384421
h001_k5_epscrit,0.01,5,0.36866,243,2.43,0.0028667268581752895,0.0001041981251350253,1.3344642287472394e-08,6.263546998469728e-08,1.3333333329342607,8.377580406090164,8.377580407384421
h001_k5_epscrit,0.01,5,0.36866,244,2.44,0.0022251477655049184,9.687576188352858e-05,1.1624875796361393e-08,6.294050368438211e-08,1.3333333329445565,8.377580406075515,8.37758040738442
h001_k5_epscrit,0.01,5,0.36866,245,2.45,0.00285847748496239,0.00010390450178788384,1.327094630343087e-08,6.308412831301243e-08,1.3333333329316492,8.37758040606087,8.377580407384416
h001_k5_epscrit,0.01,5,0.36866,246,2.46,0.00222410505210406,9.680788318240562e-05,1.1607125909949955e-08,6.341053041255818e-08,1.3333333329377814,8.377580406046237,8.377580407384412
h001_k5_epscrit,0.01,5,0.36866,247,2.47,0.0028522383072395845,0.00010380466632092897,1.3245383830861107e-08,6.353193946111805e-08,1.333333332927104,8.377580406031623,8.377580407384412
h001_k5_epscrit,0.01,5,0.36866,248,2.48,0.002250343573658832,9.725213947249471e-05,1.1710228190898955e-08,6.385585933861285e-08,1.333333332937101,8.377580406017032,8.377580407384418
h001_k5_epscrit,0.01,5,0.36866,249,2.49,0.0028447047697916683,0.00010384081342712799,1.3257283805832092e-08,6.398823302269663e-08,1.3333333329237387,8.377580406002433,8.377580407384412
h001_k5_epscrit,0.01,5,0.36866,250,2.5,0.0022397285182549796,9.69559810897796e-05,1.1639486687728367e-08,6.431938857849129e-08,1.3333333329329582,8.377580405987853,8.377580407384412
h001_k5_epscrit,0.01,5,0.36866,251,2.5100000000000002,0.0028642072520966046,0.00010414169767289618,1.3330019761893418e-08,6.445766255395358e-08,1.3333333329216743,8.377580405973292,8.377580407384414
h001_k5_epscrit,0.01,5,0.36866,252,2.52,0.0022075827487232744,9.650148854048303e-05,1.1534827535283932e-08,6.478705153190547e-08,1.3333333329310846,8.377580405958732,8.377580407384409
h001_k5_epscrit,0.01,5,0.36866,253,2.5300000000000002,0.002857007976650214,0.00010377425859516641,1.323383142081771e-08,6.491637731204855e-08,1.3333333329182875,8.37758040594419,8.377580407384405
h001_k5_epscrit,0.01,5,0.36866,254,2.54,0.0022430515126120243,9.717394722875767e-05,1.1690457210478909e-08,6.522431869869395e-08,1.3333333329264787,8.37758040592968,8.377580407384412
h001_k5_epscrit,0.01,5,0.36866,255,2.5500000000000003,0.002833999936225217,0.00010359579723448152,1.3194361386307003e-08,6.53486924062333e-08,1.3333333329151937,8.377580405915165,8.377580407384407
h001_k5_epscrit,0.01,5,0.36866,256,2.56,0.0022395550278084147,9.689554887911342e-05,1.1622659348357425e-08,6.570410918426657e-08,1.333333332924905,8.377580405900664,8.377580407384407
h001_k5_epscrit,0.01,5,0.36866,257,2.57,0.002861210999619627,0.00010410103029304128,1.3318475398037863e-08,6.581696990111163e-08,1.333333332912567,8.377580405886189,8.37758040738441
h001_k5_epscrit,0.01,5,0.36866,258,2.58,0.0022277819646959332,9.687547588715878e-05,1.162155831747685e-08,6.613127044844248e-08,1.3333333329238122,8.377580405871722,8.377580407384412
h001_k5_epscrit,0.01,5,0.36866,259,2.59,0.0028612635325500515,0.0001039903724257745,1.3290675263161704e-08,6.627271062391426e-08,1.333333332911161,8.377580405857268,8.37758040738441
h001_k5_epscrit,0.01,5,0.36866,260,2.6,0.0022224436492000376,9.677526468674243e-05,1.1597684795419646e-08,6.659134127208818e-08,1.333333332919185,8.37758040584283,8.377580407384414
h001_k5_epscrit,0.01,5,0.36866,261,2.61,0.0028482845364015486,0.00010371866955255039,1.3222079088522359e-08,6.670771867146417e-08,1.3333333329077748,8.377580405828397,8.37758040738441
h001_k5_epscrit,0.01,5,0.36866,262,2.62,0.002237285635117876,9.69953327897669e-05,1.1648384176010935e-08,6.703101631504351e-08,1.3333333329167096,8.377580405813978,8.377580407384405
h001_k5_epscrit,0.01,5,0.36866,263,2.63,0.002838185007715029,0.00010365189545888872,1.3208014254733033e-08,6.715011719539572e-08,1.3333333329039498,8.377580405799593,8.37758040738441
h001_k5_epscrit,0.01,5,0.36866,264,2.64,0.0022402590856316577,9.696501796014591e-05,1.1641336591043692e-08,6.746944644693206e-08,1.3333333329130057,8.37758040578521,8.377580407384412
h001_k5_epscrit,0.01,5,0.36866,265,2.65,0.002858279777587224,0.00010405756015803691,1.331032186079455e-08,6.760832139228255e-08,1.3333333329010282,8.377580405770846,8.377580407384416
h001_k5_epscrit,0.01,5,0.36866,266,2.66,0.002212416186871925,9.655906440457853e-05,1.1549073289478696e-08,6.792989892586923e-08,1.33333333291112,8.377580405756499,8.37758040738442
h001_k5_epscrit,0.01,5,0.36866,267,2.67,0.0028589743499958897,0.00010385422826096567,1.3255926646728506e-08,6.806934506546794e-08,1.3333333328991048,8.377580405742165,8.377580407384421
h001_k5_epscrit,0.01,5,0.36866,268,2.68,0.002233781132501605,9.700972621263615e-05,1.1653958769699143e-08,6.836647954060596e-08,1.3333333329068062,8.377580405727823,8.377580407384412
h001_k5_epscrit,0.01,5,0.36866,269,2.69,0.002830850228410184,0.00010348196157269005,1.3166718037451756e-08,6.850309209894629e-08,1.3333333328953758,8.377580405713498,8.377580407384405
h001_k5_epscrit,0.01,5,0.36866,270,2.7,0.002233528066283859,9.67857115288936e-05,1.1598457072487725e-08,6.884181370510647e-08,1.3333333329029942,8.377580405699208,8.377580407384407
h001_k5_epscrit,0.01,5,0.36866,271,2.71,0.0028513305795049813,0.00010389949750604171,1.3269681432917568e-08,6.89741610616211e-08,1.3333333328905654,8.377580405684924,8.377580407384405
h001_k5_epscrit,0.01,5,0.36866,272,2.72,0.0022264684511981545,9.678453176714842e-05,1.1600709252101063e-08,6.928363119644792e-08,1.3333333329013757,8.37758040567066,8.377580407384407
h001_k5_epscrit,0.01,5,0.36866,273,2.73,0.0028614053018444895,0.00010401166580476418,1.3297428256847373e-08,6.944105922890414e-08,1.333333332888718,8.377580405656415,8.37758040738441
h001_k5_epscrit,0.01,5,0.36866,274,2.74,0.002226459334697014,9.684364880416729e-05,1.1614891760492853e-08,6.975133874500888e-08,1.3333333328965575,8.37758040564217,8.377580407384407
h001_k5_epscrit,0.01,5,0.36866,275,2.75,0.002855408797562826,0.00010387627524892963,1.3262772412651893e-08,6.989396256523841e-08,1.3333333328861943,8.377580405627949,8.377580407384407
h001_k5_epscrit,0.01,5,0.36866,276,2.7600000000000002,0.0022381866275805774,9.703297326070555e-05,1.1657816274405857e-08,7.02224798024283e-08,1.3333333328944266,8.377580405613738,8.377580407384405
h001_k5_epscrit,0.01,5,0.36866,277,2.77,0.0028444694583795857,0.00010374480936792616,1.323039388696724e-08,7.035355692379074e-08,1.3333333328817694,8.377580405599536,8.3775804073844
h001_k5_epscrit,0.01,5,0.36866,278,2.7800000000000002,0.0022462748821744758,9.709714173192896e-05,1.1671577843327108e-08,7.067169809587698e-08,1.3333333328914962,8.37758040558536,8.377580407384404
h001_k5_epscrit,0.01,5,0.36866,279,2.79,0.0028586928646556473,0.00010408420893259603,1.3316298150040171e-08,7.081117962739892e-08,1.3333333328778287,8.37758040557119,8.3775804073844
h001_k5_epscrit,0.01,5,0.36866,280,2.8000000000000003,0.0022249872184335892,9.678014521478278e-05,1.1599358964824906e-08,7.113457639628446e-08,1.3333333328886456,8.377580405557042,8.3775804073844
h001_k5_epscrit,0.01,5,0.36866,281,2.81,0.002870048259714155,0.0001041312486177157,1.3325220055421534e-08,7.127930723651213e-08,1.3333333328757593,8.377580405542915,8.377580407384404
h001_k5_epscrit,0.01,5,0.36866,282,2.82,0.0022409497297038077,9.718074197973137e-05,1.169394785267379e-08,7.157661215187128e-08,1.3333333328845776,8.377580405528787,8.3775804073844
h001_k5_epscrit,0.01,5,0.36866,283,2.83,0.0028443544263507376,0.00010374588944455202,1.3231669044341665e-08,7.17185571588829e-08,1.3333333328734218,8.377580405514694,8.377580407384407
h001_k5_epscrit,0.01,5,0.36866,284,2.84,0.0022419058434573432,9.700734389477584e-05,1.1650461438588598e-08,7.204602089051144e-08,1.3333333328816437,8.377580405500614,8.377580407384414
h001_k5_epscrit,0.01,5,0.36866,285,2.85,0.0028498258427516843,0.00010389418626969293,1.326788869384756e-08,7.217864424561591e-08,1.3333333328683805,8.377580405486542,8.377580407384416
h001_k5_epscrit,0.01,5,0.36866,286,2.86,0.002229094195983,9.681336360488478e-05,1.160629540027574e-08,7.248916983214265e-08,1.3333333328788517,8.377580405472482,8.37758040738442
h001_k5_epscrit,0.01,5,0.36866,287,2.87,0.0028552180831199385,0.00010391203834772889,1.3271648615274158e-08,7.263634724906127e-08,1.3333333328660804,8.377580405458442,8.377580407384421
h001_k5_epscrit,0.01,5,0.36866,288,2.88,0.0022240065402888967,9.677430145875233e-05,1.1598201147709492e-08,7.29389143942879e-08,1.3333333328751846,8.377580405444405,8.377580407384423
h001_k5_epscrit,0.01,5,0.36866,289,2.89,0.002851064414987924,0.0001037958413745047,1.324295922355047e-08,7.308348102550697e-08,1.3333333328637416,8.377580405430386,8.377580407384423
h001_k5_epscrit,0.01,5,0.36866,290,2.9,0.0022289844412529086,9.684680087225633e-05,1.1614703293766676e-08,7.340377990848076e-08,1.3333333328722505,8.377580405416378,8.377580407384423
h001_k5_epscrit,0.01,5,0.36866,291,2.91,0.0028378009831624904,0.00010357914496521955,1.3189035291526406e-08,7.354066871480125e-08,1.3333333328599406,8.377580405402387,8.377580407384425
h001_k5_epscrit,0.01,5,0.36866,292,2.92,0.0022359778316282477,9.688729445698543e-05,1.162258992559988e-08,7.385621995711509e-08,1.3333333328698425,8.377580405388414,8.377580407384428
h001_k5_epscrit,0.01,5,0.36866,293,2.93,0.0028427805652491843,0.00010374564346815272,1.323148183842907e-08,7.399901748801272e-08,1.3333333328572974,8.377580405374447,8.377580407384428
h001_k5_epscrit,0.01,5,0.36866,294,2.94,0.0022179698815236256,9.657600463310848e-05,1.1550906547336135e-08,7.432419311894701e-08,1.3333333328661023,8.377580405360524,8.377580407384444
h001_k5_epscrit,0.01,5,0.36866,295,2.95,0.002858537571353149,0.0001039041503910766,1.3268517061592295e-08,7.446971644052685e-08,1.3333333328540962,8.377580405346592,8.377580407384446
h001_k5_epscrit,0.01,5,0.36866,296,2.96,0.0022296275822439584,9.691743907934636e-05,1.1631998156336844e-08,7.476963948209652e-08,1.333333332862783,8.377580405332653,8.37758040738444
h001_k5_epscrit,0.01,5,0.36866,297,2.97,0.002842171588392493,0.0001036591883153259,1.3209588931285263e-08,7.491565644228012e-08,1.3333333328519974,8.377580405318751,8.377580407384448
h001_k5_epscrit,0.01,5,0.36866,298,2.98,0.0022405369126596917,9.699948479987612e-05,1.1649430325904536e-08,7.524086549165074e-08,1.333333332859656,8.377580405304853,8.377580407384448
h001_k5_epscrit,0.01,5,0.36866,299,2.99,0.002848349269555771,0.00010385730618987034,1.3259320159412602e-08,7.538247899161599e-08,1.3333333328474162,8.377580405290956,8.377580407384446
h001_k5_epscrit,0.01,5,0.36866,300,3.0,0.0022367336949808405,9.695001938234047e-05,1.1638493714206832e-08,7.57050673293762e-08,1.3333333328573684,8.377580405277069,8.37758040738444
h001_k5_epscrit,0.01,5,0.36866,301,3.0100000000000002,0.0028585157275279873,0.00010399941369332006,1.3293754461798527e-08,7.585446490148941e-08,1.3333333328441892,8.377580405263206,8.37758040738444
h001_k5_epscrit,0.01,5,0.36866,302,3.02,0.0022339919838433183,9.69673469984535e-05,1.1643269389721418e-08,7.615868887384499e-08,1.3333333328528219,8.377580405249368,8.37758040738445
h001_k5_epscrit,0.01,5,0.36866,303,3.0300000000000002,0.0028600924077973504,0.00010400823070872788,1.3296426339976376e-08,7.630872257760023e-08,1.333333332841651,8.377580405235532,8.37758040738445
h001_k5_epscrit,0.01,5,0.36866,304,3.04,0.002237504231361254,9.703981006696292e-05,1.1660351236471145e-08,7.662051440335757e-08,1.333333332849698,8.377580405221703,8.377580407384448
h001_k5_epscrit,0.01,5,0.36866,305,3.0500000000000003,0.0028513548926219303,0.00010386673792498404,1.3261364315960507e-08,7.676764345481718e-08,1.333333332837845,8.377580405207889,8.377580407384448
h001_k5_epscrit,0.01,5,0.36866,306,3.06,0.002246920033181392,9.715176006636878e-05,1.1685548240168735e-08,7.70760117968103e-08,1.3333333328467383,8.377580405194081,8.377580407384446
h001_k5_epscrit,0.01,5,0.36866,307,3.0700000000000003,0.002849845841544923,0.00010391438917532122,1.3274361742374577e-08,7.72254012648185e-08,1.333333332834579,8.377580405180293,8.377580407384448
h001_k5_epscrit,0.01,5,0.36866,308,3.08,0.002229767045082751,9.681448584945511e-05,1.1606766605984547e-08,7.754543031314252e-08,1.3333333328427877,8.377580405166533,8.377580407384459
h001_k5_epscrit,0.01,5,0.36866,309,3.09,0.002861863261832697,0.00010402197826674701,1.329867614389611e-08,7.76969875525834e-08,1.3333333328305703,8.377580405152765,8.37758040738446
h001_k5_epscrit,0.01,5,0.36866,310,3.1,0.0022300930060644188,9.692230142407346e-05,1.163280884299627e-08,7.799563510155211e-08,1.333333332839957,8.377580405139012,8.377580407384462
h001_k5_epscrit,0.01,5,0.36866,311,3.11,0.0028452854041724797,0.00010371348165909455,1.3222504113068593e-08,7.8145221835043e-08,1.333333332827587,8.37758040512525,8.377580407384453
h001_k5_epscrit,0.01,5,0.36866,312,3.12,0.0022362574769843654,9.693618064858093e-05,1.1634506430560022e-08,7.845884223318536e-08,1.3333333328362131,8.377580405111525,8.37758040738446
h001_k5_epscrit,0.01,5,0.36866,313,3.13,0.0028416109352489833,0.00010370626747357276,1.3221418315930222e-08,7.860027520454717e-08,1.3333333328243708,8.377580405097795,8.37758040738446
h001_k5_epscrit,0.01,5,0.36866,314,3.14,0.002230226873573478,9.679777836324257e-05,1.160227132352614e-08,7.892231282952821e-08,1.3333333328344938,8.377580405084064,8.377580407384453
h001_k5_epscrit,0.01,5,0.36866,315,3.15,0.002848024545672323,0.00010378366749214795,1.3239450754520652e-08,7.90717092500799e-08,1.333333332821896,8.37758040507034,8.37758040738444
h001_k5_epscrit,0.01,5,0.36866,316,3.16,0.0022258198800613306,9.676669509287345e-05,1.1595362061414505e-08,7.938012233300945e-08,1.3333333328307786,8.377580405056637,8.37758040738444
h001_k5_epscrit,0.01,5,0.36866,317,3.17,0.0028506563770430786,0.00010380484183715025,1.324477993003005e-08,7.953402082067096e-08,1.3333333328191954,8.377580405042943,8.377580407384437
h001_k5_epscrit,0.01,5,0.36866,318,3.18,0.0022275280782122625,9.680878574509297e-05,1.1605348715838096e-08,7.984477855276996e-08,1.33333333282763,8.377580405029263,8.377580407384437
h001_k5_epscrit,0.01,5,0.36866,319,3.19,0.002845195884564475,0.00010370960700103786,1.32210879827807e-08,7.999378829673508e-08,1.3333333328164043,8.377580405015602,8.377580407384439
h001_k5_epscrit,0.01,5,0.36866,320,3.2,0.0022390574045892367,9.698898100516294e-05,1.1646941993411663e-08,8.03000914916351e-08,1.333333332824548,8.377580405001952,8.377580407384444
h001_k5_epscrit,0.01,5,0.36866,321,3.21,0.0028426479030325266,0.00010374658172111325,1.3231870324165538e-08,8.044945904745467e-08,1.333333332812797,8.3775804049883,8.377580407384446
h001_k5_epscrit,0.01,5,0.36866,322,3.22,0.0022297301870971933,9.679155074272964e-05,1.160109662030532e-08,8.076641798463139e-08,1.333333332822304,8.377580404974665,8.37758040738445
h001_k5_epscrit,0.01,5,0.36866,323,3.23,0.0028583900113359926,0.00010397619884907606,1.3287815269285034e-08,8.092385610067833e-08,1.3333333328096355,8.37758040496104,8.377580407384455
h001_k5_epscrit,0.01,5,0.36866,324,3.24,0.002231548390924941,9.692867693359007e-05,1.1634382293359688e-08,8.122499923747864e-08,1.333333332819043,8.377580404947413,8.377580407384452
h001_k5_epscrit,0.01,5,0.36866,325,3.25,0.0028527072692390238,0.00010386370339115801,1.3260223927603435e-08,8.138598642150105e-08,1.333333332806228,8.377580404933806,8.377580407384455
h001_k5_epscrit,0.01,5,0.36866,326,3.2600000000000002,0.002241061265231083,9.705866749055886e-05,1.1663837513794799e-08,8.168903639074961e-08,1.3333333328147945,8.377580404920193,8.377580407384453
h001_k5_epscrit,0.01,5,0.36866,327,3.27,0.0028484867851793615,0.00010385623458806213,1.3259577521249951e-08,8.184066032856183e-08,1.3333333328025334,8.377580404906595,8.377580407384453
h001_k5_epscrit,0.01,5,0.36866,328,3.2800000000000002,0.0022373568409937016,9.695614127785435e-05,1.1639958229296575e-08,8.215252792886211e-08,1.3333333328124581,8.377580404892992,8.377580407384452
h001_k5_epscrit,0.01,5,0.36866,329,3.29,0.0028538233312850815,0.0001039310342293715,1.3277509656628775e-08,8.231138212738209e-08,1.3333333327994088,8.377580404879398,8.377580407384446
h001_k5_epscrit,0.01,5,0.36866,330,3.3000000000000003,0.0022342282292485173,9.693536744503751e-05,1.1635594152433573e-08,8.261335261177117e-08,1.3333333328089172,8.37758040486581,8.37758040738444
h001_k5_epscrit,0.01,5,0.36866,331,3.31,0.0028550995297661305,0.00010392670494860429,1.3276208799877152e-08,8.277465323569448e-08,1.3333333327964112,8.377580404852237,8.37758040738444
h001_k5_epscrit,0.01,5,0.36866,332,3.3200000000000003,0.002232190491220723,9.690814738524396e-05,1.162915323521509e-08,8.308104274367479e-08,1.3333333328053592,8.37758040483868,8.37758040738444
h001_k5_epscrit,0.01,5,0.36866,333,3.33,0.002850253909647552,0.00010382330441698443,1.3249839300984306e-08,8.32384069247766e-08,1.3333333327926749,8.377580404825135,8.377580407384448
h001_k5_epscrit,0.01,5,0.36866,334,3.34,0.0022411926117084403,9.705088045570952e-05,1.1661772211344301e-08,8.354455683767071e-08,1.3333333328020327,8.37758040481159,8.377580407384452
h001_k5_epscrit,0.01,5,0.36866,335,3.35,0.002843354803603864,0.00010375607366229548,1.3234097568615316e-08,8.369752874611607e-08,1.333333332789554,8.377580404798037,8.377580407384448
h001_k5_epscrit,0.01,5,0.36866,336,3.36,0.0022315838761199336,9.681994166992259e-05,1.1607377143944586e-08,8.401034644007116e-08,1.3333333327984418,8.377580404784501,8.377580407384452
h001_k5_epscrit,0.01,5,0.36866,337,3.37,0.0028518495311619404,0.00010386317309374323,1.3259519889918305e-08,8.416638826143011e-08,1.3333333327861725,8.377580404770955,8.37758040738444
h001_k5_epscrit,0.01,5,0.36866,338,3.38,0.002227508289904911,9.681397666515054e-05,1.1606873783769033e-08,8.447034563640348e-08,1.3333333327956918,8.377580404757422,8.377580407384437
h001_k5_epscrit,0.01,5,0.36866,339,3.39,0.0028486531434908056,0.00010377089604506962,1.323620099941577e-08,8.463330729043148e-08,1.3333333327840786,8.377580404743899,8.377580407384436
h001_k5_epscrit,0.01,5,0.36866,340,3.4,0.0022360806949194164,9.695080208612236e-05,1.1638008470679323e-08,8.493687875007779e-08,1.3333333327923005,8.37758040473037,8.377580407384428
h001_k5_epscrit,0.01,5,0.36866,341,3.41,0.0028444760091471412,0.00010375448485959542,1.3233171291574668e-08,8.509232705387544e-08,1.3333333327815027,8.377580404716856,8.377580407384425
h001_k5_epscrit,0.01,5,0.36866,342,3.42,0.0022344632239026632,9.688325541728923e-05,1.1622072482801605e-08,8.540255161056132e-08,1.3333333327896355,8.377580404703352,8.377580407384425
h001_k5_epscrit,0.01,5,0.36866,343,3.43,0.002848681303038568,0.0001038240688521525,1.3250131331398888e-08,8.556115483090423e-08,1.3333333327783161,8.377580404689848,8.377580407384423
h001_k5_epscrit,0.01,5,0.36866,344,3.44,0.002232716495629877,9.68807617242916e-05,1.1622116972308854e-08,8.586307723791111e-08,1.3333333327865482,8.377580404676348,8.377580407384421
h001_k5_epscrit,0.01,5,0.36866,345,3.45,0.0028501031396257646,0.00010383097378119313,1.3251920760616453e-08,8.602292533109509e-08,1.3333333327750263,8.377580404662863,8.377580407384423
h001_k5_epscrit,0.01,5,0.36866,346,3.46,0.002230117360504739,9.68492346908545e-05,1.1615086762399175e-08,8.632759854753846e-08,1.333333332784187,8.377580404649377,8.377580407384423
h001_k5_epscrit,0.01,5,0.36866,347,3.47,0.002849766101537695,0.00010380896161914056,1.3246275233263613e-08,8.648818911455823e-08,1.333333332771682,8.377580404635907,8.377580407384428
h001_k5_epscrit,0.01,5,0.36866,348,3.48,0.002240347971605438,9.703710084187086e-05,1.1658818552474474e-08,8.679166254422994e-08,1.3333333327808259,8.377580404622424,8.377580407384425
h001_k5_epscrit,0.01,5,0.36866,349,3.49,0.002845829510112753,0.00010379828502724207,1.3244813746875982e-08,8.695061931404497e-08,1.333333332768302,8.37758040460896,8.377580407384432
h001_k5_epscrit,0.01,5,0.36866,350,3.5,0.002235755583288999,9.691243316565589e-05,1.162935746158679e-08,8.725741996659956e-08,1.3333333327776935,8.37758040459549,8.377580407384432
h001_k5_epscrit,0.01,5,0.36866,351,3.5100000000000002,0.0028520166727749032,0.00010389188451438875,1.3267531067822153e-08,8.741780934939927e-08,1.333333332765462,8.37758040458203,8.377580407384436
h001_k5_epscrit,0.01,5,0.36866,352,3.52,0.002230989935503953,9.687455941631398e-05,1.1621552338540495e-08,8.772093342347861e-08,1.3333333327747343,8.377580404568558,8.377580407384432
h001_k5_epscrit,0.01,5,0.36866,353,3.5300000000000002,0.0028506534891670912,0.00010382044394452538,1.3249219233363561e-08,8.78861345383638e-08,1.3333333327618961,8.377580404555097,8.37758040738443
h001_k5_epscrit,0.01,5,0.36866,354,3.54,0.0022375439477189327,9.698893924196674e-05,1.1647752238752267e-08,8.81869112744827e-08,1.3333333327707633,8.377580404541636,8.377580407384428
h001_k5_epscrit,0.01,5,0.36866,355,3.5500000000000003,0.0028460169158115436,0.00010378178623363964,1.3240441121159002e-08,8.834827134534488e-08,1.333333332759289,8.37758040452818,8.377580407384428
h001_k5_epscrit,0.01,5,0.36866,356,3.56,0.0022375558793578257,9.694991196976606e-05,1.1638157680101322e-08,8.865616084837787e-08,1.3333333327680412,8.377580404514724,8.377580407384428
h001_k5_epscrit,0.01,5,0.36866,357,3.5700000000000003,0.00284929200081439,0.00010384815991486806,1.3256621391955036e-08,8.881911145546477e-08,1.3333333327561918,8.377580404501273,8.377580407384423
h001_k5_epscrit,0.01,5,0.36866,358,3.58,0.0022366131171827723,9.695252622973928e-05,1.1639004352783337e-08,8.912268487872604e-08,1.3333333327648824,8.377580404487814,8.37758040738442
h001_k5_epscrit,0.01,5,0.36866,359,3.59,0.0028499772595850324,0.00010384441598987731,1.3255461154354705e-08,8.928552925651406e-08,1.333333332753277,8.377580404474369,8.377580407384418
h001_k5_epscrit,0.01,5,0.36866,360,3.6,0.002231347770382355,9.68629497494729e-05,1.1618078196057019e-08,8.958962455808115e-08,1.3333333327611216,8.377580404460923,8.377580407384416
h001_k5_epscrit,0.01,5,0.36866,361,3.61,0.0028490275478581357,0.00010379772974545155,1.3243321421858767e-08,8.975281597614296e-08,1.3333333327498105,8.377580404447492,8.377580407384421
h001_k5_epscrit,0.01,5,0.36866,362,3.62,0.0022377380823589035,9.697920440999567e-05,1.164493243191672e-08,9.00542333563534e-08,1.3333333327584103,8.37758040443406,8.377580407384427
h001_k5_epscrit,0.01,5,0.36866,363,3.63,0.0028453660896033957,0.00010377615847498131,1.3238734214316192e-08,9.021827700610453e-08,1.3333333327458532,8.377580404420625,8.37758040738443
h001_k5_epscrit,0.01,5,0.36866,364,3.64,0.0022374039279568813,9.693871318773309e-05,1.1635027543990603e-08,9.052379759895664e-08,1.3333333327558727,8.377580404407187,8.37758040738443
h001_k5_epscrit,0.01,5,0.36866,365,3.65,0.0028508791536791594,0.00010387904455521791,1.3264153896817578e-08,9.068640006571197e-08,1.3333333327437504,8.377580404393758,8.377580407384432
h001_k5_epscrit,0.01,5,0.36866,366,3.66,0.0022322357644840485,9.688267206821153e-05,1.1622831032999677e-08,9.098987602290821e-08,1.3333333327532906,8.37758040438032,8.37758040738443
h001_k5_epscrit,0.01,5,0.36866,367,3.67,0.002850741200575529,0.00010382834089183326,1.325089193298252e-08,9.115447353135279e-08,1.3333333327402908,8.37758040436688,8.377580407384425
h001_k5_epscrit,0.01,5,0.36866,368,3.68,0.0022360637063350316,9.696148019310908e-05,1.164104901877675e-08,9.145418274835205e-08,1.3333333327498516,8.377580404353447,8.377580407384425
h001_k5_epscrit,0.01,5,0.36866,369,3.69,0.0028452691470300883,0.0001037574948778268,1.3233985720720937e-08,9.161703693508295e-08,1.3333333327377614,8.377580404340002,8.37758040738442
h001_k5_epscrit,0.01,5,0.36866,370,3.7,0.0022363491297932485,9.692473529147846e-05,1.1632086367032168e-08,9.19213351939402e-08,1.333333332747018,8.377580404326563,8.377580407384416
h001_k5_epscrit,0.01,5,0.36866,371,3.71,0.0028475150003405125,0.00010380878165289425,1.3246811415901831e-08,9.208592811806383e-08,1.3333333327344243,8.377580404313154,8.377580407384425
h001_k5_epscrit,0.01,5,0.36866,372,3.72,0.002236762414318515,9.694476699920167e-05,1.163713097954153e-08,9.238685795974817e-08,1.3333333327439183,8.377580404299726,8.37758040738443
h001_k5_epscrit,0.01,5,0.36866,373,3.73,0.0028495308561584387,0.00010384236633230649,1.3255232663545206e-08,9.25536538258109e-08,1.3333333327316306,8.377580404286293,8.377580407384428
h001_k5_epscrit,0.01,5,0.36866,374,3.74,0.002232468032184941,9.687937538115688e-05,1.1622039740173478e-08,9.285365107935849e-08,1.3333333327400982,8.377580404272866,8.37758040738443
h001_k5_epscrit,0.01,5,0.36866,375,3.75,0.002848506186301212,0.00010379818475476265,1.3243811609785446e-08,9.3021235099419e-08,1.3333333327290353,8.377580404259447,8.377580407384437
h001_k5_epscrit,0.01,5,0.36866,376,3.7600000000000002,0.002235989913673703,9.694155617912028e-05,1.1636462636638401e-08,9.331951956268921e-08,1.333333332737332,8.377580404246018,8.377580407384437
h001_k5_epscrit,0.01,5,0.36866,377,3.77,0.0028443262250769106,0.00010374537391852444,1.3231169173945729e-08,9.348818100100742e-08,1.3333333327256665,8.377580404232589,8.377580407384439
h001_k5_epscrit,0.01,5,0.36866,378,3.7800000000000002,0.0022375010435887526,9.693524097745661e-05,1.1634443671344186e-08,9.378947592167173e-08,1.3333333327340657,8.377580404219154,8.37758040738444
h001_k5_epscrit,0.01,5,0.36866,379,3.79,0.0028484854805554158,0.0001038366853442442,1.3253964371790442e-08,9.395680349397128e-08,1.3333333327221464,8.377580404205728,8.377580407384444
h001_k5_epscrit,0.01,5,0.36866,380,3.8000000000000003,0.0022331330295336602,9.688155618163816e-05,1.162252675901958e-08,9.425817100497282e-08,1.3333333327317451,8.377580404192289,8.377580407384444
h001_k5_epscrit,0.01,5,0.36866,381,3.81,0.002851629634547121,0.0001038565353041939,1.3258328614981294e-08,9.442867455351182e-08,1.333333332719634,8.377580404178865,8.377580407384448
h001_k5_epscrit,0.01,5,0.36866,382,3.8200000000000003,0.002237020907790824,9.697731837259873e-05,1.1644954205890113e-08,9.472647003625948e-08,1.3333333327287094,8.377580404165434,8.377580407384452
h001_k5_epscrit,0.01,5,0.36866,383,3.83,0.0028473047560928773,0.00010379745501383924,1.3244054621109056e-08,9.489527618572559e-08,1.3333333327161552,8.377580404152003,8.377580407384455
h001_k5_epscrit,0.01,5,0.36866,384,3.84,0.0022373970624151897,9.694775399085808e-05,1.1637472918114285e-08,9.51961968708892e-08,1.333333332725474,8.377580404138557,8.377580407384452
h001_k5_epscrit,0.01,5,0.36866,385,3.85,0.002847345324357688,0.0001038091998076221,1.324686229650972e-08,9.536379530844941e-08,1.3333333327130465,8.377580404125116,8.377580407384452
h001_k5_epscrit,0.01,5,0.36866,386,3.86,0.0022376671448542155,9.695707587901157e-05,1.1639773387993833e-08,9.566340558297335e-08,1.3333333327226131,8.377580404111677,8.377580407384455
h001_k5_epscrit,0.01,5,0.36866,387,3.87,0.002850094477200734,0.00010386003484804361,1.3259595112769638e-08,9.583398955654322e-08,1.3333333327105077,8.377580404098232,8.377580407384455
h001_k5_epscrit,0.01,5,0.36866,388,3.88,0.0022357107955378983,9.69363310451528e-05,1.1635194260821646e-08,9.613251851002256e-08,1.3333333327188261,8.377580404084778,8.377580407384453
h001_k5_epscrit,0.01,5,0.36866,389,3.89,0.002850069768733594,0.00010384177204133095,1.3254706057457465e-08,9.63022448663028e-08,1.3333333327075905,8.377580404071324,8.377580407384448
h001_k5_epscrit,0.01,5,0.36866,390,3.9,0.0022377286783171637,9.697892012914188e-05,1.1645192603764057e-08,9.659978220871578e-08,1.333333332716201,8.377580404057882,8.377580407384453
h001_k5_epscrit,0.01,5,0.36866,391,3.91,0.002845736226165986,0.00010377554017989845,1.3238525640986873e-08,9.676999632518738e-08,1.3333333327043178,8.377580404044444,8.377580407384457
h001_k5_epscrit,0.01,5,0.36866,392,3.92,0.0022391751865885887,9.697469480111181e-05,1.1643656313657038e-08,9.706938904458872e-08,1.3333333327128534,8.37758040403098,8.377580407384453
h001_k5_epscrit,0.01,5,0.36866,393,3.93,0.002847127165671338,0.00010381735560180233,1.3249098931298673e-08,9.723878831969455e-08,1.3333333327018986,8.377580404017532,8.377580407384462
h001_k5_epscrit,0.01,5,0.36866,394,3.94,0.0022337366066950953,9.688054882916845e-05,1.1621994667223195e-08,9.753726659532447e-08,1.3333333327106287,8.377580404004076,8.377580407384464
h001_k5_epscrit,0.01,5,0.36866,395,3.95,0.0028498299023304277,0.00010383114363130172,1.3252006668078487e-08,9.770952127274568e-08,1.3333333326984886,8.377580403990615,8.377580407384464
h001_k5_epscrit,0.01,5,0.36866,396,3.96,0.00223598311799829,9.694663481148107e-05,1.1637686204299383e-08,9.800450570754702e-08,1.3333333327070551,8.377580403977149,8.377580407384464
h001_k5_epscrit,0.01,5,0.36866,397,3.97,0.0028462947292396575,0.00010377733096446751,1.323899815000136e-08,9.817683118548528e-08,1.3333333326957186,8.377580403963682,8.377580407384464
h001_k5_epscrit,0.01,5,0.36866,398,3.98,0.0022370035797267024,9.693817657609467e-05,1.1635329876987091e-08,9.847538916877406e-08,1.3333333327042172,8.377580403950192,8.377580407384455
h001_k5_epscrit,0.01,5,0.36866,399,3.99,0.002844963061112007,0.00010376284529288523,1.3235332746537778e-08,9.864566464586804e-08,1.3333333326920753,8.377580403936713,8.377580407384453
h001_k5_epscrit,0.01,5,0.36866,400,4.0,0.002236496227302836,9.692264879541022e-05,1.1631640089097883e-08,9.894426849884384e-08,1.3333333327017565,8.377580403923233,8.377580407384453
h001_k5_epscrit,0.01,5,0.36866,401,4.01,0.0028471106611567933,0.00010379973340255809,1.3244546920400185e-08,9.911682732146074e-08,1.3333333326887158,8.377580403909745,8.377580407384446
h001_k5_epscrit,0.01,5,0.36866,402,4.0200000000000005,0.0022347571533101193,9.690178401050172e-05,1.1626975055856573e-08,9.941423820484288e-08,1.3333333326983852,8.37758040389625,8.37758040738444
h001_k5_epscrit,0.01,5,0.36866,403,4.03,0.0028481729270053674,0.00010380391387024719,1.3245291205402933e-08,9.958595727025673e-08,1.3333333326863694,8.37758040388276,8.37758040738444
h001_k5_epscrit,0.01,5,0.36866,404,4.04,0.0022368019941333478,9.695402437615374e-05,1.1639367627517401e-08,9.98830123626874e-08,1.3333333326952035,8.377580403869267,8.377580407384439
h001_k5_epscrit,0.01,5,0.36866,405,4.05,0.002845698161353405,0.00010376903451971666,1.3236906359336974e-08,1.0005576958137355e-07,1.3333333326838346,8.377580403855768,8.377580407384437
h001_k5_epscrit,0.01,5,0.36866,406,4.0600000000000005,0.0022402842657527062,9.699666535118019e-05,1.1648977891826321e-08,1.0035406953606204e-07,1.3333333326919146,8.377580403842279,8.377580407384443
h001_k5_epscrit,0.01,5,0.36866,407,4.07,0.002846944028300657,0.000103815633942211,1.3248811645013463e-08,1.0052682135649802e-07,1.33333333268097,8.377580403828778,8.377580407384444
h001_k5_epscrit,0.01,5,0.36866,408,4.08,0.0022362606394404645,9.692239859534977e-05,1.1631730946190604e-08,1.0082419447410335e-07,1.3333333326891084,8.377580403815278,8.377580407384448
h001_k5_epscrit,0.01,5,0.36866,409,4.09,0.0028496974430012277,0.00010384193833803132,1.3254838312433765e-08,1.0099852062555332e-07,1.3333333326776988,8.37758040380176,8.377580407384444
h001_k5_epscrit,0.01,5,0.36866,410,4.1,0.002237916831800933,9.697829554845347e-05,1.164508767665585e-08,1.0129303708817491e-07,1.3333333326857468,8.37758040378824,8.377580407384443
h001_k5_epscrit,0.01,5,0.36866,411,4.11,0.0028478278457796497,0.00010381240094680501,1.3247780061069734e-08,1.0146711241370656e-07,1.333333332674929,8.377580403774703,8.377580407384432
h001_k5_epscrit,0.01,5,0.36866,412,4.12,0.0022392711422980637,9.698838352940497e-05,1.1647224218206527e-08,1.017637545768013e-07,1.3333333326836154,8.377580403761199,8.377580407384444
h001_k5_epscrit,0.01,5,0.36866,413,4.13,0.002846297286535986,0.00010379554044447562,1.3243628750164076e-08,1.0193638475947823e-07,1.3333333326712755,8.377580403747668,8.37758040738444
h001_k5_epscrit,0.01,5,0.36866,414,4.14,0.002238638638916362,9.69682447434755e-05,1.1642406160999206e-08,1.0223308688866165e-07,1.3333333326808656,8.377580403734134,8.377580407384439
h001_k5_epscrit,0.01,5,0.36866,415,4.15,0.0028477352002305584,0.00010382169876504029,1.325015560368652e-08,1.0240866646362816e-07,1.3333333326678538,8.377580403720598,8.37758040738444
h001_k5_epscrit,0.01,5,0.36866,416,4.16,0.002236260713570286,9.693032027892325e-05,1.1633602634364482e-08,1.027041395568046e-07,1.3333333326778825,8.377580403707048,8.377580407384436
h001_k5_epscrit,0.01,5,0.36866,417,4.17,0.0028483173894319966,0.00010381548198669473,1.3248274746667544e-08,1.028789865663561e-07,1.3333333326655157,8.377580403693491,8.377580407384428
h001_k5_epscrit,0.01,5,0.36866,418,4.18,0.002236337367864081,9.694142058942881e-05,1.163629135866744e-08,1.0317406863568997e-07,1.3333333326744958,8.377580403679929,8.377580407384421
h001_k5_epscrit,0.01,5,0.36866,419,4.19,0.0028457002320513877,0.00010376611055284658,1.3236081894506903e-08,1.0334882441836909e-07,1.3333333326626373,8.377580403666375,8.377580407384423
h001_k5_epscrit,0.01,5,0.36866,420,4.2,0.002238908419483708,9.697191603398005e-05,1.1643134004808682e-08,1.0364378017525392e-07,1.333333332671398,8.377580403652821,8.377580407384425
h001_k5_epscrit,0.01,5,0.36866,421,4.21,0.002844864569217731,0.00010377321178312241,1.323812242984688e-08,1.0381871780706536e-07,1.3333333326600765,8.37758040363925,8.377580407384421
h001_k5_epscrit,0.01,5,0.36866,422,4.22,0.0022359523261529916,9.69093239625702e-05,1.1628508383522724e-08,1.0411563043343667e-07,1.3333333326683703,8.377580403625682,8.377580407384421
h001_k5_epscrit,0.01,5,0.36866,423,4.23,0.0028472194950594537,0.00010379696341678075,1.3243599859959756e-08,1.0429189842314183e-07,1.333333332657477,8.377580403612114,8.377580407384423
h001_k5_epscrit,0.01,5,0.36866,424,4.24,0.002236417475497837,9.693652267688725e-05,1.1635073395319038e-08,1.045860654084592e-07,1.3333333326654593,8.377580403598536,8.377580407384423
h001_k5_epscrit,0.01,5,0.36866,425,4.25,0.0028458814744739833,0.00010376993320376134,1.3236983750149816e-08,1.0476173062421342e-07,1.3333333326534718,8.377580403584952,8.377580407384423
h001_k5_epscrit,0.01,5,0.36866,426,4.26,0.0022380093767318606,9.695724870823134e-05,1.1639747442716809e-08,1.0505730821033366e-07,1.3333333326624035,8.377580403571363,8.377580407384423
h001_k5_epscrit,0.01,5,0.36866,427,4.2700000000000005,0.002844982746323178,0.00010376657554799305,1.3236322873321363e-08,1.052325323994021e-07,1.333333332650724,8.377580403557749,8.377580407384416
h001_k5_epscrit,0.01,5,0.36866,428,4.28,0.002238565218545854,9.695879439589831e-05,1.1640082021461995e-08,1.0552739047201978e-07,1.3333333326601657,8.377580403544135,8.377580407384409
h001_k5_epscrit,0.01,5,0.36866,429,4.29,0.002846378776466029,0.00010379817997104196,1.324434014186019e-08,1.0570480386341534e-07,1.3333333326477594,8.37758040353053,8.37758040738441
h001_k5_epscrit,0.01,5,0.36866,430,4.3,0.002237217354690887,9.69391197833533e-05,1.1635592839623066e-08,1.0599849997231578e-07,1.3333333326574994,8.377580403516918,8.37758040738441
h001_k5_epscrit,0.01,5,0.36866,431,4.3100000000000005,0.0028478491887961883,0.00010381590262193044,1.3248551572089372e-08,1.061764183591183e-07,1.3333333326445926,8.377580403503305,8.377580407384412
h001_k5_epscrit,0.01,5,0.36866,432,4.32,0.0022371755103734008,9.695110733225817e-05,1.1638537796756541e-08,1.0647027981998587e-07,1.3333333326543082,8.377580403489675,8.377580407384409
h001_k5_epscrit,0.01,5,0.36866,433,4.33,0.002846944939948098,0.00010379556989616489,1.3243529998460205e-08,1.0664832391540142e-07,1.3333333326417456,8.37758040347605,8.377580407384409
h001_k5_epscrit,0.01,5,0.36866,434,4.34,0.002239967359281102,9.699461936265504e-05,1.1648564114405465e-08,1.0694078943017392e-07,1.3333333326509007,8.377580403462426,8.377580407384412
h001_k5_epscrit,0.01,5,0.36866,435,4.3500000000000005,0.002845920287492289,0.00010379653833814902,1.3244107677717063e-08,1.0711870479005452e-07,1.333333332639431,8.37758040344878,8.377580407384407
h001_k5_epscrit,0.01,5,0.36866,436,4.36,0.0022380858536616656,9.695072126242755e-05,1.1638320721755455e-08,1.074127969285407e-07,1.3333333326477126,8.377580403435138,8.377580407384407
h001_k5_epscrit,0.01,5,0.36866,437,4.37,0.0028474889797497145,0.00010381207532826222,1.324765236657976e-08,1.0759129503813181e-07,1.3333333326366918,8.377580403421472,8.377580407384396
h001_k5_epscrit,0.01,5,0.36866,438,4.38,0.0022372958026582544,9.695053532297957e-05,1.1638401189758977e-08,1.0788369690146836e-07,1.3333333326447676,8.37758040340781,8.377580407384393
h001_k5_epscrit,0.01,5,0.36866,439,4.39,0.0028467880335328244,0.00010379351268955902,1.3243021513335439e-08,1.0806306344611511e-07,1.3333333326335635,8.377580403394148,8.377580407384393
h001_k5_epscrit,0.01,5,0.36866,440,4.4,0.002238561875067805,9.696921326795542e-05,1.1642605228809619e-08,1.0835599124148637e-07,1.3333333326424581,8.377580403380483,8.377580407384395
h001_k5_epscrit,0.01,5,0.36866,441,4.41,0.0028452997929027226,0.0001037748758245979,1.3238454462119006e-08,1.0853481744665259e-07,1.3333333326300245,8.377580403366819,8.377580407384396
h001_k5_epscrit,0.01,5,0.36866,442,4.42,0.002239059808470775,9.69656512008622e-05,1.1641653048238734e-08,1.0882780569418292e-07,1.3333333326396226,8.377580403353146,8.3775804073844
h001_k5_epscrit,0.01,5,0.36866,443,4.43,0.0028451865434552712,0.00010377695856563463,1.323898828050902e-08,1.0900679677395734e-07,1.333333332626854,8.37758040333947,8.377580407384405
h001_k5_epscrit,0.01,5,0.36866,444,4.44,0.0022377660037583656,9.694209984118618e-05,1.1636186462962526e-08,1.092994127610835e-07,1.3333333326371632,8.37758040332579,8.37758040738441
h001_k5_epscrit,0.01,5,0.36866,445,4.45,0.002846573879606883,0.00010379535281500721,1.3243428616651876e-08,1.0947953777039249e-07,1.333333332624079,8.377580403312084,8.377580407384407
h001_k5_epscrit,0.01,5,0.36866,446,4.46,0.0022368152650466197,9.693517579202606e-05,1.1634672027330948e-08,1.0977154878976375e-07,1.3333333326339845,8.37758040329838,8.377580407384405
h001_k5_epscrit,0.01,5,0.36866,447,4.47,0.002845782171646456,0.0001037727961131057,1.323768288013506e-08,1.099517680545003e-07,1.3333333326215109,8.377580403284679,8.377580407384407
h001_k5_epscrit,0.01,5,0.36866,448,4.48,0.0022389768236825785,9.69711459148034e-05,1.1642913275983505e-08,1.1024335407800883e-07,1.3333333326307502,8.377580403270967,8.37758040738441
h001_k5_epscrit,0.01,5,0.36866,449,4.49,0.0028447437007422063,0.00010376985685050779,1.3237242484000751e-08,1.1042325334008202e-07,1.333333332619501,8.377580403257246,8.377580407384409
h001_k5_epscrit,0.01,5,0.36866,450,4.5,0.002238425636689884,9.695170589070708e-05,1.1638377983823358e-08,1.1071624539196905e-07,1.3333333326269508,8.377580403243511,8.377580407384407
h001_k5_epscrit,0.01,5,0.36866,451,4.51,0.002846409551357294,0.000103794988904436,1.3243369117500243e-08,1.1089648036260623e-07,1.3333333326166381,8.377580403229794,8.377580407384414
h001_k5_epscrit,0.01,5,0.36866,452,4.5200000000000005,0.0022372592855577494,9.694100516674089e-05,1.1636045924897354e-08,1.1118716247200525e-07,1.333333332624598,8.37758040321605,8.377580407384412
h001_k5_epscrit,0.01,5,0.36866,453,4.53,0.002846337239888498,0.00010378653870538683,1.3241288620987903e-08,1.1136894764232935e-07,1.3333333326136816,8.377580403202304,8.37758040738441
h001_k5_epscrit,0.01,5,0.36866,454,4.54,0.0022384965866092277,9.696301486521554e-05,1.1641144060169264e-08,1.1165961336727286e-07,1.3333333326221926,8.377580403188551,8.377580407384412
h001_k5_epscrit,0.01,5,0.36866,455,4.55,0.00284496968408256,0.00010376966899903109,1.3237166731288128e-08,1.1184053247671987e-07,1.3333333326101025,8.377580403174798,8.377580407384414
h001_k5_epscrit,0.01,5,0.36866,456,4.5600000000000005,0.002239603514423349,9.697563997482651e-05,1.1644015224545757e-08,1.1213241553993293e-07,1.3333333326201475,8.377580403161035,8.377580407384414
h001_k5_epscrit,0.01,5,0.36866,457,4.57,0.002844982324573655,0.00010377670918130205,1.3238997595817443e-08,1.1231328859913746e-07,1.3333333326063999,8.377580403147258,8.377580407384412
h001_k5_epscrit,0.01,5,0.36866,458,4.58,0.0022391126029834437,9.696639473396498e-05,1.1641912674431013e-08,1.1260476954546719e-07,1.333333332617883,8.377580403133463,8.377580407384402
h001_k5_epscrit,0.01,5,0.36866,459,4.59,0.002845982058086025,0.00010379034853471217,1.3242355001811141e-08,1.1278638070807386e-07,1.3333333326040273,8.377580403119678,8.377580407384396
h001_k5_epscrit,0.01,5,0.36866,460,4.6000000000000005,0.0022378142027485877,9.694829316661472e-05,1.1637790464440148e-08,1.1307725085548483e-07,1.3333333326137318,8.377580403105881,8.377580407384396
h001_k5_epscrit,0.01,5,0.36866,461,4.61,0.002845618834668258,0.00010377463989640763,1.3238294972594352e-08,1.1325930094351406e-07,1.3333333326017822,8.377580403092082,8.377580407384395
h001_k5_epscrit,0.01,5,0.36866,462,4.62,0.0022394409795721344,9.697802191141473e-05,1.164463577204931e-08,1.1354998669785162e-07,1.333333332610015,8.377580403078282,8.377580407384395
h001_k5_epscrit,0.01,5,0.36866,463,4.63,0.002844731942499621,0.00010376993519333128,1.3237344467102041e-08,1.1373191826555109e-07,1.3333333325998082,8.37758040306446,8.377580407384388
h001_k5_epscrit,0.01,5,0.36866,464,4.64,0.002239290531804576,9.696592570601525e-05,1.1641732422563808e-08,1.1402392811694124e-07,1.3333333326070695,8.377580403050647,8.377580407384388
h001_k5_epscrit,0.01,5,0.36866,465,4.65,0.0028460573579748884,0.00010379143383381774,1.3242568936455045e-08,1.1420613887622507e-07,1.333333332596972,8.377580403036823,8.377580407384384
h001_k5_epscrit,0.01,5,0.36866,466,4.66,0.0022380985704144453,9.695139409136398e-05,1.1638428021778854e-08,1.1449596591583435e-07,1.3333333326047125,8.377580403022995,8.377580407384384
h001_k5_epscrit,0.01,5,0.36866,467,4.67,0.0028459138884936825,0.00010378194946572315,1.3240129225264653e-08,1.1467929093961862e-07,1.3333333325932326,8.377580403009171,8.37758040738439
h001_k5_epscrit,0.01,5,0.36866,468,4.68,0.0022389436756965098,9.696721482488459e-05,1.1642113593714459e-08,1.1496929755775676e-07,1.3333333326023555,8.377580402995328,8.37758040738439
h001_k5_epscrit,0.01,5,0.36866,469,4.69,0.0028449448367199185,0.00010376762121161544,1.3236643009892655e-08,1.1515210213582689e-07,1.333333332589802,8.377580402981478,8.37758040738439
h001_k5_epscrit,0.01,5,0.36866,470,4.7,0.0022397553046804787,9.697526084168188e-05,1.164387832495788e-08,1.1544277834131873e-07,1.3333333326001868,8.377580402967626,8.37758040738439
h001_k5_epscrit,0.01,5,0.36866,471,4.71,0.002844862440089359,0.00010377213287257986,1.3237806463627825e-08,1.1562534618036275e-07,1.3333333325871,8.377580402953747,8.37758040738438
h001_k5_epscrit,0.01,5,0.36866,472,4.72,0.0022395763479842075,9.697188386931124e-05,1.1643078812431245e-08,1.1591524716534017e-07,1.3333333325968018,8.377580402939877,8.37758040738438
h001_k5_epscrit,0.01,5,0.36866,473,4.73,0.0028454211966907395,0.00010378266597592266,1.3240436159877685e-08,1.1609887846217326e-07,1.3333333325846537,8.377580402926021,8.37758040738439
h001_k5_epscrit,0.01,5,0.36866,474,4.74,0.002238715380069888,9.695925518971528e-05,1.1640228556369734e-08,1.1638863902599813e-07,1.3333333325936276,8.377580402912143,8.377580407384391
h001_k5_epscrit,0.01,5,0.36866,475,4.75,0.002845452314245866,0.00010377627592846172,1.3238736369033882e-08,1.1657254977018214e-07,1.3333333325827694,8.37758040289825,8.377580407384388
h001_k5_epscrit,0.01,5,0.36866,476,4.76,0.002239601034288398,9.69762784018798e-05,1.1644165900322082e-08,1.1686139052591028e-07,1.333333332590128,8.377580402884353,8.377580407384388
h001_k5_epscrit,0.01,5,0.36866,477,4.7700000000000005,0.0028441704748583753,0.00010375904517742454,1.3234620513056603e-08,1.1704510521560384e-07,1.3333333325800494,8.377580402870452,8.377580407384388
h001_k5_epscrit,0.01,5,0.36866,478,4.78,0.0022398146611277226,9.697079276782933e-05,1.1642809934477604e-08,1.1733511460871495e-07,1.3333333325879626,8.37758040285655,8.37758040738439
h001_k5_epscrit,0.01,5,0.36866,479,4.79,0.0028450240484776653,0.00010377675627278687,1.3239010157521879e-08,1.1751907112134331e-07,1.3333333325766765,8.377580402842623,8.377580407384382
h001_k5_epscrit,0.01,5,0.36866,480,4.8,0.0022390173264030012,9.696156553605766e-05,1.164076375024041e-08,1.1780859725471881e-07,1.3333333325858518,8.3775804028287,8.377580407384382
h001_k5_epscrit,0.01,5,0.36866,481,4.8100000000000005,0.00284541664206888,0.00010377754975880825,1.3239116585586432e-08,1.1799313329995979e-07,1.3333333325732035,8.37758040281478,8.377580407384382
h001_k5_epscrit,0.01,5,0.36866,482,4.82,0.0022393769898165017,9.697144096537326e-05,1.1643103471255099e-08,1.1828172078234977e-07,1.3333333325836523,8.377580402800843,8.37758040738438
h001_k5_epscrit,0.01,5,0.36866,483,4.83,0.0028442292946852534,0.00010375707871615002,1.3234068381831244e-08,1.1846601187951233e-07,1.3333333325703363,8.377580402786903,8.37758040738438
h001_k5_epscrit,0.01,5,0.36866,484,4.84,0.002239469588147838,9.696641456405528e-05,1.1641794663864016e-08,1.1875534219091845e-07,1.3333333325801413,8.37758040277296,8.377580407384382
h001_k5_epscrit,0.01,5,0.36866,485,4.8500000000000005,0.0028444289992550324,0.00010376462568173263,1.3236004397330832e-08,1.1894049272250939e-07,1.3333333325681311,8.377580402759007,8.377580407384382
h001_k5_epscrit,0.01,5,0.36866,486,4.86,0.0022396957705763236,9.696886296433657e-05,1.1642351447985069e-08,1.1922892051809947e-07,1.3333333325769214,8.377580402745041,8.377580407384379
h001_k5_epscrit,0.01,5,0.36866,487,4.87,0.0028448021422176136,0.00010377272171976882,1.3238022284539566e-08,1.1941455920602205e-07,1.3333333325657895,8.37758040273106,8.377580407384372
h001_k5_epscrit,0.01,5,0.36866,488,4.88,0.002239182370161768,9.696186290383429e-05,1.1640796165918259e-08,1.1970292660857376e-07,1.3333333325736572,8.377580402717077,8.377580407384366
h001_k5_epscrit,0.01,5,0.36866,489,4.89,0.0028452833158207685,0.00010377672005507364,1.3238919993176923e-08,1.1988911753651757e-07,1.333333332563079,8.377580402703106,8.37758040738437
h001_k5_epscrit,0.01,5,0.36866,490,4.9,0.002239906882772067,9.697825391377078e-05,1.1644618235951326e-08,1.2017681765045638e-07,1.3333333325710193,8.377580402689103,8.377580407384363
h001_k5_epscrit,0.01,5,0.36866,491,4.91,0.0028444225905625412,0.00010376421883359364,1.3235920607460949e-08,1.2036303188677648e-07,1.3333333325598664,8.377580402675104,8.37758040738436
h001_k5_epscrit,0.01,5,0.36866,492,4.92,0.002240597140888215,9.698354404295571e-05,1.1645776566882263e-08,1.206511960664195e-07,1.3333333325692456,8.377580402661106,8.37758040738436
h001_k5_epscrit,0.01,5,0.36866,493,4.93,0.0028448407377827624,0.0001037763224055146,1.3238962523811884e-08,1.2083708309776724e-07,1.3333333325563315,8.3775804026471,8.377580407384361
h001_k5_epscrit,0.01,5,0.36866,494,4.94,0.0022398410184963783,9.697187469957982e-05,1.1643120558521663e-08,1.2112517753187687e-07,1.3333333325664611,8.377580402633082,8.37758040738436
h001_k5_epscrit,0.01,5,0.36866,495,4.95,0.002845435413184518,0.00010378127242491904,1.3240095769944687e-08,1.2131167912610907e-07,1.3333333325545151,8.37758040261906,8.377580407384356
h001_k5_epscrit,0.01,5,0.36866,496,4.96,0.0022400218620046227,9.698033934127049e-05,1.1645137940610391e-08,1.2159876689315762e-07,1.3333333325627892,8.37758040260505,8.377580407384364
h001_k5_epscrit,0.01,5,0.36866,497,4.97,0.0028446742719348173,0.0001037687932949138,1.3237031218205507e-08,1.2178543902291728e-07,1.333333332551884,8.37758040259102,8.377580407384366
h001_k5_epscrit,0.01,5,0.36866,498,4.98,0.0022403261162344543,9.698145817090738e-05,1.1645316278638397e-08,1.2207294450349038e-07,1.3333333325594305,8.377580402576976,8.377580407384364
h001_k5_epscrit,0.01,5,0.36866,499,4.99,0.0028445773029499052,0.00010377092069206362,1.3237625687220869e-08,1.222602387995233e-07,1.3333333325493317,8.37758040256293,8.377580407384363
h001_k5_epscrit,0.01,5,0.36866,500,5.0,0.002240402066913703,9.697897637301512e-05,1.164472244368722e-08,1.2254673668546624e-07,1.3333333325573298,8.377580402548883,8.377580407384366
h001_k5_epscrit,0.01,5,0.36866,501,5.01,0.0028442236365209374,0.00010376446667468863,1.323598390399621e-08,1.2273401933020103e-07,1.3333333325460772,8.37758040253483,8.377580407384368
h001_k5_epscrit,0.01,5,0.36866,502,5.0200000000000005,0.002239788286988495,9.696888406754768e-05,1.1642399580585528e-08,1.2302108405414548e-07,1.3333333325553225,8.377580402520763,8.377580407384366
h001_k5_epscrit,0.01,5,0.36866,503,5.03,0.002844691817969209,0.0001037688678236372,1.3237028655472503e-08,1.2320888391826858e-07,1.3333333325426031,8.377580402506686,8.377580407384363
h001_k5_epscrit,0.01,5,0.36866,504,5.04,0.00224020339898826,9.697863476168574e-05,1.1644696865620063e-08,1.23495634795352e-07,1.333333332552827,8.377580402492601,8.377580407384357
h001_k5_epscrit,0.01,5,0.36866,505,5.05,0.002843999606809047,0.00010375730597108816,1.3234191003771051e-08,1.2368319869592514e-07,1.3333333325402155,8.37758040247852,8.37758040738436
h001_k5_epscrit,0.01,5,0.36866,506,5.0600000000000005,0.002240835615686976,9.698494445832381e-05,1.1646081431349652e-08,1.239701715402782e-07,1.333333332549525,8.377580402464432,8.377580407384363
h001_k5_epscrit,0.01,5,0.36866,507,5.07,0.0028440321661000268,0.00010376293837039463,1.3235663858571763e-08,1.2415790221363434e-07,1.3333333325383825,8.377580402450342,8.377580407384366
h001_k5_epscrit,0.01,5,0.36866,508,5.08,0.002240282309233968,9.697392539924062e-05,1.1643538284453567e-08,1.2444464855233236e-07,1.3333333325455974,8.37758040243624,8.377580407384368
h001_k5_epscrit,0.01,5,0.36866,509,5.09,0.0028443528265453015,0.0001037647193093111,1.323601501001057e-08,1.2463259372684454e-07,1.3333333325358283,8.377580402422131,8.377580407384368
h001_k5_epscrit,0.01,5,0.36866,510,5.1000000000000005,0.0022402169603814846,9.697626101874956e-05,1.1644101846314995e-08,1.2491894339793652e-07,1.3333333325435335,8.377580402408027,8.377580407384377
h001_k5_epscrit,0.01,5,0.36866,511,5.11,0.0028440344579375707,0.00010375899369467748,1.3234606578121037e-08,1.251071988863412e-07,1.3333333325321892,8.377580402393908,8.377580407384382
h001_k5_epscrit,0.01,5,0.36866,512,5.12,0.0022407398908379094,9.698398194473466e-05,1.1645870205452405e-08,1.253935068927238e-07,1.3333333325415158,8.377580402379786,8.377580407384384
h001_k5_epscrit,0.01,5,0.36866,513,5.13,0.002843895751526514,0.00010376032003859827,1.3234974938492593e-08,1.255820372381724e-07,1.3333333325287704,8.377580402365652,8.377580407384384
h001_k5_epscrit,0.01,5,0.36866,514,5.14,0.0022410154810362888,9.698754475935614e-05,1.164669249627989e-08,1.2586826868435746e-07,1.3333333325390384,8.377580402351503,8.377580407384382
h001_k5_epscrit,0.01,5,0.36866,515,5.15,0.002843881181377711,0.0001037607279105346,1.3235083305036462e-08,1.260570406815075e-07,1.3333333325262977,8.377580402337353,8.377580407384382
h001_k5_epscrit,0.01,5,0.36866,516,5.16,0.0022410287628745395,9.69879387617514e-05,1.1646838090336869e-08,1.2634362567642722e-07,1.3333333325354757,8.377580402323197,8.377580407384382
h001_k5_epscrit,0.01,5,0.36866,517,5.17,0.0028447101138440838,0.00010377346340394919,1.3238255901283748e-08,1.2653232247198263e-07,1.3333333325248384,8.377580402309034,8.377580407384382
h001_k5_epscrit,0.01,5,0.36866,518,5.18,0.0022405495179150877,9.698266861160693e-05,1.1645630362103385e-08,1.268175961450862e-07,1.333333332532073,8.377580402294848,8.377580407384373
h001_k5_epscrit,0.01,5,0.36866,519,5.19,0.0028438379618837425,0.00010375633096830318,1.3233946308645512e-08,1.2700678812908736e-07,1.3333333325221508,8.377580402280671,8.377580407384373
h001_k5_epscrit,0.01,5,0.36866,520,5.2,0.00224117158206725,9.699104400372466e-05,1.16475099213055e-08,1.2729252366356438e-07,1.333333332529776,8.37758040226649,8.377580407384373
h001_k5_epscrit,0.01,5,0.36866,521,5.21,0.002844174935778012,0.00010376741695141408,1.3236805862642648e-08,1.2748231686169227e-07,1.3333333325191417,8.377580402252303,8.377580407384373
h001_k5_epscrit,0.01,5,0.36866,522,5.22,0.002240749331527461,9.698244631848815e-05,1.1645528381129104e-08,1.2776752510283494e-07,1.3333333325273609,8.37758040223812,8.377580407384379
h001_k5_epscrit,0.01,5,0.36866,523,5.23,0.002844129944552453,0.00010376311790364227,1.3235644676729399e-08,1.2795716793763028e-07,1.3333333325155605,8.377580402223911,8.377580407384375
h001_k5_epscrit,0.01,5,0.36866,524,5.24,0.002240620101230782,9.698205297167471e-05,1.16454433167609e-08,1.2824223105711856e-07,1.3333333325249144,8.377580402209711,8.377580407384379
h001_k5_epscrit,0.01,5,0.36866,525,5.25,0.0028435997907792247,0.00010375292524885367,1.323311181165097e-08,1.284320793866952e-07,1.3333333325129506,8.3775804021955,8.377580407384379
h001_k5_epscrit,0.01,5,0.36866,526,5.26,0.0022409960193843764,9.698614173660202e-05,1.164636267001204e-08,1.2871741365222873e-07,1.333333332521356,8.377580402181268,8.377580407384373
h001_k5_epscrit,0.01,5,0.36866,527,5.2700000000000005,0.002843399524430405,0.00010375142085611264,1.3232784882030827e-08,1.289072577989224e-07,1.3333333325112868,8.377580402167057,8.37758040738438
h001_k5_epscrit,0.01,5,0.36866,528,5.28,0.002241259894225998,9.698870069807934e-05,1.1646943020203911e-08,1.2919272070216842e-07,1.3333333325183028,8.37758040215282,8.37758040738438
h001_k5_epscrit,0.01,5,0.36866,529,5.29,0.002843280363281359,0.00010375041890344964,1.3232522709313465e-08,1.29382643713831e-07,1.3333333325086891,8.377580402138593,8.377580407384384
h001_k5_epscrit,0.01,5,0.36866,530,5.3,0.002241115165548183,9.698536026119538e-05,1.1646142901212814e-08,1.296679391546776e-07,1.3333333325162717,8.377580402124353,8.37758040738439
h001_k5_epscrit,0.01,5,0.36866,531,5.3100000000000005,0.0028437758045418973,0.00010375847505870536,1.323453454812202e-08,1.298584169679072e-07,1.333333332504585,8.377580402110093,8.377580407384382
h001_k5_epscrit,0.01,5,0.36866,532,5.32,0.0022409484332779465,9.698370999795389e-05,1.1645795346592237e-08,1.3014296683585125e-07,1.3333333325143781,8.377580402095841,8.377580407384386
h001_k5_epscrit,0.01,5,0.36866,533,5.33,0.0028435028396759003,0.00010375245608699907,1.323302785432626e-08,1.3033385422388027e-07,1.333333332501803,8.377580402081572,8.377580407384382
h001_k5_epscrit,0.01,5,0.36866,534,5.34,0.002241902011704271,9.699936906499638e-05,1.1649430310460991e-08,1.3061852902421829e-07,1.3333333325108179,8.377580402067297,8.37758040738438
h001_k5_epscrit,0.01,5,0.36866,535,5.3500000000000005,0.0028431437268207275,0.00010375079317782736,1.3232687637734426e-08,1.3080888428214852e-07,1.333333332499783,8.377580402053018,8.377580407384379
h001_k5_epscrit,0.01,5,0.36866,536,5.36,0.0022414787878440104,9.698890705323596e-05,1.164694672470626e-08,1.3109363203071168e-07,1.3333333325074905,8.377580402038735,8.377580407384377
h001_k5_epscrit,0.01,5,0.36866,537,5.37,0.0028434801450240043,0.00010375682382008137,1.3234147640444402e-08,1.3128431032552226e-07,1.3333333324979666,8.377580402024453,8.377580407384379
h001_k5_epscrit,0.01,5,0.36866,538,5.38,0.0022412666066931202,9.698868069604875e-05,1.1646938355062894e-08,1.3156896416168777e-07,1.3333333325049073,8.377580402010146,8.377580407384373
h001_k5_epscrit,0.01,5,0.36866,539,5.39,0.00284354036027192,0.00010375557611617552,1.3233825419652326e-08,1.3176026507973713e-07,1.3333333324940078,8.37758040199583,8.377580407384366
h001_k5_epscrit,0.01,5,0.36866,540,5.4,0.002241393028368718,9.699058289872727e-05,1.1647376985863478e-08,1.3204429899161267e-07,1.3333333325030985,8.377580401981515,8.377580407384363
h001_k5_epscrit,0.01,5,0.36866,541,5.41,0.002843347710394912,0.00010375243875328225,1.3233072769122754e-08,1.322357334393916e-07,1.3333333324908152,8.377580401967208,8.377580407384363
h001_k5_epscrit,0.01,5,0.36866,542,5.42,0.0022416062735892374,9.699302547022266e-05,1.1647943175053863e-08,1.3251964930872553e-07,1.3333333325007186,8.377580401952885,8.37758040738436
h001_k5_epscrit,0.01,5,0.36866,543,5.43,0.002843295647704326,0.00010375325861171121,1.3233314130249333e-08,1.32711649602077e-07,1.3333333324889352,8.377580401938564,8.377580407384363
h001_k5_epscrit,0.01,5,0.36866,544,5.44,0.0022417719847509857,9.699473528826331e-05,1.1648318395855382e-08,1.3299520750165385e-07,1.3333333324968293,8.377580401924243,8.377580407384368
h001_k5_epscrit,0.01,5,0.36866,545,5.45,0.0028432900234201942,0.00010375443373373668,1.323360075455436e-08,1.3318719743392017e-07,1.3333333324870382,8.377580401909906,8.377580407384368
h001_k5_epscrit,0.01,5,0.36866,546,5.46,0.0022414194462832622,9.698846869396969e-05,1.1646871348729582e-08,1.3347078968860737e-07,1.3333333324942693,8.377580401895568,8.377580407384372
h001_k5_epscrit,0.01,5,0.36866,547,5.47,0.0028429096685910022,0.0001037454311814359,1.323129821608738e-08,1.3366282202742477e-07,1.3333333324836376,8.377580401881222,8.37758040738437
h001_k5_epscrit,0.01,5,0.36866,548,5.48,0.0022416502240367214,9.699189942077062e-05,1.1647633631766578e-08,1.3394636884703267e-07,1.3333333324924994,8.377580401866853,8.377580407384363
h001_k5_epscrit,0.01,5,0.36866,549,5.49,0.0028423752821769973,0.00010373685397964985,1.3229189462249372e-08,1.341385550076489e-07,1.333333332479784,8.377580401852503,8.377580407384368
h001_k5_epscrit,0.01,5,0.36866,550,5.5,0.0022417973137115565,9.699082341062438e-05,1.1647339813631206e-08,1.344221790274407e-07,1.3333333324898766,8.377580401838134,8.377580407384366
h001_k5_epscrit,0.01,5,0.36866,551,5.51,0.002842718253848855,0.0001037449009605602,1.3231224237546677e-08,1.3461468231682069e-07,1.333333332478019,8.377580401823746,8.377580407384357
h001_k5_epscrit,0.01,5,0.36866,552,5.5200000000000005,0.002241649190596213,9.698893429893073e-05,1.1646928836927542e-08,1.3489806785982306e-07,1.3333333324856413,8.37758040180937,8.37758040738436
h001_k5_epscrit,0.01,5,0.36866,553,5.53,0.002842933620597544,0.00010374679305126307,1.3231649337128744e-08,1.3509080035824125e-07,1.3333333324766075,8.377580401794997,8.377580407384364
h001_k5_epscrit,0.01,5,0.36866,554,5.54,0.0022416453693090773,9.699090475677788e-05,1.16473948354053e-08,1.3537372617653105e-07,1.3333333324830456,8.377580401780603,8.377580407384361
h001_k5_epscrit,0.01,5,0.36866,555,5.55,0.0028427113259387286,0.0001037432651806463,1.3230776971452986e-08,1.3556675537452146e-07,1.3333333324728378,8.377580401766215,8.377580407384363
h001_k5_epscrit,0.01,5,0.36866,556,5.5600000000000005,0.0022418351966616754,9.699265229431139e-05,1.1647788150733409e-08,1.3584974730876886e-07,1.3333333324817453,8.377580401751812,8.377580407384363
h001_k5_epscrit,0.01,5,0.36866,557,5.57,0.0028427268386820976,0.0001037441587591677,1.3231046125558337e-08,1.3604318217388604e-07,1.333333332469343,8.377580401737415,8.377580407384363
h001_k5_epscrit,0.01,5,0.36866,558,5.58,0.0022421644439491253,9.699642905110028e-05,1.1648669290187186e-08,1.3632591659124132e-07,1.3333333324789327,8.377580401723007,8.377580407384366
h001_k5_epscrit,0.01,5,0.36866,559,5.59,0.0028430168871381965,0.00010375067940038845,1.323268283118755e-08,1.365191563511037e-07,1.3333333324674772,8.37758040170859,8.377580407384366
h001_k5_epscrit,0.01,5,0.36866,560,5.6000000000000005,0.0022418848840066504,9.699396320382808e-05,1.1648126984708096e-08,1.3680147343261724e-07,1.3333333324749608,8.377580401694159,8.377580407384364
h001_k5_epscrit,0.01,5,0.36866,561,5.61,0.002842857744933325,0.00010374655993704818,1.3231615584479947e-08,1.369950666009361e-07,1.3333333324654495,8.37758040167973,8.377580407384363
h001_k5_epscrit,0.01,5,0.36866,562,5.62,0.0022422371969061726,9.70009245271392e-05,1.1649769057954751e-08,1.3727782807399919e-07,1.333333332472698,8.377580401665302,8.377580407384366
h001_k5_epscrit,0.01,5,0.36866,563,5.63,0.0028424934357292927,0.00010374056423384772,1.3230162581855451e-08,1.3747132525279287e-07,1.3333333324615513,8.377580401650855,8.377580407384363
h001_k5_epscrit,0.01,5,0.36866,564,5.64,0.0022422873283306265,9.699847224107244e-05,1.1649118821385584e-08,1.377535422759685e-07,1.3333333324714611,8.377580401636429,8.377580407384372
h001_k5_epscrit,0.01,5,0.36866,565,5.65,0.0028422581486938,0.00010373891631825003,1.3229772580220459e-08,1.3794752682161432e-07,1.3333333324585832,8.377580401621977,8.377580407384372
h001_k5_epscrit,0.01,5,0.36866,566,5.66,0.0022421870780957322,9.699470948861036e-05,1.1648246303826132e-08,1.382297736533073e-07,1.3333333324677137,8.37758040160752,8.377580407384373
h001_k5_epscrit,0.01,5,0.36866,567,5.67,0.0028425503312466175,0.00010374284054875885,1.3230727360783136e-08,1.3842394263268962e-07,1.3333333324575614,8.37758040159307,8.377580407384379
h001_k5_epscrit,0.01,5,0.36866,568,5.68,0.002242331875568842,9.699923923532439e-05,1.164933904630788e-08,1.3870617338357394e-07,1.333333332464338,8.377580401578612,8.377580407384386
h001_k5_epscrit,0.01,5,0.36866,569,5.69,0.0028426071282302502,0.00010374373048214871,1.3230959548554842e-08,1.3890042292027737e-07,1.3333333324541548,8.377580401564142,8.377580407384384
h001_k5_epscrit,0.01,5,0.36866,570,5.7,0.002242280933922019,9.699813429468074e-05,1.1649081455481024e-08,1.3918225566492762e-07,1.333333332463431,8.377580401549658,8.377580407384382
h001_k5_epscrit,0.01,5,0.36866,571,5.71,0.0028422031652265835,0.0001037358680116902,1.322898061208067e-08,1.3937667596288676e-07,1.333333332449986,8.377580401535184,8.377580407384388
h001_k5_epscrit,0.01,5,0.36866,572,5.72,0.002242309652307002,9.699693678155618e-05,1.164875371209201e-08,1.3965861928743855e-07,1.3333333324609637,8.377580401520682,8.37758040738438
h001_k5_epscrit,0.01,5,0.36866,573,5.73,0.002842313831238633,0.00010373860887246406,1.3229659803875921e-08,1.3985332397639506e-07,1.3333333324491639,8.3775804015062,8.377580407384388
h001_k5_epscrit,0.01,5,0.36866,574,5.74,0.0022421180582958868,9.699350863332026e-05,1.1647960114461575e-08,1.401350476695761e-07,1.3333333324556564,8.377580401491695,8.377580407384384
h001_k5_epscrit,0.01,5,0.36866,575,5.75,0.002842364386965413,0.0001037376657445234,1.322941119180958e-08,1.4032969982328882e-07,1.3333333324472796,8.377580401477188,8.377580407384382
h001_k5_epscrit,0.01,5,0.36866,576,5.76,0.002242315558714929,9.699748996256025e-05,1.1648897814124112e-08,1.4061132242756939e-07,1.333333332454784,8.377580401462678,8.377580407384382
h001_k5_epscrit,0.01,5,0.36866,577,5.7700000000000005,0.002842133603426905,0.00010373492326276251,1.3228763078735363e-08,1.4080622991901996e-07,1.3333333324413361,8.377580401448165,8.377580407384384
h001_k5_epscrit,0.01,5,0.36866,578,5.78,0.0022427487596933843,9.700344310837256e-05,1.1650255694540964e-08,1.410877524842715e-07,1.3333333324539394,8.37758040143364,8.377580407384388
h001_k5_epscrit,0.01,5,0.36866,579,5.79,0.0028418911486661775,0.00010373355155565055,1.3228460850470492e-08,1.412830092857949e-07,1.3333333324404943,8.377580401419118,8.377580407384386
h001_k5_epscrit,0.01,5,0.36866,580,5.8,0.002242874972580757,9.700318614510904e-05,1.165018504466584e-08,1.415644035593449e-07,1.3333333324480554,8.377580401404582,8.377580407384384
h001_k5_epscrit,0.01,5,0.36866,581,5.8100000000000005,0.0028421357086239117,0.00010373826898198485,1.3229628119059986e-08,1.4175961828380277e-07,1.3333333324396621,8.377580401390047,8.377580407384386
h001_k5_epscrit,0.01,5,0.36866,582,5.82,0.002242619745102779,9.700033440251505e-05,1.1649542819056916e-08,1.420408667365011e-07,1.3333333324464478,8.377580401375512,8.377580407384391
h001_k5_epscrit,0.01,5,0.36866,583,5.83,0.002842220604434117,0.00010373805118223602,1.3229560599347729e-08,1.422363798119378e-07,1.3333333324336762,8.377580401360966,8.377580407384388
h001_k5_epscrit,0.01,5,0.36866,584,5.84,0.002242840143347499,9.700524606286389e-05,1.165071686702641e-08,1.4251721210003105e-07,1.3333333324468315,8.377580401346414,8.37758040738439
h001_k5_epscrit,0.01,5,0.36866,585,5.8500000000000005,0.0028418670502407635,0.00010373235016110335,1.3228165468641849e-08,1.427128911021341e-07,1.3333333324318464,8.377580401331857,8.37758040738439
h001_k5_epscrit,0.01,5,0.36866,586,5.86,0.0022429490633443963,9.70050337807619e-05,1.1650643392658398e-08,1.4299408858913745e-07,1.3333333324399268,8.37758040131729,8.377580407384388
h001_k5_epscrit,0.01,5,0.36866,587,5.87,0.0028420527614221327,0.00010373665317955039,1.3229246211242817e-08,1.4318980316862854e-07,1.3333333324323031,8.377580401302723,8.377580407384388
h001_k5_epscrit,0.01,5,0.36866,588,5.88,0.00224274404379474,9.70013704290502e-05,1.1649778677268308e-08,1.4347070582212593e-07,1.3333333324383394,8.377580401288153,8.377580407384391
h001_k5_epscrit,0.01,5,0.36866,589,5.89,0.002841956926886891,0.00010373394860382546,1.3228556415486115e-08,1.436666057772527e-07,1.3333333324257446,8.377580401273578,8.377580407384391
h001_k5_epscrit,0.01,5,0.36866,590,5.9,0.002242606301445222,9.699859782323698e-05,1.1649120794585915e-08,1.4394728751036596e-07,1.3333333324382384,8.377580401258994,8.377580407384391
h001_k5_epscrit,0.01,5,0.36866,591,5.91,0.0028419908765125955,0.00010373412750583473,1.3228590682814617e-08,1.4414363154568047e-07,1.3333333324248748,8.377580401244401,8.377580407384388
h001_k5_epscrit,0.01,5,0.36866,592,5.92,0.002243033020251828,9.700605337357994e-05,1.1650872669210106e-08,1.4442417443005106e-07,1.3333333324318466,8.377580401229814,8.37758040738439
h001_k5_epscrit,0.01,5,0.36866,593,5.93,0.00284160890709852,0.00010372830494488132,1.3227178477510626e-08,1.446204965061916e-07,1.33333333242357,8.377580401215234,8.377580407384398
h001_k5_epscrit,0.01,5,0.36866,594,5.94,0.002243253435634578,9.700720244068026e-05,1.1651111523774639e-08,1.4490098706708145e-07,1.3333333324321666,8.377580401200621,8.377580407384395
h001_k5_epscrit,0.01,5,0.36866,595,5.95,0.0028417331043231347,0.00010373245434967884,1.3228213233115464e-08,1.4509752873112155e-07,1.3333333324178955,8.377580401186005,8.37758040738439
h001_k5_epscrit,0.01,5,0.36866,596,5.96,0.002243063921536636,9.700450431326088e-05,1.1650481044149089e-08,1.453779745300678e-07,1.3333333324277754,8.377580401171404,8.377580407384395
h001_k5_epscrit,0.01,5,0.36866,597,5.97,0.0028420529339087176,0.00010373688948764724,1.322930225683195e-08,1.4557484616991203e-07,1.3333333324193322,8.377580401156784,8.377580407384391
h001_k5_epscrit,0.01,5,0.36866,598,5.98,0.0022432473581766765,9.700878083489325e-05,1.1651495495032316e-08,1.458549711718666e-07,1.3333333324250465,8.37758040114216,8.377580407384391
h001_k5_epscrit,0.01,5,0.36866,599,5.99,0.0028417735961617967,0.00010373176664786904,1.322804282400288e-08,1.4605173235377403e-07,1.3333333324114673,8.37758040112752,8.377580407384384
h001_k5_epscrit,0.01,5,0.36866,600,6.0,0.002243492984980856,9.701160006103849e-05,1.1652138310123528e-08,1.4633179546072524e-07,1.333333332425633,8.377580401112894,8.37758040738439
h001_k5_epscrit,0.01,5,0.36866,601,6.01,0.0028417222393959845,0.00010373303710816735,1.3228396215540102e-08,1.465288149574682e-07,1.3333333324142356,8.377580401098257,8.377580407384388
h001_k5_epscrit,0.01,5,0.36866,602,6.0200000000000005,0.0022434169891627,9.700899239006661e-05,1.1651517169245384e-08,1.4680863520382847e-07,1.3333333324154892,8.377580401083627,8.377580407384393
h001_k5_epscrit,0.01,5,0.36866,603,6.03,0.0028416195160440236,0.00010373106921120353,1.3227873600232011e-08,1.4700580789953242e-07,1.3333333324093142,8.377580401068986,8.377580407384395
h001_k5_epscrit,0.01,5,0.36866,604,6.04,0.002243225207397094,9.700584204551586e-05,1.1650811933685796e-08,1.472859531218506e-07,1.3333333324230696,8.377580401054333,8.377580407384393
h001_k5_epscrit,0.01,5,0.36866,605,6.05,0.00284214741155724,0.00010373837944320817,1.3229694774093858e-08,1.474834360669868e-07,1.3333333324044783,8.377580401039687,8.377580407384396
h001_k5_epscrit,0.01,5,0.36866,606,6.0600000000000005,0.0022435949029147957,9.701486725890283e-05,1.1652929557380335e-08,1.4776273932593553e-07,1.3333333324103251,8.377580401025028,8.377580407384398
h001_k5_epscrit,0.01,5,0.36866,607,6.07,0.002841279426591392,0.00010372466122504718,1.3226299896833227e-08,1.4796012660957863e-07,1.3333333324067511,8.37758040101037,8.377580407384398
h001_k5_epscrit,0.01,5,0.36866,608,6.08,0.0022438430548649226,9.701546567272955e-05,1.1653023878643245e-08,1.48239934945245e-07,1.3333333324178116,8.3775804009957,8.377580407384396
h001_k5_epscrit,0.01,5,0.36866,609,6.09,0.0028412696439775536,0.00010372664959686305,1.322682687837609e-08,1.4843749439947287e-07,1.3333333323989964,8.377580400981024,8.377580407384395
h001_k5_epscrit,0.01,5,0.36866,610,6.1000000000000005,0.0022435103219009766,9.700798566287202e-05,1.1651267816887e-08,1.4871687332291798e-07,1.3333333324033985,8.37758040096635,8.377580407384398
h001_k5_epscrit,0.01,5,0.36866,611,6.11,0.0028413390317617074,0.00010372675238318943,1.3226822421572211e-08,1.4891476485567424e-07,1.3333333324015495,8.377580400951679,8.377580407384404
h001_k5_epscrit,0.01,5,0.36866,612,6.12,0.0022434953012067747,9.700867174184392e-05,1.1651423565788333e-08,1.491939967800809e-07,1.333333332414522,8.377580400936987,8.3775804073844
h001_k5_epscrit,0.01,5,0.36866,613,6.13,0.002841116905030604,0.00010372260934189966,1.322579861803222e-08,1.493920835337119e-07,1.3333333323958891,8.377580400922309,8.377580407384405
h001_k5_epscrit,0.01,5,0.36866,614,6.140000000000001,0.002244007662922987,9.701649158929117e-05,1.165325652710198e-08,1.496715145495377e-07,1.3333333323978174,8.377580400907629,8.377580407384414
h001_k5_epscrit,0.01,5,0.36866,615,6.15,0.002841093617915154,0.00010372397171897725,1.3226177161792005e-08,1.4986971829853733e-07,1.3333333323896266,8.377580400892933,8.377580407384416
h001_k5_epscrit,0.01,5,0.36866,616,6.16,0.002243964222072599,9.701374257164739e-05,1.1652584569737452e-08,1.5014878196903264e-07,1.3333333324051866,8.377580400878244,8.377580407384425
h001_k5_epscrit,0.01,5,0.36866,617,6.17,0.0028410601860041703,0.00010372323817262227,1.3225958343600432e-08,1.5034692437793205e-07,1.33333333239933,8.377580400863526,8.37758040738442
h001_k5_epscrit,0.01,5,0.36866,618,6.18,0.002243620711913601,9.70089261330372e-05,1.1651483512288363e-08,1.5062612481645004e-07,1.3333333324023535,8.3775804008488,8.377580407384412
h001_k5_epscrit,0.01,5,0.36866,619,6.19,0.002841378599097971,0.000103726874842685,1.3226839720789315e-08,1.5082455559843532e-07,1.3333333323830385,8.377580400834093,8.37758040738442
h001_k5_epscrit,0.01,5,0.36866,620,6.2,0.002243828629168488,9.701444790334094e-05,1.1652780344987887e-08,1.5110361762051724e-07,1.33333333239182,8.377580400819378,8.377580407384421
h001_k5_epscrit,0.01,5,0.36866,621,6.21,0.0028413660666337633,0.00010372740027460341,1.3226998190746123e-08,1.5130220337926518e-07,1.3333333323845216,8.377580400804641,8.377580407384416
h001_k5_epscrit,0.01,5,0.36866,622,6.22,0.0022442312373559185,9.702074953733329e-05,1.1654247650008494e-08,1.5158108129829614e-07,1.3333333323956988,8.377580400789919,8.377580407384423
h001_k5_epscrit,0.01,5,0.36866,623,6.23,0.0028412595391769557,0.00010372736690827163,1.3227024577269417e-08,1.5177981455873177e-07,1.3333333323851724,8.377580400775189,8.377580407384425
h001_k5_epscrit,0.01,5,0.36866,624,6.24,0.002244123645013151,9.701736654137376e-05,1.1653447413014036e-08,1.5205840314410747e-07,1.3333333323928298,8.377580400760442,8.377580407384421
h001_k5_epscrit,0.01,5,0.36866,625,6.25,0.002841227066180181,0.00010372645383940811,1.3226768447711446e-08,1.5225733365750567e-07,1.3333333323817842,8.377580400745689,8.377580407384416
h001_k5_epscrit,0.01,5,0.36866,626,6.26,0.002244223053643545,9.701965693128037e-05,1.1653982869732369e-08,1.525357251847336e-07,1.333333332388937,8.37758040073095,8.377580407384421
h001_k5_epscrit,0.01,5,0.36866,627,6.2700000000000005,0.002840901862436963,0.00010372114088532953,1.322547450610843e-08,1.5273489142671643e-07,1.3333333323764842,8.37758040071622,8.37758040738443
h001_k5_epscrit,0.01,5,0.36866,628,6.28,0.002244506985111572,9.702245262151601e-05,1.1654621838256813e-08,1.5301322633332318e-07,1.3333333323864878,8.377580400701477,8.377580407384439
h001_k5_epscrit,0.01,5,0.36866,629,6.29,0.002840792836963994,0.00010372105572179588,1.3225487200483081e-08,1.532124277141323e-07,1.333333332374918,8.37758040068671,8.377580407384436
h001_k5_epscrit,0.01,5,0.36866,630,6.3,0.0022445566638116666,9.702242528187666e-05,1.1654619581002553e-08,1.5349094393499842e-07,1.3333333323833323,8.377580400671937,8.377580407384432
h001_k5_epscrit,0.01,5,0.36866,631,6.3100000000000005,0.002840827867019201,0.00010372141264538233,1.3225556447097665e-08,1.536901922723335e-07,1.3333333323742222,8.377580400657168,8.37758040738443
h001_k5_epscrit,0.01,5,0.36866,632,6.32,0.0022441564229720512,9.701551756894406e-05,1.165299638845055e-08,1.539684101658331e-07,1.333333332381858,8.377580400642396,8.37758040738443
h001_k5_epscrit,0.01,5,0.36866,633,6.33,0.0028409673105446206,0.00010372192315405457,1.3225661874575856e-08,1.5416797578311115e-07,1.3333333323689387,8.377580400627613,8.377580407384425
h001_k5_epscrit,0.01,5,0.36866,634,6.34,0.0022440752162846246,9.701459320432686e-05,1.165277683359794e-08,1.5444585114952484e-07,1.333333332378867,8.37758040061283,8.377580407384423
h001_k5_epscrit,0.01,5,0.36866,635,6.3500000000000005,0.002840634057075705,0.00010371628112364671,1.3224258322612116e-08,1.5464561396885232e-07,1.3333333323680792,8.377580400598049,8.377580407384423
h001_k5_epscrit,0.01,5,0.36866,636,6.36,0.002244345068535168,9.701823703443926e-05,1.1653602149513407e-08,1.549236593350577e-07,1.3333333323765713,8.377580400583275,8.377580407384434
h001_k5_epscrit,0.01,5,0.36866,637,6.37,0.0028404889900593374,0.00010371500253658258,1.3223953418536545e-08,1.551233921382066e-07,1.333333332364572,8.377580400568492,8.377580407384436
h001_k5_epscrit,0.01,5,0.36866,638,6.38,0.002244349065569609,9.701706056546438e-05,1.1653317730551106e-08,1.5540148064078206e-07,1.3333333323735093,8.377580400553708,8.37758040738444
h001_k5_epscrit,0.01,5,0.36866,639,6.390000000000001,0.002840718415449973,0.00010371892210516699,1.3224913033952341e-08,1.5560137715586977e-07,1.333333332362735,8.377580400538902,8.377580407384439
h001_k5_epscrit,0.01,5,0.36866,640,6.4,0.002244501405881175,9.702089234807857e-05,1.1654255332329482e-08,1.5587923953944477e-07,1.33333333237121,8.377580400524101,8.37758040738444
h001_k5_epscrit,0.01,5,0.36866,641,6.41,0.002840543210957608,0.00010371502621707036,1.3223962623913169e-08,1.5607948336970705e-07,1.3333333323590926,8.377580400509293,8.37758040738444
h001_k5_epscrit,0.01,5,0.36866,642,6.42,0.002244799330199931,9.702422315580607e-05,1.1654980707333409e-08,1.563568620992325e-07,1.333333332368695,8.377580400494486,8.377580407384444
h001_k5_epscrit,0.01,5,0.36866,643,6.43,0.002840210502424283,0.00010371217806378156,1.3223290324393722e-08,1.5655712872172896e-07,1.3333333323570735,8.37758040047968,8.377580407384452
h001_k5_epscrit,0.01,5,0.36866,644,6.44,0.002245031657874659,9.702690658800625e-05,1.1655596588940978e-08,1.5683480496052236e-07,1.3333333323655678,8.37758040046487,8.377580407384455
h001_k5_epscrit,0.01,5,0.36866,645,6.45,0.0028403321031454567,0.00010371591775151288,1.3224233526211305e-08,1.5703519796810622e-07,1.3333333323552998,8.377580400450043,8.377580407384453
h001_k5_epscrit,0.01,5,0.36866,646,6.46,0.002244822408288405,9.702304543060785e-05,1.1654696480042665e-08,1.5731264381729476e-07,1.3333333323636287,8.377580400435217,8.377580407384453
h001_k5_epscrit,0.01,5,0.36866,647,6.47,0.0028405503851026822,0.00010371875606799911,1.3224916590618272e-08,1.575132659760447e-07,1.333333332350637,8.377580400420383,8.377580407384453
h001_k5_epscrit,0.01,5,0.36866,648,6.48,0.002244829977253337,9.702485829774826e-05,1.165515280952819e-08,1.5779035887717624e-07,1.3333333323609766,8.37758040040554,8.377580407384448
h001_k5_epscrit,0.01,5,0.36866,649,6.49,0.0028400948031390427,0.00010371037262323924,1.3222839637793858e-08,1.5799109769147803e-07,1.3333333323496144,8.377580400390709,8.377580407384452
h001_k5_epscrit,0.01,5,0.36866,650,6.5,0.0022451187490068205,9.702741397712147e-05,1.1655707309810856e-08,1.582685591874055e-07,1.3333333323578083,8.377580400375875,8.377580407384457
