label,alpha,alpha_c,cell,time,q,abs_q,hp_edge,hp_ahead_max,hp_ahead_energy
h001_k5_a08crit,0.0434482868571,0.0543103585713276,0,0.0,-0.002377728294224298,0.002377728294224298,0.0026182562735470385,7.199984915679235e-05,6.362425512200976e-09
h001_k5_a08crit,0.0434482868571,0.0543103585713276,1,0.01,0.0024241218922347344,0.0024241218922347344,0.0044143570472783,0.00012563229494180737,1.9390187396310183e-08
h001_k5_a08crit,0.0434482868571,0.0543103585713276,2,0.02,-0.0024256316461009854,0.0024256316461009854,0.003260866956454349,0.00012125106331386764,1.8078526192746136e-08
h001_k5_a08crit,0.0434482868571,0.0543103585713276,3,0.03,0.0024698848316868876,0.0024698848316868876,0.004170244842375071,0.0001317066080084521,2.1318690921169563e-08
h001_k5_a08crit,0.0434482868571,0.0543103585713276,4,0.04,-0.002472594795093495,0.002472594795093495,0.0030278056039276906,0.00011486057494160266,1.6225343562890013e-08
h001_k5_a08crit,0.0434482868571,0.0543103585713276,5,0.05,0.0025129541529718765,0.0025129541529718765,0.003896599458010727,0.0001232369215313969,1.8664935104793015e-08
h001_k5_a08crit,0.0434482868571,0.0543103585713276,6,0.06,-0.0025179401472204994,0.0025179401472204994,0.002742730168855618,0.00010464364711139772,1.3466700912045758e-08
h001_k5_a08crit,0.0434482868571,0.0543103585713276,7,0.07,0.0025562641600183457,0.0025562641600183457,0.003584832599715881,0.00011279875462527164,1.5636324496880233e-08
h001_k5_a08crit,0.0434482868571,0.0543103585713276,8,0.08,-0.0025644387966626938,0.0025644387966626938,0.0024155775832399046,9.2910619440756e-05,1.0615580062958636e-08
h001_k5_a08crit,0.0434482868571,0.0543103585713276,9,0.09,0.002601528957453007,0.002601528957453007,0.003231038607415467,0.00010090882106700099,1.2513068266739739e-08
h001_k5_a08crit,0.0434482868571,0.0543103585713276,10,0.1,-0.0026131077806495974,0.0026131077806495974,0.002044017443422328,7.974107898533954e-05,7.819099295068644e-09
h001_k5_a08crit,0.0434482868571,0.0543103585713276,11,0.11,0.0026492035652169142,0.0026492035652169142,0.00280492852710075,8.685983720602997e-05,9.270948007695863e-09
h001_k5_a08crit,0.0434482868571,0.0543103585713276,12,0.12,-0.00266447339539406,0.00266447339539406,0.0019416969431660148,7.275662631828853e-05,6.508179119001377e-09
h001_k5_a08crit,0.0434482868571,0.0543103585713276,13,0.13,0.0027077344319173646,0.0027077344319173646,0.0008251058534742321,3.4463396087072644e-05,1.4602508603190691e-09
h001_k5_a08crit,0.0434482868571,0.0543103585713276,14,0.14,-0.002733189012841914,0.002733189012841914,0.0029460886995976497,8.061819980868328e-05,7.982755814532396e-09
h001_k5_a08crit,0.0434482868571,0.0543103585713276,15,0.15,0.0027778316807179296,0.0027778316807179296,0.0034409279596701804,0.00011404560191977463,1.5981808480027275e-08
h001_k5_a08crit,0.0434482868571,0.0543103585713276,16,0.16,-0.0027830263802291434,0.0027830263802291434,0.0044722184592753044,0.00014131987527091566,2.4547132187212718e-08
h001_k5_a08crit,0.0434482868571,0.0543103585713276,17,0.17,0.0028418654749123792,0.0028418654749123792,0.003731438153279965,0.00013182696029841802,2.1361684743325537e-08
h001_k5_a08crit,0.0434482868571,0.0543103585713276,18,0.18,-0.002841276707949505,0.002841276707949505,0.004037744445302532,0.00013193698310033788,2.140009697087395e-08
h001_k5_a08crit,0.0434482868571,0.0543103585713276,19,0.19,0.002910192268549049,0.002910192268549049,0.003147623778652442,0.00011308777124970009,1.5720113789769464e-08
h001_k5_a08crit,0.0434482868571,0.0543103585713276,20,0.2,-0.002898865404564887,0.002898865404564887,0.0036749773025953193,0.0001171956227920586,1.688243280578904e-08
h001_k5_a08crit,0.0434482868571,0.0543103585713276,21,0.21,0.002958455568041549,0.002958455568041549,0.00305856551549073,0.00010814648565129203,1.4374871893365679e-08
h001_k5_a08crit,0.0434482868571,0.0543103585713276,22,0.22,-0.00296055203789153,0.00296055203789153,0.003613702533384361,0.0001148413337048709,1.621020623127084e-08
h001_k5_a08crit,0.0434482868571,0.0543103585713276,23,0.23,0.003012781688845289,0.003012781688845289,0.0028384366420457045,0.00010124942590047445,1.2599647947116175e-08
h001_k5_a08crit,0.0434482868571,0.0543103585713276,24,0.24,-0.003025714757246819,0.003025714757246819,0.002803162071546003,9.246054155154922e-05,1.0508235541402126e-08
h001_k5_a08crit,0.0434482868571,0.0543103585713276,25,0.25,0.0030821043550724146,0.0030821043550724146,0.0034671285926003025,0.00010941135751735745,1.470984133079371e-08
h001_k5_a08crit,0.0434482868571,0.0543103585713276,26,0.26,-0.003097894799480363,0.003097894799480363,0.0016987053082302436,7.468873331974575e-05,6.861599048145759e-09
h001_k5_a08crit,0.0434482868571,0.0543103585713276,27,0.27,0.00313661339788468,0.00313661339788468,0.0013457207222001377,4.139592830172125e-05,2.106420162824003e-09
h001_k5_a08crit,0.0434482868571,0.0543103585713276,28,0.28,-0.0031611849496162095,0.0031611849496162095,0.0020590327126316426,6.893402370053862e-05,5.839240756788876e-09
h001_k5_a08crit,0.0434482868571,0.0543103585713276,29,0.29,0.00321526133693878,0.00321526133693878,0.003448489171031404,0.00010109849939665524,1.2557213192119061e-08
h001_k5_a08crit,0.0434482868571,0.0543103585713276,30,0.3,-0.0032045489188055765,0.0032045489188055765,0.004077074651884258,0.00014097188412591328,2.443185323658263e-08
h001_k5_a08crit,0.0434482868571,0.0543103585713276,31,0.31,0.0032740122376135744,0.0032740122376135744,0.004485718821370281,0.00014247286710330752,2.4947403983488576e-08
h001_k5_a08crit,0.0434482868571,0.0543103585713276,32,0.32,-0.0032560117075137287,0.0032560117075137287,0.004113255811083045,0.0001510719901055756,2.8069435414705817e-08
h001_k5_a08crit,0.0434482868571,0.0543103585713276,33,0.33,0.003322448369798424,0.003322448369798424,0.003999210282020677,0.00013003234702617354,2.0783441009520425e-08
h001_k5_a08crit,0.0434482868571,0.0543103585713276,34,0.34,-0.0033081754375514825,0.0033081754375514825,0.003691041506861502,0.000134862949951964,2.236720028559448e-08
h001_k5_a08crit,0.0434482868571,0.0543103585713276,35,0.35000000000000003,0.0033729991281231247,0.0033729991281231247,0.003894809647718474,0.00012503307664479997,1.921437232996784e-08
h001_k5_a08crit,0.0434482868571,0.0543103585713276,36,0.36,-0.0033620358731229908,0.0033620358731229908,0.00404568023094575,0.00014108522557693357,2.4475199410901036e-08
h001_k5_a08crit,0.0434482868571,0.0543103585713276,37,0.37,0.0034229333189321207,0.0034229333189321207,0.0032243526346657633,0.00011417931450792169,1.602560108238592e-08
h001_k5_a08crit,0.0434482868571,0.0543103585713276,38,0.38,-0.0034321179185146464,0.0034321179185146464,0.003941682068624947,0.00012304613534530167,1.860949395942555e-08
h001_k5_a08crit,0.0434482868571,0.0543103585713276,39,0.39,0.0035025844543255785,0.0035025844543255785,0.004160745520586168,0.00014365658465283305,2.5366235016013577e-08
h001_k5_a08crit,0.0434482868571,0.0543103585713276,40,0.4,-0.0035232430222153087,0.0035232430222153087,0.002509187135844783,9.097070375583118e-05,1.0177810884763988e-08
h001_k5_a08crit,0.0434482868571,0.0543103585713276,41,0.41000000000000003,0.003573174590305387,0.003573174590305387,0.001918993339729325,7.173550527681138e-05,6.3253129969944865e-09
h001_k5_a08crit,0.0434482868571,0.0543103585713276,42,0.42,-0.0036075631530577785,0.0036075631530577785,0.001986060959300275,5.94085947915935e-05,4.33717037980698e-09
h001_k5_a08crit,0.0434482868571,0.0543103585713276,43,0.43,0.003661274812652694,0.003661274812652694,0.003302663939267094,0.0001064373499779048,1.3920098037965398e-08
h001_k5_a08crit,0.0434482868571,0.0543103585713276,44,0.44,-0.003669256941266949,0.003669256941266949,0.0040935956222617155,0.00012768793159188168,2.0038591724061227e-08
h001_k5_a08crit,0.0434482868571,0.0543103585713276,45,0.45,0.003741756822156864,0.003741756822156864,0.004921034751155894,0.0001647731138240128,3.3371660975085516e-08
h001_k5_a08crit,0.0434482868571,0.0543103585713276,46,0.46,-0.0037351685888949264,0.0037351685888949264,0.00463394521398473,0.00015712522522558944,3.035997699691884e-08
h001_k5_a08crit,0.0434482868571,0.0543103585713276,47,0.47000000000000003,0.003817483920724794,0.003817483920724794,0.004594888256175048,0.00015940361709518037,3.123843860791451e-08
h001_k5_a08crit,0.0434482868571,0.0543103585713276,48,0.48,-0.003815977805328351,0.003815977805328351,0.004071696985377898,0.0001422727076804806,2.489333418906e-08
h001_k5_a08crit,0.0434482868571,0.0543103585713276,49,0.49,0.0039004533446815298,0.0039004533446815298,0.004615540895124487,0.00014949058904330096,2.746862849579699e-08
h001_k5_a08crit,0.0434482868571,0.0543103585713276,50,0.5,-0.003880570593835979,0.003880570593835979,0.004438188734771404,0.00016350184899111602,3.2880957133058564e-08
h001_k5_a08crit,0.0434482868571,0.0543103585713276,51,0.51,0.003949902337307254,0.003949902337307254,0.0035105833986642755,0.000116662843341539,1.673107754971721e-08
h001_k5_a08crit,0.0434482868571,0.0543103585713276,52,0.52,-0.003930235466850764,0.003930235466850764,0.005169909650584625,0.00017342695735745347,3.697954781814729e-08
h001_k5_a08crit,0.0434482868571,0.0543103585713276,53,0.53,0.004010613250940074,0.004010613250940074,0.004504876641071824,0.00015011199826501693,2.7700276375592807e-08
h001_k5_a08crit,0.0434482868571,0.0543103585713276,54,0.54,-0.004005519150515379,0.004005519150515379,0.00402619253103395,0.00014953097724558175,2.750185541684003e-08
h001_k5_a08crit,0.0434482868571,0.0543103585713276,55,0.55,0.004064805216720171,0.004064805216720171,0.002189138552467683,7.816227740463731e-05,7.511245148309433e-09
h001_k5_a08crit,0.0434482868571,0.0543103585713276,56,0.56,-0.004095722001880239,0.004095722001880239,0.0026654417175256784,9.145639695484668e-05,1.0281324160610462e-08
h001_k5_a08crit,0.0434482868571,0.0543103585713276,57,0.5700000000000001,0.00415447632946609,0.00415447632946609,0.0026975475626186568,8.28799184057344e-05,8.440574487278092e-09
h001_k5_a08crit,0.0434482868571,0.0543103585713276,58,0.58,-0.004157752151968003,0.004157752151968003,0.004545417673088977,0.00014750282181888303,2.6741990681921194e-08
h001_k5_a08crit,0.0434482868571,0.0543103585713276,59,0.59,0.004235954499217836,0.004235954499217836,0.004825098140058004,0.00015439616251263123,2.929847479717392e-08
h001_k5_a08crit,0.0434482868571,0.0543103585713276,60,0.6,-0.00421017716579997,0.00421017716579997,0.005514086591374483,0.0001904538615542551,4.4609421469900293e-08
h001_k5_a08crit,0.0434482868571,0.0543103585713276,61,0.61,0.004300483543193938,0.004300483543193938,0.005080806336348085,0.00017695895774494637,3.8503800877565204e-08
h001_k5_a08crit,0.0434482868571,0.0543103585713276,62,0.62,-0.00429711698658884,0.00429711698658884,0.004526437050660884,0.000155113656558124,2.959208554858748e-08
h001_k5_a08crit,0.0434482868571,0.0543103585713276,63,0.63,0.004401175752161578,0.004401175752161578,0.005944233251515434,0.00019971817496050942,4.9039498329226e-08
h001_k5_a08crit,0.0434482868571,0.0543103585713276,64,0.64,-0.00439481869770192,0.00439481869770192,0.004040225216250704,0.00015144285734999637,2.8218682480371844e-08
h001_k5_a08crit,0.0434482868571,0.0543103585713276,65,0.65,0.004482494004547139,0.004482494004547139,0.00508987823745729,0.00017050543574605672,3.574120132230684e-08
h001_k5_a08crit,0.0434482868571,0.0543103585713276,66,0.66,-0.004469042992314115,0.004469042992314115,0.005007382101501995,0.00017115548092211535,3.60280097356279e-08
h001_k5_a08crit,0.0434482868571,0.0543103585713276,67,0.67,0.004572526099109809,0.004572526099109809,0.006346342957665451,0.000213898201393176,5.625461563141877e-08
h001_k5_a08crit,0.0434482868571,0.0543103585713276,68,0.68,-0.004561581591494116,0.004561581591494116,0.004400245550076084,0.0001664140781889529,3.407751068490816e-08
h001_k5_a08crit,0.0434482868571,0.0543103585713276,69,0.6900000000000001,0.0046416837648369895,0.0046416837648369895,0.004137820279104954,0.00014699127499102145,2.6566994399524613e-08
h001_k5_a08crit,0.0434482868571,0.0543103585713276,70,0.7000000000000001,-0.004675963807901612,0.004675963807901612,0.002382807431516003,8.882171534640659e-05,9.704551258706102e-09
h001_k5_a08crit,0.0434482868571,0.0543103585713276,71,0.71,0.004744244951620447,0.004744244951620447,0.0034429463495981964,0.00011207509244624272,1.5436954811517484e-08
h001_k5_a08crit,0.0434482868571,0.0543103585713276,72,0.72,-0.004764348206369834,0.004764348206369834,0.004088880727241572,0.00013247530626835894,2.1572774247015538e-08
h001_k5_a08crit,0.0434482868571,0.0543103585713276,73,0.73,0.004850690899811737,0.004850690899811737,0.005082278702030853,0.0001617039391833472,3.2137433387923065e-08
h001_k5_a08crit,0.0434482868571,0.0543103585713276,74,0.74,-0.00480576213672947,0.00480576213672947,0.006485467422687021,0.00022500327783753928,6.2269567216456e-08
h001_k5_a08crit,0.0434482868571,0.0543103585713276,75,0.75,0.0048994268259379675,0.0048994268259379675,0.004611011093974269,0.00016248642551853695,3.246800125281679e-08
h001_k5_a08crit,0.0434482868571,0.0543103585713276,76,0.76,-0.00485970918463758,0.00485970918463758,0.00655653697953076,0.0002200765198976502,5.956737174698243e-08
h001_k5_a08crit,0.0434482868571,0.0543103585713276,77,0.77,0.004969270653471568,0.004969270653471568,0.005292743470363736,0.000184925311133223,4.205441296799362e-08
h001_k5_a08crit,0.0434482868571,0.0543103585713276,78,0.78,-0.004936936171424645,0.004936936171424645,0.005738169128663263,0.0002033354751788178,5.086193300923364e-08
h001_k5_a08crit,0.0434482868571,0.0543103585713276,79,0.79,0.0050331307487864185,0.0050331307487864185,0.004464582275489296,0.0001548898585193164,2.9500567637443543e-08
h001_k5_a08crit,0.0434482868571,0.0543103585713276,80,0.8,-0.004984953842016492,0.004984953842016492,0.006697544712178072,0.00022337156093475084,6.136171684318214e-08
h001_k5_a08crit,0.0434482868571,0.0543103585713276,81,0.81,0.005100981395196589,0.005100981395196589,0.0060599400712900466,0.0002080509899819352,5.323050271452619e-08
h001_k5_a08crit,0.0434482868571,0.0543103585713276,82,0.8200000000000001,-0.005039525618267289,0.005039525618267289,0.006707618288262131,0.0002410852031072849,7.151603210182828e-08
h001_k5_a08crit,0.0434482868571,0.0543103585713276,83,0.8300000000000001,0.00513938373420783,0.00513938373420783,0.0045330793486035225,0.0001664390225641183,3.40749629905813e-08
h001_k5_a08crit,0.0434482868571,0.0543103585713276,84,0.84,-0.005159501031147335,0.005159501031147335,0.0036576650588740333,0.0001363307525528897,2.2864881417577302e-08
h001_k5_a08crit,0.0434482868571,0.0543103585713276,85,0.85,0.005240094523518279,0.005240094523518279,0.0037756599691175907,0.00012705054462409487,1.9842498075811464e-08
h001_k5_a08crit,0.0434482868571,0.0543103585713276,86,0.86,-0.005273415710630385,0.005273415710630385,0.003335785100562306,0.00011202768087296526,1.543067705354596e-08
h001_k5_a08crit,0.0434482868571,0.0543103585713276,87,0.87,0.005375860125385489,0.005375860125385489,0.0065538163636837884,0.0002053849211995529,5.184766567669118e-08
h001_k5_a08crit,0.0434482868571,0.0543103585713276,88,0.88,-0.005351352159701727,0.005351352159701727,0.005274105882480857,0.00019659102973953001,4.7554360052821e-08
h001_k5_a08crit,0.0434482868571,0.0543103585713276,89,0.89,0.005461482124266969,0.005461482124266969,0.006629367403037655,0.00022031625895459558,5.968669525353586e-08
h001_k5_a08crit,0.0434482868571,0.0543103585713276,90,0.9,-0.005422862057377962,0.005422862057377962,0.006012385031171988,0.00021925762982652418,5.9156728227229814e-08
h001_k5_a08crit,0.0434482868571,0.0543103585713276,91,0.91,0.005556169199604654,0.005556169199604654,0.007249959553954059,0.0002460686846745027,7.44695757035665e-08
h001_k5_a08crit,0.0434482868571,0.0543103585713276,92,0.92,-0.00552587830248725,0.00552587830248725,0.005101860244344786,0.00019953449231550086,4.9009707087732115e-08
h001_k5_a08crit,0.0434482868571,0.0543103585713276,93,0.93,0.005644074180989317,0.005644074180989317,0.006267345646194518,0.00021058158187319323,5.4532991525400015e-08
h001_k5_a08crit,0.0434482868571,0.0543103585713276,94,0.9400000000000001,-0.005604516913179432,0.005604516913179432,0.006035390341658602,0.00021567534403425605,5.723361879949837e-08
h001_k5_a08crit,0.0434482868571,0.0543103585713276,95,0.9500000000000001,0.005741880852792746,0.005741880852792746,0.007799542009468484,0.00026229543960073175,8.46145595336853e-08
h001_k5_a08crit,0.0434482868571,0.0543103585713276,96,0.96,-0.005642717714327927,0.005642717714327927,0.007569735698893486,0.00027960587635190374,9.623493887285158e-08
h001_k5_a08crit,0.0434482868571,0.0543103585713276,97,0.97,0.005765537086193831,0.005765537086193831,0.0058594011107740065,0.00021737402446776803,5.8141233373402354e-08
h001_k5_a08crit,0.0434482868571,0.0543103585713276,98,0.98,-0.005747411824691909,0.005747411824691909,0.0058028225394828456,0.00021282003156957265,5.5736327028814445e-08
h001_k5_a08crit,0.0434482868571,0.0543103585713276,99,0.99,0.00584157251317917,0.00584157251317917,0.0029156959723853674,0.00011512437849893309,1.6303698660247116e-08
h001_k5_a08crit,0.0434482868571,0.0543103585713276,100,1.0,-0.005861544809562724,0.005861544809562724,0.00520390792188189,0.00016110457909397736,3.190452125199072e-08
h001_k5_a08crit,0.0434482868571,0.0543103585713276,101,1.01,0.005966980642689159,0.005966980642689159,0.005308152558424177,0.0001783164600579049,3.908930061014546e-08
h001_k5_a08crit,0.0434482868571,0.0543103585713276,102,1.02,-0.005935550962913743,0.005935550962913743,0.006804707046499139,0.0002289284290531717,6.445966337543582e-08
h001_k5_a08crit,0.0434482868571,0.0543103585713276,103,1.03,0.006050750283586197,0.006050750283586197,0.005955781314232484,0.00020866780501756894,5.3552020621461564e-08
h001_k5_a08crit,0.0434482868571,0.0543103585713276,104,1.04,-0.005981614702119317,0.005981614702119317,0.007988634384568316,0.00027225391797843006,9.119170248156707e-08
h001_k5_a08crit,0.0434482868571,0.0543103585713276,105,1.05,0.006121655408414983,0.006121655408414983,0.0066895503397690955,0.0002421619657545859,7.214826747154145e-08
h001_k5_a08crit,0.0434482868571,0.0543103585713276,106,1.06,-0.006067507171973222,0.006067507171973222,0.0068958973840830586,0.0002497079726662496,7.674027213168692e-08
h001_k5_a08crit,0.0434482868571,0.0543103585713276,107,1.07,0.006194043489551675,0.006194043489551675,0.00580169910554085,0.00020648834666256276,5.244963032401835e-08
h001_k5_a08crit,0.0434482868571,0.0543103585713276,108,1.08,-0.006146738708473676,0.006146738708473676,0.006692810208824462,0.00023460923423102297,6.772149163196066e-08
h001_k5_a08crit,0.0434482868571,0.0543103585713276,109,1.09,0.006299000065992773,0.006299000065992773,0.00856349865413547,0.0002858994592210038,1.0053618999724081e-07
h001_k5_a08crit,0.0434482868571,0.0543103585713276,110,1.1,-0.006178069144078565,0.006178069144078565,0.007610965357808827,0.00029181234633036555,1.0485152319508129e-07
h001_k5_a08crit,0.0434482868571,0.0543103585713276,111,1.11,0.0063343758072830405,0.0063343758072830405,0.008766723175785054,0.00030592918305421255,1.1516537105490037e-07
h001_k5_a08crit,0.0434482868571,0.0543103585713276,112,1.12,-0.006268492588143307,0.006268492588143307,0.005600290911491486,0.00024222205507534,7.227847988868928e-08
h001_k5_a08crit,0.0434482868571,0.0543103585713276,113,1.1300000000000001,0.006377870687951961,0.006377870687951961,0.004950978213935601,0.00017549139019844862,3.788826944938513e-08
h001_k5_a08crit,0.0434482868571,0.0543103585713276,114,1.1400000000000001,-0.006391736124737876,0.006391736124737876,0.0045424680604488794,0.00016579598894681506,3.381863193339871e-08
h001_k5_a08crit,0.0434482868571,0.0543103585713276,115,1.1500000000000001,0.006513449279035586,0.006513449279035586,0.006461348602074026,0.0002066866803342929,5.2519190270016524e-08
h001_k5_a08crit,0.0434482868571,0.0543103585713276,116,1.16,-0.0064848405583681264,0.0064848405583681264,0.0058796026604134854,0.00021708704427863854,5.7990433987778305e-08
h001_k5_a08crit,0.0434482868571,0.0543103585713276,117,1.17,0.0066156595899779565,0.0066156595899779565,0.007538979538043285,0.00024815832943598994,7.57329694879479e-08
h001_k5_a08crit,0.0434482868571,0.0543103585713276,118,1.18,-0.0065279022855410235,0.0065279022855410235,0.00767214321989934,0.00028286138168923,9.848583456014816e-08
h001_k5_a08crit,0.0434482868571,0.0543103585713276,119,1.19,0.006687331035670119,0.006687331035670119,0.008286824371480577,0.00029075098275735276,1.0401426098452487e-07
h001_k5_a08crit,0.0434482868571,0.0543103585713276,120,1.2,-0.006601326565808852,0.006601326565808852,0.007438136556918043,0.00028339396702935406,9.888932242093242e-08
h001_k5_a08crit,0.0434482868571,0.0543103585713276,121,1.21,0.006740164248109302,0.006740164248109302,0.006078680430710742,0.0002258143386445537,6.27495060972165e-08
h001_k5_a08crit,0.0434482868571,0.0543103585713276,122,1.22,-0.006671488477630109,0.006671488477630109,0.007966984871145128,0.00027220550247620374,9.117102385975597e-08
h001_k5_a08crit,0.0434482868571,0.0543103585713276,123,1.23,0.006828313323807135,0.006828313323807135,0.007650644049514981,0.00027312970284469373,9.178576802007634e-08
h001_k5_a08crit,0.0434482868571,0.0543103585713276,124,1.24,-0.006666634597633798,0.006666634597633798,0.00977413104110391,0.00034035247700463093,1.4258311481408534e-07
h001_k5_a08crit,0.0434482868571,0.0543103585713276,125,1.25,0.006846430466120474,0.006846430466120474,0.009336426346010816,0.00034811054009423024,1.4918245697241958e-07
h001_k5_a08crit,0.0434482868571,0.0543103585713276,126,1.26,-0.006745546216152372,0.006745546216152372,0.007756266230556606,0.0003072908903416223,1.1632392623486875e-07
h001_k5_a08crit,0.0434482868571,0.0543103585713276,127,1.27,0.006881329051646909,0.006881329051646909,0.005354097379453446,0.00021239978957687206,5.5535743235570255e-08
h001_k5_a08crit,0.0434482868571,0.0543103585713276,128,1.28,-0.006882464816010053,0.006882464816010053,0.0059728240527951405,0.00020614810047841405,5.2287488487762586e-08
h001_k5_a08crit,0.0434482868571,0.0543103585713276,129,1.29,0.007011546525092011,0.007011546525092011,0.005750610491221621,0.00020220245487326968,5.028440448975254e-08
h001_k5_a08crit,0.0434482868571,0.0543103585713276,130,1.3,-0.00699160682434066,0.00699160682434066,0.006708848249695196,0.00022833441002611594,6.413697228243368e-08
h001_k5_a08crit,0.0434482868571,0.0543103585713276,131,1.31,0.007130046549926359,0.007130046549926359,0.007187759969083697,0.00024518079894347795,7.39356001343928e-08
h001_k5_a08crit,0.0434482868571,0.0543103585713276,132,1.32,-0.007037749055300361,0.007037749055300361,0.008319715732987268,0.00029809105509653156,1.0936567444796007e-07
h001_k5_a08crit,0.0434482868571,0.0543103585713276,133,1.33,0.007216919002137336,0.007216919002137336,0.009256423183237782,0.0003208239111453708,1.266508457931094e-07
h001_k5_a08crit,0.0434482868571,0.0543103585713276,134,1.34,-0.007104515702092252,0.007104515702092252,0.007387566327666185,0.00030191238299331885,1.1228733804423345e-07
h001_k5_a08crit,0.0434482868571,0.0543103585713276,135,1.35,0.007265962357981329,0.007265962357981329,0.007555818830245182,0.00026532614724787424,8.662956710726001e-08
h001_k5_a08crit,0.0434482868571,0.0543103585713276,136,1.36,-0.00718129125241632,0.00718129125241632,0.007255883517239547,0.00028010544001003823,9.660609020762062e-08
h001_k5_a08crit,0.0434482868571,0.0543103585713276,137,1.37,0.007349329265254931,0.007349329265254931,0.00805247263957885,0.0002725014773223674,9.135577702281242e-08
h001_k5_a08crit,0.0434482868571,0.0543103585713276,138,1.3800000000000001,-0.007130758793616621,0.007130758793616621,0.01007536180240098,0.0003695780311061124,1.6817481580044812e-07
h001_k5_a08crit,0.0434482868571,0.0543103585713276,139,1.3900000000000001,0.0073299275191601575,0.0073299275191601575,0.010799593201879537,0.0003869570579506355,1.8433797002119347e-07
h001_k5_a08crit,0.0434482868571,0.0543103585713276,140,1.4000000000000001,-0.007126671056878394,0.007126671056878394,0.008699679436146522,0.00037083107552823315,1.6950721696104745e-07
h001_k5_a08crit,0.0434482868571,0.0543103585713276,141,1.41,0.0072872631603375475,0.0072872631603375475,0.007195016960256268,0.00027260478490337257,9.15045890364117e-08
h001_k5_a08crit,0.0434482868571,0.0543103585713276,142,1.42,-0.007239710544047525,0.007239710544047525,0.006354797013687727,0.0002499179452942781,7.691485371379273e-08
h001_k5_a08crit,0.0434482868571,0.0543103585713276,143,1.43,0.007382435893748582,0.007382435893748582,0.006438941730956682,0.00022486615786924055,6.220528175920916e-08
h001_k5_a08crit,0.0434482868571,0.0543103585713276,144,1.44,-0.00734914157775495,0.00734914157775495,0.006759427875726618,0.00024030075184635252,7.105876099483344e-08
h001_k5_a08crit,0.0434482868571,0.0543103585713276,145,1.45,0.007488953977142039,0.007488953977142039,0.007178667850749404,0.00025045161903780084,7.716053481579914e-08
h001_k5_a08crit,0.0434482868571,0.0543103585713276,146,1.46,-0.007378218258102402,0.007378218258102402,0.009312600333343243,0.00031904916888083983,1.2526914572194106e-07
h001_k5_a08crit,0.0434482868571,0.0543103585713276,147,1.47,0.007561022702929276,0.007561022702929276,0.009462488539967213,0.00034584963126894317,1.4722787309747466e-07
h001_k5_a08crit,0.0434482868571,0.0543103585713276,148,1.48,-0.007441856133343156,0.007441856133343156,0.008620465495723187,0.0003280218055446352,1.325284699033753e-07
h001_k5_a08crit,0.0434482868571,0.0543103585713276,149,1.49,0.007620789137956142,0.007620789137956142,0.008454263282764106,0.0003165119360553799,1.2332743806089524e-07
h001_k5_a08crit,0.0434482868571,0.0543103585713276,150,1.5,-0.007559935819856009,0.007559935819856009,0.007186332789972378,0.00027471706708033186,9.29423419168339e-08
h001_k5_a08crit,0.0434482868571,0.0543103585713276,151,1.51,0.007730808330375979,0.007730808330375979,0.008063810183814782,0.0002859868235126416,1.0064256681280197e-07
h001_k5_a08crit,0.0434482868571,0.0543103585713276,152,1.52,-0.007529972231583871,0.007529972231583871,0.010440563346996397,0.00036578359118618524,1.6471001287140686e-07
h001_k5_a08crit,0.0434482868571,0.0543103585713276,153,1.53,0.007734399623719614,0.007734399623719614,0.011444857541501315,0.0004217274367697404,2.1899687575648294e-07
h001_k5_a08crit,0.0434482868571,0.0543103585713276,154,1.54,-0.007494447344771672,0.007494447344771672,0.010072692031148562,0.00040985979819276096,2.070612409163484e-07
h001_k5_a08crit,0.0434482868571,0.0543103585713276,155,1.55,0.007685318530260445,0.007685318530260445,0.008409396676316778,0.00033114135618356796,1.3507225328446736e-07
h001_k5_a08crit,0.0434482868571,0.0543103585713276,156,1.56,-0.00760217234326011,0.00760217234326011,0.0072452617105373505,0.00029120969827718635,1.0447474438630307e-07
h001_k5_a08crit,0.0434482868571,0.0543103585713276,157,1.57,0.007763008024989185,0.007763008024989185,0.006823048401705587,0.00024340588301006148,7.290835130725457e-08
h001_k5_a08crit,0.0434482868571,0.0543103585713276,158,1.58,-0.007718165120309119,0.007718165120309119,0.0064777452443670405,0.0002480188059458295,7.572754742994523e-08
h001_k5_a08crit,0.0434482868571,0.0543103585713276,159,1.59,0.007866132811635923,0.007866132811635923,0.007035442645512592,0.0002348623624373826,6.784745477539914e-08
h001_k5_a08crit,0.0434482868571,0.0543103585713276,160,1.6,-0.00771183353523714,0.00771183353523714,0.009572290382004132,0.0003428356607945196,1.446744731884537e-07
h001_k5_a08crit,0.0434482868571,0.0543103585713276,161,1.61,0.007895641751069058,0.007895641751069058,0.009138319066112182,0.0003239234921404899,1.2913961475821538e-07
h001_k5_a08crit,0.0434482868571,0.0543103585713276,162,1.62,-0.0076826954508087105,0.0076826954508087105,0.01010669644060553,0.0003880929668184077,1.8552758342922838e-07
h001_k5_a08crit,0.0434482868571,0.0543103585713276,163,1.6300000000000001,0.007874658777796521,0.007874658777796521,0.008627569642287895,0.00032319992588582735,1.286210384308283e-07
h001_k5_a08crit,0.0434482868571,0.0543103585713276,164,1.6400000000000001,-0.0077716771129365874,0.0077716771129365874,0.007565225557802915,0.00030548567559977315,1.1496558338110504e-07
h001_k5_a08crit,0.0434482868571,0.0543103585713276,165,1.6500000000000001,0.007945024751976577,0.007945024751976577,0.007556796953807192,0.00026421388164946764,8.590632793686407e-08
h001_k5_a08crit,0.0434482868571,0.0543103585713276,166,1.6600000000000001,-0.007711512588092545,0.007711512588092545,0.01055225596738127,0.0003781764258521269,1.7607499424182023e-07
h001_k5_a08crit,0.0434482868571,0.0543103585713276,167,1.67,0.007915085008553277,0.007915085008553277,0.011711404089763558,0.00042097833161384795,2.1819969248911343e-07
h001_k5_a08crit,0.0434482868571,0.0543103585713276,168,1.68,-0.0075853614266610265,0.0075853614266610265,0.011159549591105655,0.00045280082566084807,2.52739526571309e-07
h001_k5_a08crit,0.0434482868571,0.0543103585713276,169,1.69,0.007795578939039527,0.007795578939039527,0.009855341514301933,0.00039210585952670135,1.8943854570389017e-07
h001_k5_a08crit,0.0434482868571,0.0543103585713276,170,1.7,-0.007668868677862437,0.007668868677862437,0.008166765182244524,0.0003304186440063064,1.34552182422431e-07
h001_k5_a08crit,0.0434482868571,0.0543103585713276,171,1.71,0.00785001614772696,0.00785001614772696,0.007880661502780899,0.00029925904722343774,1.1026103509280828e-07
h001_k5_a08crit,0.0434482868571,0.0543103585713276,172,1.72,-0.007827876752579736,0.007827876752579736,0.0057457342535431975,0.0002259016756784913,6.284815943016244e-08
h001_k5_a08crit,0.0434482868571,0.0543103585713276,173,1.73,0.00798230307344457,0.00798230307344457,0.007980489858581352,0.00027272210580155055,9.149588096774143e-08
h001_k5_a08crit,0.0434482868571,0.0543103585713276,174,1.74,-0.007884927217810082,0.007884927217810082,0.008243728331736366,0.0002981986852706135,1.094634743555537e-07
h001_k5_a08crit,0.0434482868571,0.0543103585713276,175,1.75,0.008068537030558216,0.008068537030558216,0.010134386413395249,0.0003558825265396289,1.558677365423489e-07
h001_k5_a08crit,0.0434482868571,0.0543103585713276,176,1.76,-0.007855401630774566,0.007855401630774566,0.010211579669643889,0.00038907463151638427,1.8647895942608973e-07
h001_k5_a08crit,0.0434482868571,0.0543103585713276,177,1.77,0.00806160987361453,0.00806160987361453,0.00995101919775436,0.0003793617735128417,1.7723917932903016e-07
h001_k5_a08crit,0.0434482868571,0.0543103585713276,178,1.78,-0.007972249361105764,0.007972249361105764,0.007216884331842697,0.00030011649460061834,1.1100078089428095e-07
h001_k5_a08crit,0.0434482868571,0.0543103585713276,179,1.79,0.00815096846084285,0.00815096846084285,0.007561466644286309,0.0002731715678610726,9.184547899150132e-08
h001_k5_a08crit,0.0434482868571,0.0543103585713276,180,1.8,-0.00795816667085115,0.00795816667085115,0.010061753322199565,0.0003582648000289383,1.5801529435720098e-07
h001_k5_a08crit,0.0434482868571,0.0543103585713276,181,1.81,0.00816458465525264,0.00816458465525264,0.011291921989442625,0.0003995797047325801,1.9655060393073218e-07
h001_k5_a08crit,0.0434482868571,0.0543103585713276,182,1.82,-0.007745621703898779,0.007745621703898779,0.01232335088595151,0.0004948324219637122,3.018210045364533e-07
h001_k5_a08crit,0.0434482868571,0.0543103585713276,183,1.83,0.007965643537797402,0.007965643537797402,0.009999057225061845,0.0003960496193674591,1.9329097228492207e-07
h001_k5_a08crit,0.0434482868571,0.0543103585713276,184,1.84,-0.007708581126521256,0.007708581126521256,0.01045321225181875,0.000421980130316674,2.1948479770687288e-07
h001_k5_a08crit,0.0434482868571,0.0543103585713276,185,1.85,0.007899499462653005,0.007899499462653005,0.007010863300339001,0.0002853221255396892,1.0029144038529615e-07
h001_k5_a08crit,0.0434482868571,0.0543103585713276,186,1.86,-0.007830960664340685,0.007830960664340685,0.007216003463516508,0.0002744496549998715,9.275604532196522e-08
h001_k5_a08crit,0.0434482868571,0.0543103585713276,187,1.87,0.007986551220635888,0.007986551220635888,0.0065247751219274135,0.00023203930420781933,6.624879344043844e-08
h001_k5_a08crit,0.0434482868571,0.0543103585713276,188,1.8800000000000001,-0.007881671556147487,0.007881671556147487,0.008500968161190009,0.00030096849661298216,1.1148260705771138e-07
h001_k5_a08crit,0.0434482868571,0.0543103585713276,189,1.8900000000000001,0.008058155274833476,0.008058155274833476,0.009024140356620918,0.00031143543487215607,1.1934475189119392e-07
h001_k5_a08crit,0.0434482868571,0.0543103585713276,190,1.9000000000000001,-0.007770272258310653,0.007770272258310653,0.011419894296194773,0.0004249584789607852,2.2241914079951734e-07
h001_k5_a08crit,0.0434482868571,0.0543103585713276,191,1.9100000000000001,0.007980667929132481,0.007980667929132481,0.010119707796028993,0.00038568964798194944,1.8321688784439773e-07
h001_k5_a08crit,0.0434482868571,0.0543103585713276,192,1.92,-0.007863220314982891,0.007863220314982891,0.007454809506096257,0.0003165023719069996,1.2347192465536262e-07
h001_k5_a08crit,0.0434482868571,0.0543103585713276,193,1.93,0.008044922015861797,0.008044922015861797,0.007756190926645255,0.00028414792296940344,9.9387585887231e-08
h001_k5_a08crit,0.0434482868571,0.0543103585713276,194,1.94,-0.007920738801656656,0.007920738801656656,0.008465221894395808,0.00030479173204424337,1.1436902013571639e-07
h001_k5_a08crit,0.0434482868571,0.0543103585713276,195,1.95,0.008127390334633607,0.008127390334633607,0.012038768643214967,0.0004179326443616727,2.149839581690172e-07
h001_k5_a08crit,0.0434482868571,0.0543103585713276,196,1.96,-0.007772482804903593,0.007772482804903593,0.01100542815103283,0.0004478279714448336,2.4721145685160564e-07
h001_k5_a08crit,0.0434482868571,0.0543103585713276,197,1.97,0.0080042932948878,0.0080042932948878,0.012506251604798745,0.0004702512274422572,2.7243106974166287e-07
h001_k5_a08crit,0.0434482868571,0.0543103585713276,198,1.98,-0.007705736001220471,0.007705736001220471,0.00999556238570725,0.00043576562451938967,2.3421181178538934e-07
h001_k5_a08crit,0.0434482868571,0.0543103585713276,199,1.99,0.00792079339376137,0.00792079339376137,0.009031289817562927,0.00035636776240657587,1.5646912119440302e-07
h001_k5_a08crit,0.0434482868571,0.0543103585713276,200,2.0,-0.007840161791608832,0.007840161791608832,0.006577637353311454,0.0002753536444442044,9.343763843240378e-08
h001_k5_a08crit,0.0434482868571,0.0543103585713276,201,2.0100000000000002,0.008004913368774826,0.008004913368774826,0.007315090658344193,0.00026240078201815367,8.473404651431997e-08
h001_k5_a08crit,0.0434482868571,0.0543103585713276,202,2.02,-0.00795337660383456,0.00795337660383456,0.006854545597353399,0.0002522510171597322,7.832950396949337e-08
h001_k5_a08crit,0.0434482868571,0.0543103585713276,203,2.0300000000000002,0.008126459386231322,0.008126459386231322,0.009090773678293512,0.0003078861191627048,1.1661936800393005e-07
h001_k5_a08crit,0.0434482868571,0.0543103585713276,204,2.04,-0.007826284494126375,0.007826284494126375,0.011744095413551531,0.0004287418232219597,2.2637099498466298e-07
h001_k5_a08crit,0.0434482868571,0.0543103585713276,205,2.05,0.008036563794732287,0.008036563794732287,0.010071298430550692,0.0003864040277270509,1.839038366928525e-07
h001_k5_a08crit,0.0434482868571,0.0543103585713276,206,2.06,-0.00786183262381432,0.00786183262381432,0.00903505954461222,0.000370362517289439,1.6905581947329608e-07
h001_k5_a08crit,0.0434482868571,0.0543103585713276,207,2.07,0.008031471585367959,0.008031471585367959,0.006154813735328678,0.0002447297054012125,7.375924168861232e-08
h001_k5_a08crit,0.0434482868571,0.0543103585713276,208,2.08,-0.007897960035656145,0.007897960035656145,0.009302062718092093,0.00031919903311790603,1.2539873271046903e-07
h001_k5_a08crit,0.0434482868571,0.0543103585713276,209,2.09,0.008093470718173196,0.008093470718173196,0.009522386072590759,0.0003410335558860934,1.4314627077833927e-07
h001_k5_a08crit,0.0434482868571,0.0543103585713276,210,2.1,-0.007726943616232771,0.007726943616232771,0.012252854702790899,0.0004519650316465665,2.5161218988762214e-07
h001_k5_a08crit,0.0434482868571,0.0543103585713276,211,2.11,0.007952392975295958,0.007952392975295958,0.011801348880732249,0.0004508722448409366,2.5043859665356136e-07
h001_k5_a08crit,0.0434482868571,0.0543103585713276,212,2.12,-0.007570875013572264,0.007570875013572264,0.011857739010698197,0.00048782062101051035,2.934224257955056e-07
h001_k5_a08crit,0.0434482868571,0.0543103585713276,213,2.13,0.00779840525677022,0.00779840525677022,0.008776218397529262,0.0003615484669073254,1.611071053062334e-07
h001_k5_a08crit,0.0434482868571,0.0543103585713276,214,2.14,-0.007660280387392519,0.007660280387392519,0.008055481548067771,0.00032621523612436976,1.3113774253061493e-07
h001_k5_a08crit,0.0434482868571,0.0543103585713276,215,2.15,0.007826543560359734,0.007826543560359734,0.006513388300363754,0.0002464783396950649,7.478889123783739e-08
h001_k5_a08crit,0.0434482868571,0.0543103585713276,216,2.16,-0.0078052703681094834,0.0078052703681094834,0.005742147066088104,0.0002170980434981627,5.802109808635445e-08
h001_k5_a08crit,0.0434482868571,0.0543103585713276,217,2.17,0.007975076491556642,0.007975076491556642,0.008958556474960137,0.00029290234900833655,1.0551843679020056e-07
h001_k5_a08crit,0.0434482868571,0.0543103585713276,218,2.18,-0.007729851815071324,0.007729851815071324,0.010283235545971324,0.0003779343559113653,1.7587874216045695e-07
h001_k5_a08crit,0.0434482868571,0.0543103585713276,219,2.19,0.007941824392295925,0.007941824392295925,0.011917076628603612,0.0004303728746857992,2.2805880838430023e-07
h001_k5_a08crit,0.0434482868571,0.0543103585713276,220,2.2,-0.007745607951272751,0.007745607951272751,0.007952976250281626,0.0003601834283174235,1.5998293462486386e-07
h001_k5_a08crit,0.0434482868571,0.0543103585713276,221,2.21,0.00792432006361649,0.00792432006361649,0.007636035391071901,0.0002829623804709475,9.858635526036832e-08
h001_k5_a08crit,0.0434482868571,0.0543103585713276,222,2.22,-0.00783281541490865,0.00783281541490865,0.007231802457110594,0.00027842294203448336,9.546254292853359e-08
h001_k5_a08crit,0.0434482868571,0.0543103585713276,223,2.23,0.008027685064698633,0.008027685064698633,0.00945156259485111,0.00032060984044117474,1.2647372437739625e-07
h001_k5_a08crit,0.0434482868571,0.0543103585713276,224,2.24,-0.007719786989389183,0.007719786989389183,0.010788250415710129,0.0004042521439040781,2.012789927628163e-07
h001_k5_a08crit,0.0434482868571,0.0543103585713276,225,2.25,0.007935768647416014,0.007935768647416014,0.012996777357381528,0.00047212786731084264,2.745137175659722e-07
h001_k5_a08crit,0.0434482868571,0.0543103585713276,226,2.2600000000000002,-0.0075149274843531975,0.0075149274843531975,0.011636569769059794,0.0004934771225067187,3.0033414860315485e-07
h001_k5_a08crit,0.0434482868571,0.0543103585713276,227,2.27,0.007759867603209642,0.007759867603209642,0.010328735332959419,0.00041533763511603024,2.1261106256674271e-07
h001_k5_a08crit,0.0434482868571,0.0543103585713276,228,2.2800000000000002,-0.007548346693737317,0.007548346693737317,0.009172742623063524,0.00037923812361331425,1.7729880273657114e-07
h001_k5_a08crit,0.0434482868571,0.0543103585713276,229,2.29,0.007716571253700993,0.007716571253700993,0.005894874122475414,0.0002462125962017642,7.467475348676693e-08
h001_k5_a08crit,0.0434482868571,0.0543103585713276,230,2.3000000000000003,-0.00769809846299664,0.00769809846299664,0.00618772789166584,0.0002242562557009332,6.190463374204016e-08
h001_k5_a08crit,0.0434482868571,0.0543103585713276,231,2.31,0.00784771347242222,0.00784771347242222,0.0066650157313124965,0.00022991092068613708,6.50180813852103e-08
h001_k5_a08crit,0.0434482868571,0.0543103585713276,232,2.32,-0.007611424060797909,0.007611424060797909,0.011147045988077418,0.00037076111533254944,1.6915054541924867e-07
h001_k5_a08crit,0.0434482868571,0.0543103585713276,233,2.33,0.007808631804911615,0.007808631804911615,0.010998701239975662,0.00041133596163330324,2.083414961214349e-07
h001_k5_a08crit,0.0434482868571,0.0543103585713276,234,2.34,-0.007606510080668637,0.007606510080668637,0.009516804719599462,0.0003849967704220195,1.8268054229052754e-07
h001_k5_a08crit,0.0434482868571,0.0543103585713276,235,2.35,0.007787398411598685,0.007787398411598685,0.007227382760031175,0.00028874554099519377,1.0268835985642544e-07
h001_k5_a08crit,0.0434482868571,0.0543103585713276,236,2.36,-0.007724477863103091,0.007724477863103091,0.007239038392025047,0.0002686121847633671,8.884102869117047e-08
h001_k5_a08crit,0.0434482868571,0.0543103585713276,237,2.37,0.007902513596077996,0.007902513596077996,0.00736795969218454,0.00025991960566617347,8.312375141072705e-08
h001_k5_a08crit,0.0434482868571,0.0543103585713276,238,2.38,-0.007654890167271335,0.007654890167271335,0.010651425274292081,0.00037013646395712556,1.6863372142253388e-07
h001_k5_a08crit,0.0434482868571,0.0543103585713276,239,2.39,0.007856099435107084,0.007856099435107084,0.012131344441908323,0.00043435339663841916,2.3228081352755663e-07
h001_k5_a08crit,0.0434482868571,0.0543103585713276,240,2.4,-0.007438492819004484,0.007438492819004484,0.011684592466100074,0.0004825929995917107,2.8714369173390827e-07
h001_k5_a08crit,0.0434482868571,0.0543103585713276,241,2.41,0.0077004284929896565,0.0077004284929896565,0.0118822768578363,0.00045514470429245746,2.552550701636222e-07
h001_k5_a08crit,0.0434482868571,0.0543103585713276,242,2.42,-0.007415568560420003,0.007415568560420003,0.00912170672560338,0.00040763725817996366,2.0495814519500496e-07
h001_k5_a08crit,0.0434482868571,0.0543103585713276,243,2.43,0.007600801597029872,0.007600801597029872,0.007257520187338603,0.0002868213793383112,1.0134159228010846e-07
h001_k5_a08crit,0.0434482868571,0.0543103585713276,244,2.44,-0.007579366533002107,0.007579366533002107,0.004577996009727166,0.00020354820987189938,5.104863142258324e-08
h001_k5_a08crit,0.0434482868571,0.0543103585713276,245,2.45,0.00772526235870195,0.00772526235870195,0.006137340947740879,0.00019711738841748493,4.778429626521812e-08
h001_k5_a08crit,0.0434482868571,0.0543103585713276,246,2.46,-0.007520214720977052,0.007520214720977052,0.009768318794093869,0.00033709105727166514,1.3982742066944898e-07
h001_k5_a08crit,0.0434482868571,0.0543103585713276,247,2.47,0.007705023887584497,0.007705023887584497,0.011189429656317057,0.00039132093571270975,1.8847607348221485e-07
h001_k5_a08crit,0.0434482868571,0.0543103585713276,248,2.48,-0.007434823968520306,0.007434823968520306,0.009777187135367047,0.0004055719811275041,2.027423288581384e-07
h001_k5_a08crit,0.0434482868571,0.0543103585713276,249,2.49,0.007621736064681526,0.007621736064681526,0.00844067583951003,0.00032359342902528367,1.289636622427554e-07
h001_k5_a08crit,0.0434482868571,0.0543103585713276,250,2.5,-0.007554417950100014,0.007554417950100014,0.006209347915467196,0.00025831249565792905,8.220891245336953e-08
h001_k5_a08crit,0.0434482868571,0.0543103585713276,251,2.5100000000000002,0.007721028907756,0.007721028907756,0.00671380181774607,0.00023553106535219336,6.825502410580124e-08
h001_k5_a08crit,0.0434482868571,0.0543103585713276,252,2.52,-0.007528736244009816,0.007528736244009816,0.0097750520784431,0.00033143147869866565,1.3517615692355266e-07
h001_k5_a08crit,0.0434482868571,0.0543103585713276,253,2.5300000000000002,0.007703725135111143,0.007703725135111143,0.010902838453034644,0.0003917802697089178,1.8894320084240988e-07
h001_k5_a08crit,0.0434482868571,0.0543103585713276,254,2.54,-0.007301194300319318,0.007301194300319318,0.012497569293871994,0.00047498025889323206,2.7798666565931683e-07
h001_k5_a08crit,0.0434482868571,0.0543103585713276,255,2.5500000000000003,0.007555933056199077,0.007555933056199077,0.012148329679872115,0.00047665325401701294,2.7997373614815e-07
h001_k5_a08crit,0.0434482868571,0.0543103585713276,256,2.56,-0.0072262560469505376,0.0072262560469505376,0.010844616090531077,0.0004508896473225278,2.507042296502114e-07
h001_k5_a08crit,0.0434482868571,0.0543103585713276,257,2.57,0.007434113087205747,0.007434113087205747,0.008006237061746042,0.000340930383954561,1.4325418740721798e-07
h001_k5_a08crit,0.0434482868571,0.0543103585713276,258,2.58,-0.007431131339335189,0.007431131339335189,0.004280434827855792,0.0001915963742262665,4.524967271331377e-08
h001_k5_a08crit,0.0434482868571,0.0543103585713276,259,2.59,0.007565032868081114,0.007565032868081114,0.005210743288363179,0.00018133269649182784,4.044689993955716e-08
h001_k5_a08crit,0.0434482868571,0.0543103585713276,260,2.6,-0.0074487619544081705,0.0074487619544081705,0.008626888396492545,0.000278928752329459,9.569500441272334e-08
h001_k5_a08crit,0.0434482868571,0.0543103585713276,261,2.61,0.007615223633102809,0.007615223633102809,0.010301043736788331,0.00035905879138132916,1.586416896391877e-07
h001_k5_a08crit,0.0434482868571,0.0543103585713276,262,2.62,-0.007337672653473416,0.007337672653473416,0.010780394792841754,0.0004136790249269662,2.1082200294433643e-07
h001_k5_a08crit,0.0434482868571,0.0543103585713276,263,2.63,0.007530508369743685,0.007530508369743685,0.008816029117361237,0.00034320919226480176,1.4508189319145863e-07
h001_k5_a08crit,0.0434482868571,0.0543103585713276,264,2.64,-0.007461854340744049,0.007461854340744049,0.005899901348907929,0.00025779915860986696,8.190398110749722e-08
h001_k5_a08crit,0.0434482868571,0.0543103585713276,265,2.65,0.00762107835893766,0.00762107835893766,0.006057053015875408,0.00020896625942010298,5.372544971862019e-08
h001_k5_a08crit,0.0434482868571,0.0543103585713276,266,2.66,-0.007495799278433687,0.007495799278433687,0.008014093427826045,0.00028307796514958467,9.861159551433403e-08
h001_k5_a08crit,0.0434482868571,0.0543103585713276,267,2.67,0.007663758680610919,0.007663758680610919,0.009748419632757525,0.0003269682252596636,1.3152766301411705e-07
h001_k5_a08crit,0.0434482868571,0.0543103585713276,268,2.68,-0.007249910722226938,0.007249910722226938,0.012110183942688896,0.00046092567976185623,2.617203989440469e-07
h001_k5_a08crit,0.0434482868571,0.0543103585713276,269,2.69,0.007488714954532808,0.007488714954532808,0.012141465619574214,0.0004503993173246928,2.498815038773288e-07
h001_k5_a08crit,0.0434482868571,0.0543103585713276,270,2.7,-0.006971269608929385,0.006971269608929385,0.012633443049055596,0.0005293853577397781,3.4561372800654175e-07
h001_k5_a08crit,0.0434482868571,0.0543103585713276,271,2.71,0.007195895199952503,0.007195895199952503,0.008553395319498043,0.0003646913222283813,1.639707902574752e-07
h001_k5_a08crit,0.0434482868571,0.0543103585713276,272,2.72,-0.007143485441134509,0.007143485441134509,0.00471330843337156,0.0002280406905656181,6.412746717721283e-08
h001_k5_a08crit,0.0434482868571,0.0543103585713276,273,2.73,0.0072701233450078295,0.0072701233450078295,0.004446552467625924,0.00015717695112064665,3.039852679498884e-08
h001_k5_a08crit,0.0434482868571,0.0543103585713276,274,2.74,-0.007204807360695554,0.007204807360695554,0.006926678534900518,0.0002305263109522822,6.536361221413538e-08
h001_k5_a08crit,0.0434482868571,0.0543103585713276,275,2.75,0.007353026988937755,0.007353026988937755,0.009664006977253154,0.0003202526205066751,1.261517493583831e-07
h001_k5_a08crit,0.0434482868571,0.0543103585713276,276,2.7600000000000002,-0.007043611196317936,0.007043611196317936,0.011252789132832132,0.0004147080407698966,2.1180274033064118e-07
h001_k5_a08crit,0.0434482868571,0.0543103585713276,277,2.77,0.007230557141482302,0.007230557141482302,0.009628228919345842,0.0003788081006897997,1.767521997239799e-07
h001_k5_a08crit,0.0434482868571,0.0543103585713276,278,2.7800000000000002,-0.007162802767783421,0.007162802767783421,0.006157143591404234,0.00026357769605703387,8.562537171837107e-08
h001_k5_a08crit,0.0434482868571,0.0543103585713276,279,2.79,0.007318305690829396,0.007318305690829396,0.0060311667448718536,0.00022332381912749784,6.137716282930161e-08
h001_k5_a08crit,0.0434482868571,0.0543103585713276,280,2.8000000000000003,-0.007282718185811075,0.007282718185811075,0.00605581261887084,0.0002104159663066367,5.447899241333976e-08
h001_k5_a08crit,0.0434482868571,0.0543103585713276,281,2.81,0.0074370204543017186,0.0074370204543017186,0.009291660418045479,0.00031136851846510046,1.192519179522212e-07
h001_k5_a08crit,0.0434482868571,0.0543103585713276,282,2.82,-0.007182527448190345,0.007182527448190345,0.010206311002994928,0.00037081786132239097,1.6931334203628432e-07
h001_k5_a08crit,0.0434482868571,0.0543103585713276,283,2.83,0.00739840707299235,0.00739840707299235,0.013152845383361906,0.0004720743753339974,2.744085640609152e-07
h001_k5_a08crit,0.0434482868571,0.0543103585713276,284,2.84,-0.0068569462363450235,0.0068569462363450235,0.013221324861534399,0.0005437588089857765,3.6461835914904854e-07
h001_k5_a08crit,0.0434482868571,0.0543103585713276,285,2.85,0.007105402751780563,0.007105402751780563,0.010050433569833324,0.00043150686534850364,2.2959648567316056e-07
h001_k5_a08crit,0.0434482868571,0.0543103585713276,286,2.86,-0.007022158200571595,0.007022158200571595,0.0054613871786853155,0.00026355399734844903,8.568782911760042e-08
h001_k5_a08crit,0.0434482868571,0.0543103585713276,287,2.87,0.007147995744071305,0.007147995744071305,0.003797237436708024,0.00015241266784313072,2.860142404333345e-08
h001_k5_a08crit,0.0434482868571,0.0543103585713276,288,2.88,-0.007139986157372217,0.007139986157372217,0.005351368232737573,0.0001812779356136652,4.0419143428892045e-08
h001_k5_a08crit,0.0434482868571,0.0543103585713276,289,2.89,0.0072818211472798185,0.0072818211472798185,0.008115710620363046,0.00025436999194659637,7.955204464605601e-08
h001_k5_a08crit,0.0434482868571,0.0543103585713276,290,2.9,-0.00692790062444863,0.00692790062444863,0.011745194647997535,0.000423040128537495,2.2033450248294633e-07
h001_k5_a08crit,0.0434482868571,0.0543103585713276,291,2.91,0.007103930247971284,0.007103930247971284,0.009376160067688512,0.0003589576654122424,1.5868538631050398e-07
h001_k5_a08crit,0.0434482868571,0.0543103585713276,292,2.92,-0.006961383888721187,0.006961383888721187,0.007966300870652402,0.0003295415750599595,1.338213601937158e-07
h001_k5_a08crit,0.0434482868571,0.0543103585713276,293,2.93,0.007104413021599877,0.007104413021599877,0.004511153973538792,0.00018190920288112426,4.074496368859841e-08
h001_k5_a08crit,0.0434482868571,0.0543103585713276,294,2.94,-0.0070664207434726675,0.0070664207434726675,0.006225264504480323,0.00021497135652908867,5.685406674784376e-08
h001_k5_a08crit,0.0434482868571,0.0543103585713276,295,2.95,0.007208574455481461,0.007208574455481461,0.006454609875964022,0.00021612700690001077,5.744295339984406e-08
h001_k5_a08crit,0.0434482868571,0.0543103585713276,296,2.96,-0.007011066212653981,0.007011066212653981,0.00952517957530823,0.00032552724474466463,1.3039261592435777e-07
h001_k5_a08crit,0.0434482868571,0.0543103585713276,297,2.97,0.007197056258274365,0.007197056258274365,0.012317568646546576,0.00042063219024629896,2.1775357118804291e-07
h001_k5_a08crit,0.0434482868571,0.0543103585713276,298,2.98,-0.0065573120102010475,0.0065573120102010475,0.014089207945146167,0.0005677057321126483,3.973453143123779e-07
h001_k5_a08crit,0.0434482868571,0.0543103585713276,299,2.99,0.006817795206497931,0.006817795206497931,0.011479601404830972,0.0004781899457658473,2.819510411477636e-07
h001_k5_a08crit,0.0434482868571,0.0543103585713276,300,3.0,-0.006659910090604303,0.006659910090604303,0.00650198735086498,0.0003172955280727374,1.2423333446364735e-07
h001_k5_a08crit,0.0434482868571,0.0543103585713276,301,3.0100000000000002,0.00679520916829222,0.00679520916829222,0.004293321373198868,0.00018559169094324045,4.242966546408871e-08
h001_k5_a08crit,0.0434482868571,0.0543103585713276,302,3.02,-0.0068381659216005235,0.0068381659216005235,0.002870310290648783,0.00010857158816506475,1.4510323561191564e-08
h001_k5_a08crit,0.0434482868571,0.0543103585713276,303,3.0300000000000002,0.006972690384015324,0.006972690384015324,0.007876583703204909,0.00024142015183027343,7.164546048734488e-08
h001_k5_a08crit,0.0434482868571,0.0543103585713276,304,3.04,-0.0067305615355032775,0.0067305615355032775,0.00972641869821261,0.0003429086254296123,1.4472356375446847e-07
h001_k5_a08crit,0.0434482868571,0.0543103585713276,305,3.0500000000000003,0.006889227297525488,0.006889227297525488,0.011506939082733383,0.0004131165826987337,2.1009520919128343e-07
h001_k5_a08crit,0.0434482868571,0.0543103585713276,306,3.06,-0.006727531828024941,0.006727531828024941,0.007340448714320595,0.0003257855019233484,1.3085029994981212e-07
h001_k5_a08crit,0.0434482868571,0.0543103585713276,307,3.0700000000000003,0.006877812839774442,0.006877812839774442,0.006182393379788822,0.00023785284188371195,6.965256119928085e-08
h001_k5_a08crit,0.0434482868571,0.0543103585713276,308,3.08,-0.006867957981121463,0.006867957981121463,0.004594054795641544,0.0001789491406259816,3.942336316668693e-08
h001_k5_a08crit,0.0434482868571,0.0543103585713276,309,3.09,0.006998378518725365,0.006998378518725365,0.0053617879459327234,0.00018289119512841825,4.1132861947018596e-08
h001_k5_a08crit,0.0434482868571,0.0543103585713276,310,3.1,-0.006913283690169338,0.006913283690169338,0.007481603179945481,0.00024280378432672118,7.250704311676799e-08
h001_k5_a08crit,0.0434482868571,0.0543103585713276,311,3.11,0.007070061233367881,0.007070061233367881,0.011356816469901304,0.00037526889358424344,1.7324355882644152e-07
h001_k5_a08crit,0.0434482868571,0.0543103585713276,312,3.12,-0.0064232833832824025,0.0064232833832824025,0.014673710040185969,0.0005644707638917671,3.9266375270573576e-07
h001_k5_a08crit,0.0434482868571,0.0543103585713276,313,3.13,0.006684428705223743,0.006684428705223743,0.01208174407576664,0.0004925689536584549,2.991236110540626e-07
h001_k5_a08crit,0.0434482868571,0.0543103585713276,314,3.14,-0.006377850898885493,0.006377850898885493,0.009467352436709226,0.0004290820466631545,2.2715130621083507e-07
h001_k5_a08crit,0.0434482868571,0.0543103585713276,315,3.15,0.006525249168120379,0.006525249168120379,0.0032142890554290623,0.00017638680233798802,3.837685931672371e-08
h001_k5_a08crit,0.0434482868571,0.0543103585713276,316,3.16,-0.006564566884265308,0.006564566884265308,0.0032916728943504217,0.00012044499088452908,1.7857272127809198e-08
h001_k5_a08crit,0.0434482868571,0.0543103585713276,317,3.17,0.006677751343792981,0.006677751343792981,0.004389271116344645,0.00013954231946338764,2.393534650595144e-08
h001_k5_a08crit,0.0434482868571,0.0543103585713276,318,3.18,-0.006448765910202383,0.006448765910202383,0.010148885354552611,0.0003212392426530861,1.269073159036191e-07
h001_k5_a08crit,0.0434482868571,0.0543103585713276,319,3.19,0.006584813731000556,0.006584813731000556,0.01025635497268959,0.0003667901878588654,1.6557849129035004e-07
h001_k5_a08crit,0.0434482868571,0.0543103585713276,320,3.2,-0.006375601992385779,0.006375601992385779,0.009140785523744407,0.0003668344007378434,1.6580337513360137e-07
h001_k5_a08crit,0.0434482868571,0.0543103585713276,321,3.21,0.0065311317816072025,0.0065311317816072025,0.006279661385459284,0.0002478102055170162,7.561878815555963e-08
h001_k5_a08crit,0.0434482868571,0.0543103585713276,322,3.22,-0.006504506242631783,0.006504506242631783,0.004618938195455235,0.00018986938853002573,4.4391994251359895e-08
h001_k5_a08crit,0.0434482868571,0.0543103585713276,323,3.23,0.006616643136796581,0.006616643136796581,0.0037333349022834346,0.00013265227395257168,2.1642068581043133e-08
h001_k5_a08crit,0.0434482868571,0.0543103585713276,324,3.24,-0.006613522900073037,0.006613522900073037,0.00490905663419349,0.00015685803800885158,3.025069962588231e-08
h001_k5_a08crit,0.0434482868571,0.0543103585713276,325,3.25,0.00674853077783802,0.00674853077783802,0.01054767581189304,0.00033052875623715576,1.3433224990315933e-07
h001_k5_a08crit,0.0434482868571,0.0543103585713276,326,3.2600000000000002,-0.0062451592696408376,0.0062451592696408376,0.012794975781279687,0.0004783482488214581,2.8185629929760813e-07
h001_k5_a08crit,0.0434482868571,0.0543103585713276,327,3.27,0.006498788582708076,0.006498788582708076,0.014815880188895715,0.0005552740010644737,3.799017072926848e-07
h001_k5_a08crit,0.0434482868571,0.0543103585713276,328,3.2800000000000002,-0.006061140512093669,0.006061140512093669,0.009773999719407461,0.0004782198559382229,2.8233442161059737e-07
h001_k5_a08crit,0.0434482868571,0.0543103585713276,329,3.29,0.006223779753511181,0.006223779753511181,0.005836157398979872,0.00026630081490843134,8.744667985191914e-08
h001_k5_a08crit,0.0434482868571,0.0543103585713276,330,3.3000000000000003,-0.006255915276464897,0.006255915276464897,0.0013763384853206517,8.997400303635307e-05,9.994291764616741e-09
h001_k5_a08crit,0.0434482868571,0.0543103585713276,331,3.31,0.006365980729745589,0.006365980729745589,0.0037065803516978715,0.00011154995296498557,1.5298794911419734e-08
h001_k5_a08crit,0.0434482868571,0.0543103585713276,332,3.3200000000000003,-0.006233635094186744,0.006233635094186744,0.007702934282823154,0.0002427851432313808,7.247244996602798e-08
h001_k5_a08crit,0.0434482868571,0.0543103585713276,333,3.33,0.006342645428746067,0.006342645428746067,0.010454020145595799,0.0003527664407260926,1.5308795408361183e-07
h001_k5_a08crit,0.0434482868571,0.0543103585713276,334,3.34,-0.006103518732216979,0.006103518732216979,0.009555875086130388,0.00037185313285837627,1.7033554256916612e-07
h001_k5_a08crit,0.0434482868571,0.0543103585713276,335,3.35,0.0062675272987590906,0.0062675272987590906,0.0075929549652479535,0.00029618518791411913,1.0802383524181286e-07
h001_k5_a08crit,0.0434482868571,0.0543103585713276,336,3.36,-0.006210165036163198,0.006210165036163198,0.005452091899240891,0.00022594305517314523,6.288027305447002e-08
h001_k5_a08crit,0.0434482868571,0.0543103585713276,337,3.37,0.006311264880421108,0.006311264880421108,0.0017623788676958292,8.543957419576292e-05,8.987831245075217e-09
h001_k5_a08crit,0.0434482868571,0.0543103585713276,338,3.38,-0.006335611675782107,0.006335611675782107,0.004171107552719408,0.0001223351270543577,1.839258265796963e-08
h001_k5_a08crit,0.0434482868571,0.0543103585713276,339,3.39,0.006440698641307783,0.006440698641307783,0.006739844233135279,0.0002127131179946449,5.5615642897534353e-08
h001_k5_a08crit,0.0434482868571,0.0543103585713276,340,3.4,-0.0060229298401303435,0.0060229298401303435,0.013006179972946258,0.00042570711105971757,2.2298645453080732e-07
h001_k5_a08crit,0.0434482868571,0.0543103585713276,341,3.41,0.006236089397469637,0.006236089397469637,0.014194963991595276,0.00053056126987019,3.4675336853658933e-07
h001_k5_a08crit,0.0434482868571,0.0543103585713276,342,3.42,-0.005679058423128743,0.005679058423128743,0.01283112252556709,0.0005557085597786256,3.810031612275996e-07
h001_k5_a08crit,0.0434482868571,0.0543103585713276,343,3.43,0.0058793331616174005,0.0058793331616174005,0.006536148408688769,0.0003214091605121227,1.2745041404564355e-07
h001_k5_a08crit,0.0434482868571,0.0543103585713276,344,3.44,-0.005897186388351753,0.005897186388351753,0.0017789113281010513,0.00011394831431907565,1.6032291887861812e-08
h001_k5_a08crit,0.0434482868571,0.0543103585713276,345,3.45,0.005985469600829702,0.005985469600829702,0.0014089466792374466,5.377447100782129e-05,3.5606602944838084e-09
h001_k5_a08crit,0.0434482868571,0.0543103585713276,346,3.46,-0.005924999136521148,0.005924999136521148,0.005947885528383028,0.00017696599717092551,3.848528427123639e-08
h001_k5_a08crit,0.0434482868571,0.0543103585713276,347,3.47,0.0060180508740450105,0.0060180508740450105,0.009012265592063905,0.0002872436714329746,1.0144652137248698e-07
h001_k5_a08crit,0.0434482868571,0.0543103585713276,348,3.48,-0.005773399898434839,0.005773399898434839,0.00942366144155728,0.0003518282691957374,1.5241222305887587e-07
h001_k5_a08crit,0.0434482868571,0.0543103585713276,349,3.49,0.005944391762119403,0.005944391762119403,0.009703774476755581,0.00035188978168328877,1.5242877487151818e-07
h001_k5_a08crit,0.0434482868571,0.0543103585713276,350,3.5,-0.005837897390827843,0.005837897390827843,0.0050529592928061935,0.00024229042539480067,7.23644680890776e-08
h001_k5_a08crit,0.0434482868571,0.0543103585713276,351,3.5100000000000002,0.00593685159892561,0.00593685159892561,0.002543437273625127,0.00010510179888803985,1.3600105095917852e-08
h001_k5_a08crit,0.0434482868571,0.0543103585713276,352,3.52,-0.005994806311586952,0.005994806311586952,0.0011111319311415979,5.365940160671149e-05,3.5444306395682683e-09
h001_k5_a08crit,0.0434482868571,0.0543103585713276,353,3.5300000000000002,0.006095466982298148,0.006095466982298148,0.004664445115451166,0.00012737690634047376,1.9934280625138686e-08
h001_k5_a08crit,0.0434482868571,0.0543103585713276,354,3.54,-0.005822131173088777,0.005822131173088777,0.010233632635128028,0.00032880837182659614,1.3296561896528136e-07
h001_k5_a08crit,0.0434482868571,0.0543103585713276,355,3.5500000000000003,0.005983813439874848,0.005983813439874848,0.014591092081204057,0.0004980092622866155,3.0527297076197555e-07
h001_k5_a08crit,0.0434482868571,0.0543103585713276,356,3.56,-0.005227845707074009,0.005227845707074009,0.0141295477321501,0.0006108247647110419,4.603124893937786e-07
h001_k5_a08crit,0.0434482868571,0.0543103585713276,357,3.5700000000000003,0.005447715829460972,0.005447715829460972,0.009036639858891823,0.00041414487329602244,2.1160447610831127e-07
h001_k5_a08crit,0.0434482868571,0.0543103585713276,358,3.58,-0.0054088057849021615,0.0054088057849021615,0.0022695221807605657,0.0001534597729444134,2.910121416666964e-08
h001_k5_a08crit,0.0434482868571,0.0543103585713276,359,3.59,0.005492611710150017,0.005492611710150017,0.0006070972816537617,4.1084034706687944e-05,2.083792848095269e-09
h001_k5_a08crit,0.0434482868571,0.0543103585713276,360,3.6,-0.005488100089683452,0.005488100089683452,0.003972578576555551,0.00011150435646269882,1.527636586762976e-08
h001_k5_a08crit,0.0434482868571,0.0543103585713276,361,3.61,0.0055598634676287,0.0055598634676287,0.0063983163376186,0.0002018838601851506,5.009339111768662e-08
h001_k5_a08crit,0.0434482868571,0.0543103585713276,362,3.62,-0.005317754866251625,0.005317754866251625,0.010188761218854333,0.00033446537381375625,1.3761646060521752e-07
h001_k5_a08crit,0.0434482868571,0.0543103585713276,363,3.63,0.005467892920810192,0.005467892920810192,0.010043495787738232,0.00037272424419330295,1.7101670073155319e-07
h001_k5_a08crit,0.0434482868571,0.0543103585713276,364,3.64,-0.005345781796379389,0.005345781796379389,0.006961674054015936,0.00028771423397193975,1.0199719415169091e-07
h001_k5_a08crit,0.0434482868571,0.0543103585713276,365,3.65,0.005470767479993225,0.005470767479993225,0.0028576311061140097,0.00013913975889688255,2.3843029316247764e-08
h001_k5_a08crit,0.0434482868571,0.0543103585713276,366,3.66,-0.005535379398544344,0.005535379398544344,0.00039103769640923345,1.0395069983237753e-05,1.3450138430398603e-10
h001_k5_a08crit,0.0434482868571,0.0543103585713276,367,3.67,0.005609217660028561,0.005609217660028561,0.0015289894146971645,4.340887253776455e-05,2.315553783484208e-09
h001_k5_a08crit,0.0434482868571,0.0543103585713276,368,3.68,-0.005494775646780624,0.005494775646780624,0.0074697669993759605,0.0002081850046709826,5.324869825129724e-08
h001_k5_a08crit,0.0434482868571,0.0543103585713276,369,3.69,0.005600515586417983,0.005600515586417983,0.013083197046551606,0.0004249329228989491,2.2211675809532392e-07
h001_k5_a08crit,0.0434482868571,0.0543103585713276,370,3.7,-0.004756963953489266,0.004756963953489266,0.01565544040284422,0.0006298278718122118,4.890964541450708e-07
h001_k5_a08crit,0.0434482868571,0.0543103585713276,371,3.71,0.004991470582084915,0.004991470582084915,0.01080439055721623,0.00047576327617495,2.792232302712247e-07
h001_k5_a08crit,0.0434482868571,0.0543103585713276,372,3.72,-0.004869400408452051,0.004869400408452051,0.003384908448589661,0.00021945227546784696,5.9502168922468894e-08
h001_k5_a08crit,0.0434482868571,0.0543103585713276,373,3.73,0.004961905451329593,0.004961905451329593,0.0006153407792033472,4.6471916670648373e-05,2.669543123753031e-09
h001_k5_a08crit,0.0434482868571,0.0543103585713276,374,3.74,-0.0050106293655591185,0.0050106293655591185,0.0009221214323559436,3.6969610269433415e-05,1.6820779273828187e-09
h001_k5_a08crit,0.0434482868571,0.0543103585713276,375,3.75,0.005089347869258786,0.005089347869258786,0.004140024886763786,0.00010593152887798935,1.3785158864795527e-08
h001_k5_a08crit,0.0434482868571,0.0543103585713276,376,3.7600000000000002,-0.0048609925916387724,0.0048609925916387724,0.009098393532524686,0.0002949818614770742,1.0700280645014565e-07
h001_k5_a08crit,0.0434482868571,0.0543103585713276,377,3.77,0.004976976194784877,0.004976976194784877,0.010108938680087158,0.0003443339899178018,1.4587333714907328e-07
h001_k5_a08crit,0.0434482868571,0.0543103585713276,378,3.7800000000000002,-0.004726416192019535,0.004726416192019535,0.008914032843004295,0.000364135341342979,1.6336628510398725e-07
h001_k5_a08crit,0.0434482868571,0.0543103585713276,379,3.79,0.004853448781182719,0.004853448781182719,0.0038355417488288583,0.00017310793434904763,3.691271023652748e-08
h001_k5_a08crit,0.0434482868571,0.0543103585713276,380,3.8000000000000003,-0.004893736369097198,0.004893736369097198,0.001716746074673955,1.5041240069953658e-05,2.8208194448308434e-10
h001_k5_a08crit,0.0434482868571,0.0543103585713276,381,3.81,0.0049572416357197575,0.0049572416357197575,0.0010395368823693317,3.436076223951009e-05,1.448729604929505e-09
h001_k5_a08crit,0.0434482868571,0.0543103585713276,382,3.8200000000000003,-0.0049453962467701645,0.0049453962467701645,0.003966427563870631,8.077579912050586e-05,8.010004511281327e-09
h001_k5_a08crit,0.0434482868571,0.0543103585713276,383,3.83,0.005002920120049822,0.005002920120049822,0.0112245947959509,0.00033962340340192194,1.4179256638448318e-07
h001_k5_a08crit,0.0434482868571,0.0543103585713276,384,3.84,-0.004164714993518916,0.004164714993518916,0.015957412469352103,0.0005944431732459138,4.3536034061828727e-07
h001_k5_a08crit,0.0434482868571,0.0543103585713276,385,3.85,0.004384882996860403,0.004384882996860403,0.012554164325287805,0.0005356520512762854,3.538601694668817e-07
h001_k5_a08crit,0.0434482868571,0.0543103585713276,386,3.86,-0.004198566919136429,0.004198566919136429,0.005370119666643401,0.00029731138853392164,1.0915841671066385e-07
h001_k5_a08crit,0.0434482868571,0.0543103585713276,387,3.87,0.004323016878135822,0.004323016878135822,0.0017897970944246277,9.735057983987217e-05,1.1695084706948319e-08
h001_k5_a08crit,0.0434482868571,0.0543103585713276,388,3.88,-0.004393281919977455,0.004393281919977455,0.0018594510901925106,4.5421383909119465e-05,2.5273582709807105e-09
h001_k5_a08crit,0.0434482868571,0.0543103585713276,389,3.89,0.0044682779621201705,0.0044682779621201705,0.0022048976387224178,4.84461491758426e-05,2.8822557925444866e-09
h001_k5_a08crit,0.0434482868571,0.0543103585713276,390,3.9,-0.0043603956781349575,0.0043603956781349575,0.006147247757526481,0.00017610262082886166,3.8101893950892006e-08
h001_k5_a08crit,0.0434482868571,0.0543103585713276,391,3.91,0.004423815197768324,0.004423815197768324,0.010328129727537268,0.0003370374104207446,1.396936863124088e-07
h001_k5_a08crit,0.0434482868571,0.0543103585713276,392,3.92,-0.004133497769591666,0.004133497769591666,0.010020882302899506,0.00038365270618936415,1.8128871512366845e-07
h001_k5_a08crit,0.0434482868571,0.0543103585713276,393,3.93,0.004277955259318741,0.004277955259318741,0.00562869526944288,0.0002423914281744164,7.236630059208057e-08
h001_k5_a08crit,0.0434482868571,0.0543103585713276,394,3.94,-0.004286200352406469,0.004286200352406469,0.001973588661127876,5.143961167856219e-05,3.271693904897679e-09
h001_k5_a08crit,0.0434482868571,0.0543103585713276,395,3.95,0.004369673430072952,0.004369673430072952,0.0036902009425837747,0.00010097110466458138,1.2512029690724039e-08
h001_k5_a08crit,0.0434482868571,0.0543103585713276,396,3.96,-0.004401229291860698,0.004401229291860698,0.0015565013205168635,3.486306438147694e-05,1.4937719844171383e-09
h001_k5_a08crit,0.0434482868571,0.0543103585713276,397,3.97,0.004456747770750105,0.004456747770750105,0.007808589045509,0.00020290001340498852,5.057096782127662e-08
h001_k5_a08crit,0.0434482868571,0.0543103585713276,398,3.98,-0.0036661893179209823,0.0036661893179209823,0.015322214646365814,0.0005367121177962829,3.546363302380087e-07
h001_k5_a08crit,0.0434482868571,0.0543103585713276,399,3.99,0.0038319415725823376,0.0038319415725823376,0.013038169755792082,0.0005145414545570391,3.262941206941455e-07
h001_k5_a08crit,0.0434482868571,0.0543103585713276,400,4.0,-0.0034506859082424086,0.0034506859082424086,0.009189748041619265,0.0004371532912396482,2.3583189659805225e-07
h001_k5_a08crit,0.0434482868571,0.0543103585713276,401,4.01,0.003595521848503421,0.003595521848503421,0.0020027184481497947,0.00011286609709375053,1.574133177465619e-08
h001_k5_a08crit,0.0434482868571,0.0543103585713276,402,4.0200000000000005,-0.0036589085930195803,0.0036589085930195803,0.0021303623583368396,3.5632933534421634e-05,1.551615836571479e-09
h001_k5_a08crit,0.0434482868571,0.0543103585713276,403,4.03,0.0037286654354461847,0.0037286654354461847,0.0018351335314106688,6.595535519731481e-05,5.343181431618152e-09
h001_k5_a08crit,0.0434482868571,0.0543103585713276,404,4.04,-0.003674857336098177,0.003674857336098177,0.0037417519326506258,8.875421318561234e-05,9.669914890276073e-09
h001_k5_a08crit,0.0434482868571,0.0543103585713276,405,4.05,0.0036964370710520066,0.0036964370710520066,0.008801238236560722,0.00026394363069449353,8.56202584616173e-08
h001_k5_a08crit,0.0434482868571,0.0543103585713276,406,4.0600000000000005,-0.003350144584512639,0.003350144584512639,0.010560378804601691,0.0003836588647913722,1.8120821881088043e-07
h001_k5_a08crit,0.0434482868571,0.0543103585713276,407,4.07,0.0034976284829047787,0.0034976284829047787,0.008329143714932919,0.00032706081473362725,1.3171853052662133e-07
h001_k5_a08crit,0.0434482868571,0.0543103585713276,408,4.08,-0.0034434767825836524,0.0034434767825836524,0.0021987957679874045,0.00010922755143869214,1.4729386359281123e-08
h001_k5_a08crit,0.0434482868571,0.0543103585713276,409,4.09,0.0035547252213602096,0.0035547252213602096,0.00449827916545112,0.0001022660993777204,1.2825156584978515e-08
h001_k5_a08crit,0.0434482868571,0.0543103585713276,410,4.1,-0.0035894683471977716,0.0035894683471977716,0.005249511192584736,0.00018007294169372312,3.9849735261956805e-08
h001_k5_a08crit,0.0434482868571,0.0543103585713276,411,4.11,0.0036702684828025653,0.0036702684828025653,0.005695017514723865,9.562322799493451e-05,1.121368671752575e-08
h001_k5_a08crit,0.0434482868571,0.0543103585713276,412,4.12,-0.0032132964097924045,0.0032132964097924045,0.011358355077177862,0.00035458493367887295,1.546014792845419e-07
h001_k5_a08crit,0.0434482868571,0.0543103585713276,413,4.13,0.0032845001739888672,0.0032845001739888672,0.015333010094407488,0.0005457352541436314,3.667102663168549e-07
h001_k5_a08crit,0.0434482868571,0.0543103585713276,414,4.14,-0.002773139453074077,0.002773139453074077,0.01045178415662961,0.0004923435153725496,2.9915984662770653e-07
h001_k5_a08crit,0.0434482868571,0.0543103585713276,415,4.15,0.0029334410584888316,0.0029334410584888316,0.004247048444847461,0.0002293371263411709,6.488947736585284e-08
h001_k5_a08crit,0.0434482868571,0.0543103585713276,416,4.16,-0.0029777985358248587,0.0029777985358248587,0.003302194569153277,3.5342217198154015e-05,1.519381186966205e-09
h001_k5_a08crit,0.0434482868571,0.0543103585713276,417,4.17,0.003058713478920413,0.003058713478920413,0.0041461031514756245,0.00012515172647020717,1.923480770608031e-08
h001_k5_a08crit,0.0434482868571,0.0543103585713276,418,4.18,-0.0030468685641647977,0.0030468685641647977,0.0018505582190004013,1.8818888405360232e-05,4.3585950501729655e-10
h001_k5_a08crit,0.0434482868571,0.0543103585713276,419,4.19,0.003053064980455584,0.003053064980455584,0.005636207949203677,0.00015319460402030323,2.8826825400308004e-08
h001_k5_a08crit,0.0434482868571,0.0543103585713276,420,4.2,-0.0026895648074174625,0.0026895648074174625,0.011002174477444431,0.0003626033343568698,1.6173562061138916e-07
h001_k5_a08crit,0.0434482868571,0.0543103585713276,421,4.21,0.0028229039953183007,0.0028229039953183007,0.0098041568437319,0.00036355608519584014,1.6270745457921575e-07
h001_k5_a08crit,0.0434482868571,0.0543103585713276,422,4.22,-0.002666321974096803,0.002666321974096803,0.00489032628298915,0.00024363389426579902,7.31760188274836e-08
h001_k5_a08crit,0.0434482868571,0.0543103585713276,423,4.23,0.002850098452928845,0.002850098452928845,0.006558774547357884,0.00012420559749940573,1.890638598024536e-08
h001_k5_a08crit,0.0434482868571,0.0543103585713276,424,4.24,-0.0028873512502773134,0.0028873512502773134,0.006636112334580683,0.000220250427871277,5.962001441721571e-08
h001_k5_a08crit,0.0434482868571,0.0543103585713276,425,4.25,0.0029878487446940933,0.0029878487446940933,0.002158813973238987,0.00010715267711051167,1.4139118740834117e-08
h001_k5_a08crit,0.0434482868571,0.0543103585713276,426,4.26,-0.0026667944622575006,0.0026667944622575006,0.009046559419395127,0.00023217622677486726,6.618877037887656e-08
h001_k5_a08crit,0.0434482868571,0.0543103585713276,427,4.2700000000000005,0.002643797041653583,0.002643797041653583,0.013701264314510768,0.0004555723006405643,2.5534403371683517e-07
h001_k5_a08crit,0.0434482868571,0.0543103585713276,428,4.28,-0.0019526274381902347,0.0019526274381902347,0.013308146479526337,0.0005613115978415615,3.885396399378927e-07
h001_k5_a08crit,0.0434482868571,0.0543103585713276,429,4.29,0.002125408164765763,0.002125408164765763,0.006682794469054387,0.00031953935233872187,1.2593969731200404e-07
h001_k5_a08crit,0.0434482868571,0.0543103585713276,430,4.3,-0.002104210366850108,0.002104210366850108,0.0034306416747892326,2.076953969333687e-05,5.447396374509456e-10
h001_k5_a08crit,0.0434482868571,0.0543103585713276,431,4.3100000000000005,0.002213024235522125,0.002213024235522125,0.005279626144947601,0.00014780386746513708,2.6816782959106584e-08
h001_k5_a08crit,0.0434482868571,0.0543103585713276,432,4.32,-0.0022286902909432233,0.0022286902909432233,0.004355432936214147,0.00015249855651291902,2.8581363700132903e-08
h001_k5_a08crit,0.0434482868571,0.0543103585713276,433,4.33,0.0022729729437281528,0.0022729729437281528,0.003714432829200411,4.21198788719948e-05,2.1721201503033637e-09
h001_k5_a08crit,0.0434482868571,0.0543103585713276,434,4.34,-0.002024264016574524,0.002024264016574524,0.00816192558040147,0.00024123635642521224,7.151305048432294e-08
h001_k5_a08crit,0.0434482868571,0.0543103585713276,435,4.3500000000000005,0.0021082717848177556,0.0021082717848177556,0.01324279325735835,0.00044346098910867866,2.4195427936024113e-07
h001_k5_a08crit,0.0434482868571,0.0543103585713276,436,4.36,-0.0018126843987412758,0.0018126843987412758,0.006165125490215244,0.00032291570260594283,1.2863603725724522e-07
h001_k5_a08crit,0.0434482868571,0.0543103585713276,437,4.37,0.0019573333532340513,0.0019573333532340513,0.00409750131533488,2.0840028642962433e-05,5.240562516336739e-10
h001_k5_a08crit,0.0434482868571,0.0543103585713276,438,4.38,-0.0020253187860549563,0.0020253187860549563,0.009921402171384378,0.00029394040694633613,1.0616757460381165e-07
h001_k5_a08crit,0.0434482868571,0.0543103585713276,439,4.39,0.0022331175456091154,0.0022331175456091154,0.005761070809425404,0.00025397031962661886,7.944102202488649e-08
h001_k5_a08crit,0.0434482868571,0.0543103585713276,440,4.4,-0.002075083857376361,0.002075083857376361,0.004946098691171682,4.5285904409796346e-05,2.506581137544947e-09
h001_k5_a08crit,0.0434482868571,0.0543103585713276,441,4.41,0.001972671167327342,0.001972671167327342,0.011881953102359184,0.00035927849651704133,1.586712712627758e-07
h001_k5_a08crit,0.0434482868571,0.0543103585713276,442,4.42,-0.0011884090245994107,0.0011884090245994107,0.014726397668529793,0.0005646337111216824,3.9283453937168833e-07
h001_k5_a08crit,0.0434482868571,0.0543103585713276,443,4.43,0.0013605759102042212,0.0013605759102042212,0.00913880264989976,0.00040686234117965584,2.0412047406356752e-07
h001_k5_a08crit,0.0434482868571,0.0543103585713276,444,4.44,-0.00124374273874904,0.00124374273874904,0.0026547285833428223,0.0001351719744403045,2.2586770647526107e-08
h001_k5_a08crit,0.0434482868571,0.0543103585713276,445,4.45,0.0013966896815508902,0.0013966896815508902,0.006644797181566369,0.00015908404479251012,3.1040536335234025e-08
h001_k5_a08crit,0.0434482868571,0.0543103585713276,446,4.46,-0.0014150563635567566,0.0014150563635567566,0.006500309662881646,0.00021973736459921027,5.935048041194602e-08
h001_k5_a08crit,0.0434482868571,0.0543103585713276,447,4.47,0.0015092296572065881,0.0015092296572065881,0.0037544335430616032,0.00015606926775104597,2.997602396206298e-08
h001_k5_a08crit,0.0434482868571,0.0543103585713276,448,4.48,-0.0012620713370963886,0.0012620713370963886,0.0075984219553270746,0.00015197036992342652,2.8338395348278003e-08
h001_k5_a08crit,0.0434482868571,0.0543103585713276,449,4.49,0.0012455394231414168,0.0012455394231414168,0.012350772061626387,0.00040426571846584216,2.0100338744565505e-07
h001_k5_a08crit,0.0434482868571,0.0543103585713276,450,4.5,-0.0008281632992842014,0.0008281632992842014,0.01027612582824091,0.0004298967971535792,2.277833415472759e-07
h001_k5_a08crit,0.0434482868571,0.0543103585713276,451,4.51,0.0009911694317721155,0.0009911694317721155,0.004118760101472772,6.425467546953031e-05,5.116531627709016e-09
h001_k5_a08crit,0.0434482868571,0.0543103585713276,452,4.5200000000000005,-0.0010849447563230671,0.0010849447563230671,0.009764031710495643,0.00027145138177652546,9.050674008195953e-08
h001_k5_a08crit,0.0434482868571,0.0543103585713276,453,4.53,0.0014647458972896917,0.0014647458972896917,0.010302937272374186,0.00039545564188228703,1.9256555079457671e-07
h001_k5_a08crit,0.0434482868571,0.0543103585713276,454,4.54,-0.001384466623738608,0.001384466623738608,0.0028348035900961415,0.00014998878142862319,2.7727572482801502e-08
h001_k5_a08crit,0.0434482868571,0.0543103585713276,455,4.55,0.0013018854226425668,0.0013018854226425668,0.008707105461749692,0.00020903651280526736,5.363800361929664e-08
h001_k5_a08crit,0.0434482868571,0.0543103585713276,456,4.5600000000000005,-0.0005510032150404476,0.0005510032150404476,0.013949509402871789,0.0004896489601878505,2.951300915196872e-07
h001_k5_a08crit,0.0434482868571,0.0543103585713276,457,4.57,0.0006786748523771547,0.0006786748523771547,0.012801216681708862,0.0004984707856181765,3.061466816406385e-07
h001_k5_a08crit,0.0434482868571,0.0543103585713276,458,4.58,-0.00040102796147389484,0.00040102796147389484,0.0038069960193615944,0.0002466949957747178,7.518219252868018e-08
h001_k5_a08crit,0.0434482868571,0.0543103585713276,459,4.59,0.0005414683436804669,0.0005414683436804669,0.004451778628071534,6.904718785920534e-05,5.825630777449702e-09
h001_k5_a08crit,0.0434482868571,0.0543103585713276,460,4.6000000000000005,-0.0005847907042094652,0.0005847907042094652,0.010243732723560923,0.0003021082557122203,1.1215586421090707e-07
h001_k5_a08crit,0.0434482868571,0.0543103585713276,461,4.61,0.0008523894197623896,0.0008523894197623896,0.007843011041075106,0.00033019211459943496,1.342956191420972e-07
h001_k5_a08crit,0.0434482868571,0.0543103585713276,462,4.62,-0.0006916928053389928,0.0006916928053389928,0.0035156439534246393,1.2107144715270782e-05,1.8482247160005918e-10
h001_k5_a08crit,0.0434482868571,0.0543103585713276,463,4.63,0.0005879914324581632,0.0005879914324581632,0.011780283683163199,0.0003397321570664042,1.4183457594481906e-07
h001_k5_a08crit,0.0434482868571,0.0543103585713276,464,4.64,2.2462918439062653e-05,2.2462918439062653e-05,0.012314715813529253,0.00048714688591753593,2.9239381544304795e-07
h001_k5_a08crit,0.0434482868571,0.0543103585713276,465,4.65,0.00010517535306160805,0.00010517535306160805,0.00371038400405613,0.00020194169464550488,5.030795260430112e-08
h001_k5_a08crit,0.0434482868571,0.0543103585713276,466,4.66,-0.00018397159268220063,0.00018397159268220063,0.008502628504343036,0.000199186673635695,4.8676088243704475e-08
h001_k5_a08crit,0.0434482868571,0.0543103585713276,467,4.67,0.0007546584945115331,0.0007546584945115331,0.01350963237906235,0.0004674666439693709,2.689444882320136e-07
h001_k5_a08crit,0.0434482868571,0.0543103585713276,468,4.68,-0.0006888705793903129,0.0006888705793903129,0.007899094512220192,0.00034548670889564937,1.470742742751515e-07
h001_k5_a08crit,0.0434482868571,0.0543103585713276,469,4.69,0.0007084429313516387,0.0007084429313516387,0.004279751784284604,7.108545810678683e-06,6.733466466755516e-11
h001_k5_a08crit,0.0434482868571,0.0543103585713276,470,4.7,-5.965498386677182e-05,5.965498386677182e-05,0.013146910405003188,0.0003787290360336824,1.7626354179324956e-07
h001_k5_a08crit,0.0434482868571,0.0543103585713276,471,4.71,7.240623198273154e-05,7.240623198273154e-05,0.013796155668625385,0.000515082057570007,3.2672415929556924e-07
h001_k5_a08crit,0.0434482868571,0.0543103585713276,472,4.72,0.0003017879079120901,0.0003017879079120901,0.008116955928618797,0.0003843866813146053,1.82285403846289e-07
h001_k5_a08crit,0.0434482868571,0.0543103585713276,473,4.73,-0.00010762367087355533,0.00010762367087355533,0.004248117076476655,4.29205668892754e-05,2.29178141554139e-09
h001_k5_a08crit,0.0434482868571,0.0543103585713276,474,4.74,3.54315033221299e-06,3.54315033221299e-06,0.010798202223909339,0.0003113637184007111,1.1911164192332836e-07
h001_k5_a08crit,0.0434482868571,0.0543103585713276,475,4.75,0.0004332688006261436,0.0004332688006261436,0.012410383191076528,0.00046816035513942375,2.6993743700951585e-07
h001_k5_a08crit,0.0434482868571,0.0543103585713276,476,4.76,-0.0002892694926162772,0.0002892694926162772,0.003487756983923092,0.00020014083531637658,4.9396931098967935e-08
h001_k5_a08crit,0.0434482868571,0.0543103585713276,477,4.7700000000000005,0.00018148348991417983,0.00018148348991417983,0.009158639434758824,0.0002031358154762638,5.0627352787206514e-08
h001_k5_a08crit,0.0434482868571,0.0543103585713276,478,4.78,0.0005541252005200712,0.0005541252005200712,0.013861281966750724,0.0004940445115003679,3.004684869083883e-07
h001_k5_a08crit,0.0434482868571,0.0543103585713276,479,4.79,-0.0004755808566506109,0.0004755808566506109,0.007504592647005522,0.0003343965696607803,1.3780587094270782e-07
h001_k5_a08crit,0.0434482868571,0.0543103585713276,480,4.8,0.0005084488275476141,0.0005084488275476141,0.007270728482021649,6.685937213613714e-05,5.4469579313659565e-09
h001_k5_a08crit,0.0434482868571,0.0543103585713276,481,4.8100000000000005,0.00019295471285268385,0.00019295471285268385,0.014229105739128289,0.0004598751535982098,2.6011593300918787e-07
h001_k5_a08crit,0.0434482868571,0.0543103585713276,482,4.82,-0.0001722085495648295,0.0001722085495648295,0.013780296712041343,0.0005216099756814274,3.35149791516686e-07
h001_k5_a08crit,0.0434482868571,0.0543103585713276,483,4.83,0.00045889457889316393,0.00045889457889316393,0.004545214306152941,0.0002629837977749642,8.546213087496301e-08
h001_k5_a08crit,0.0434482868571,0.0543103585713276,484,4.84,1.999113347996744e-05,1.999113347996744e-05,0.009376015425703703,0.0002194670822325823,5.9057769178552396e-08
h001_k5_a08crit,0.0434482868571,0.0543103585713276,485,4.8500000000000005,-0.0001543809085282604,0.0001543809085282604,0.01418201642020367,0.0004587423082633034,2.588464659158324e-07
h001_k5_a08crit,0.0434482868571,0.0543103585713276,486,4.86,0.0008420625116718834,0.0008420625116718834,0.012355548952702269,0.0005381402045568387,3.5715496581083103e-07
h001_k5_a08crit,0.0434482868571,0.0543103585713276,487,4.87,-0.0006623971896236877,0.0006623971896236877,0.003303359218635846,0.00019428663222470442,4.660734248047341e-08
h001_k5_a08crit,0.0434482868571,0.0543103585713276,488,4.88,0.0005611214991637268,0.0005611214991637268,0.009877202396291288,0.00023287311569384218,6.654195802590688e-08
h001_k5_a08crit,0.0434482868571,0.0543103585713276,489,4.89,8.552555210379793e-05,8.552555210379793e-05,0.015083007741065352,0.0005360467573748745,3.53779271863806e-07
h001_k5_a08crit,0.0434482868571,0.0543103585713276,490,4.9,4.57745965130622e-05,4.57745965130622e-05,0.009123007598947368,0.0004097252886963485,2.0696615544816858e-07
h001_k5_a08crit,0.0434482868571,0.0543103585713276,491,4.91,-4.2311963232047464e-05,4.2311963232047464e-05,0.0064819402985657375,2.5089394898350893e-05,7.514652687390937e-10
h001_k5_a08crit,0.0434482868571,0.0543103585713276,492,4.92,0.0007647981430913903,0.0007647981430913903,0.0139126012479043,0.0004218018285238539,2.1871028564232687e-07
h001_k5_a08crit,0.0434482868571,0.0543103585713276,493,4.93,-0.0007435049350090557,0.0007435049350090557,0.011702425902304888,0.0004647445459469149,2.6605129590331184e-07
h001_k5_a08crit,0.0434482868571,0.0543103585713276,494,4.94,0.0008948118380107352,0.0008948118380107352,0.004029293812680404,0.0001103597221603569,1.508775979002208e-08
h001_k5_a08crit,0.0434482868571,0.0543103585713276,495,4.95,-0.00023711955065268365,0.00023711955065268365,0.0130122233583571,0.00034562659044040634,1.4669779305106581e-07
h001_k5_a08crit,0.0434482868571,0.0543103585713276,496,4.96,0.00011458260481659807,0.00011458260481659807,0.01788798795184786,0.0006509447407874319,5.218831011414219e-07
h001_k5_a08crit,0.0434482868571,0.0543103585713276,497,4.97,0.00038363509219676434,0.00038363509219676434,0.008550400631981819,0.0004714146562621146,2.745514546692375e-07
h001_k5_a08crit,0.0434482868571,0.0543103585713276,498,4.98,-6.820677280231077e-05,6.820677280231077e-05,0.00594901183468279,3.066074476283968e-06,1.5593021052832184e-11
h001_k5_a08crit,0.0434482868571,0.0543103585713276,499,4.99,-0.00019139003921412353,0.00019139003921412353,0.013455290010740386,0.0003971510340539255,1.9384221440792673e-07
h001_k5_a08crit,0.0434482868571,0.0543103585713276,500,5.0,0.0010988897212379591,0.0010988897212379591,0.01573827665632518,0.0006223854422631453,4.77471147079713e-07
h001_k5_a08crit,0.0434482868571,0.0543103585713276,501,5.01,-0.0009119654989810065,0.0009119654989810065,0.007706458086750753,0.0003826890704496453,1.807035725896731e-07
h001_k5_a08crit,0.0434482868571,0.0543103585713276,502,5.0200000000000005,0.0009134594420426756,0.0009134594420426756,0.007748101746022753,6.32090780672841e-05,4.8523233610285045e-09
h001_k5_a08crit,0.0434482868571,0.0543103585713276,503,5.03,-0.00011392470410740482,0.00011392470410740482,0.016373327073659228,0.0005261171180139588,3.4047822959509133e-07
h001_k5_a08crit,0.0434482868571,0.0543103585713276,504,5.04,0.00021905655846597488,0.00021905655846597488,0.013934000144044584,0.0005592741670345482,3.855161697301948e-07
h001_k5_a08crit,0.0434482868571,0.0543103585713276,505,5.05,3.976560251008933e-05,3.976560251008933e-05,0.005383332924858636,0.0002196607056053179,5.971072908864345e-08
h001_k5_a08crit,0.0434482868571,0.0543103585713276,506,5.0600000000000005,0.0006437244459260108,0.0006437244459260108,0.012630839261387184,0.0003261640171656041,1.3056481975715638e-07
h001_k5_a08crit,0.0434482868571,0.0543103585713276,507,5.07,-0.0007442197409163295,0.0007442197409163295,0.014837831121012111,0.0005215632566818976,3.3484044732401316e-07
h001_k5_a08crit,0.0434482868571,0.0543103585713276,508,5.08,0.0011532565447988515,0.0011532565447988515,0.0068846448581574024,0.00038441701884326095,1.824264361844603e-07
h001_k5_a08crit,0.0434482868571,0.0543103585713276,509,5.09,-0.0005435449253721886,0.0005435449253721886,0.01146188792153796,0.00022813697688954014,6.377783606754461e-08
h001_k5_a08crit,0.0434482868571,0.0543103585713276,510,5.1000000000000005,0.0002588728128819079,0.0002588728128819079,0.018053123061610728,0.0006009868554389902,4.444862136708354e-07
h001_k5_a08crit,0.0434482868571,0.0543103585713276,511,5.11,0.000676808288554335,0.000676808288554335,0.01415890917192892,0.0006748134019318059,5.623037496990172e-07
h001_k5_a08crit,0.0434482868571,0.0543103585713276,512,5.12,-0.0004578370002780441,0.0004578370002780441,0.004244772208018139,0.00022582309851642957,6.308910321830605e-08
h001_k5_a08crit,0.0434482868571,0.0543103585713276,513,5.13,0.0002253794120654789,0.0002253794120654789,0.011012226517330087,0.0002625908754984083,8.458522376007985e-08
h001_k5_a08crit,0.0434482868571,0.0543103585713276,514,5.14,0.0008124691084653935,0.0008124691084653935,0.01744640905625662,0.0006288532499361187,4.870381369744715e-07
h001_k5_a08crit,0.0434482868571,0.0543103585713276,515,5.15,-0.000619194447975909,0.000619194447975909,0.013963012636381873,0.0006036715845335187,4.495315978513481e-07
h001_k5_a08crit,0.0434482868571,0.0543103585713276,516,5.16,0.0008456027582283642,0.0008456027582283642,0.005312556467123866,0.00016039405519002086,3.193119423472166e-08
h001_k5_a08crit,0.0434482868571,0.0543103585713276,517,5.17,-0.00012248730113072204,0.00012248730113072204,0.014285756690199507,0.0003752456563004165,1.7286996172383648e-07
h001_k5_a08crit,0.0434482868571,0.0543103585713276,518,5.18,0.00010348032178418261,0.00010348032178418261,0.01850330239492031,0.0006832415602041579,5.750623260958996e-07
h001_k5_a08crit,0.0434482868571,0.0543103585713276,519,5.19,0.0003989931793415046,0.0003989931793415046,0.006663450239403361,0.0004297195551405453,2.2830765921365325e-07
h001_k5_a08crit,0.0434482868571,0.0543103585713276,520,5.2,8.449658243336877e-05,8.449658243336877e-05,0.009259101591213006,0.00012010310462236096,1.7608375436833656e-08
h001_k5_a08crit,0.0434482868571,0.0543103585713276,521,5.21,-0.00040101719292067253,0.00040101719292067253,0.018871808648744173,0.0006128405174403033,4.6208099249040414e-07
h001_k5_a08crit,0.0434482868571,0.0543103585713276,522,5.22,0.0011602679012223463,0.0011602679012223463,0.011648338312771697,0.0005898031148249846,4.296091977418631e-07
h001_k5_a08crit,0.0434482868571,0.0543103585713276,523,5.23,-0.0007499129184229667,0.0007499129184229667,0.00762753705656534,1.449231510215386e-06,3.5996933084816546e-12
h001_k5_a08crit,0.0434482868571,0.0543103585713276,524,5.24,0.0003309081425523961,0.0003309081425523961,0.016752272656429822,0.000503106885705223,3.1116714921147663e-07
h001_k5_a08crit,0.0434482868571,0.0543103585713276,525,5.25,0.001011548892214561,0.001011548892214561,0.01801203519309194,0.0007703150935132846,7.321835776185606e-07
h001_k5_a08crit,0.0434482868571,0.0543103585713276,526,5.26,-0.0008297239323655841,0.0008297239323655841,0.008002369132168752,0.0004441029779115599,2.436789481249244e-07
h001_k5_a08crit,0.0434482868571,0.0543103585713276,527,5.2700000000000005,0.0007851045091222661,0.0007851045091222661,0.007821580528670503,4.399514646371499e-05,2.3261665213910054e-09
h001_k5_a08crit,0.0434482868571,0.0543103585713276,528,5.28,0.0003358829412017456,0.0003358829412017456,0.018667775032538487,0.0005931398032435738,4.327552384323096e-07
h001_k5_a08crit,0.0434482868571,0.0543103585713276,529,5.29,-0.00021764231430056267,0.00021764231430056267,0.01853935672812863,0.0007446933379967556,6.83907553328763e-07
h001_k5_a08crit,0.0434482868571,0.0543103585713276,530,5.3,0.0008392260519332791,0.0008392260519332791,0.007764140391082752,0.0005094590291848607,3.210986710391715e-07
h001_k5_a08crit,0.0434482868571,0.0543103585713276,531,5.3100000000000005,-0.00013380992264017404,0.00013380992264017404,0.012898240611415767,0.0002174986530630192,5.784712326360083e-08
h001_k5_a08crit,0.0434482868571,0.0543103585713276,532,5.32,-0.00010965876871348729,0.00010965876871348729,0.018554446190982316,0.0006238777225312111,4.790068653423733e-07
h001_k5_a08crit,0.0434482868571,0.0543103585713276,533,5.33,0.0010781650807021271,0.0010781650807021271,0.014384218002392386,0.0006984819158464071,6.025509125539587e-07
h001_k5_a08crit,0.0434482868571,0.0543103585713276,534,5.34,-0.0006497934916067181,0.0006497934916067181,0.0078001400485344504,3.80037558251938e-05,1.8426792923460387e-09
h001_k5_a08crit,0.0434482868571,0.0543103585713276,535,5.3500000000000005,0.00021413066430133409,0.00021413066430133409,0.01862002687011446,0.0005528304064437321,3.757034496478878e-07
h001_k5_a08crit,0.0434482868571,0.0543103585713276,536,5.36,0.0010421429508313254,0.0010421429508313254,0.016888878679973657,0.0007744546964296394,7.404872237472192e-07
h001_k5_a08crit,0.0434482868571,0.0543103585713276,537,5.37,-0.0008129184050799029,0.0008129184050799029,0.0054308304494377745,0.0002633582505771326,8.587170708381734e-08
h001_k5_a08crit,0.0434482868571,0.0543103585713276,538,5.38,0.0004443426023148485,0.0004443426023148485,0.01349364763038044,0.0003299341755567782,1.3355344735538894e-07
h001_k5_a08crit,0.0434482868571,0.0543103585713276,539,5.39,0.0010694688425600474,0.0010694688425600474,0.01903378927993872,0.0007310713059419834,6.58718732578636e-07
h001_k5_a08crit,0.0434482868571,0.0543103585713276,540,5.4,-0.0009249278555279053,0.0009249278555279053,0.015035990915362181,0.0006759498127408659,5.640108294085388e-07
h001_k5_a08crit,0.0434482868571,0.0543103585713276,541,5.41,0.0011961734921629996,0.0011961734921629996,0.005741414152920397,0.0001976601233968758,4.851052819369124e-08
h001_k5_a08crit,0.0434482868571,0.0543103585713276,542,5.42,-0.0002924994691426738,0.0002924994691426738,0.015474733312089586,0.0004032143190851606,1.9957333954435467e-07
h001_k5_a08crit,0.0434482868571,0.0543103585713276,543,5.43,0.00017725949067329315,0.00017725949067329315,0.024092769283976745,0.0008790677306585321,9.523189617515328e-07
h001_k5_a08crit,0.0434482868571,0.0543103585713276,544,5.44,0.0010408687702187294,0.0010408687702187294,0.012979427120275453,0.0007984444707505112,7.892931752716246e-07
h001_k5_a08crit,0.0434482868571,0.0543103585713276,545,5.45,-0.0005835240374932249,0.0005835240374932249,0.00756395861365272,8.098691367217877e-05,8.270254281887802e-09
h001_k5_a08crit,0.0434482868571,0.0543103585713276,546,5.46,0.00011119093130566339,0.00011119093130566339,0.01977475531781796,0.0005780556767277836,4.1068948295076675e-07
h001_k5_a08crit,0.0434482868571,0.0543103585713276,547,5.47,0.0014579494176108253,0.0014579494176108253,0.018998106200453793,0.0008700924453805843,9.348845376721145e-07
h001_k5_a08crit,0.0434482868571,0.0543103585713276,548,5.48,-0.001157514127233715,0.001157514127233715,0.006758381888345604,0.0002861177772670941,1.0148645741799868e-07
h001_k5_a08crit,0.0434482868571,0.0543103585713276,549,5.49,0.0007100596617791357,0.0007100596617791357,0.01623941520223806,0.00041073816528537275,2.0703600365953518e-07
h001_k5_a08crit,0.0434482868571,0.0543103585713276,550,5.5,0.0010026012497995895,0.0010026012497995895,0.020796367145527173,0.0008520644568175009,8.95519886670509e-07
h001_k5_a08crit,0.0434482868571,0.0543103585713276,551,5.51,-0.000880740190893535,0.000880740190893535,0.008551650086544146,0.0005041630248478523,3.142373627284009e-07
h001_k5_a08crit,0.0434482868571,0.0543103585713276,552,5.5200000000000005,0.0007460999841338986,0.0007460999841338986,0.008941034499999058,6.282206236429567e-05,4.759449026198472e-09
h001_k5_a08crit,0.0434482868571,0.0543103585713276,553,5.53,0.0008057604815543488,0.0008057604815543488,0.020057958118021864,0.0006514460104626185,5.221429561637892e-07
h001_k5_a08crit,0.0434482868571,0.0543103585713276,554,5.54,-0.0008127848748299494,0.0008127848748299494,0.019283235136811728,0.0008007890451037923,7.911774382889738e-07
h001_k5_a08crit,0.0434482868571,0.0543103585713276,555,5.55,0.001489694237972121,0.001489694237972121,0.009002028847976724,0.0005649352532455378,3.948992672043002e-07
h001_k5_a08crit,0.0434482868571,0.0543103585713276,556,5.5600000000000005,-0.0006168664709847618,0.0006168664709847618,0.01469423359028188,0.00022250342296308888,6.049865521815204e-08
h001_k5_a08crit,0.0434482868571,0.0543103585713276,557,5.57,0.00018766675394034848,0.00018766675394034848,0.023657230477108465,0.000808941549564625,8.057762108486333e-07
h001_k5_a08crit,0.0434482868571,0.0543103585713276,558,5.58,0.001738205375566502,0.001738205375566502,0.020181112407825105,0.001044106217725435,1.3486266842329674e-06
h001_k5_a08crit,0.0434482868571,0.0543103585713276,559,5.59,-0.0013641887824510385,0.0013641887824510385,0.0069015959794217555,0.0003604148757625175,1.6131638722154318e-07
h001_k5_a08crit,0.0434482868571,0.0543103585713276,560,5.6000000000000005,0.0008737634299386442,0.0008737634299386442,0.017953144266485442,0.0004341606804617867,2.3117039117514377e-07
h001_k5_a08crit,0.0434482868571,0.0543103585713276,561,5.61,0.0012430259432278908,0.0012430259432278908,0.022966685603987257,0.0009727473404398857,1.1677285926370177e-06
h001_k5_a08crit,0.0434482868571,0.0543103585713276,562,5.62,-0.001090708519096809,0.001090708519096809,0.009105400623840104,0.0005727063470513477,4.058658205987061e-07
h001_k5_a08crit,0.0434482868571,0.0543103585713276,563,5.63,0.0008517197689584467,0.0008517197689584467,0.014139152624913987,0.00018974497771120404,4.389712779488225e-08
h001_k5_a08crit,0.0434482868571,0.0543103585713276,564,5.64,0.0010246186620681656,0.0010246186620681656,0.020936687365475225,0.0007650865516370881,7.210178132467898e-07
h001_k5_a08crit,0.0434482868571,0.0543103585713276,565,5.65,-0.0010280084787991726,0.0010280084787991726,0.01605161633029361,0.0007299306363341324,6.578208690897375e-07
h001_k5_a08crit,0.0434482868571,0.0543103585713276,566,5.66,0.0012986277148197669,0.0012986277148197669,0.006707962521120937,0.00020792694873661936,5.373483568876929e-08
h001_k5_a08crit,0.0434482868571,0.0543103585713276,567,5.67,-0.0001030878871170148,0.0001030878871170148,0.016375473211429285,0.00044319634022528407,2.411624102171073e-07
h001_k5_a08crit,0.0434482868571,0.0543103585713276,568,5.68,-0.00021089295925773906,0.00021089295925773906,0.025097985646620642,0.0009135260677514671,1.028529743675539e-06
h001_k5_a08crit,0.0434482868571,0.0543103585713276,569,5.69,0.0017351423911689664,0.0017351423911689664,0.015278225128921947,0.000921963522439951,1.052691766700995e-06
h001_k5_a08crit,0.0434482868571,0.0543103585713276,570,5.7,-0.001126083536285006,0.001126083536285006,0.009524950756768713,8.404119460934642e-05,8.962186277206195e-09
h001_k5_a08crit,0.0434482868571,0.0543103585713276,571,5.71,0.00046216915727411464,0.00046216915727411464,0.022542981104384418,0.0006638258747499611,5.416872436864347e-07
h001_k5_a08crit,0.0434482868571,0.0543103585713276,572,5.72,0.002209893452784958,0.002209893452784958,0.024761844158248673,0.0011671334829225493,1.6838138482928294e-06
h001_k5_a08crit,0.0434482868571,0.0543103585713276,573,5.73,-0.0019172200863923393,0.0019172200863923393,0.009201090081477544,0.0006604475678952179,5.407998571314935e-07
h001_k5_a08crit,0.0434482868571,0.0543103585713276,574,5.74,0.001596444692980017,0.001596444692980017,0.015899679295056455,0.0002201176267042782,5.900963086253429e-08
h001_k5_a08crit,0.0434482868571,0.0543103585713276,575,5.75,0.0008704311660608839,0.0008704311660608839,0.026010168828583917,0.0009727583433009406,1.1662068815941216e-06
h001_k5_a08crit,0.0434482868571,0.0543103585713276,576,5.76,-0.0008303682935470735,0.0008303682935470735,0.015446433246289444,0.0008267759597545374,8.454754381402821e-07
h001_k5_a08crit,0.0434482868571,0.0543103585713276,577,5.7700000000000005,0.0009198770719921409,0.0009198770719921409,0.008316564367218818,0.00013457589300636566,2.272162033315095e-08
h001_k5_a08crit,0.0434482868571,0.0543103585713276,578,5.78,0.0008650131235429628,0.0008650131235429628,0.020537880949739597,0.0006012648447268068,4.4423969243492924e-07
h001_k5_a08crit,0.0434482868571,0.0543103585713276,579,5.79,-0.0011011532772258244,0.0011011532772258244,0.020212848576769814,0.000836583679966367,8.633925511707538e-07
h001_k5_a08crit,0.0434482868571,0.0543103585713276,580,5.8,0.001724000949120323,0.001724000949120323,0.008275056711177124,0.0005412918099364949,3.6261784173602584e-07
h001_k5_a08crit,0.0434482868571,0.0543103585713276,581,5.8100000000000005,-0.0007558140331668539,0.0007558140331668539,0.01466391788111823,0.00022865769482195494,6.39101702629212e-08
h001_k5_a08crit,0.0434482868571,0.0543103585713276,582,5.82,0.0001059249041608628,0.0001059249041608628,0.02631473310733455,0.000901001373277327,9.998236377403778e-07
h001_k5_a08crit,0.0434482868571,0.0543103585713276,583,5.83,0.0022468800865365754,0.0022468800865365754,0.02166766695622521,0.001184572071561994,1.7374888341351789e-06
h001_k5_a08crit,0.0434482868571,0.0543103585713276,584,5.84,-0.0018181653827291895,0.0018181653827291895,0.007581654999362455,0.0004231177236141785,2.2262254694994567e-07
h001_k5_a08crit,0.0434482868571,0.0543103585713276,585,5.8500000000000005,0.0011875694916744237,0.0011875694916744237,0.019274432426309482,0.000442015594498096,2.3944823257613496e-07
h001_k5_a08crit,0.0434482868571,0.0543103585713276,586,5.86,0.002026388860136446,0.002026388860136446,0.02784304785036372,0.0011920985292888922,1.7546031498871084e-06
h001_k5_a08crit,0.0434482868571,0.0543103585713276,587,5.87,-0.0018426260848759084,0.0018426260848759084,0.016382186203351867,0.0009517882211571549,1.1221922859601753e-06
h001_k5_a08crit,0.0434482868571,0.0543103585713276,588,5.88,0.0019412961117783317,0.0019412961117783317,0.013383186094748563,7.144954624252303e-05,6.61663453338765e-09
h001_k5_a08crit,0.0434482868571,0.0543103585713276,589,5.89,0.000583458451621827,0.000583458451621827,0.025405357741948888,0.000835339442712733,8.584904204026387e-07
h001_k5_a08crit,0.0434482868571,0.0543103585713276,590,5.9,-0.0007500170771652156,0.0007500170771652156,0.022426116731441494,0.0010131481067962743,1.2681325257741256e-06
h001_k5_a08crit,0.0434482868571,0.0543103585713276,591,5.91,0.0014334947333467267,0.0014334947333467267,0.008048274684231409,0.0005077629477797914,3.2019362530514847e-07
h001_k5_a08crit,0.0434482868571,0.0543103585713276,592,5.92,-6.790995015915481e-05,6.790995015915481e-05,0.01625889100489017,0.00036448743962462016,1.6265590122273455e-07
h001_k5_a08crit,0.0434482868571,0.0543103585713276,593,5.93,-0.0005085364696041069,0.0005085364696041069,0.024450017204550062,0.0008643722521841353,9.203657503783952e-07
h001_k5_a08crit,0.0434482868571,0.0543103585713276,594,5.94,0.001995619823487259,0.001995619823487259,0.016090860902992474,0.0009105665126455971,1.0261893593399796e-06
h001_k5_a08crit,0.0434482868571,0.0543103585713276,595,5.95,-0.00126780256459495,0.00126780256459495,0.0108312003267055,4.910302887582167e-05,3.123234610270737e-09
h001_k5_a08crit,0.0434482868571,0.0543103585713276,596,5.96,0.00041454264237533625,0.00041454264237533625,0.024951902940466442,0.0007558830840315651,7.02657223131466e-07
h001_k5_a08crit,0.0434482868571,0.0543103585713276,597,5.97,0.0026563236946583867,0.0026563236946583867,0.0259174644912363,0.0012841087840188491,2.0398938718909495e-06
h001_k5_a08crit,0.0434482868571,0.0543103585713276,598,5.98,-0.0023260510403255276,0.0023260510403255276,0.010262135826067584,0.0007599499377805435,7.166688911084184e-07
h001_k5_a08crit,0.0434482868571,0.0543103585713276,599,5.99,0.001964212900718484,0.001964212900718484,0.01624898568657096,0.00017761946665106635,3.822409573267984e-08
h001_k5_a08crit,0.0434482868571,0.0543103585713276,600,6.0,0.0013535699499282548,0.0013535699499282548,0.029762024150446948,0.001100062584170354,1.4914767204705131e-06
h001_k5_a08crit,0.0434482868571,0.0543103585713276,601,6.01,-0.0013269094245146884,0.0013269094245146884,0.0232774083912202,0.0012177603322954071,1.8360123334682905e-06
h001_k5_a08crit,0.0434482868571,0.0543103585713276,602,6.0200000000000005,0.0018966126694979326,0.0018966126694979326,0.008961121080931818,0.00045708807504693755,2.6052192150126556e-07
h001_k5_a08crit,0.0434482868571,0.0543103585713276,603,6.03,0.00028188196828987395,0.00028188196828987395,0.022719408357228806,0.0005627173337014343,3.882042332199264e-07
h001_k5_a08crit,0.0434482868571,0.0543103585713276,604,6.04,-0.0008369442574412103,0.0008369442574412103,0.026911565536032606,0.001101339896962266,1.4968914107373894e-06
h001_k5_a08crit,0.0434482868571,0.0543103585713276,605,6.05,0.0020541601891638506,0.0020541601891638506,0.01175352473791304,0.000839548077846587,8.740967082074431e-07
h001_k5_a08crit,0.0434482868571,0.0543103585713276,606,6.0600000000000005,-0.0011263961377427426,0.0011263961377427426,0.013410567053705025,8.811934304499588e-05,9.295757280755421e-09
h001_k5_a08crit,0.0434482868571,0.0543103585713276,607,6.07,0.00023862449785457408,0.00023862449785457408,0.026459299949275115,0.0008510326276563992,8.912959569379695e-07
h001_k5_a08crit,0.0434482868571,0.0543103585713276,608,6.08,0.002252688239086635,0.002252688239086635,0.022834011447338227,0.001212991020099834,1.8212855192071014e-06
h001_k5_a08crit,0.0434482868571,0.0543103585713276,609,6.09,-0.0017814201642928993,0.0017814201642928993,0.008339299616684004,0.00039865921470202785,1.978108060969723e-07
h001_k5_a08crit,0.0434482868571,0.0543103585713276,610,6.1000000000000005,0.0010109255792886468,0.0010109255792886468,0.020439455295088654,0.000488446817787948,2.9252174896005903e-07
h001_k5_a08crit,0.0434482868571,0.0543103585713276,611,6.11,0.0025595652750726597,0.0025595652750726597,0.028547386227248506,0.0012590202096096261,1.957983312481721e-06
h001_k5_a08crit,0.0434482868571,0.0543103585713276,612,6.12,-0.00233172515785841,0.00233172515785841,0.017328541010137772,0.0010230612264266145,1.2971607412500298e-06
h001_k5_a08crit,0.0434482868571,0.0543103585713276,613,6.13,0.0025003425823414806,0.0025003425823414806,0.012355783201451517,0.00015958800632326863,3.218402551918469e-08
h001_k5_a08crit,0.0434482868571,0.0543103585713276,614,6.140000000000001,0.0007901767203587636,0.0007901767203587636,0.029485077944277793,0.0009533313994859421,1.1181014248616227e-06
h001_k5_a08crit,0.0434482868571,0.0543103585713276,615,6.15,-0.0011211505160710362,0.0011211505160710362,0.02932430267282713,0.0013625134831371738,2.2960868463237164e-06
h001_k5_a08crit,0.0434482868571,0.0543103585713276,616,6.16,0.0026103212403754137,0.0026103212403754137,0.011473841184247111,0.0009718816422988856,1.1751193202429682e-06
h001_k5_a08crit,0.0434482868571,0.0543103585713276,617,6.17,-0.0008691172905891057,0.0008691172905891057,0.0194159980443334,0.0002757923658368472,9.234780327950617e-08
h001_k5_a08crit,0.0434482868571,0.0543103585713276,618,6.18,-0.00010389864336327482,0.00010389864336327482,0.028859706794159244,0.001018114579140058,1.2769186197123502e-06
h001_k5_a08crit,0.0434482868571,0.0543103585713276,619,6.19,0.0024006988380229103,0.0024006988380229103,0.019825081397544523,0.0011725304432300555,1.7036449329834428e-06
h001_k5_a08crit,0.0434482868571,0.0543103585713276,620,6.2,-0.0017387522691290087,0.0017387522691290087,0.009580877802684254,0.0002196821207030462,6.049999394008056e-08
h001_k5_a08crit,0.0434482868571,0.0543103585713276,621,6.21,0.0007449871507344129,0.0007449871507344129,0.025966253602704333,0.000733857376501503,6.617079751579118e-07
h001_k5_a08crit,0.0434482868571,0.0543103585713276,622,6.22,0.0025137460666171795,0.0025137460666171795,0.0270856202250312,0.0013373928133911727,2.212679842577003e-06
h001_k5_a08crit,0.0434482868571,0.0543103585713276,623,6.23,-0.0022126448244176,0.0022126448244176,0.010314430373381377,0.0007843136326697982,7.637275568869806e-07
h001_k5_a08crit,0.0434482868571,0.0543103585713276,624,6.24,0.001764167078342115,0.001764167078342115,0.01675958875440682,0.0001842212445402116,4.1103057715327836e-08
h001_k5_a08crit,0.0434482868571,0.0543103585713276,625,6.25,0.0016172582877371183,0.0016172582877371183,0.028780169849658258,0.0010652257587999727,1.3984228183004026e-06
h001_k5_a08crit,0.0434482868571,0.0543103585713276,626,6.26,-0.0015624638011468434,0.0015624638011468434,0.02525659137443227,0.001275757841072571,2.0145770137934345e-06
h001_k5_a08crit,0.0434482868571,0.0543103585713276,627,6.2700000000000005,0.002288977732077405,0.002288977732077405,0.009297474147601655,0.0005416437749620324,3.6566207189074186e-07
h001_k5_a08crit,0.0434482868571,0.0543103585713276,628,6.28,0.0003582225686751383,0.0003582225686751383,0.025206240279201087,0.0006160146536518793,4.651497319871248e-07
h001_k5_a08crit,0.0434482868571,0.0543103585713276,629,6.29,-0.0012761263654526376,0.0012761263654526376,0.03468609742948381,0.0014466763526175188,2.585122026313849e-06
h001_k5_a08crit,0.0434482868571,0.0543103585713276,630,6.3,0.003827370390007712,0.003827370390007712,0.017223674908475022,0.0013598099431657476,2.3000272575360445e-06
h001_k5_a08crit,0.0434482868571,0.0543103585713276,631,6.3100000000000005,-0.002660685913534434,0.002660685913534434,0.01602252489076512,5.759419245400597e-05,4.534819543046841e-09
h001_k5_a08crit,0.0434482868571,0.0543103585713276,632,6.32,0.0013510822745836106,0.0013510822745836106,0.029858405302316617,0.0009231397326887444,1.0480229734161274e-06
h001_k5_a08crit,0.0434482868571,0.0543103585713276,633,6.33,0.0022970922577348818,0.0022970922577348818,0.027365598881683776,0.0014922448546725489,2.75864779997617e-06
h001_k5_a08crit,0.0434482868571,0.0543103585713276,634,6.34,-0.0018851184352337439,0.0018851184352337439,0.008987737885486303,0.0006081158295517518,4.6066836714911275e-07
h001_k5_a08crit,0.0434482868571,0.0543103585713276,635,6.3500000000000005,0.0010847178043204538,0.0010847178043204538,0.021828840997870743,0.0004351085439475416,2.3151251254729228e-07
h001_k5_a08crit,0.0434482868571,0.0543103585713276,636,6.36,0.002744245936319342,0.002744245936319342,0.029877156948611035,0.0013013131917419551,2.091336302970363e-06
h001_k5_a08crit,0.0434482868571,0.0543103585713276,637,6.37,-0.002557211718674249,0.002557211718674249,0.016661173483918643,0.001027178641066271,1.30811549771174e-06
h001_k5_a08crit,0.0434482868571,0.0543103585713276,638,6.38,0.0026967675474992483,0.0026967675474992483,0.010912633753374024,0.00019581898459698148,4.8224524567124005e-08
h001_k5_a08crit,0.0434482868571,0.0543103585713276,639,6.390000000000001,0.0005348546870710582,0.0005348546870710582,0.02907465366650598,0.0009136520660695404,1.0266292627231312e-06
h001_k5_a08crit,0.0434482868571,0.0543103585713276,640,6.4,-0.0009255285676991092,0.0009255285676991092,0.0307814921195718,0.0014043748173254594,2.4389837604568233e-06
h001_k5_a08crit,0.0434482868571,0.0543103585713276,641,6.41,0.0027110843485983523,0.0027110843485983523,0.01374833053843605,0.001123224922458017,1.5694601272269088e-06
h001_k5_a08crit,0.0434482868571,0.0543103585713276,642,6.42,-0.0005198713415962395,0.0005198713415962395,0.02274295375436917,0.00028089635825486543,9.556657015831251e-08
h001_k5_a08crit,0.0434482868571,0.0543103585713276,643,6.43,-0.000952573863861174,0.000952573863861174,0.03574044662878971,0.0013102197296220245,2.1165583907420197e-06
h001_k5_a08crit,0.0434482868571,0.0543103585713276,644,6.44,0.004783721154572216,0.004783721154572216,0.023173016239552608,0.0015988004216006607,3.1761824680174808e-06
h001_k5_a08crit,0.0434482868571,0.0543103585713276,645,6.45,-0.004035593223901968,0.004035593223901968,0.011697393346739006,0.0003724718053298378,1.7438125049410752e-07
h001_k5_a08crit,0.0434482868571,0.0543103585713276,646,6.46,0.002680519355416081,0.002680519355416081,0.030449004769257697,0.0008306303372306024,8.470739502777823e-07
h001_k5_a08crit,0.0434482868571,0.0543103585713276,647,6.47,0.0020550175310553856,0.0020550175310553856,0.03227216809454046,0.0016949714885918887,3.5585497260787568e-06
h001_k5_a08crit,0.0434482868571,0.0543103585713276,648,6.48,-0.0018559804626086147,0.0018559804626086147,0.013648236706926262,0.0011130505182233384,1.541659721004415e-06
h001_k5_a08crit,0.0434482868571,0.0543103585713276,649,6.49,0.0014759576509393775,0.0014759576509393775,0.018366040731157593,5.990203297709159e-05,4.0813151595996765e-09
h001_k5_a08crit,0.0434482868571,0.0543103585713276,650,6.5,0.001996447819735347,0.001996447819735347,0.02805527655566708,0.000999461816344032,1.2300097744832443e-06
