label,alpha,alpha_c,cell,time,q,abs_q,hp_edge,hp_ahead_max,hp_ahead_energy
h001_k5_afull,1.0,0.0543103585713276,0,0.0,-0.002377728294224298,0.002377728294224298,0.0026182562735470385,7.199984915679235e-05,6.362425512200976e-09
h001_k5_afull,1.0,0.0543103585713276,1,0.01,-1.0648791418967074e-12,1.0648791418967074e-12,0.0019902351253444405,4.6221799715292865e-05,2.6239457828098106e-09
h001_k5_afull,1.0,0.0543103585713276,2,0.02,1.0376589106193823e-10,1.0376589106193823e-10,0.0008354339087933286,3.697670261746948e-05,1.6809197041686428e-09
h001_k5_afull,1.0,0.0543103585713276,3,0.03,-4.672295401053281e-11,4.672295401053281e-11,0.0016943158181799154,4.8764376577693564e-05,2.9214289631357377e-09
h001_k5_afull,1.0,0.0543103585713276,4,0.04,-1.9118651974070477e-12,1.9118651974070477e-12,0.0005631269771501014,2.821470840630924e-05,9.79071780959229e-10
h001_k5_afull,1.0,0.0543103585713276,5,0.05,1.196629058862475e-12,1.196629058862475e-12,0.0013618339089464912,3.8307804240846314e-05,1.8028571408142627e-09
h001_k5_afull,1.0,0.0543103585713276,6,0.06,-4.4637672247729854e-11,4.4637672247729854e-11,0.0005692397827360073,1.6523452898892367e-05,3.3596009871308536e-10
h001_k5_afull,1.0,0.0543103585713276,7,0.07,9.388485702841592e-11,9.388485702841592e-11,0.001021651941235693,2.6052601883307643e-05,8.337728536536951e-10
h001_k5_afull,1.0,0.0543103585713276,8,0.08,-6.17289350603005e-11,6.17289350603005e-11,0.0006189898051829088,3.3851022420564034e-06,1.4168566724526152e-11
h001_k5_afull,1.0,0.0543103585713276,9,0.09,-9.595926343027722e-11,9.595926343027722e-11,0.0007183798479951575,1.2242361406138615e-05,1.840422989430117e-10
h001_k5_afull,1.0,0.0543103585713276,10,0.1,-5.005487571738826e-11,5.005487571738826e-11,0.0008690810904382929,1.122784719993366e-05,1.546415339182304e-10
h001_k5_afull,1.0,0.0543103585713276,11,0.11,-3.5480228347331555e-11,3.5480228347331555e-11,0.00044848043682798634,3.889489386748541e-06,1.863143724370443e-11
h001_k5_afull,1.0,0.0543103585713276,12,0.12,1.0621382012842087e-10,1.0621382012842087e-10,0.0008758332124343559,1.976645090926811e-05,4.797961767456907e-10
h001_k5_afull,1.0,0.0543103585713276,13,0.13,1.0743260675603189e-10,1.0743260675603189e-10,0.0019902522440206653,5.811018921416754e-05,4.14762924455597e-09
h001_k5_afull,1.0,0.0543103585713276,14,0.14,4.54590196594714e-11,4.54590196594714e-11,0.001077023278519808,1.2398797355600643e-05,1.892026123098152e-10
h001_k5_afull,1.0,0.0543103585713276,15,0.15,-6.743629802795012e-11,6.743629802795012e-11,0.000595328038942406,2.0594820344422634e-05,5.208417770460549e-10
h001_k5_afull,1.0,0.0543103585713276,16,0.16,-1.0298949085045528e-10,1.0298949085045528e-10,0.0015908926210788155,4.2915793744477824e-05,2.2619181036121958e-09
h001_k5_afull,1.0,0.0543103585713276,17,0.17,4.525859049510361e-11,4.525859049510361e-11,0.0008463178519384388,3.5606568751787804e-05,1.5579903138257457e-09
h001_k5_afull,1.0,0.0543103585713276,18,0.18,-5.7028897012742497e-11,5.7028897012742497e-11,0.0011209353871512227,3.170010846839597e-05,1.2346016550301852e-09
h001_k5_afull,1.0,0.0543103585713276,19,0.19,-1.1472967458611271e-10,1.1472967458611271e-10,0.0006414014739553728,1.5569575381941192e-05,2.980712304020439e-10
h001_k5_afull,1.0,0.0543103585713276,20,0.2,1.479046886051008e-10,1.479046886051008e-10,0.0008483045626618032,1.6660433814148876e-05,3.4092646349062234e-10
h001_k5_afull,1.0,0.0543103585713276,21,0.21,6.71086889129837e-11,6.71086889129837e-11,0.0005738863769990781,1.0072723814442605e-05,1.2475895252610373e-10
h001_k5_afull,1.0,0.0543103585713276,22,0.22,1.1096329042246944e-11,1.1096329042246944e-11,0.0007596128009059619,1.3226487666482913e-05,2.1483023648772353e-10
h001_k5_afull,1.0,0.0543103585713276,23,0.23,-5.5688128316588176e-11,5.5688128316588176e-11,0.0006256779373738579,1.7505195125997e-06,3.787432196779203e-12
h001_k5_afull,1.0,0.0543103585713276,24,0.24,1.7391695641142194e-11,1.7391695641142194e-11,0.0002563876929643864,1.0012163770505253e-05,1.2313029834544112e-10
h001_k5_afull,1.0,0.0543103585713276,25,0.25,-2.0721194223904775e-11,2.0721194223904775e-11,0.0004970184498636086,7.2175793029124805e-06,6.391770929638862e-11
h001_k5_afull,1.0,0.0543103585713276,26,0.26,4.3266883402882234e-11,4.3266883402882234e-11,0.0017152577836720628,3.1027844782443936e-05,1.1819021965619465e-09
h001_k5_afull,1.0,0.0543103585713276,27,0.27,-2.407064402399489e-11,2.407064402399489e-11,0.0018550504037757132,6.51786038682129e-05,5.21998613778053e-09
h001_k5_afull,1.0,0.0543103585713276,28,0.28,1.2012921310911723e-12,1.2012921310911723e-12,0.0011881982211496343,3.849396619475678e-05,1.8209430571113572e-09
h001_k5_afull,1.0,0.0543103585713276,29,0.29,5.159217562715479e-12,5.159217562715479e-12,0.0009367524982995458,7.4638495714216834e-06,6.873654471776562e-11
h001_k5_afull,1.0,0.0543103585713276,30,0.3,3.44451126150537e-11,3.44451126150537e-11,0.0007886309020913014,2.7218154333901405e-05,9.098209778470908e-10
h001_k5_afull,1.0,0.0543103585713276,31,0.31,1.0115903094029023e-10,1.0115903094029023e-10,0.0011794402402317671,3.1370052767512297e-05,1.2087509686427537e-09
h001_k5_afull,1.0,0.0543103585713276,32,0.32,-4.2395954585536244e-11,4.2395954585536244e-11,0.000785996914624785,3.364985605978258e-05,1.3918246673226136e-09
h001_k5_afull,1.0,0.0543103585713276,33,0.33,-4.403167126699678e-11,4.403167126699678e-11,0.0006670275092201982,1.617231861898203e-05,3.214363672130471e-10
h001_k5_afull,1.0,0.0543103585713276,34,0.34,-8.871332835003187e-11,8.871332835003187e-11,0.0005518742672122085,1.6217334618919952e-05,3.233723205701001e-10
h001_k5_afull,1.0,0.0543103585713276,35,0.35000000000000003,-1.954771929177021e-11,1.954771929177021e-11,0.0005855406360311687,9.594949207067742e-06,1.1310119176158824e-10
h001_k5_afull,1.0,0.0543103585713276,36,0.36,1.034333139428821e-10,1.034333139428821e-10,0.0005680719843365177,2.0545793976933856e-05,5.18686254364488e-10
h001_k5_afull,1.0,0.0543103585713276,37,0.37,1.8767915200461685e-11,1.8767915200461685e-11,0.0005566550509963295,2.6474477476924113e-06,8.568181654619156e-12
h001_k5_afull,1.0,0.0543103585713276,38,0.38,-7.642561307115783e-11,7.642561307115783e-11,0.0008662254869493229,2.7503687763651425e-06,9.26654429971619e-12
h001_k5_afull,1.0,0.0543103585713276,39,0.39,-7.161919175118284e-11,7.161919175118284e-11,0.000606273792789866,2.415679449723988e-05,7.169117233979488e-10
h001_k5_afull,1.0,0.0543103585713276,40,0.4,-9.091694327186157e-11,9.091694327186157e-11,0.001103761596750809,3.189332047727091e-05,1.248966482187614e-09
h001_k5_afull,1.0,0.0543103585713276,41,0.41000000000000003,-9.957882191350895e-11,9.957882191350895e-11,0.0017860210395776448,5.037560346586487e-05,3.117041961423643e-09
h001_k5_afull,1.0,0.0543103585713276,42,0.42,6.293705183749165e-11,6.293705183749165e-11,0.0017919142913850998,6.463291522106197e-05,5.132820073287177e-09
h001_k5_afull,1.0,0.0543103585713276,43,0.43,2.2214737590686012e-11,2.2214737590686012e-11,0.0004736644513849255,1.8739485909321017e-05,4.3203351404329955e-10
h001_k5_afull,1.0,0.0543103585713276,44,0.44,1.000110171544763e-10,1.000110171544763e-10,0.0008120784254548755,1.3967756902862093e-06,2.4282516790263784e-12
h001_k5_afull,1.0,0.0543103585713276,45,0.45,-1.0706767265313e-10,1.0706767265313e-10,0.0011357140865729412,3.761229666006311e-05,1.737580217038134e-09
h001_k5_afull,1.0,0.0543103585713276,46,0.46,-1.1156892689443212e-10,1.1156892689443212e-10,0.0008019159588946081,2.350058263020829e-05,6.786308268457691e-10
h001_k5_afull,1.0,0.0543103585713276,47,0.47000000000000003,-7.31204289011831e-11,7.31204289011831e-11,0.0007422757125715658,2.924038022316585e-05,1.0506247246915486e-09
h001_k5_afull,1.0,0.0543103585713276,48,0.48,5.395293340240172e-11,5.395293340240172e-11,0.00017551843226691602,6.916973318395192e-06,5.886710843997464e-11
h001_k5_afull,1.0,0.0543103585713276,49,0.49,3.8963859591047145e-11,3.8963859591047145e-11,0.0007566236122580888,1.789810068023805e-05,3.93474337782291e-10
h001_k5_afull,1.0,0.0543103585713276,50,0.5,3.9234829957417866e-11,3.9234829957417866e-11,0.0007081569535730613,2.4757695414255237e-05,7.533919013425917e-10
h001_k5_afull,1.0,0.0543103585713276,51,0.51,3.346228827881548e-11,3.346228827881548e-11,0.00047176480454394677,1.6065343517978524e-05,3.1684215895747333e-10
h001_k5_afull,1.0,0.0543103585713276,52,0.52,-7.584947887872076e-12,7.584947887872076e-12,0.0011407647944682402,3.359977240861777e-05,1.3863396555551993e-09
h001_k5_afull,1.0,0.0543103585713276,53,0.53,-1.486351037909006e-11,1.486351037909006e-11,0.0004590123708158243,1.4772413765675802e-05,2.681767593874597e-10
h001_k5_afull,1.0,0.0543103585713276,54,0.54,2.9308668990021824e-11,2.9308668990021824e-11,0.0007707800867190033,7.63057818877523e-06,7.166352277392831e-11
h001_k5_afull,1.0,0.0543103585713276,55,0.55,-9.228860246000316e-11,9.228860246000316e-11,0.0020141065763944815,6.047737371921955e-05,4.491755051351616e-09
h001_k5_afull,1.0,0.0543103585713276,56,0.56,-5.3319990404258194e-11,5.3319990404258194e-11,0.0015899048291667223,4.998515160212119e-05,3.069650354029293e-09
h001_k5_afull,1.0,0.0543103585713276,57,0.5700000000000001,7.028936064917488e-11,7.028936064917488e-11,0.0016664908781134032,6.123817685770918e-05,4.608899342387003e-09
h001_k5_afull,1.0,0.0543103585713276,58,0.58,-3.2714723345681623e-11,3.2714723345681623e-11,0.0002509693031587734,1.3305644850149589e-06,2.218792427068383e-12
h001_k5_afull,1.0,0.0543103585713276,59,0.59,7.103454722221306e-11,7.103454722221306e-11,0.0005946521789228971,8.043968538948762e-06,7.937411211411886e-11
h001_k5_afull,1.0,0.0543103585713276,60,0.6,3.312999169707148e-11,3.312999169707148e-11,0.0011131384832991586,3.500707629985532e-05,1.5053070148142722e-09
h001_k5_afull,1.0,0.0543103585713276,61,0.61,7.75358613034835e-11,7.75358613034835e-11,0.0006356518947757541,2.560056385645804e-05,8.053944844501831e-10
h001_k5_afull,1.0,0.0543103585713276,62,0.62,-6.383114241163834e-11,6.383114241163834e-11,0.0005094039810450228,2.032341764155176e-06,5.053232363065235e-12
h001_k5_afull,1.0,0.0543103585713276,63,0.63,-4.459233167181803e-11,4.459233167181803e-11,0.0014149390351170495,4.471130664712549e-05,2.455543157227998e-09
h001_k5_afull,1.0,0.0543103585713276,64,0.64,2.079024485120845e-11,2.079024485120845e-11,0.0005641951409049012,9.31174736462745e-06,1.0623379627975477e-10
h001_k5_afull,1.0,0.0543103585713276,65,0.65,7.922207068957951e-11,7.922207068957951e-11,0.0004975116801148012,1.4353067251034453e-05,2.530088101014758e-10
h001_k5_afull,1.0,0.0543103585713276,66,0.66,3.0592423288632736e-11,3.0592423288632736e-11,0.000445697056540813,8.120680993864332e-06,8.10193931057481e-11
h001_k5_afull,1.0,0.0543103585713276,67,0.67,1.934811956916943e-12,1.934811956916943e-12,0.0017287843812909879,5.451598045114529e-05,3.650719474258811e-09
h001_k5_afull,1.0,0.0543103585713276,68,0.68,1.0931301436950536e-11,1.0931301436950536e-11,0.00044334287299573223,1.2832794109113853e-07,2.643497845891967e-14
h001_k5_afull,1.0,0.0543103585713276,69,0.6900000000000001,-5.292346552318583e-11,5.292346552318583e-11,0.0007626226938451647,1.3456000972020127e-05,2.2222994320355006e-10
h001_k5_afull,1.0,0.0543103585713276,70,0.7000000000000001,-4.1881741239153947e-11,4.1881741239153947e-11,0.0024654600017735818,7.54574858197901e-05,6.994185503581969e-09
h001_k5_afull,1.0,0.0543103585713276,71,0.71,7.44618471157539e-11,7.44618471157539e-11,0.0015228598908504634,5.386185004491322e-05,3.566069116380286e-09
h001_k5_afull,1.0,0.0543103585713276,72,0.72,3.829177543080396e-11,3.829177543080396e-11,0.0009785981003137356,3.7908713809388906e-05,1.7662877981193338e-09
h001_k5_afull,1.0,0.0543103585713276,73,0.73,3.972591667514985e-11,3.972591667514985e-11,0.0005673037473073287,6.427006977360952e-06,5.0932967514286194e-11
h001_k5_afull,1.0,0.0543103585713276,74,0.74,4.41400127169575e-11,4.41400127169575e-11,0.0014789278563600275,4.5559007412388786e-05,2.54894022406001e-09
h001_k5_afull,1.0,0.0543103585713276,75,0.75,9.679630827343771e-11,9.679630827343771e-11,0.0004916022394852963,8.643333308647938e-06,9.15843298802544e-11
h001_k5_afull,1.0,0.0543103585713276,76,0.76,-3.8270902018213565e-11,3.8270902018213565e-11,0.0014360609422690732,3.89178557266251e-05,1.8598601290121666e-09
h001_k5_afull,1.0,0.0543103585713276,77,0.77,-2.053932750874926e-11,2.053932750874926e-11,0.00019388234589517287,1.017800533769602e-05,1.2740317591162965e-10
h001_k5_afull,1.0,0.0543103585713276,78,0.78,-1.7266597602660222e-11,1.7266597602660222e-11,0.0006120749936706429,2.0279830477593477e-05,5.052790024197779e-10
h001_k5_afull,1.0,0.0543103585713276,79,0.79,-3.084809057501969e-11,3.084809057501969e-11,0.0007498369164068637,2.0539452383524163e-05,5.178742780780816e-10
h001_k5_afull,1.0,0.0543103585713276,80,0.8,-3.871190840760638e-11,3.871190840760638e-11,0.0014453964933989856,3.7972370860977956e-05,1.77033522453677e-09
h001_k5_afull,1.0,0.0543103585713276,81,0.81,6.289776840096191e-11,6.289776840096191e-11,0.0008666966792677364,2.943030190449461e-05,1.0641775153978163e-09
h001_k5_afull,1.0,0.0543103585713276,82,0.8200000000000001,-2.6641686740828258e-11,2.6641686740828258e-11,0.0015423910901888312,5.12314412502224e-05,3.2246758394191043e-09
h001_k5_afull,1.0,0.0543103585713276,83,0.8300000000000001,-1.1786493303708387e-10,1.1786493303708387e-10,0.00091948357699993,1.3324709352618113e-05,2.1766106466237449e-10
h001_k5_afull,1.0,0.0543103585713276,84,0.84,-3.5760489892639608e-12,3.5760489892639608e-12,0.001689719837046077,4.847038673822545e-05,2.885448336399852e-09
h001_k5_afull,1.0,0.0543103585713276,85,0.85,1.5668801271653127e-11,1.5668801271653127e-11,0.0017840075141790368,5.839345088779644e-05,4.189841046614394e-09
h001_k5_afull,1.0,0.0543103585713276,86,0.86,6.601720114584458e-11,6.601720114584458e-11,0.0023819516849261646,7.960300148456737e-05,7.785853787055655e-09
h001_k5_afull,1.0,0.0543103585713276,87,0.87,-9.168784080495346e-11,9.168784080495346e-11,0.0011922083046803941,1.1912965145305692e-05,1.7354193935778727e-10
h001_k5_afull,1.0,0.0543103585713276,88,0.88,3.149631841144543e-12,3.149631841144543e-12,0.0005817320136424552,6.698237415337061e-06,5.5075777132387424e-11
h001_k5_afull,1.0,0.0543103585713276,89,0.89,5.865194893889085e-11,5.865194893889085e-11,0.0009395349206968717,2.2841881697600703e-05,6.405910471715394e-10
h001_k5_afull,1.0,0.0543103585713276,90,0.9,-9.532332003814661e-11,9.532332003814661e-11,0.00022154013733598964,1.0148957697099916e-05,1.2665457657174843e-10
h001_k5_afull,1.0,0.0543103585713276,91,0.91,-3.317636549054863e-11,3.317636549054863e-11,0.001453186570978908,4.285389569690703e-05,2.2557367005297605e-09
h001_k5_afull,1.0,0.0543103585713276,92,0.92,-2.2750276597489905e-12,2.2750276597489905e-12,0.0009269961720600409,1.2423967990457536e-05,1.8916670395890297e-10
h001_k5_afull,1.0,0.0543103585713276,93,0.93,8.122535993413879e-11,8.122535993413879e-11,0.0004730152440460098,5.592758325001607e-06,3.837327547506433e-11
h001_k5_afull,1.0,0.0543103585713276,94,0.9400000000000001,-1.444125858935004e-10,1.444125858935004e-10,0.0002323981398395111,6.28413901827745e-07,4.866464875471056e-13
h001_k5_afull,1.0,0.0543103585713276,95,0.9500000000000001,8.307389932210585e-12,8.307389932210585e-12,0.0018858030793560405,5.388408841461027e-05,3.56606378811247e-09
h001_k5_afull,1.0,0.0543103585713276,96,0.96,-6.347216917096561e-11,6.347216917096561e-11,0.001713168561139541,5.775086167805571e-05,4.09840940103544e-09
h001_k5_afull,1.0,0.0543103585713276,97,0.97,-7.455752410855804e-11,7.455752410855804e-11,0.0005449155728812697,1.0185084079467054e-05,1.2774798607186585e-10
h001_k5_afull,1.0,0.0543103585713276,98,0.98,3.834872708014664e-11,3.834872708014664e-11,0.0003241684214355408,1.0900860134746221e-06,1.448308468948912e-12
h001_k5_afull,1.0,0.0543103585713276,99,0.99,-3.329323004352264e-11,3.329323004352264e-11,0.0033095637894078227,9.238867115708971e-05,1.0482393229111538e-08
h001_k5_afull,1.0,0.0543103585713276,100,1.0,-8.643747189903718e-11,8.643747189903718e-11,0.0012465720209486482,5.3458560957478746e-05,3.5120661777776715e-09
h001_k5_afull,1.0,0.0543103585713276,101,1.01,-1.0114600861510156e-10,1.0114600861510156e-10,0.0011050515961594754,3.575746411020527e-05,1.571393380514952e-09
h001_k5_afull,1.0,0.0543103585713276,102,1.02,1.8916766780395153e-11,1.8916766780395153e-11,0.0006234383566812472,3.5563092622554957e-06,1.5441740613263667e-11
h001_k5_afull,1.0,0.0543103585713276,103,1.03,-1.2345803283224203e-10,1.2345803283224203e-10,0.0005240017737504128,1.0258451185920157e-05,1.2921472201410892e-10
h001_k5_afull,1.0,0.0543103585713276,104,1.04,-4.024517725369561e-11,4.024517725369561e-11,0.0015296563187990983,3.808251348926099e-05,1.7805764017271847e-09
h001_k5_afull,1.0,0.0543103585713276,105,1.05,4.595349524082887e-11,4.595349524082887e-11,0.0005052984883260845,1.6414087186806978e-05,3.311999804536326e-10
h001_k5_afull,1.0,0.0543103585713276,106,1.06,-4.1356874576434915e-11,4.1356874576434915e-11,0.0004346797677288911,1.3334749911431987e-05,2.1848612669435318e-10
h001_k5_afull,1.0,0.0543103585713276,107,1.07,-2.213292792313873e-11,2.213292792313873e-11,0.0007823832008938065,2.0243335022614237e-05,5.030662590275961e-10
h001_k5_afull,1.0,0.0543103585713276,108,1.08,-3.3184562357128217e-11,3.3184562357128217e-11,0.0002555796876799399,3.5862233433686975e-06,1.5829536694632282e-11
h001_k5_afull,1.0,0.0543103585713276,109,1.09,-1.1473822591904007e-10,1.1473822591904007e-10,0.001991564697427279,5.344757674058774e-05,3.5080835285699933e-09
h001_k5_afull,1.0,0.0543103585713276,110,1.1,-7.29999318372504e-11,7.29999318372504e-11,0.001141575036697369,4.405534548883204e-05,2.3857681752168483e-09
h001_k5_afull,1.0,0.0543103585713276,111,1.11,1.0297623989413349e-10,1.0297623989413349e-10,0.0024117120801709357,7.286040619106223e-05,6.522023329629524e-09
h001_k5_afull,1.0,0.0543103585713276,112,1.12,-9.218033720235011e-11,9.218033720235011e-11,0.0015129445090025808,7.672345780073285e-08,9.043363182124624e-15
h001_k5_afull,1.0,0.0543103585713276,113,1.1300000000000001,-6.686029555252448e-11,6.686029555252448e-11,0.0017832091245303635,5.6485801769878014e-05,3.91858272454599e-09
h001_k5_afull,1.0,0.0543103585713276,114,1.1400000000000001,-1.5839349959672483e-12,1.5839349959672483e-12,0.0024496394016205523,7.552112354143117e-05,7.006808230419498e-09
h001_k5_afull,1.0,0.0543103585713276,115,1.1500000000000001,-1.8823813493183683e-11,1.8823813493183683e-11,0.0007162173184427843,3.541215716915634e-05,1.5427653602592806e-09
h001_k5_afull,1.0,0.0543103585713276,116,1.16,1.175004783412776e-10,1.175004783412776e-10,0.001253812075365355,3.667787816095554e-05,1.6529957027332908e-09
h001_k5_afull,1.0,0.0543103585713276,117,1.17,5.2303333701857885e-11,5.2303333701857885e-11,0.0007921267336137277,7.523874563106439e-07,7.258292399042933e-13
h001_k5_afull,1.0,0.0543103585713276,118,1.18,1.319433708883537e-11,1.319433708883537e-11,0.00044802034067147306,1.5724438696047653e-05,3.036705805968786e-10
h001_k5_afull,1.0,0.0543103585713276,119,1.19,-7.43752120709127e-11,7.43752120709127e-11,0.00109187176844253,3.3016799116575745e-05,1.3390120082352478e-09
h001_k5_afull,1.0,0.0543103585713276,120,1.2,3.7916142176918494e-11,3.7916142176918494e-11,0.0002262919352947513,1.1655703598963002e-05,1.671171263610392e-10
h001_k5_afull,1.0,0.0543103585713276,121,1.21,7.940550804776472e-12,7.940550804776472e-12,0.001361101426249156,3.307667029256063e-05,1.3431039921303518e-09
h001_k5_afull,1.0,0.0543103585713276,122,1.22,-6.278301890958599e-11,6.278301890958599e-11,0.000885035914974566,1.1667147462670427e-06,1.6488284625393824e-12
h001_k5_afull,1.0,0.0543103585713276,123,1.23,3.670398392770918e-11,3.670398392770918e-11,0.0002948875157274108,1.0487187518531828e-05,1.3511441270140015e-10
h001_k5_afull,1.0,0.0543103585713276,124,1.24,-3.5849943510763566e-11,3.5849943510763566e-11,0.0024976780273251267,6.182673710496558e-05,4.6938457863549934e-09
h001_k5_afull,1.0,0.0543103585713276,125,1.25,-6.0662675620618e-11,6.0662675620618e-11,0.0024076652249768148,8.53046435670024e-05,8.94116563470477e-09
h001_k5_afull,1.0,0.0543103585713276,126,1.26,1.1530329967722464e-11,1.1530329967722464e-11,0.0008867395011349091,3.6680173120714034e-05,1.6547350744490869e-09
h001_k5_afull,1.0,0.0543103585713276,127,1.27,4.2401075543447436e-11,4.2401075543447436e-11,0.002087787225310399,4.12956288041688e-05,2.0927000931155197e-09
h001_k5_afull,1.0,0.0543103585713276,128,1.28,4.0377860072420696e-11,4.0377860072420696e-11,0.0015814154130303253,5.70402264398332e-05,3.9971972879955945e-09
h001_k5_afull,1.0,0.0543103585713276,129,1.29,6.752432326392194e-12,6.752432326392194e-12,0.0019222168270100826,5.8374330979541565e-05,4.186698828808887e-09
h001_k5_afull,1.0,0.0543103585713276,130,1.3,-1.618358200813734e-11,1.618358200813734e-11,0.0011039541647918925,4.3937670081214125e-05,2.3725183706313133e-09
h001_k5_afull,1.0,0.0543103585713276,131,1.31,-3.5098986867973525e-11,3.5098986867973525e-11,0.000591679892057854,2.259736447411088e-05,6.278138243043981e-10
h001_k5_afull,1.0,0.0543103585713276,132,1.32,3.873587113231453e-11,3.873587113231453e-11,0.0004957932067421775,1.061191176570978e-05,1.381254684519269e-10
h001_k5_afull,1.0,0.0543103585713276,133,1.33,9.258813279868633e-12,9.258813279868633e-12,0.001526749836673069,4.214501919973058e-05,2.1814019331824195e-09
h001_k5_afull,1.0,0.0543103585713276,134,1.34,6.366836295375669e-11,6.366836295375669e-11,0.0010736028518024336,4.901440393074189e-06,2.972551272325315e-11
h001_k5_afull,1.0,0.0543103585713276,135,1.35,-3.189762497646416e-11,3.189762497646416e-11,0.00046113256457876455,1.845173946407334e-05,4.181899624161117e-10
h001_k5_afull,1.0,0.0543103585713276,136,1.36,5.831331717411764e-11,5.831331717411764e-11,0.0010334548045284398,2.0822912973305898e-05,5.325120952473377e-10
h001_k5_afull,1.0,0.0543103585713276,137,1.37,1.4200547421988619e-11,1.4200547421988619e-11,0.0009695976283082161,1.930456611026725e-05,4.5828739941758366e-10
h001_k5_afull,1.0,0.0543103585713276,138,1.3800000000000001,7.948661704965804e-11,7.948661704965804e-11,0.0019718539298157005,5.641488516824847e-05,3.907986975796796e-09
h001_k5_afull,1.0,0.0543103585713276,139,1.3900000000000001,2.994849013964254e-11,2.994849013964254e-11,0.0032252737198729684,9.659484626735593e-05,1.1462455045271216e-08
h001_k5_afull,1.0,0.0543103585713276,140,1.4000000000000001,-5.2375449897251736e-12,5.2375449897251736e-12,0.0014643307956838287,6.807860475086437e-05,5.70040015047629e-09
h001_k5_afull,1.0,0.0543103585713276,141,1.41,-9.858148368804831e-12,9.858148368804831e-12,0.0004436717199527544,5.5134418830729855e-06,3.7082135948704994e-11
h001_k5_afull,1.0,0.0543103585713276,142,1.42,8.064134635662329e-11,8.064134635662329e-11,0.001544974651283566,4.037799444148254e-05,2.0019245545685817e-09
h001_k5_afull,1.0,0.0543103585713276,143,1.43,9.451450749429699e-11,9.451450749429699e-11,0.0018292154620300853,6.079742382035976e-05,4.541680367334048e-09
h001_k5_afull,1.0,0.0543103585713276,144,1.44,1.0010937716818658e-11,1.0010937716818658e-11,0.0017046297728834734,5.874455128421489e-05,4.2403673793472e-09
h001_k5_afull,1.0,0.0543103585713276,145,1.45,5.369598960348193e-11,5.369598960348193e-11,0.0013299446093217751,4.397739488698617e-05,2.3769732114730184e-09
h001_k5_afull,1.0,0.0543103585713276,146,1.46,-1.610380190742583e-10,1.610380190742583e-10,0.0012519855727574029,5.687590689971736e-06,3.953106977719084e-11
h001_k5_afull,1.0,0.0543103585713276,147,1.47,-2.497744811544647e-11,2.497744811544647e-11,0.0011409683919437203,4.095956582191439e-05,2.0608062824548177e-09
h001_k5_afull,1.0,0.0543103585713276,148,1.48,1.0729154706606153e-11,1.0729154706606153e-11,0.00035501103200698313,5.994107996401842e-06,4.4229644840536064e-11
h001_k5_afull,1.0,0.0543103585713276,149,1.49,8.063100138738441e-11,8.063100138738441e-11,0.0007871502316106432,6.594212253278447e-06,5.349555570416691e-11
h001_k5_afull,1.0,0.0543103585713276,150,1.5,-5.2911303241370486e-11,5.2911303241370486e-11,0.001667106064135361,5.114650302779714e-05,3.212965036184414e-09
h001_k5_afull,1.0,0.0543103585713276,151,1.51,-1.9867580670906992e-11,1.9867580670906992e-11,0.0010234111042651307,3.502349020231622e-05,1.5075829733228917e-09
h001_k5_afull,1.0,0.0543103585713276,152,1.52,-2.2965114835835077e-11,2.2965114835835077e-11,0.0018898969707715665,2.5647960300182635e-05,8.070162530601373e-10
h001_k5_afull,1.0,0.0543103585713276,153,1.53,1.226080475211569e-10,1.226080475211569e-10,0.003285937296122217,0.00010398349825728093,1.3283329961647638e-08
h001_k5_afull,1.0,0.0543103585713276,154,1.54,3.1622805068964865e-11,3.1622805068964865e-11,0.0023764813444924066,8.35302372899267e-05,8.577282271523363e-09
h001_k5_afull,1.0,0.0543103585713276,155,1.55,6.085695803629415e-11,6.085695803629415e-11,0.0007104355700960169,3.5418889067233495e-05,1.542568382711227e-09
h001_k5_afull,1.0,0.0543103585713276,156,1.56,4.398674789208093e-11,4.398674789208093e-11,0.0009710824903880803,1.4823418540304538e-05,2.6941693323318086e-10
h001_k5_afull,1.0,0.0543103585713276,157,1.57,-1.9434165838020864e-11,1.9434165838020864e-11,0.0016640453212037267,5.3617077119679016e-05,3.53124714457823e-09
h001_k5_afull,1.0,0.0543103585713276,158,1.58,2.1298932290168132e-11,2.1298932290168132e-11,0.0022363103913036475,6.520774524623842e-05,5.223557974929505e-09
h001_k5_afull,1.0,0.0543103585713276,159,1.59,9.186149622008796e-11,9.186149622008796e-11,0.0019841999350433616,7.616190587723198e-05,7.1303764203938436e-09
h001_k5_afull,1.0,0.0543103585713276,160,1.6,1.3472639497080774e-10,1.3472639497080774e-10,0.0006525766744491067,9.641906533504838e-06,1.1375346265273065e-10
h001_k5_afull,1.0,0.0543103585713276,161,1.61,-2.8801029595092176e-11,2.8801029595092176e-11,0.0005017609278813456,5.7033673986059614e-06,3.9908026604848596e-11
h001_k5_afull,1.0,0.0543103585713276,162,1.62,-3.9305715962816706e-11,3.9305715962816706e-11,0.0013997437261531055,4.4996295845750534e-05,2.486911984641269e-09
h001_k5_afull,1.0,0.0543103585713276,163,1.6300000000000001,-6.319294951684026e-11,6.319294951684026e-11,0.00032387644239992877,5.998523360922959e-07,4.2998840624081115e-13
h001_k5_afull,1.0,0.0543103585713276,164,1.6400000000000001,9.928732749159286e-12,9.928732749159286e-12,0.0017352348781201838,3.941372723402091e-05,1.9074516630004686e-09
h001_k5_afull,1.0,0.0543103585713276,165,1.6500000000000001,-1.5094010476180905e-10,1.5094010476180905e-10,0.002293280847900938,8.001646825726395e-05,7.867572303409783e-09
h001_k5_afull,1.0,0.0543103585713276,166,1.6600000000000001,-6.95558643776413e-11,6.95558643776413e-11,0.0010213863302770824,8.051832075117737e-06,7.928228906257939e-11
h001_k5_afull,1.0,0.0543103585713276,167,1.67,5.1314798222255875e-12,5.1314798222255875e-12,0.002708379007498498,7.610577153843763e-05,7.113698572389635e-09
h001_k5_afull,1.0,0.0543103585713276,168,1.68,6.246966848975563e-11,6.246966848975563e-11,0.0029373572635875505,9.75725838022509e-05,1.1700331902978825e-08
h001_k5_afull,1.0,0.0543103585713276,169,1.69,3.792030063435106e-11,3.792030063435106e-11,0.001986954622915457,7.549677896286257e-05,7.005135673672333e-09
h001_k5_afull,1.0,0.0543103585713276,170,1.7,-3.867692104086995e-11,3.867692104086995e-11,0.0002302368558189033,7.164828983032009e-06,6.343040804490232e-11
h001_k5_afull,1.0,0.0543103585713276,171,1.71,2.5459747591410897e-11,2.5459747591410897e-11,0.0009751587333670777,1.121487873728803e-05,1.5423478068184184e-10
h001_k5_afull,1.0,0.0543103585713276,172,1.72,-7.445998293853853e-11,7.445998293853853e-11,0.0033208708258664764,0.00010036424095971924,1.2373748163514077e-08
h001_k5_afull,1.0,0.0543103585713276,173,1.73,3.787029847698853e-11,3.787029847698853e-11,0.0013601106862051813,5.467714827222714e-05,3.676520961533549e-09
h001_k5_afull,1.0,0.0543103585713276,174,1.74,7.706425124778815e-11,7.706425124778815e-11,0.0012706212558719217,4.719916751613719e-05,2.7380491267825236e-09
h001_k5_afull,1.0,0.0543103585713276,175,1.75,-5.53936718272318e-11,5.53936718272318e-11,0.0009483492756601408,2.0084743654163456e-05,4.947498594041434e-10
h001_k5_afull,1.0,0.0543103585713276,176,1.76,5.242426127536823e-11,5.242426127536823e-11,0.0011349035879950659,3.2046549209123395e-05,1.2613368759119792e-09
h001_k5_afull,1.0,0.0543103585713276,177,1.77,-6.4116179271205e-11,6.4116179271205e-11,0.0011059246271732297,4.2755798575999015e-05,2.246142452435935e-09
h001_k5_afull,1.0,0.0543103585713276,178,1.78,1.3304674828756684e-10,1.3304674828756684e-10,0.002113241147622395,5.45978475825871e-05,3.6597034177723435e-09
h001_k5_afull,1.0,0.0543103585713276,179,1.79,-1.0974426266829526e-10,1.0974426266829526e-10,0.0026852178707976984,8.613943179455082e-05,9.116776065518592e-09
h001_k5_afull,1.0,0.0543103585713276,180,1.8,8.885947484554499e-11,8.885947484554499e-11,0.0006710653571552584,3.0157871009397548e-05,1.1182950228412137e-09
h001_k5_afull,1.0,0.0543103585713276,181,1.81,1.2257815205571343e-11,1.2257815205571343e-11,0.0017224486761378758,3.284891096865402e-05,1.3243024378622985e-09
h001_k5_afull,1.0,0.0543103585713276,182,1.82,-3.672685690726124e-11,3.672685690726124e-11,0.003675250546602782,0.0001157839260930629,1.6470403259796123e-08
h001_k5_afull,1.0,0.0543103585713276,183,1.83,1.2642954825420327e-11,1.2642954825420327e-11,0.0019868073420888435,7.009112248013972e-05,6.037352549429557e-09
h001_k5_afull,1.0,0.0543103585713276,184,1.84,7.13134647905081e-11,7.13134647905081e-11,0.002586364578499434,8.79172544253872e-05,9.499383070981787e-09
h001_k5_afull,1.0,0.0543103585713276,185,1.85,-1.5681428784620685e-11,1.5681428784620685e-11,0.0017006803067582813,2.2793524940440878e-05,6.368478102617609e-10
h001_k5_afull,1.0,0.0543103585713276,186,1.86,1.5749066493205705e-11,1.5749066493205705e-11,0.0016732189760681252,5.070050821523402e-05,3.157246397890583e-09
h001_k5_afull,1.0,0.0543103585713276,187,1.87,1.5992604050947545e-11,1.5992604050947545e-11,0.002877907736381798,9.184699715283776e-05,1.0364864148518664e-08
h001_k5_afull,1.0,0.0543103585713276,188,1.8800000000000001,-2.8389770298075517e-11,2.8389770298075517e-11,0.001172654241266293,4.513635549457389e-05,2.5040103011398996e-09
h001_k5_afull,1.0,0.0543103585713276,189,1.8900000000000001,7.800321608249228e-11,7.800321608249228e-11,0.0006747219038804645,2.6419511575287664e-05,8.583754431496495e-10
h001_k5_afull,1.0,0.0543103585713276,190,1.9000000000000001,-8.37297776685314e-12,8.37297776685314e-12,0.0022665908999968927,6.174086093969016e-05,4.680042552625518e-09
h001_k5_afull,1.0,0.0543103585713276,191,1.9100000000000001,3.944154014891635e-11,3.944154014891635e-11,0.0014381215539135133,5.1554814126445344e-05,3.265613683195612e-09
h001_k5_afull,1.0,0.0543103585713276,192,1.92,5.596814678376916e-11,5.596814678376916e-11,0.0018990644984815924,3.58267451106694e-05,1.5749375725683756e-09
h001_k5_afull,1.0,0.0543103585713276,193,1.93,1.1338459083307453e-10,1.1338459083307453e-10,0.002516194628204442,7.694516975476349e-05,7.273072428239147e-09
h001_k5_afull,1.0,0.0543103585713276,194,1.94,7.012267350982315e-11,7.012267350982315e-11,0.002737819741619343,9.432793747503265e-05,1.0933316687442934e-08
h001_k5_afull,1.0,0.0543103585713276,195,1.95,3.100725828441425e-11,3.100725828441425e-11,0.001860677963120128,2.5514378913839355e-05,7.975163393583314e-10
h001_k5_afull,1.0,0.0543103585713276,196,1.96,-1.7851375922178087e-11,1.7851375922178087e-11,0.0015761396297035047,4.98982803617499e-05,3.058347510662764e-09
h001_k5_afull,1.0,0.0543103585713276,197,1.97,-9.269887814170388e-11,9.269887814170388e-11,0.004220230835858741,0.00012620079911025426,1.9566890057221622e-08
h001_k5_afull,1.0,0.0543103585713276,198,1.98,-3.250871132617211e-11,3.250871132617211e-11,0.002314996654445578,9.326324417112106e-05,1.06975915606172e-08
h001_k5_afull,1.0,0.0543103585713276,199,1.99,-7.972026901462148e-12,7.972026901462148e-12,0.0010627075516404343,4.5022568533620203e-05,2.4924365947544965e-09
h001_k5_afull,1.0,0.0543103585713276,200,2.0,-6.988821977735316e-11,6.988821977735316e-11,0.0019839451986100667,4.937968416966155e-05,2.9928800443528046e-09
h001_k5_afull,1.0,0.0543103585713276,201,2.0100000000000002,-1.1180768149429005e-10,1.1180768149429005e-10,0.0019362997468684192,6.219715272962947e-05,4.752996778869524e-09
h001_k5_afull,1.0,0.0543103585713276,202,2.02,-5.1982850424354965e-11,5.1982850424354965e-11,0.002965126258936858,9.548781841976087e-05,1.1202915296052286e-08
h001_k5_afull,1.0,0.0543103585713276,203,2.0300000000000002,3.0948690116737454e-11,3.0948690116737454e-11,0.0007898563952038746,4.0839155570346386e-05,2.0520509975698865e-09
h001_k5_afull,1.0,0.0543103585713276,204,2.04,1.195370354350328e-11,1.195370354350328e-11,0.002420988253560564,5.970539499117891e-05,4.375182588084577e-09
h001_k5_afull,1.0,0.0543103585713276,205,2.05,3.898431393239282e-11,3.898431393239282e-11,0.0015497731934688143,5.528564075879828e-05,3.7551246330491365e-09
h001_k5_afull,1.0,0.0543103585713276,206,2.06,6.172501355525273e-11,6.172501355525273e-11,0.0007361901619865842,2.4863805847020273e-05,7.604038810181497e-10
h001_k5_afull,1.0,0.0543103585713276,207,2.07,7.737103583412962e-11,7.737103583412962e-11,0.0038872458971469137,0.00010502768218729807,1.3544613776501621e-08
h001_k5_afull,1.0,0.0543103585713276,208,2.08,-2.5953109941082714e-11,2.5953109941082714e-11,0.0021125147452582577,8.014722342162681e-05,7.893471754858309e-09
h001_k5_afull,1.0,0.0543103585713276,209,2.09,1.6711798394783428e-11,1.6711798394783428e-11,0.0017138659148603927,5.858815423227909e-05,4.219069364490095e-09
h001_k5_afull,1.0,0.0543103585713276,210,2.1,5.554961455015925e-11,5.554961455015925e-11,0.002268705857595238,3.9603423695349835e-05,1.9243172860393152e-09
h001_k5_afull,1.0,0.0543103585713276,211,2.11,1.9351413039266768e-10,1.9351413039266768e-10,0.003152431902875803,9.764540773703269e-05,1.1712861217373702e-08
h001_k5_afull,1.0,0.0543103585713276,212,2.12,-4.463150313736841e-11,4.463150313736841e-11,0.004274784193180318,0.00014047893284903763,2.425571902097549e-08
h001_k5_afull,1.0,0.0543103585713276,213,2.13,4.276522739448188e-11,4.276522739448188e-11,0.0013487451308171554,6.0110533505184744e-05,4.44250752943147e-09
h001_k5_afull,1.0,0.0543103585713276,214,2.14,3.790178370807751e-11,3.790178370807751e-11,0.000508012835631021,1.4443372141229103e-05,2.569488020740161e-10
h001_k5_afull,1.0,0.0543103585713276,215,2.15,6.629367372982045e-11,6.629367372982045e-11,0.0021776765018770637,5.861476451441406e-05,4.2181823535731865e-09
h001_k5_afull,1.0,0.0543103585713276,216,2.16,2.7963241422922225e-11,2.7963241422922225e-11,0.003882116632481273,0.00011864010204813898,1.7292471018680536e-08
h001_k5_afull,1.0,0.0543103585713276,217,2.17,4.0572162600047146e-12,4.0572162600047146e-12,0.0010713797613691562,5.638417508952371e-05,3.9122715882556105e-09
h001_k5_afull,1.0,0.0543103585713276,218,2.18,4.300288966065102e-11,4.300288966065102e-11,0.0009701861369881933,1.2663640005253976e-05,1.9632982239780506e-10
h001_k5_afull,1.0,0.0543103585713276,219,2.19,1.7354648967904396e-11,1.7354648967904396e-11,0.003634668347642711,0.00010462202473073146,1.3444692867309573e-08
h001_k5_afull,1.0,0.0543103585713276,220,2.2,3.897002143725403e-11,3.897002143725403e-11,0.0016691121919957046,3.2315459295026414e-05,1.2865056020199269e-09
h001_k5_afull,1.0,0.0543103585713276,221,2.21,2.616864938718294e-11,2.616864938718294e-11,0.0017844114116098296,5.098037584128559e-05,3.1904168557435746e-09
h001_k5_afull,1.0,0.0543103585713276,222,2.22,-3.517135369025207e-11,3.517135369025207e-11,0.0037500083328210524,0.00011057567467292882,1.5020260033431932e-08
h001_k5_afull,1.0,0.0543103585713276,223,2.23,-8.625614567221718e-11,8.625614567221718e-11,0.0024028686025272515,9.491189864497798e-05,1.1077359778310566e-08
h001_k5_afull,1.0,0.0543103585713276,224,2.24,-1.1445202945103983e-10,1.1445202945103983e-10,0.0006255013507081798,2.9250908444984446e-05,1.0526002759449605e-09
h001_k5_afull,1.0,0.0543103585713276,225,2.25,-4.8881159265667246e-12,4.8881159265667246e-12,0.0034620483518151258,9.129844843552926e-05,1.0235494615694772e-08
h001_k5_afull,1.0,0.0543103585713276,226,2.2600000000000002,-4.492941804191963e-11,4.492941804191963e-11,0.0037797696181368543,0.0001280964598212883,2.0168963565206757e-08
h001_k5_afull,1.0,0.0543103585713276,227,2.27,6.591641837395967e-12,6.591641837395967e-12,0.0030943778145166773,0.00010837565513896332,1.4435746942815598e-08
h001_k5_afull,1.0,0.0543103585713276,228,2.2800000000000002,-4.362042259516141e-11,4.362042259516141e-11,0.0018980365213516802,7.161983862757956e-05,6.307316657282465e-09
h001_k5_afull,1.0,0.0543103585713276,229,2.29,6.5695865089122896e-12,6.5695865089122896e-12,0.0026703640806254236,4.581722019922753e-05,2.575180257095252e-09
h001_k5_afull,1.0,0.0543103585713276,230,2.3000000000000003,-3.1787574200463353e-11,3.1787574200463353e-11,0.0031697353035384295,0.00010111777800434835,1.2561144413428227e-08
h001_k5_afull,1.0,0.0543103585713276,231,2.31,3.631204505919611e-11,3.631204505919611e-11,0.0034600135947862537,0.00011484189685559204,1.6210373075902054e-08
h001_k5_afull,1.0,0.0543103585713276,232,2.32,2.3838825987006207e-11,2.3838825987006207e-11,0.002156966176138843,5.3884938783133744e-06,3.530299291147172e-11
h001_k5_afull,1.0,0.0543103585713276,233,2.33,-1.3332299771563055e-10,1.3332299771563055e-10,0.002929091715377359,9.382786467901563e-05,1.0814406631077113e-08
h001_k5_afull,1.0,0.0543103585713276,234,2.34,-5.859924145316248e-11,5.859924145316248e-11,0.002106983078416887,7.317095625879496e-05,6.5810006919914455e-09
h001_k5_afull,1.0,0.0543103585713276,235,2.35,-1.4789752701607067e-11,1.4789752701607067e-11,0.0017097774402505684,1.3695896232090171e-05,2.2967975770970267e-10
h001_k5_afull,1.0,0.0543103585713276,236,2.36,-3.890999718605959e-12,3.890999718605959e-12,0.0030333668956719173,9.170503375542482e-05,1.0330180701855217e-08
h001_k5_afull,1.0,0.0543103585713276,237,2.37,1.3548018176073873e-11,1.3548018176073873e-11,0.004478419528526126,0.00014350705602795148,2.5310439863012754e-08
h001_k5_afull,1.0,0.0543103585713276,238,2.38,4.197454872827827e-11,4.197454872827827e-11,0.0015326360108607138,6.919082674956476e-05,5.885883595036643e-09
h001_k5_afull,1.0,0.0543103585713276,239,2.39,-1.7428104207191375e-11,1.7428104207191375e-11,0.0020717094707390373,3.8094807567338324e-05,1.7801140341704663e-09
h001_k5_afull,1.0,0.0543103585713276,240,2.4,-2.937246198217794e-11,2.937246198217794e-11,0.0033180006032911876,0.00010505176408704144,1.355841875745692e-08
h001_k5_afull,1.0,0.0543103585713276,241,2.41,-5.652914806175344e-11,5.652914806175344e-11,0.0048163739953933984,0.00014877323836022993,2.7197074002811483e-08
h001_k5_afull,1.0,0.0543103585713276,242,2.42,1.988296203028761e-11,1.988296203028761e-11,0.0027221858584225195,0.0001149670815420728,1.6260192978602813e-08
h001_k5_afull,1.0,0.0543103585713276,243,2.43,2.922808338672728e-11,2.922808338672728e-11,0.0005255656102061806,1.6193648293354318e-05,3.2336448092831064e-10
h001_k5_afull,1.0,0.0543103585713276,244,2.44,2.4083740427296996e-11,2.4083740427296996e-11,0.0038595337333071195,9.643065070444861e-05,1.1418448578949895e-08
h001_k5_afull,1.0,0.0543103585713276,245,2.45,2.4712432404247475e-11,2.4712432404247475e-11,0.00407843505185169,0.00014907270771462262,2.7322797580940456e-08
h001_k5_afull,1.0,0.0543103585713276,246,2.46,-8.253070839583931e-11,8.253070839583931e-11,0.0007454566612009036,3.0238739917294675e-05,1.1254883151437262e-09
h001_k5_afull,1.0,0.0543103585713276,247,2.47,-1.0511697084601354e-10,1.0511697084601354e-10,0.002811901820981032,7.0118929724506e-05,6.0362942337060786e-09
h001_k5_afull,1.0,0.0543103585713276,248,2.48,-2.469042272067526e-11,2.469042272067526e-11,0.002883447452957463,0.00010231507229820842,1.286652875530802e-08
h001_k5_afull,1.0,0.0543103585713276,249,2.49,-4.458944975402335e-11,4.458944975402335e-11,0.0011463619666283271,4.679717709507495e-05,2.6921673224720308e-09
h001_k5_afull,1.0,0.0543103585713276,250,2.5,-1.047889205962882e-12,1.047889205962882e-12,0.0030102086875266523,6.689622370300236e-05,5.4934322043913195e-09
h001_k5_afull,1.0,0.0543103585713276,251,2.5100000000000002,-4.176657609177015e-12,4.176657609177015e-12,0.004923333438199173,0.00015542472857355883,2.9686029741670282e-08
h001_k5_afull,1.0,0.0543103585713276,252,2.52,-2.449158107223348e-11,2.449158107223348e-11,0.0030876124314325668,0.00011784811733088419,1.7072877385294344e-08
h001_k5_afull,1.0,0.0543103585713276,253,2.5300000000000002,1.7670864337765435e-11,1.7670864337765435e-11,0.0005911388755734346,3.2394561166189175e-05,1.2922128829175285e-09
h001_k5_afull,1.0,0.0543103585713276,254,2.54,-5.191478865719523e-11,5.191478865719523e-11,0.003087636444994064,6.851000249691948e-05,5.760741357156116e-09
h001_k5_afull,1.0,0.0543103585713276,255,2.5500000000000003,5.239159450785673e-11,5.239159450785673e-11,0.004821506608258232,0.00015421084787709005,2.922077570841575e-08
h001_k5_afull,1.0,0.0543103585713276,256,2.56,-6.157578559453508e-11,6.157578559453508e-11,0.0045324484866486915,0.00015365714809056498,2.9030692596981196e-08
h001_k5_afull,1.0,0.0543103585713276,257,2.57,-1.689379235461641e-11,1.689379235461641e-11,0.0019375836244973237,8.8939395765228e-05,9.727301644242056e-09
h001_k5_afull,1.0,0.0543103585713276,258,2.58,-1.9139956600969926e-11,1.9139956600969926e-11,0.0033724745427917897,8.609642955354876e-05,9.098758891801089e-09
h001_k5_afull,1.0,0.0543103585713276,259,2.59,-1.7508704989316337e-11,1.7508704989316337e-11,0.00457978437531692,0.00014636342228630818,2.6326646320605317e-08
h001_k5_afull,1.0,0.0543103585713276,260,2.6,2.5072270865358903e-11,2.5072270865358903e-11,0.0019688373376531474,8.468220508836837e-05,8.816093905908953e-09
h001_k5_afull,1.0,0.0543103585713276,261,2.61,-1.4021233067824934e-11,1.4021233067824934e-11,0.0016805371783995748,3.2822508489313615e-05,1.3209972184775244e-09
h001_k5_afull,1.0,0.0543103585713276,262,2.62,-2.2452789952796814e-11,2.2452789952796814e-11,0.0038922430152081634,0.0001145145843083632,1.6108021789728572e-08
h001_k5_afull,1.0,0.0543103585713276,263,2.63,-8.279471411850453e-11,8.279471411850453e-11,0.002778350022564321,9.941598488226072e-05,1.2145921634573023e-08
h001_k5_afull,1.0,0.0543103585713276,264,2.64,1.1249768076728589e-10,1.1249768076728589e-10,0.0023031317335556606,1.5854605719528735e-05,3.07130564090238e-10
h001_k5_afull,1.0,0.0543103585713276,265,2.65,-3.898428345275925e-11,3.898428345275925e-11,0.004614520694326233,0.00014270159357431471,2.5017567078431023e-08
h001_k5_afull,1.0,0.0543103585713276,266,2.66,1.3438748280424767e-10,1.3438748280424767e-10,0.004619960355466875,0.00014938117878124645,2.742353931632894e-08
h001_k5_afull,1.0,0.0543103585713276,267,2.67,-7.179623638230853e-11,7.179623638230853e-11,0.0029058826375396025,0.0001204603794407975,1.7850396608719842e-08
h001_k5_afull,1.0,0.0543103585713276,268,2.68,1.4865536763792458e-10,1.4865536763792458e-10,0.0016926306070248831,2.5734410686930174e-05,8.110551123972318e-10
h001_k5_afull,1.0,0.0543103585713276,269,2.69,-5.7318483835146206e-11,5.7318483835146206e-11,0.0037138074566518803,0.00010190017800441113,1.2753076294660421e-08
h001_k5_afull,1.0,0.0543103585713276,270,2.7,6.422926860510936e-12,6.422926860510936e-12,0.00662058281738106,0.00021926366257576932,5.9106449928785465e-08
h001_k5_afull,1.0,0.0543103585713276,271,2.71,8.118698747137942e-11,8.118698747137942e-11,0.003340018238865559,0.0001301556018252365,2.0832943746324767e-08
h001_k5_afull,1.0,0.0543103585713276,272,2.72,-3.533077855884942e-11,3.533077855884942e-11,0.0025191733471078325,1.6320533836838825e-05,3.246914323634321e-10
h001_k5_afull,1.0,0.0543103585713276,273,2.73,3.582322996185591e-11,3.582322996185591e-11,0.004762428507222968,0.00014623191533758833,2.626961883127626e-08
h001_k5_afull,1.0,0.0543103585713276,274,2.74,3.571596642569508e-11,3.571596642569508e-11,0.003700439903405649,0.00012752805755776505,1.9987977413711587e-08
h001_k5_afull,1.0,0.0543103585713276,275,2.75,-8.077875618840019e-11,8.077875618840019e-11,0.0013377932985201833,2.5362300155715233e-05,7.935264024436994e-10
h001_k5_afull,1.0,0.0543103585713276,276,2.7600000000000002,-2.7437536617713754e-11,2.7437536617713754e-11,0.0039002089240983448,0.00010210354278814071,1.2798937327591292e-08
h001_k5_afull,1.0,0.0543103585713276,277,2.77,1.577065854210108e-11,1.577065854210108e-11,0.004503014483111675,0.00015434886877489342,2.927811632548468e-08
h001_k5_afull,1.0,0.0543103585713276,278,2.7800000000000002,3.630597537017388e-11,3.630597537017388e-11,0.0010422350170776612,3.3232908986758106e-05,1.361671296113245e-09
h001_k5_afull,1.0,0.0543103585713276,279,2.79,-7.170378895672569e-11,7.170378895672569e-11,0.0030671672345000322,7.316802590841737e-05,6.570690766754478e-09
h001_k5_afull,1.0,0.0543103585713276,280,2.8000000000000003,-1.0971768871041732e-10,1.0971768871041732e-10,0.006191345284830917,0.0001951168264374939,4.678370040199303e-08
h001_k5_afull,1.0,0.0543103585713276,281,2.81,3.8294853833137354e-11,3.8294853833137354e-11,0.00377555513708017,0.0001455254839261165,2.605433642662373e-08
h001_k5_afull,1.0,0.0543103585713276,282,2.82,8.286502994198086e-13,8.286502994198086e-13,0.002138288515783152,8.900439613515937e-05,9.741243526777766e-09
h001_k5_afull,1.0,0.0543103585713276,283,2.83,4.576403654903832e-12,4.576403654903832e-12,0.0035940699995795633,8.072414186085769e-05,7.997231140840405e-09
h001_k5_afull,1.0,0.0543103585713276,284,2.84,-3.855268166340353e-11,3.855268166340353e-11,0.006645897005048402,0.00020549444373926,5.189803181337912e-08
h001_k5_afull,1.0,0.0543103585713276,285,2.85,1.3463000245877987e-11,1.3463000245877987e-11,0.005607641377976564,0.00020393287752255626,5.114266425051834e-08
h001_k5_afull,1.0,0.0543103585713276,286,2.86,-1.913846967190047e-11,1.913846967190047e-11,0.0015585429141088633,5.148712888547551e-05,3.2696116101128806e-09
h001_k5_afull,1.0,0.0543103585713276,287,2.87,3.235143240538224e-11,3.235143240538224e-11,0.004183315303849295,0.00010874880028268728,1.4515966188792207e-08
h001_k5_afull,1.0,0.0543103585713276,288,2.88,-8.352297195882152e-11,8.352297195882152e-11,0.00491990496404859,0.00015672775963365245,3.018287725785271e-08
h001_k5_afull,1.0,0.0543103585713276,289,2.89,1.195418007204213e-10,1.195418007204213e-10,0.0024274930607167014,0.0001111410948179,1.5198642353479314e-08
h001_k5_afull,1.0,0.0543103585713276,290,2.9,6.497778682300337e-11,6.497778682300337e-11,0.0038956024165198383,9.378448040983367e-05,1.0792433578828867e-08
h001_k5_afull,1.0,0.0543103585713276,291,2.91,2.0559710618012206e-11,2.0559710618012206e-11,0.004528692775789156,0.00014388483408132917,2.5436772353485703e-08
h001_k5_afull,1.0,0.0543103585713276,292,2.92,3.1860430092789382e-12,3.1860430092789382e-12,0.0038374781264896023,0.00014444610416092897,2.5659661131013022e-08
h001_k5_afull,1.0,0.0543103585713276,293,2.93,3.3615436172487745e-11,3.3615436172487745e-11,0.003096941429166222,4.990117033851304e-05,3.052994108039957e-09
h001_k5_afull,1.0,0.0543103585713276,294,2.94,2.674772328539049e-11,2.674772328539049e-11,0.004361282821056766,0.00013066341632753377,2.0973208347983474e-08
h001_k5_afull,1.0,0.0543103585713276,295,2.95,9.129917145651173e-11,9.129917145651173e-11,0.006522492546733059,0.00021680631677416167,5.779381868719067e-08
h001_k5_afull,1.0,0.0543103585713276,296,2.96,-1.9614448737090284e-11,1.9614448737090284e-11,0.004060218060726614,0.0001520720595098033,2.8438937273016325e-08
h001_k5_afull,1.0,0.0543103585713276,297,2.97,-1.8897038881610095e-12,1.8897038881610095e-12,0.0023017332695168466,1.4859872282334723e-05,2.741601799773368e-10
h001_k5_afull,1.0,0.0543103585713276,298,2.98,-4.552978046662437e-11,4.552978046662437e-11,0.006527567546701094,0.00018743538426574852,4.315313850207514e-08
h001_k5_afull,1.0,0.0543103585713276,299,2.99,-7.806436161557351e-11,7.806436161557351e-11,0.007219433193675893,0.00024303974272943,7.262395175758965e-08
h001_k5_afull,1.0,0.0543103585713276,300,3.0,1.5874738155952084e-11,1.5874738155952084e-11,0.0026801827167557296,0.0001313770535941856,2.125516129223907e-08
h001_k5_afull,1.0,0.0543103585713276,301,3.0100000000000002,7.778440825473298e-11,7.778440825473298e-11,0.0027940940744012478,2.8350053601360083e-05,9.83336837584706e-10
h001_k5_afull,1.0,0.0543103585713276,302,3.02,-1.0313121981842671e-10,1.0313121981842671e-10,0.006837413426139281,0.0002065674988119784,5.242922697492097e-08
h001_k5_afull,1.0,0.0543103585713276,303,3.0300000000000002,-3.5780228606341336e-12,3.5780228606341336e-12,0.0032087758345910717,0.00014269312481159744,2.506065106862308e-08
h001_k5_afull,1.0,0.0543103585713276,304,3.04,-5.6712365706368395e-11,5.6712365706368395e-11,0.0015821692630197635,7.84398365835511e-06,7.64959000134518e-11
h001_k5_afull,1.0,0.0543103585713276,305,3.0500000000000003,-4.521068450711631e-11,4.521068450711631e-11,0.00639958702424849,0.00018382040878991672,4.15098207155633e-08
h001_k5_afull,1.0,0.0543103585713276,306,3.06,-1.4401603173896937e-11,1.4401603173896937e-11,0.0042697926507230975,0.00016805570725466736,3.474697732757039e-08
h001_k5_afull,1.0,0.0543103585713276,307,3.0700000000000003,-7.24176324375797e-11,7.24176324375797e-11,0.001239847577208817,6.316148203140862e-05,4.9080686269884445e-09
h001_k5_afull,1.0,0.0543103585713276,308,3.08,2.0110630391881323e-11,2.0110630391881323e-11,0.003708829104190867,9.29219628022356e-05,1.0599901246216912e-08
h001_k5_afull,1.0,0.0543103585713276,309,3.09,-1.7662676117698173e-11,1.7662676117698173e-11,0.006660160937613651,0.00020757385136785012,5.295752281832154e-08
h001_k5_afull,1.0,0.0543103585713276,310,3.1,-9.86124233486041e-11,9.86124233486041e-11,0.006954267631585881,0.00024312933242681142,7.269362425662765e-08
h001_k5_afull,1.0,0.0543103585713276,311,3.11,-3.687039389077551e-12,3.687039389077551e-12,0.0020910487549042865,0.00011521633108433574,1.6352685999589272e-08
h001_k5_afull,1.0,0.0543103585713276,312,3.12,-4.329853099324654e-12,4.329853099324654e-12,0.005449802621634685,0.0001325851620121945,2.1570955063226434e-08
h001_k5_afull,1.0,0.0543103585713276,313,3.13,5.717032749985584e-13,5.717032749985584e-13,0.007190636724989169,0.00022857494202679945,6.42139993999646e-08
h001_k5_afull,1.0,0.0543103585713276,314,3.14,-5.5245793400063303e-11,5.5245793400063303e-11,0.006816510900933386,0.000256832220728034,8.117520476480842e-08
h001_k5_afull,1.0,0.0543103585713276,315,3.15,-2.603695514399873e-11,2.603695514399873e-11,0.002922826712073914,1.2514390051812723e-05,1.9529617790587139e-10
h001_k5_afull,1.0,0.0543103585713276,316,3.16,4.363560446134229e-11,4.363560446134229e-11,0.005094552677816944,0.0001483239532253302,2.7021352092477225e-08
h001_k5_afull,1.0,0.0543103585713276,317,3.17,2.3006497098035372e-11,2.3006497098035372e-11,0.006868844699189352,0.00023258136542395917,6.651921017803608e-08
h001_k5_afull,1.0,0.0543103585713276,318,3.18,-3.563788142629115e-11,3.563788142629115e-11,0.002407871403620437,5.017821530419282e-05,3.101698301431638e-09
h001_k5_afull,1.0,0.0543103585713276,319,3.19,2.6368696180549545e-12,2.6368696180549545e-12,0.004384196456024627,0.00011928015879638529,1.7470766509435088e-08
h001_k5_afull,1.0,0.0543103585713276,320,3.2,-4.817061831884073e-11,4.817061831884073e-11,0.006436909427117708,0.00021316791885711396,5.586608223757763e-08
h001_k5_afull,1.0,0.0543103585713276,321,3.21,-8.363100489905406e-11,8.363100489905406e-11,0.0034955777567541725,0.00013480599696271477,2.2347554499144098e-08
h001_k5_afull,1.0,0.0543103585713276,322,3.22,-1.0178324632778568e-10,1.0178324632778568e-10,0.0019892664546175185,1.1845274987224278e-05,1.7429701803656462e-10
h001_k5_afull,1.0,0.0543103585713276,323,3.23,1.0341476503264446e-10,1.0341476503264446e-10,0.006300840495172604,0.00017759038465804496,3.8736571890866046e-08
h001_k5_afull,1.0,0.0543103585713276,324,3.24,3.6757670475104365e-11,3.6757670475104365e-11,0.009373429344878285,0.00030692213478298095,1.1583019847969955e-07
h001_k5_afull,1.0,0.0543103585713276,325,3.25,1.2108172320682287e-10,1.2108172320682287e-10,0.004266995123286899,0.0002036774407923127,5.1106182359975556e-08
h001_k5_afull,1.0,0.0543103585713276,326,3.2600000000000002,1.765725217948988e-11,1.765725217948988e-11,0.0023375810211626394,3.903647315435751e-07,1.5492591324551757e-13
h001_k5_afull,1.0,0.0543103585713276,327,3.27,-6.369957979059787e-11,6.369957979059787e-11,0.00851995175707361,0.00024164470399634387,7.173945046242041e-08
h001_k5_afull,1.0,0.0543103585713276,328,3.2800000000000002,-3.272690278499635e-11,3.272690278499635e-11,0.007778044812545283,0.0003027906832638507,1.128598744493804e-07
h001_k5_afull,1.0,0.0543103585713276,329,3.29,3.850017093326441e-12,3.850017093326441e-12,0.0032603222966415433,0.00014537507009785864,2.6015595235783313e-08
h001_k5_afull,1.0,0.0543103585713276,330,3.3000000000000003,-2.7416496265093848e-11,2.7416496265093848e-11,0.005596926535619586,0.00011115690430221212,1.515606163806502e-08
h001_k5_afull,1.0,0.0543103585713276,331,3.31,-7.031836874935027e-11,7.031836874935027e-11,0.007250336959772381,0.0002449430400902247,7.377116421678246e-08
h001_k5_afull,1.0,0.0543103585713276,332,3.3200000000000003,7.560318603799798e-11,7.560318603799798e-11,0.0036719359104683915,0.00014850284600389702,2.7126526054394685e-08
h001_k5_afull,1.0,0.0543103585713276,333,3.33,5.544325437124853e-11,5.544325437124853e-11,0.003561851683800183,5.50393757723664e-05,3.7115927994341527e-09
h001_k5_afull,1.0,0.0543103585713276,334,3.34,-8.472715476263992e-11,8.472715476263992e-11,0.006280503271147628,0.00019044435594036893,4.456511335121968e-08
h001_k5_afull,1.0,0.0543103585713276,335,3.35,-1.3142448501007875e-11,1.3142448501007875e-11,0.006306499010272969,0.00021804867970751755,5.845857122643603e-08
h001_k5_afull,1.0,0.0543103585713276,336,3.36,-6.830337662654118e-11,6.830337662654118e-11,0.00316244028036918,0.00013970817724043438,2.402542064250091e-08
h001_k5_afull,1.0,0.0543103585713276,337,3.37,4.489871983318766e-11,4.489871983318766e-11,0.006046298712016782,0.00012856457170476882,2.0280370457219017e-08
h001_k5_afull,1.0,0.0543103585713276,338,3.38,-7.942554491706388e-13,7.942554491706388e-13,0.00882393492898628,0.00028352802797096193,9.882219367717144e-08
h001_k5_afull,1.0,0.0543103585713276,339,3.39,-5.7216498466211574e-11,5.7216498466211574e-11,0.008751526226060577,0.00032500877365326456,1.300294057349344e-07
h001_k5_afull,1.0,0.0543103585713276,340,3.4,9.052038198870127e-12,9.052038198870127e-12,0.0033016069617207004,0.00010136358925377151,1.2665394774515136e-08
h001_k5_afull,1.0,0.0543103585713276,341,3.41,-5.855967002543067e-11,5.855967002543067e-11,0.006059147143638926,0.00016017570385439255,3.149790106527403e-08
h001_k5_afull,1.0,0.0543103585713276,342,3.42,8.754689768269985e-11,8.754689768269985e-11,0.010336393487434535,0.0003400751353757388,1.4223990868065005e-07
h001_k5_afull,1.0,0.0543103585713276,343,3.43,3.595443170620327e-11,3.595443170620327e-11,0.00591751920385702,0.0002455916425384304,7.42481481685018e-08
h001_k5_afull,1.0,0.0543103585713276,344,3.44,-3.4332682096599454e-12,3.4332682096599454e-12,0.003460870434176902,1.098647247885881e-05,1.4433102701947153e-10
h001_k5_afull,1.0,0.0543103585713276,345,3.45,9.920834650751359e-11,9.920834650751359e-11,0.008089240911146482,0.0002387620679150395,7.003759581750383e-08
h001_k5_afull,1.0,0.0543103585713276,346,3.46,-4.5226222940286664e-11,4.5226222940286664e-11,0.005841588646589406,0.0002120061081910594,5.527472357910505e-08
h001_k5_afull,1.0,0.0543103585713276,347,3.47,-7.242580016622591e-12,7.242580016622591e-12,0.0022659673474660267,5.6897151479255836e-05,3.993969236227642e-09
h001_k5_afull,1.0,0.0543103585713276,348,3.48,8.681893517905465e-11,8.681893517905465e-11,0.004825829334942638,0.00012848034751586923,2.026373190241509e-08
h001_k5_afull,1.0,0.0543103585713276,349,3.49,2.5746059039051528e-11,2.5746059039051528e-11,0.00918846003511543,0.0002860247990042959,1.0056173415167749e-07
h001_k5_afull,1.0,0.0543103585713276,350,3.5,-5.1604461806173396e-11,5.1604461806173396e-11,0.005645900302192676,0.000247569099367554,7.548272690425087e-08
h001_k5_afull,1.0,0.0543103585713276,351,3.5100000000000002,-1.305722804184617e-11,1.305722804184617e-11,0.0025511340532898157,3.7361557599990864e-06,1.6311166923975072e-11
h001_k5_afull,1.0,0.0543103585713276,352,3.52,-2.421514453797985e-11,2.421514453797985e-11,0.008714776871947263,0.0002422737155593471,7.210890267888685e-08
h001_k5_afull,1.0,0.0543103585713276,353,3.5300000000000002,5.2227792837061804e-11,5.2227792837061804e-11,0.010750900281057482,0.0004010301240832217,1.9798775735811942e-07
h001_k5_afull,1.0,0.0543103585713276,354,3.54,-8.617028835269935e-11,8.617028835269935e-11,0.005706361265520107,0.00024232186453978084,7.231545476592805e-08
h001_k5_afull,1.0,0.0543103585713276,355,3.5500000000000003,1.2299049582595312e-11,1.2299049582595312e-11,0.004887438565831034,3.6590581521518466e-05,1.6296032151925542e-09
h001_k5_afull,1.0,0.0543103585713276,356,3.56,-4.937016106262154e-11,4.937016106262154e-11,0.010472590654411223,0.0003217737885944859,1.2726137145179016e-07
h001_k5_afull,1.0,0.0543103585713276,357,3.5700000000000003,-6.432379238627273e-11,6.432379238627273e-11,0.009366772233727788,0.00034411765251064015,1.4572999547319853e-07
h001_k5_afull,1.0,0.0543103585713276,358,3.58,-3.5821201690641735e-11,3.5821201690641735e-11,0.0029728109451986045,0.00010327204904066839,1.3173396025817257e-08
h001_k5_afull,1.0,0.0543103585713276,359,3.59,-3.4855006305224007e-11,3.4855006305224007e-11,0.0068921786487801074,0.00017434850757322608,3.7303993460877465e-08
h001_k5_afull,1.0,0.0543103585713276,360,3.6,2.9161947379466313e-12,2.9161947379466313e-12,0.007626112430525496,0.0002589844360204627,8.246454494018062e-08
h001_k5_afull,1.0,0.0543103585713276,361,3.61,-5.462908857917226e-11,5.462908857917226e-11,0.0046918171445417345,0.0001917760010806446,4.5272136813748146e-08
h001_k5_afull,1.0,0.0543103585713276,362,3.62,-9.594654649773549e-11,9.594654649773549e-11,0.004455729581841332,5.018023218929027e-05,3.0837889976949556e-09
h001_k5_afull,1.0,0.0543103585713276,363,3.63,-9.950714866891266e-12,9.950714866891266e-12,0.009311886610913806,0.00028831023728722823,1.0216530599690202e-07
h001_k5_afull,1.0,0.0543103585713276,364,3.64,-1.3251393905788778e-11,1.3251393905788778e-11,0.008841649422710927,0.0003273791959503004,1.319329295285889e-07
h001_k5_afull,1.0,0.0543103585713276,365,3.65,6.81103411517836e-11,6.81103411517836e-11,0.002953533526927598,0.00014505585095937084,2.5919198454271064e-08
h001_k5_afull,1.0,0.0543103585713276,366,3.66,5.428098931708342e-11,5.428098931708342e-11,0.006547241311944958,0.00016234103463277054,3.2346142382069957e-08
h001_k5_afull,1.0,0.0543103585713276,367,3.67,5.351460875997749e-11,5.351460875997749e-11,0.011947445286855422,0.0003931189432906167,1.9009492765185708e-07
h001_k5_afull,1.0,0.0543103585713276,368,3.68,-8.79715939851311e-11,8.79715939851311e-11,0.00977769625700942,0.00038124906093528704,1.78987005988902e-07
h001_k5_afull,1.0,0.0543103585713276,369,3.69,-1.0133609229523444e-11,1.0133609229523444e-11,0.003281399276619113,0.00012481948099877865,1.9247402794154605e-08
h001_k5_afull,1.0,0.0543103585713276,370,3.7,1.796508254658935e-12,1.796508254658935e-12,0.009834597788858254,0.0002573864599856382,8.13281537135801e-08
h001_k5_afull,1.0,0.0543103585713276,371,3.71,-6.71208106456378e-11,6.71208106456378e-11,0.011494730898447313,0.00039427005833942265,1.9123956417099183e-07
h001_k5_afull,1.0,0.0543103585713276,372,3.72,8.656126163075761e-11,8.656126163075761e-11,0.0044932874464732485,0.0002481753564921399,7.595272704901749e-08
h001_k5_afull,1.0,0.0543103585713276,373,3.73,2.8918598418692376e-11,2.8918598418692376e-11,0.004432603237803033,6.917155661357174e-05,5.8538285476785596e-09
h001_k5_afull,1.0,0.0543103585713276,374,3.74,-4.631492227496342e-11,4.631492227496342e-11,0.008827287143116225,0.0002621868118869758,8.446790032257996e-08
h001_k5_afull,1.0,0.0543103585713276,375,3.75,-1.1044969322818177e-10,1.1044969322818177e-10,0.008482453319215369,0.00033157149658589476,1.3535291181896585e-07
h001_k5_afull,1.0,0.0543103585713276,376,3.7600000000000002,4.405798339005007e-11,4.405798339005007e-11,0.0022831236051746844,5.009807173090044e-05,3.1007787717607456e-09
h001_k5_afull,1.0,0.0543103585713276,377,3.77,-4.342722709216318e-11,4.342722709216318e-11,0.007396932490774238,0.00019497602427081035,4.6684541559100535e-08
h001_k5_afull,1.0,0.0543103585713276,378,3.7800000000000002,1.0291616539016835e-10,1.0291616539016835e-10,0.011554236774311683,0.0004068338393300304,2.036810732620934e-07
h001_k5_afull,1.0,0.0543103585713276,379,3.79,1.1792604219518221e-11,1.1792604219518221e-11,0.00655419018266082,0.0002733157240683596,9.199396143785211e-08
h001_k5_afull,1.0,0.0543103585713276,380,3.8000000000000003,-8.414058078748399e-11,8.414058078748399e-11,0.004194966761488245,5.411693944213635e-07,4.903054405496608e-13
h001_k5_afull,1.0,0.0543103585713276,381,3.81,-6.02374862230387e-11,6.02374862230387e-11,0.011429969854556413,0.00033780031345054343,1.4022548187758571e-07
h001_k5_afull,1.0,0.0543103585713276,382,3.8200000000000003,2.4769267366331338e-11,2.4769267366331338e-11,0.013610648332170832,0.00048663315157491824,2.9152135499008754e-07
h001_k5_afull,1.0,0.0543103585713276,383,3.83,1.1065571202395486e-11,1.1065571202395486e-11,0.0054257378949305645,0.0003050476215232679,1.1483453161995036e-07
h001_k5_afull,1.0,0.0543103585713276,384,3.84,-6.522557494115233e-11,6.522557494115233e-11,0.008128269105484084,0.00013290843170435783,2.1630833390839822e-08
h001_k5_afull,1.0,0.0543103585713276,385,3.85,6.574319962125014e-11,6.574319962125014e-11,0.012529525119546884,0.00040912857348825306,2.0584464207946945e-07
h001_k5_afull,1.0,0.0543103585713276,386,3.86,3.2105776370805472e-12,3.2105776370805472e-12,0.008346409150775806,0.0003615979648379157,1.6114333087602885e-07
h001_k5_afull,1.0,0.0543103585713276,387,3.87,5.6045438472443476e-11,5.6045438472443476e-11,0.0032884481015276984,9.307612821038987e-05,1.0693583220965737e-08
h001_k5_afull,1.0,0.0543103585713276,388,3.88,-2.5908650360751198e-11,2.5908650360751198e-11,0.009265083187709104,0.0002569674808402012,8.110295832708801e-08
h001_k5_afull,1.0,0.0543103585713276,389,3.89,1.496954545997936e-10,1.496954545997936e-10,0.010119659751645483,0.00036575050551747697,1.6464798995679925e-07
h001_k5_afull,1.0,0.0543103585713276,390,3.9,5.533661636553111e-12,5.533661636553111e-12,0.00506232604529773,0.00022599780213072572,6.289746352238529e-08
h001_k5_afull,1.0,0.0543103585713276,391,3.91,-1.2187515536707383e-11,1.2187515536707383e-11,0.00600480656174022,9.978094241411964e-05,1.2196623473535545e-08
h001_k5_afull,1.0,0.0543103585713276,392,3.92,5.4068561043327246e-11,5.4068561043327246e-11,0.011728280813650948,0.0003708452305760776,1.6909919671405144e-07
h001_k5_afull,1.0,0.0543103585713276,393,3.93,7.191114630850093e-11,7.191114630850093e-11,0.010704261681161037,0.0004041261921884513,2.010775817243632e-07
h001_k5_afull,1.0,0.0543103585713276,394,3.94,6.950036032793427e-11,6.950036032793427e-11,0.0032991727427464173,0.0001988361722719295,4.8780502673717875e-08
h001_k5_afull,1.0,0.0543103585713276,395,3.95,8.144564146370104e-11,8.144564146370104e-11,0.009634797809513812,0.0002341205954694046,6.725641540675214e-08
h001_k5_afull,1.0,0.0543103585713276,396,3.96,2.148239312133038e-11,2.148239312133038e-11,0.015556142361734858,0.0005166049863112244,3.283721052040128e-07
h001_k5_afull,1.0,0.0543103585713276,397,3.97,9.40417418417161e-11,9.40417418417161e-11,0.010804795356846596,0.0005180378421758728,3.3113988791717024e-07
h001_k5_afull,1.0,0.0543103585713276,398,3.98,1.1432707124753305e-10,1.1432707124753305e-10,0.005496312431306999,1.0281509134633142e-05,1.4054036325330222e-10
h001_k5_afull,1.0,0.0543103585713276,399,3.99,3.555672856841996e-11,3.555672856841996e-11,0.010577961098613477,0.00030347754238703965,1.1313674258956141e-07
h001_k5_afull,1.0,0.0543103585713276,400,4.0,2.640319646945999e-11,2.640319646945999e-11,0.01331232829474957,0.0005050097664172164,3.140991594891602e-07
h001_k5_afull,1.0,0.0543103585713276,401,4.01,-1.0293990052728796e-11,1.0293990052728796e-11,0.0037906543252453433,0.00021284693221030633,5.587208573154944e-08
h001_k5_afull,1.0,0.0543103585713276,402,4.0200000000000005,1.2611527078730533e-10,1.2611527078730533e-10,0.006371108410159054,0.00011040968274928882,1.4932592714072797e-08
h001_k5_afull,1.0,0.0543103585713276,403,4.03,6.676128335054987e-11,6.676128335054987e-11,0.012477333941145918,0.00040546673093114227,2.0219001429993128e-07
h001_k5_afull,1.0,0.0543103585713276,404,4.04,8.880153990614703e-12,8.880153990614703e-12,0.00885306485062741,0.0003490595174163388,1.500318018264614e-07
h001_k5_afull,1.0,0.0543103585713276,405,4.05,1.678525157408628e-11,1.678525157408628e-11,0.003835063357261283,7.747517231013606e-05,7.430902158611328e-09
h001_k5_afull,1.0,0.0543103585713276,406,4.0600000000000005,4.6216670247789526e-11,4.6216670247789526e-11,0.010065725004813376,0.00027667872527505587,9.401004884813365e-08
h001_k5_afull,1.0,0.0543103585713276,407,4.07,-2.081283799817979e-11,2.081283799817979e-11,0.014369355172632239,0.000494481348198464,3.009087798779613e-07
h001_k5_afull,1.0,0.0543103585713276,408,4.08,6.00154084415272e-11,6.00154084415272e-11,0.00825394505855909,0.00039937446649756776,1.9675604518280715e-07
h001_k5_afull,1.0,0.0543103585713276,409,4.09,9.370684827050835e-11,9.370684827050835e-11,0.0071420106444811645,5.6452446819450316e-05,3.878891298273481e-09
h001_k5_afull,1.0,0.0543103585713276,410,4.1,3.1970641628867313e-11,3.1970641628867313e-11,0.01691092602190126,0.0005268401015398508,3.4133990631150684e-07
h001_k5_afull,1.0,0.0543103585713276,411,4.11,6.57818027480217e-12,6.57818027480217e-12,0.013627810928819597,0.0006175174325795054,4.704953723041939e-07
h001_k5_afull,1.0,0.0543103585713276,412,4.12,6.279977449522023e-11,6.279977449522023e-11,0.004273637771785976,0.000263961253050212,8.605501147596707e-08
h001_k5_afull,1.0,0.0543103585713276,413,4.13,2.1335662511896836e-11,2.1335662511896836e-11,0.009894080782135998,0.00022183325456746054,6.033905487410766e-08
h001_k5_afull,1.0,0.0543103585713276,414,4.14,7.83188624630532e-11,7.83188624630532e-11,0.014035174437248993,0.0004966364788543831,3.035834306203413e-07
h001_k5_afull,1.0,0.0543103585713276,415,4.15,8.286366688300961e-11,8.286366688300961e-11,0.0095643207028549,0.0004015278848666659,1.986732270562146e-07
h001_k5_afull,1.0,0.0543103585713276,416,4.16,-1.76294686314582e-11,1.76294686314582e-11,0.004437649976296091,4.1672935014863823e-05,2.1714587179836248e-09
h001_k5_afull,1.0,0.0543103585713276,417,4.17,-1.1245599503689752e-11,1.1245599503689752e-11,0.011887665248512565,0.0003373926721924319,1.398366809728302e-07
h001_k5_afull,1.0,0.0543103585713276,418,4.18,-1.0357071233632609e-10,1.0357071233632609e-10,0.012342388542931067,0.0004505700540538789,2.499087219867149e-07
h001_k5_afull,1.0,0.0543103585713276,419,4.19,-3.891444892017981e-12,3.891444892017981e-12,0.005685896074800448,0.0002976164362623312,1.0925605724787914e-07
h001_k5_afull,1.0,0.0543103585713276,420,4.2,-1.6452294387958588e-11,1.6452294387958588e-11,0.00810258117644105,0.00014950511769878008,2.738644306951344e-08
h001_k5_afull,1.0,0.0543103585713276,421,4.21,5.834170169541353e-12,5.834170169541353e-12,0.015017417933801706,0.00047582535325912934,2.78449584212832e-07
h001_k5_afull,1.0,0.0543103585713276,422,4.22,1.8838652426217406e-11,1.8838652426217406e-11,0.014959237927371968,0.0006386406248674378,5.030201668140891e-07
h001_k5_afull,1.0,0.0543103585713276,423,4.23,-3.106189697815731e-11,3.106189697815731e-11,0.0060496417263227005,0.00010939930144897562,1.4867173321181085e-08
h001_k5_afull,1.0,0.0543103585713276,424,4.24,-2.5624742562221914e-11,2.5624742562221914e-11,0.01307707871586123,0.0003622014167479091,1.6112912352206334e-07
h001_k5_afull,1.0,0.0543103585713276,425,4.25,5.999355873198553e-11,5.999355873198553e-11,0.018465180167413373,0.0007142704520295328,6.287291403599103e-07
h001_k5_afull,1.0,0.0543103585713276,426,4.26,-1.267687474090784e-11,1.267687474090784e-11,0.008574708045885594,0.0004428698813935094,2.421565499629855e-07
h001_k5_afull,1.0,0.0543103585713276,427,4.2700000000000005,-8.013187769578822e-11,8.013187769578822e-11,0.006461424214414075,1.5062464850238047e-05,2.631320307731157e-10
h001_k5_afull,1.0,0.0543103585713276,428,4.28,4.0500923144740075e-11,4.0500923144740075e-11,0.015111120282370794,0.0004623037820271507,2.6272193289974786e-07
h001_k5_afull,1.0,0.0543103585713276,429,4.29,-4.5879419187377923e-11,4.5879419187377923e-11,0.01386775348566924,0.000532310695016959,3.4906722685925366e-07
h001_k5_afull,1.0,0.0543103585713276,430,4.3,-5.225550591195227e-11,5.225550591195227e-11,0.004220348607918341,0.00026372886220978823,8.594002384144537e-08
h001_k5_afull,1.0,0.0543103585713276,431,4.3100000000000005,-2.594157159051258e-11,2.594157159051258e-11,0.00879471786883274,0.00019234518652705486,4.534719205969556e-08
h001_k5_afull,1.0,0.0543103585713276,432,4.32,3.4204237098905965e-11,3.4204237098905965e-11,0.015238085773949951,0.0005028196267580738,3.1102852748779516e-07
h001_k5_afull,1.0,0.0543103585713276,433,4.33,-6.007984040823366e-11,6.007984040823366e-11,0.01036502796453067,0.0004780520659314179,2.8189695075098407e-07
h001_k5_afull,1.0,0.0543103585713276,434,4.34,5.753231918648183e-11,5.753231918648183e-11,0.004260387182333062,7.291293972662163e-05,6.595795527592099e-09
h001_k5_afull,1.0,0.0543103585713276,435,4.3500000000000005,-2.706361632194565e-11,2.706361632194565e-11,0.0161208670358558,0.0004560847798145254,2.5562798860341126e-07
h001_k5_afull,1.0,0.0543103585713276,436,4.36,1.2541803966897858e-10,1.2541803966897858e-10,0.017386582674499322,0.000741911358523896,6.789475147911659e-07
h001_k5_afull,1.0,0.0543103585713276,437,4.37,-3.393397542128529e-12,3.393397542128529e-12,0.006503847712785753,0.00038335811300924604,1.8157418268344315e-07
h001_k5_afull,1.0,0.0543103585713276,438,4.38,-2.424388315970527e-11,2.424388315970527e-11,0.011213532002683303,0.0001928706744602554,4.552245110408665e-08
h001_k5_afull,1.0,0.0543103585713276,439,4.39,-1.3866704421001963e-10,1.3866704421001963e-10,0.018896256893718624,0.0006681303566014791,5.495711748387253e-07
h001_k5_afull,1.0,0.0543103585713276,440,4.4,9.175660968877009e-11,9.175660968877009e-11,0.014629811216452243,0.0006352551265823417,4.9788005489245e-07
h001_k5_afull,1.0,0.0543103585713276,441,4.41,-3.063827490323856e-11,3.063827490323856e-11,0.004825625415812981,0.00022238476047521365,6.127250027084603e-08
h001_k5_afull,1.0,0.0543103585713276,442,4.42,2.9564752989513776e-11,2.9564752989513776e-11,0.013536872133146582,0.00033891136921260597,1.409332846612023e-07
h001_k5_afull,1.0,0.0543103585713276,443,4.43,4.186808105072215e-11,4.186808105072215e-11,0.01682917514755584,0.0006047642378426818,4.503439812714786e-07
h001_k5_afull,1.0,0.0543103585713276,444,4.44,-6.361066491253342e-11,6.361066491253342e-11,0.010339831548380564,0.0005235912736935916,3.3847857989838536e-07
h001_k5_afull,1.0,0.0543103585713276,445,4.45,1.0935779885812291e-10,1.0935779885812291e-10,0.007117623918976028,2.9350166340620645e-05,1.0294225789687244e-09
h001_k5_afull,1.0,0.0543103585713276,446,4.46,-9.710360391202572e-11,9.710360391202572e-11,0.013950795307997992,0.00042217244065489615,2.1906743736049604e-07
h001_k5_afull,1.0,0.0543103585713276,447,4.47,-3.4211997818056616e-11,3.4211997818056616e-11,0.016850589512987662,0.0006611115646049314,5.38707886454472e-07
h001_k5_afull,1.0,0.0543103585713276,448,4.48,2.0143900436586648e-11,2.0143900436586648e-11,0.005484233352629078,0.00027542427521759066,9.374863003696866e-08
h001_k5_afull,1.0,0.0543103585713276,449,4.49,1.007969619229443e-11,1.007969619229443e-11,0.012229332701354553,0.0002896097417514619,1.0289028069949249e-07
h001_k5_afull,1.0,0.0543103585713276,450,4.5,-7.022595656033803e-11,7.022595656033803e-11,0.02070851134540343,0.0007675626820199262,7.258099603813164e-07
h001_k5_afull,1.0,0.0543103585713276,451,4.51,-1.748495558409613e-10,1.748495558409613e-10,0.012193669704279896,0.0006005088893515635,4.453373796872884e-07
h001_k5_afull,1.0,0.0543103585713276,452,4.5200000000000005,-2.321062569574095e-11,2.321062569574095e-11,0.006859541672364078,6.26701988853143e-05,4.9460685177982744e-09
h001_k5_afull,1.0,0.0543103585713276,453,4.53,5.491263346812936e-11,5.491263346812936e-11,0.018409474003426594,0.000553635084086817,3.7673037020776567e-07
h001_k5_afull,1.0,0.0543103585713276,454,4.54,-1.8215293206072514e-10,1.8215293206072514e-10,0.019440351942112667,0.0007589458070149977,7.101328891729141e-07
h001_k5_afull,1.0,0.0543103585713276,455,4.55,9.57023436193305e-12,9.57023436193305e-12,0.007879887128495551,0.0005179719130876949,3.3190186300775346e-07
h001_k5_afull,1.0,0.0543103585713276,456,4.5600000000000005,-6.089000787953824e-11,6.089000787953824e-11,0.01013789301379516,0.0001349817668053929,2.2219403040329837e-08
h001_k5_afull,1.0,0.0543103585713276,457,4.57,3.55224953185046e-12,3.55224953185046e-12,0.018999526990668737,0.0006105794780023914,4.586107807275733e-07
h001_k5_afull,1.0,0.0543103585713276,458,4.58,6.93103551982488e-11,6.93103551982488e-11,0.014928399078388969,0.0007152471951494978,6.316626423792752e-07
h001_k5_afull,1.0,0.0543103585713276,459,4.59,-4.535222891677293e-12,4.535222891677293e-12,0.003599582155425827,0.00023715110223674414,6.958474665727085e-08
h001_k5_afull,1.0,0.0543103585713276,460,4.6000000000000005,9.822643718369883e-11,9.822643718369883e-11,0.013051949920116922,0.00029867102967488844,1.094320546765081e-07
h001_k5_afull,1.0,0.0543103585713276,461,4.61,-4.82340565058359e-11,4.82340565058359e-11,0.01948945533483445,0.0007413387297484468,6.771666039953959e-07
h001_k5_afull,1.0,0.0543103585713276,462,4.62,-4.0736432456445204e-11,4.0736432456445204e-11,0.01032634493934601,0.0005170050207052322,3.3003869431846134e-07
h001_k5_afull,1.0,0.0543103585713276,463,4.63,-1.2265048568785297e-10,1.2265048568785297e-10,0.009924794143595579,6.220540101243783e-05,4.666111117920451e-09
h001_k5_afull,1.0,0.0543103585713276,464,4.64,-5.602179982931721e-11,5.602179982931721e-11,0.020621379664615965,0.0006813169686614863,5.711172299991637e-07
h001_k5_afull,1.0,0.0543103585713276,465,4.65,2.760978685262261e-11,2.760978685262261e-11,0.018212977342289764,0.0007822101648211219,7.550616966445984e-07
h001_k5_afull,1.0,0.0543103585713276,466,4.66,-2.7240585655230465e-11,2.7240585655230465e-11,0.005230481849293114,0.00036349348151241365,1.6367373800308888e-07
h001_k5_afull,1.0,0.0543103585713276,467,4.67,7.720999057117539e-11,7.720999057117539e-11,0.015462785039835825,0.0003604841727146009,1.5931805891154083e-07
h001_k5_afull,1.0,0.0543103585713276,468,4.68,-5.144442987922715e-11,5.144442987922715e-11,0.022119933888244736,0.0007991944348699461,7.868329009117629e-07
h001_k5_afull,1.0,0.0543103585713276,469,4.69,-3.297470196200747e-11,3.297470196200747e-11,0.015363034774758378,0.0008160656562518625,8.234455554685242e-07
h001_k5_afull,1.0,0.0543103585713276,470,4.7,3.772224373144173e-11,3.772224373144173e-11,0.007761446775141994,0.00010005982703252041,1.2562253418623116e-08
h001_k5_afull,1.0,0.0543103585713276,471,4.71,1.4611131423682144e-11,1.4611131423682144e-11,0.017122554498819696,0.0004996559237983793,3.0673909527070803e-07
h001_k5_afull,1.0,0.0543103585713276,472,4.72,-4.6612032809922876e-11,4.6612032809922876e-11,0.019803633422048737,0.0008070983920834485,8.033767729812097e-07
h001_k5_afull,1.0,0.0543103585713276,473,4.73,-1.1579958346386032e-11,1.1579958346386032e-11,0.009229409273439416,0.0005127050771495061,3.248578694990808e-07
h001_k5_afull,1.0,0.0543103585713276,474,4.74,1.0397905193110235e-10,1.0397905193110235e-10,0.010257166401333114,9.868588152714033e-05,1.1823336037819233e-08
h001_k5_afull,1.0,0.0543103585713276,475,4.75,1.3392122588835875e-10,1.3392122588835875e-10,0.02086230977413947,0.000689707177434602,5.85310429009925e-07
h001_k5_afull,1.0,0.0543103585713276,476,4.76,-5.6488957608791246e-11,5.6488957608791246e-11,0.01627807185717428,0.0007231735440643338,6.454697140205629e-07
h001_k5_afull,1.0,0.0543103585713276,477,4.7700000000000005,-1.0210580905084532e-10,1.0210580905084532e-10,0.006698680125884606,0.0002387218891073772,7.072043178489473e-08
h001_k5_afull,1.0,0.0543103585713276,478,4.78,-3.951327459672527e-11,3.951327459672527e-11,0.018521978073037144,0.0005084656085492118,3.1746158725938364e-07
h001_k5_afull,1.0,0.0543103585713276,479,4.79,8.919619817054913e-12,8.919619817054913e-12,0.022685426246277295,0.0008637121108393898,9.196590462916562e-07
h001_k5_afull,1.0,0.0543103585713276,480,4.8,3.728774754241382e-11,3.728774754241382e-11,0.011209930159374885,0.0007082458683552752,6.208445563460455e-07
h001_k5_afull,1.0,0.0543103585713276,481,4.8100000000000005,-4.436357834911031e-11,4.436357834911031e-11,0.011970591021211235,0.00011459721904511854,1.591574330275217e-08
h001_k5_afull,1.0,0.0543103585713276,482,4.82,-2.2087427373196356e-12,2.2087427373196356e-12,0.02329717847811689,0.0007422746887901053,6.77868504067276e-07
h001_k5_afull,1.0,0.0543103585713276,483,4.83,1.5157417855571342e-11,1.5157417855571342e-11,0.021287447207352456,0.0010720402704699854,1.4208929198851019e-06
h001_k5_afull,1.0,0.0543103585713276,484,4.84,2.8391284982720588e-11,2.8391284982720588e-11,0.005369135885981472,0.00039558861391987945,1.9417126583399667e-07
h001_k5_afull,1.0,0.0543103585713276,485,4.8500000000000005,8.408666449764846e-11,8.408666449764846e-11,0.01341617473290195,0.0002601934274741864,8.283744636138943e-08
h001_k5_afull,1.0,0.0543103585713276,486,4.86,5.207147300151371e-11,5.207147300151371e-11,0.022674725575695047,0.0008344427135914421,8.577426911479069e-07
h001_k5_afull,1.0,0.0543103585713276,487,4.87,-7.563119314851763e-11,7.563119314851763e-11,0.015744819012916862,0.0007456277397438243,6.867701362274442e-07
h001_k5_afull,1.0,0.0543103585713276,488,4.88,-1.2004826126232881e-10,1.2004826126232881e-10,0.00734740595177358,0.0001945707167654458,4.71211283574155e-08
h001_k5_afull,1.0,0.0543103585713276,489,4.89,-1.950153996621573e-10,1.950153996621573e-10,0.01936961405539675,0.000541238091610099,3.5977048750816393e-07
h001_k5_afull,1.0,0.0543103585713276,490,4.9,-2.2747500497827255e-11,2.2747500497827255e-11,0.02187950125444191,0.0008732565263147507,9.404896166982888e-07
h001_k5_afull,1.0,0.0543103585713276,491,4.91,5.233147942762528e-11,5.233147942762528e-11,0.008475966398712368,0.0005783428083462183,4.14109393614567e-07
h001_k5_afull,1.0,0.0543103585713276,492,4.92,5.5409872436879004e-11,5.5409872436879004e-11,0.014906719763104332,0.00025210049502926866,7.769086211804437e-08
h001_k5_afull,1.0,0.0543103585713276,493,4.93,-2.440807972403647e-12,2.440807972403647e-12,0.02491274677677081,0.0008643275175818666,9.200194559189519e-07
h001_k5_afull,1.0,0.0543103585713276,494,4.94,-1.076069875566299e-10,1.076069875566299e-10,0.018345356332194158,0.000980002313360643,1.1880939195640058e-06
h001_k5_afull,1.0,0.0543103585713276,495,4.95,-8.124348286134286e-11,8.124348286134286e-11,0.008840233897647902,0.00019114767751429645,4.56403467262473e-08
h001_k5_afull,1.0,0.0543103585713276,496,4.96,-6.031672036832525e-11,6.031672036832525e-11,0.022451050072881173,0.0006457208379785629,5.123151128066829e-07
h001_k5_afull,1.0,0.0543103585713276,497,4.97,1.810203376084729e-11,1.810203376084729e-11,0.024749678678689168,0.0011221455809247345,1.555337920107641e-06
h001_k5_afull,1.0,0.0543103585713276,498,4.98,-4.267970005189525e-11,4.267970005189525e-11,0.01200917914439407,0.0007381611749475586,6.748610573447477e-07
h001_k5_afull,1.0,0.0543103585713276,499,4.99,-1.6604378462459213e-11,1.6604378462459213e-11,0.010135619995399763,1.2347611005241664e-05,2.3225944209262343e-10
h001_k5_afull,1.0,0.0543103585713276,500,5.0,8.137302030114535e-11,8.137302030114535e-11,0.02288235455074468,0.0007156626256927727,6.297803311651585e-07
h001_k5_afull,1.0,0.0543103585713276,501,5.01,-8.511076825951092e-11,8.511076825951092e-11,0.021638531912746364,0.000928089712432656,1.0633432283366214e-06
h001_k5_afull,1.0,0.0543103585713276,502,5.0200000000000005,-3.049106106489674e-11,3.049106106489674e-11,0.007943159585574523,0.0005806578411422348,4.178553695828548e-07
h001_k5_afull,1.0,0.0543103585713276,503,5.03,4.955274038320745e-11,4.955274038320745e-11,0.016076648483178985,0.0003224534471710234,1.2721254574152637e-07
h001_k5_afull,1.0,0.0543103585713276,504,5.04,4.3395290399289577e-11,4.3395290399289577e-11,0.02497450389021918,0.0008840590529345903,9.627382553215584e-07
h001_k5_afull,1.0,0.0543103585713276,505,5.05,2.916730572344317e-11,2.916730572344317e-11,0.016873374812525675,0.0009530327926489626,1.1239910935809235e-06
h001_k5_afull,1.0,0.0543103585713276,506,5.0600000000000005,-5.369680915190411e-11,5.369680915190411e-11,0.01105817654081452,2.528354785226179e-05,8.767036781798382e-10
h001_k5_afull,1.0,0.0543103585713276,507,5.07,5.3837072603798997e-11,5.3837072603798997e-11,0.02372539014965571,0.0007093428325068764,6.186055400962923e-07
h001_k5_afull,1.0,0.0543103585713276,508,5.08,2.4632519114720086e-11,2.4632519114720086e-11,0.025670285412126917,0.001244665313994983,1.9151644418928112e-06
h001_k5_afull,1.0,0.0543103585713276,509,5.09,-1.8840321663882165e-11,1.8840321663882165e-11,0.007851428227488152,0.00048813066255207796,2.960863025697039e-07
h001_k5_afull,1.0,0.0543103585713276,510,5.1000000000000005,5.3806977319895144e-11,5.3806977319895144e-11,0.017217646320879663,0.00036527060849967394,1.633047932795079e-07
h001_k5_afull,1.0,0.0543103585713276,511,5.11,-9.326575102497348e-12,9.326575102497348e-12,0.02760103259204759,0.0010962255240467616,1.4818852293414333e-06
h001_k5_afull,1.0,0.0543103585713276,512,5.12,-9.395133108991427e-12,9.395133108991427e-12,0.019364675998628178,0.0010019304064635532,1.2422915054852206e-06
h001_k5_afull,1.0,0.0543103585713276,513,5.13,1.3764203318777923e-11,1.3764203318777923e-11,0.007493727576834232,0.00037997662233759755,1.7963010592966894e-07
h001_k5_afull,1.0,0.0543103585713276,514,5.14,1.252459741821199e-10,1.252459741821199e-10,0.01985940348483627,0.0004910121697580605,2.956263410300062e-07
h001_k5_afull,1.0,0.0543103585713276,515,5.15,8.197216343208691e-12,8.197216343208691e-12,0.02703025129909522,0.001045478861098808,1.3480401806975368e-06
h001_k5_afull,1.0,0.0543103585713276,516,5.16,-2.7607599366319402e-11,2.7607599366319402e-11,0.015243212453851795,0.0009692078599783955,1.1639829945422192e-06
h001_k5_afull,1.0,0.0543103585713276,517,5.17,6.876692097701476e-11,6.876692097701476e-11,0.01226404330598865,4.030166447861168e-06,2.8753694966239807e-11
h001_k5_afull,1.0,0.0543103585713276,518,5.18,-2.7679907736548326e-11,2.7679907736548326e-11,0.026544715080909217,0.0008365925993549392,8.609569223077857e-07
h001_k5_afull,1.0,0.0543103585713276,519,5.19,8.388437947731697e-11,8.388437947731697e-11,0.02258764666578704,0.001157419516578841,1.6569951737147162e-06
h001_k5_afull,1.0,0.0543103585713276,520,5.2,-3.119919080030176e-11,3.119919080030176e-11,0.008381211843967267,0.0004140529017077477,2.1312380628801935e-07
h001_k5_afull,1.0,0.0543103585713276,521,5.21,4.861358537944227e-11,4.861358537944227e-11,0.022776088182894238,0.0005742471226469211,4.04568419301303e-07
h001_k5_afull,1.0,0.0543103585713276,522,5.22,1.1778216162799948e-10,1.1778216162799948e-10,0.028550111749390445,0.0012842542028229252,2.0371883109578946e-06
h001_k5_afull,1.0,0.0543103585713276,523,5.23,-1.2141982731750378e-11,1.2141982731750378e-11,0.012018585872763624,0.0008322305187115364,8.589435745919585e-07
h001_k5_afull,1.0,0.0543103585713276,524,5.24,-8.139492248607216e-11,8.139492248607216e-11,0.013189966352667472,5.491383219138285e-05,3.5266420696191417e-09
h001_k5_afull,1.0,0.0543103585713276,525,5.25,-6.425049077843359e-11,6.425049077843359e-11,0.02783043971252927,0.0009394235857614756,1.0860795891565288e-06
h001_k5_afull,1.0,0.0543103585713276,526,5.26,-5.4231432712603667e-11,5.4231432712603667e-11,0.025518059395620362,0.0011784894948116624,1.7170236470919505e-06
h001_k5_afull,1.0,0.0543103585713276,527,5.2700000000000005,5.862859503436013e-11,5.862859503436013e-11,0.011432048238310715,0.0008579590365504439,9.136841386370656e-07
h001_k5_afull,1.0,0.0543103585713276,528,5.28,-1.3674172037736465e-11,1.3674172037736465e-11,0.01736992927518379,0.00022826579042609498,6.332059402637465e-08
h001_k5_afull,1.0,0.0543103585713276,529,5.29,-7.626753156970978e-11,7.626753156970978e-11,0.02868631946976699,0.0009885455385517847,1.20351157558053e-06
h001_k5_afull,1.0,0.0543103585713276,530,5.3,3.978354624900593e-11,3.978354624900593e-11,0.024810611922554238,0.0013678121156117694,2.317099684319923e-06
h001_k5_afull,1.0,0.0543103585713276,531,5.3100000000000005,3.54396113150246e-11,3.54396113150246e-11,0.009249305812162708,0.0003521497418779302,1.5500696154551055e-07
h001_k5_afull,1.0,0.0543103585713276,532,5.32,1.0413313267232382e-10,1.0413313267232382e-10,0.022497425827307287,0.0005724715753401933,4.019719733734796e-07
h001_k5_afull,1.0,0.0543103585713276,533,5.33,-2.7257105426892192e-11,2.7257105426892192e-11,0.029738888533767886,0.0013191917235302914,2.149344314134269e-06
h001_k5_afull,1.0,0.0543103585713276,534,5.34,-9.482960597329004e-11,9.482960597329004e-11,0.009534059459956888,0.0007333297085853753,6.675577213773697e-07
h001_k5_afull,1.0,0.0543103585713276,535,5.3500000000000005,5.458368132482683e-11,5.458368132482683e-11,0.019058415047659313,0.00028962793514727443,1.0223910359181522e-07
h001_k5_afull,1.0,0.0543103585713276,536,5.36,2.1137349683064688e-11,2.1137349683064688e-11,0.030710105596246654,0.001218299341242487,1.8302613276918509e-06
h001_k5_afull,1.0,0.0543103585713276,537,5.37,-8.679107172532285e-11,8.679107172532285e-11,0.020121939109237912,0.001114649784039253,1.5389620532244793e-06
h001_k5_afull,1.0,0.0543103585713276,538,5.38,1.2320248120312183e-10,1.2320248120312183e-10,0.008485104167173477,0.0003334224787655004,1.3881106373367233e-07
h001_k5_afull,1.0,0.0543103585713276,539,5.39,-2.265267704318341e-11,2.265267704318341e-11,0.023962294442416387,0.0006470375901928187,5.137798816421136e-07
h001_k5_afull,1.0,0.0543103585713276,540,5.4,3.513413344979899e-11,3.513413344979899e-11,0.03130629353950186,0.0012696194757558816,1.9899112676336193e-06
h001_k5_afull,1.0,0.0543103585713276,541,5.41,-7.172854324388744e-12,7.172854324388744e-12,0.018794731153972243,0.001281789515158926,2.0393947271369135e-06
h001_k5_afull,1.0,0.0543103585713276,542,5.42,-5.229434420217505e-11,5.229434420217505e-11,0.012412236378278194,0.00015123056616046717,2.9098307820038258e-08
h001_k5_afull,1.0,0.0543103585713276,543,5.43,7.334576804414461e-11,7.334576804414461e-11,0.030380064518316662,0.0009115098550861787,1.0214448605264231e-06
h001_k5_afull,1.0,0.0543103585713276,544,5.44,-8.08391114465179e-12,8.08391114465179e-12,0.029756071318608867,0.0015649231138306766,3.0320664883946256e-06
h001_k5_afull,1.0,0.0543103585713276,545,5.45,-4.916413977318346e-11,4.916413977318346e-11,0.00997134328368292,0.0008357755581343073,8.689274573094067e-07
h001_k5_afull,1.0,0.0543103585713276,546,5.46,3.246936140094414e-11,3.246936140094414e-11,0.02098249089603118,0.00029920742577086817,1.0885128876839781e-07
h001_k5_afull,1.0,0.0543103585713276,547,5.47,5.813328551179664e-11,5.813328551179664e-11,0.032231247751405866,0.001285001978366921,2.0363215226931514e-06
h001_k5_afull,1.0,0.0543103585713276,548,5.48,-3.844978328781945e-11,3.844978328781945e-11,0.01626456822587479,0.0010339279944842166,1.3253761012707897e-06
h001_k5_afull,1.0,0.0543103585713276,549,5.49,3.587051489173376e-11,3.587051489173376e-11,0.014339345523240019,3.983351797532427e-05,2.173683425132028e-09
h001_k5_afull,1.0,0.0543103585713276,550,5.5,1.73429109615042e-11,1.73429109615042e-11,0.030960248463376493,0.0010456116132944702,1.3453753926528961e-06
h001_k5_afull,1.0,0.0543103585713276,551,5.51,3.803142523128855e-11,3.803142523128855e-11,0.026579050139336292,0.0012971961744320682,2.081990635834107e-06
h001_k5_afull,1.0,0.0543103585713276,552,5.5200000000000005,3.600659700953024e-12,3.600659700953024e-12,0.010475048037477029,0.0008430981503061897,8.833449474536387e-07
h001_k5_afull,1.0,0.0543103585713276,553,5.53,-4.3206726391131767e-11,4.3206726391131767e-11,0.020678024149220136,0.00034529371622516407,1.4537480420973364e-07
h001_k5_afull,1.0,0.0543103585713276,554,5.54,1.557955847664161e-11,1.557955847664161e-11,0.03247116502670313,0.0011806393476199509,1.7181320676347128e-06
h001_k5_afull,1.0,0.0543103585713276,555,5.55,-5.113186783700652e-11,5.113186783700652e-11,0.0285117733149285,0.001666602514785008,3.4447681814012972e-06
h001_k5_afull,1.0,0.0543103585713276,556,5.5600000000000005,7.62968516490603e-11,7.62968516490603e-11,0.011212230464836074,0.0005288374132927813,3.500330768361615e-07
h001_k5_afull,1.0,0.0543103585713276,557,5.57,-1.2443923365704213e-10,1.2443923365704213e-10,0.02615781281652813,0.000637104616890254,4.973146075195845e-07
h001_k5_afull,1.0,0.0543103585713276,558,5.58,5.7012178832083205e-11,5.7012178832083205e-11,0.035890143057830386,0.0016392269963905178,3.321024126603914e-06
h001_k5_afull,1.0,0.0543103585713276,559,5.59,-2.952507509312863e-11,2.952507509312863e-11,0.017010619692139878,0.001253014490702967,1.951736215053316e-06
h001_k5_afull,1.0,0.0543103585713276,560,5.6000000000000005,-1.3415684362028113e-11,1.3415684362028113e-11,0.017510629433866755,8.303341828032203e-05,9.163261138113369e-09
h001_k5_afull,1.0,0.0543103585713276,561,5.61,2.1439759256142166e-11,2.1439759256142166e-11,0.032789024281305985,0.0011238728030561033,1.5542047480132236e-06
h001_k5_afull,1.0,0.0543103585713276,562,5.62,-7.58591019861532e-12,7.58591019861532e-12,0.02400358900568226,0.0012626738850581628,1.9739118595395932e-06
h001_k5_afull,1.0,0.0543103585713276,563,5.63,8.27868416181099e-11,8.27868416181099e-11,0.010249475207436671,0.0004363361221566004,2.3767153345540947e-07
h001_k5_afull,1.0,0.0543103585713276,564,5.64,-2.035039697520502e-10,2.035039697520502e-10,0.026498638444476863,0.0007233064273069789,6.419433876897205e-07
h001_k5_afull,1.0,0.0543103585713276,565,5.65,4.4280445629651943e-11,4.4280445629651943e-11,0.03288085918044268,0.0013685963904935573,2.3132414231601665e-06
h001_k5_afull,1.0,0.0543103585713276,566,5.66,-7.26627820413217e-11,7.26627820413217e-11,0.017762409754383063,0.0013105837197172044,2.1339027216046062e-06
h001_k5_afull,1.0,0.0543103585713276,567,5.67,-4.5723633212979564e-12,4.5723633212979564e-12,0.015372967242051967,4.7637770495585836e-05,3.139852203987012e-09
h001_k5_afull,1.0,0.0543103585713276,568,5.68,1.970145704563442e-11,1.970145704563442e-11,0.03420411557239383,0.0010699469710264116,1.4083073124586643e-06
h001_k5_afull,1.0,0.0543103585713276,569,5.69,9.974046068228493e-11,9.974046068228493e-11,0.033807543157089455,0.0019132591844545769,4.5387588756750925e-06
h001_k5_afull,1.0,0.0543103585713276,570,5.7,-4.7099879552092716e-11,4.7099879552092716e-11,0.010479169123303192,0.0010086760186201079,1.2694334924781537e-06
h001_k5_afull,1.0,0.0543103585713276,571,5.71,-7.366603074071554e-11,7.366603074071554e-11,0.02294359483519378,0.00029329376192931687,1.0406998454537548e-07
h001_k5_afull,1.0,0.0543103585713276,572,5.72,8.387497987816239e-11,8.387497987816239e-11,0.038566995070561536,0.001548389349615204,2.9573719201695955e-06
h001_k5_afull,1.0,0.0543103585713276,573,5.73,6.354739304215151e-11,6.354739304215151e-11,0.025021801826274524,0.0015928607706517189,3.1514696563438266e-06
h001_k5_afull,1.0,0.0543103585713276,574,5.74,-3.8981823845263275e-11,3.8981823845263275e-11,0.012133798975726051,0.0005340615342817755,3.577279363974481e-07
h001_k5_afull,1.0,0.0543103585713276,575,5.75,6.601796930308379e-11,6.601796930308379e-11,0.0317609886172175,0.0008751118789719446,9.393459685951352e-07
h001_k5_afull,1.0,0.0543103585713276,576,5.76,9.974297429660162e-12,9.974297429660162e-12,0.029987651573566018,0.0013967438806431868,2.4121960338160954e-06
h001_k5_afull,1.0,0.0543103585713276,577,5.7700000000000005,-2.3949296538983145e-11,2.3949296538983145e-11,0.011417842819991213,0.0009369923227549458,1.0915861225095067e-06
h001_k5_afull,1.0,0.0543103585713276,578,5.78,-5.3021112673967696e-11,5.3021112673967696e-11,0.02235656671967516,0.000375380881826313,1.717167838238312e-07
h001_k5_afull,1.0,0.0543103585713276,579,5.79,-9.540593141899034e-13,9.540593141899034e-13,0.034539799089287844,0.0012867621243353397,2.0416023054175015e-06
h001_k5_afull,1.0,0.0543103585713276,580,5.8,2.4897845937732477e-11,2.4897845937732477e-11,0.02730272576724455,0.0016745473695462332,3.4799934981790882e-06
h001_k5_afull,1.0,0.0543103585713276,581,5.8100000000000005,-9.359439438749728e-12,9.359439438749728e-12,0.012573663345220268,0.00043473753477923157,2.3741750585192752e-07
h001_k5_afull,1.0,0.0543103585713276,582,5.82,2.0094378071211505e-10,2.0094378071211505e-10,0.03174676290416196,0.0008559181446161138,8.99054167133582e-07
h001_k5_afull,1.0,0.0543103585713276,583,5.83,4.0152039679219875e-11,4.0152039679219875e-11,0.038698695648170404,0.0019732959434454614,4.821413040271501e-06
h001_k5_afull,1.0,0.0543103585713276,584,5.84,-5.383050602492112e-11,5.383050602492112e-11,0.017159507915026132,0.0014509503866442135,2.6237214240220387e-06
h001_k5_afull,1.0,0.0543103585713276,585,5.8500000000000005,1.229161295315806e-10,1.229161295315806e-10,0.019057702087415983,0.00013326169354805777,2.3307533968663642e-08
h001_k5_afull,1.0,0.0543103585713276,586,5.86,2.948895468091184e-12,2.948895468091184e-12,0.038874536442320286,0.0013414434843039076,2.214343893528607e-06
h001_k5_afull,1.0,0.0543103585713276,587,5.87,-1.8507213123131194e-11,1.8507213123131194e-11,0.03292095719388324,0.0018186909999970162,4.1027885279855875e-06
h001_k5_afull,1.0,0.0543103585713276,588,5.88,1.5680572812426519e-10,1.5680572812426519e-10,0.012188183522423908,0.0010780936768543658,1.452192508640335e-06
h001_k5_afull,1.0,0.0543103585713276,589,5.89,6.611767123382295e-11,6.611767123382295e-11,0.02649276444924148,0.0005075137081931115,3.136721230993017e-07
h001_k5_afull,1.0,0.0543103585713276,590,5.9,3.77276291804729e-11,3.77276291804729e-11,0.035568369558080966,0.0013916320838985301,2.389346815810797e-06
h001_k5_afull,1.0,0.0543103585713276,591,5.91,7.926383334411202e-11,7.926383334411202e-11,0.01977773398127411,0.0014503700206444392,2.6137217950394108e-06
h001_k5_afull,1.0,0.0543103585713276,592,5.92,-1.0558505458835299e-11,1.0558505458835299e-11,0.017078779467967004,3.494926415190216e-05,1.8212765350024846e-09
h001_k5_afull,1.0,0.0543103585713276,593,5.93,8.742324789437483e-11,8.742324789437483e-11,0.03529200970607512,0.0011074686193235492,1.5087805567240868e-06
h001_k5_afull,1.0,0.0543103585713276,594,5.94,7.277286932783067e-11,7.277286932783067e-11,0.034201813042536125,0.001960908273484739,4.768782083064894e-06
h001_k5_afull,1.0,0.0543103585713276,595,5.95,-5.541708238132603e-11,5.541708238132603e-11,0.011790090289801675,0.000882636412269976,9.739339891134072e-07
h001_k5_afull,1.0,0.0543103585713276,596,5.96,2.280742435190053e-11,2.280742435190053e-11,0.027118875133827273,0.0005235023220779873,3.3427179446485897e-07
h001_k5_afull,1.0,0.0543103585713276,597,5.97,1.726043075828132e-10,1.726043075828132e-10,0.040966173305716155,0.0018328443263568176,4.1508560412647076e-06
h001_k5_afull,1.0,0.0543103585713276,598,5.98,-1.083873789331502e-11,1.083873789331502e-11,0.02517823315140998,0.0017905988443593051,3.99052788398575e-06
h001_k5_afull,1.0,0.0543103585713276,599,5.99,2.5864334111946885e-11,2.5864334111946885e-11,0.013376226385397025,0.0005956036456061367,4.461185018867063e-07
h001_k5_afull,1.0,0.0543103585713276,600,6.0,2.189322117693293e-11,2.189322117693293e-11,0.03777261056056044,0.0010611677343192645,1.381356637821787e-06
h001_k5_afull,1.0,0.0543103585713276,601,6.01,-3.557129070463905e-11,3.557129070463905e-11,0.0396053579404967,0.0019839474403829404,4.87628217405818e-06
h001_k5_afull,1.0,0.0543103585713276,602,6.0200000000000005,3.206134836786223e-11,3.206134836786223e-11,0.018738468084710403,0.0016891278546998986,3.5614870668386965e-06
h001_k5_afull,1.0,0.0543103585713276,603,6.03,-3.9561003778443293e-11,3.9561003778443293e-11,0.02335236542670891,4.662253838006897e-05,2.2958801038440297e-09
h001_k5_afull,1.0,0.0543103585713276,604,6.04,4.72798362960436e-11,4.72798362960436e-11,0.03787107651834212,0.001290206341497358,2.0492856345703117e-06
h001_k5_afull,1.0,0.0543103585713276,605,6.05,-4.6586028437656246e-11,4.6586028437656246e-11,0.028702047760363236,0.001783428370076647,3.9478010760028314e-06
h001_k5_afull,1.0,0.0543103585713276,606,6.0600000000000005,8.137178257594524e-11,8.137178257594524e-11,0.012830869777543247,0.0004743215351083677,2.8276341128582974e-07
h001_k5_afull,1.0,0.0543103585713276,607,6.07,6.382142297284288e-11,6.382142297284288e-11,0.0340661949318624,0.0009116089629743523,1.0197399306503948e-06
h001_k5_afull,1.0,0.0543103585713276,608,6.08,9.702480138762404e-12,9.702480138762404e-12,0.039552159526827294,0.002092482211680786,5.4244595613520596e-06
h001_k5_afull,1.0,0.0543103585713276,609,6.09,2.556049122359738e-11,2.556049122359738e-11,0.014266046195496523,0.0013379014747364637,2.2343848571356296e-06
h001_k5_afull,1.0,0.0543103585713276,610,6.1000000000000005,-4.4100573887151384e-13,4.4100573887151384e-13,0.022667469685851954,8.345187500434745e-05,7.905490527028692e-09
h001_k5_afull,1.0,0.0543103585713276,611,6.11,3.03669975450227e-11,3.03669975450227e-11,0.04106490491552682,0.0015740527036606521,3.0536829543358065e-06
h001_k5_afull,1.0,0.0543103585713276,612,6.12,1.8049742256387447e-11,1.8049742256387447e-11,0.0327765180343669,0.0019660509868300174,4.801759503963434e-06
h001_k5_afull,1.0,0.0543103585713276,613,6.13,-7.834194404310324e-11,7.834194404310324e-11,0.012940006324929617,0.0011369810037267245,1.6177118844121037e-06
h001_k5_afull,1.0,0.0543103585713276,614,6.140000000000001,1.7995788800101442e-10,1.7995788800101442e-10,0.03486625844907331,0.0007678629996096923,7.198188871581437e-07
h001_k5_afull,1.0,0.0543103585713276,615,6.15,8.393237493908856e-12,8.393237493908856e-12,0.04491616299964376,0.0019696085350471497,4.796854422186418e-06
h001_k5_afull,1.0,0.0543103585713276,616,6.16,3.5513017873634034e-11,3.5513017873634034e-11,0.028160389655502306,0.0023652205754301067,6.980483842040198e-06
h001_k5_afull,1.0,0.0543103585713276,617,6.17,1.6265909626167474e-10,1.6265909626167474e-10,0.018822818310779314,0.0004968926203466649,3.1463221216555453e-07
h001_k5_afull,1.0,0.0543103585713276,618,6.18,1.2292675861599878e-10,1.2292675861599878e-10,0.03722857772610372,0.0010037737055693767,1.2352675826626923e-06
h001_k5_afull,1.0,0.0543103585713276,619,6.19,9.495348951560345e-11,9.495348951560345e-11,0.03655182175833475,0.0020236274423058457,5.075723596396336e-06
h001_k5_afull,1.0,0.0543103585713276,620,6.2,7.458278439287369e-11,7.458278439287369e-11,0.012745746799153756,0.0009239506207395353,1.0676856469528252e-06
h001_k5_afull,1.0,0.0543103585713276,621,6.21,4.4592718406732956e-11,4.4592718406732956e-11,0.030833545377978357,0.0006329688605540575,4.891846012811597e-07
h001_k5_afull,1.0,0.0543103585713276,622,6.22,4.0335955062142936e-11,4.0335955062142936e-11,0.04230260373722488,0.00200383866371283,4.965491387341565e-06
h001_k5_afull,1.0,0.0543103585713276,623,6.23,-1.5799622200829422e-10,1.5799622200829422e-10,0.021446410512125855,0.001743352834806672,3.7881367597300376e-06
h001_k5_afull,1.0,0.0543103585713276,624,6.24,1.1250419953284796e-10,1.1250419953284796e-10,0.01637878971090272,0.00040377342571848505,2.065273843089603e-07
h001_k5_afull,1.0,0.0543103585713276,625,6.25,3.473272017218143e-11,3.473272017218143e-11,0.03779651807550763,0.0011526036969001674,1.6316792496980362e-06
h001_k5_afull,1.0,0.0543103585713276,626,6.26,-4.3593711973599625e-11,4.3593711973599625e-11,0.039915828905555284,0.0020624178700328817,5.272841018292483e-06
h001_k5_afull,1.0,0.0543103585713276,627,6.2700000000000005,-1.1482793882411357e-11,1.1482793882411357e-11,0.01646444079744688,0.001600150312116897,3.1999253224942397e-06
h001_k5_afull,1.0,0.0543103585713276,628,6.28,1.6951650326502143e-10,1.6951650326502143e-10,0.03160079423706066,0.0004223334040744816,2.1502420826737113e-07
h001_k5_afull,1.0,0.0543103585713276,629,6.29,-1.5490601856793518e-11,1.5490601856793518e-11,0.04988523432400237,0.0019908796020742065,4.893635329628502e-06
h001_k5_afull,1.0,0.0543103585713276,630,6.3,4.501382599997328e-11,4.501382599997328e-11,0.03657502779870064,0.00284887749954615,1.0125782641023089e-05
h001_k5_afull,1.0,0.0543103585713276,631,6.3100000000000005,-5.983483153393365e-11,5.983483153393365e-11,0.014317029313160985,0.0011510050834106739,1.6723554848150356e-06
h001_k5_afull,1.0,0.0543103585713276,632,6.32,-6.453479764467751e-11,6.453479764467751e-11,0.03553576546079676,0.0006810584185274011,5.638412905495635e-07
h001_k5_afull,1.0,0.0543103585713276,633,6.33,-1.5335919947151444e-10,1.5335919947151444e-10,0.04292793231219174,0.002163093639101692,5.791118306789713e-06
h001_k5_afull,1.0,0.0543103585713276,634,6.34,1.7741355259892622e-11,1.7741355259892622e-11,0.013688760756343928,0.001360543303848867,2.3124311653740493e-06
h001_k5_afull,1.0,0.0543103585713276,635,6.3500000000000005,-1.0117155377353804e-11,1.0117155377353804e-11,0.026999144700613018,0.00023641560460013004,6.663451612193314e-08
h001_k5_afull,1.0,0.0543103585713276,636,6.36,-5.8441995166858e-11,5.8441995166858e-11,0.044097422846412146,0.0018092509674103344,4.037695471403015e-06
h001_k5_afull,1.0,0.0543103585713276,637,6.37,-1.9970374312561212e-11,1.9970374312561212e-11,0.029558549943487042,0.0019787044900129985,4.871178474950932e-06
h001_k5_afull,1.0,0.0543103585713276,638,6.38,2.919857584882113e-11,2.919857584882113e-11,0.012493386117934255,0.0010566261570916068,1.3976395250572718e-06
h001_k5_afull,1.0,0.0543103585713276,639,6.390000000000001,-6.868179028979293e-11,6.868179028979293e-11,0.03336047220760682,0.0007416020749537235,6.716770780564911e-07
h001_k5_afull,1.0,0.0543103585713276,640,6.4,4.266474066400017e-11,4.266474066400017e-11,0.043780421760176824,0.0019401598688222723,4.65516411854968e-06
h001_k5_afull,1.0,0.0543103585713276,641,6.41,-5.068839792343738e-11,5.068839792343738e-11,0.02402985968207465,0.002085271497989452,5.427003640372487e-06
h001_k5_afull,1.0,0.0543103585713276,642,6.42,3.309926117911477e-12,3.309926117911477e-12,0.03160376725224333,0.00018196478217132509,3.8210222486767105e-08
h001_k5_afull,1.0,0.0543103585713276,643,6.43,-4.8419487169715225e-11,4.8419487169715225e-11,0.05185035303800033,0.0018867736621838236,4.387613318736987e-06
h001_k5_afull,1.0,0.0543103585713276,644,6.44,4.7337776060141223e-11,4.7337776060141223e-11,0.04400776087002076,0.0031252415014895152,1.2171599907389108e-05
h001_k5_afull,1.0,0.0543103585713276,645,6.45,1.4267287004599005e-11,1.4267287004599005e-11,0.014031873472419437,0.0017281341327087937,3.763917213160067e-06
h001_k5_afull,1.0,0.0543103585713276,646,6.46,-7.135394749016588e-11,7.135394749016588e-11,0.03614894815165341,0.00037076688522822093,1.6333746968928477e-07
h001_k5_afull,1.0,0.0543103585713276,647,6.47,7.123630331451469e-11,7.123630331451469e-11,0.04598404215674661,0.0021471338967742936,5.697906928778717e-06
h001_k5_afull,1.0,0.0543103585713276,648,6.48,-7.195303294155186e-11,7.195303294155186e-11,0.020011579603893864,0.001796173382408096,4.026579014737156e-06
h001_k5_afull,1.0,0.0543103585713276,649,6.49,-1.8259877984649897e-11,1.8259877984649897e-11,0.02263883196261502,0.00016031662145617464,3.4166759978125083e-08
h001_k5_afull,1.0,0.0543103585713276,650,6.5,7.1303238487197e-11,7.1303238487197e-11,0.04202769402863948,0.0014320276890313936,2.520997170203975e-06
