label,time,step,c0,kind,h,kappa,dt,compacton_speed,max_ahead_HP_over_h2,best_fit_relL2,best_fit_corr,best_fit_A_over_h2,best_fit_center_ahead
c0_half,0.0,0,0.5,abs,0.02,20.0,0.001,0.5,0.0,,,,
c0_half,0.02,20,0.5,abs,0.02,20.0,0.001,0.5,0.002258515201990255,,,,
c0_half,0.04,40,0.5,abs,0.02,20.0,0.001,0.5,0.0010418813828412265,,,,
c0_half,0.06,60,0.5,abs,0.02,20.0,0.001,0.5,0.002621023304891117,,,,
c0_half,0.08,80,0.5,abs,0.02,20.0,0.001,0.5,0.002074188769846925,,,,
c0_half,0.1,100,0.5,abs,0.02,20.0,0.001,0.5,0.00237099599657906,,,,
c0_half,0.12,120,0.5,abs,0.02,20.0,0.001,0.5,0.0014936463138548036,,,,
c0_half,0.14,140,0.5,abs,0.02,20.0,0.001,0.5,0.0024298140080926144,,,,
c0_half,0.16,160,0.5,abs,0.02,20.0,0.001,0.5,0.0013776307721739087,,,,
c0_half,0.18,180,0.5,abs,0.02,20.0,0.001,0.5,0.0023793724161945444,,,,
c0_half,0.2,200,0.5,abs,0.02,20.0,0.001,0.5,0.00126662340393175,,,,
c0_half,0.22,220,0.5,abs,0.02,20.0,0.001,0.5,0.0031623869706738582,0.5753372437355341,0.8179162890973615,0.002270812229560295,3.43154208229827
c0_half,0.24,240,0.5,abs,0.02,20.0,0.001,0.5,0.001187824069537221,,,,
c0_half,0.26,260,0.5,abs,0.02,20.0,0.001,0.5,0.0043037813310769935,0.5981162933700458,0.8014093208874458,0.0029135358128705184,3.4397018062743285
c0_half,0.28,280,0.5,abs,0.02,20.0,0.001,0.5,0.002647344259481988,,,,
c0_half,0.3,300,0.5,abs,0.02,20.0,0.001,0.5,0.006442463120856839,0.6528459990445498,0.7574906610193447,0.0040581575868254265,3.4429615093283434
c0_half,0.32,320,0.5,abs,0.02,20.0,0.001,0.5,0.004142167747684671,0.7352104593976304,0.6778389044546833,0.002620956284737561,3.4010421815367167
c0_half,0.34,340,0.5,abs,0.02,20.0,0.001,0.5,0.007892852923737355,0.6359454933409874,0.7717339758616877,0.005428797207206936,3.4359334442914715
c0_half,0.36,360,0.5,abs,0.02,20.0,0.001,0.5,0.003437223274551333,0.8235055596927829,0.5673081994428397,0.002058096850288944,3.3768173840531173
c0_half,0.38,380,0.5,abs,0.02,20.0,0.001,0.5,0.006613167309405321,0.4742688703930182,0.8803800534860671,0.005202946168577557,3.4286486008910995
c0_half,0.4,400,0.5,abs,0.02,20.0,0.001,0.5,0.001478159821970925,,,,
c0_half,0.42,420,0.5,abs,0.02,20.0,0.001,0.5,0.004973599110649344,0.5989397565442476,0.8007940859114268,0.0034585980216736527,3.4338196196105137
c0_half,0.44,440,0.5,abs,0.02,20.0,0.001,0.5,0.0019279165058824499,,,,
c0_half,0.46,460,0.5,abs,0.02,20.0,0.001,0.5,0.005563047098772897,0.6783060724409709,0.7347794717394491,0.003758395261060748,3.4362620492320186
c0_half,0.48,480,0.5,abs,0.02,20.0,0.001,0.5,0.0026204643354469648,,,,
c0_half,0.5,500,0.5,abs,0.02,20.0,0.001,0.5,0.007568809312404682,0.6342074865400356,0.7731628961716739,0.00508571654841278,3.428180566222901
c0_half,0.52,520,0.5,abs,0.02,20.0,0.001,0.5,0.003699580124258438,0.8910532609802808,0.4538987619463262,0.0017427116463047299,3.4686479395478713
c0_half,0.54,540,0.5,abs,0.02,20.0,0.001,0.5,0.007405390539078307,0.586218965518574,0.8101526550387481,0.005286563508184323,3.422698684530678
c0_half,0.56,560,0.5,abs,0.02,20.0,0.001,0.5,0.004626145590231955,0.8056543790954324,0.5923858720836892,0.0024772356840801167,3.457692633897082
c0_half,0.58,580,0.5,abs,0.02,20.0,0.001,0.5,0.007466261820365144,0.6493757254005489,0.7604677292696324,0.004935758841226015,3.421281742159209
c0_half,0.6,600,0.5,abs,0.02,20.0,0.001,0.5,0.005390420282090882,0.8013124675732488,0.5982460441253845,0.0028746513212920596,3.4572410334303516
c0_half,0.62,620,0.5,abs,0.02,20.0,0.001,0.5,0.0077850061943576555,0.6379332150698749,0.7700916913657833,0.005121669582464394,3.4214551727226965
c0_half,0.64,640,0.5,abs,0.02,20.0,0.001,0.5,0.004735632969238059,0.7885436050271553,0.6149788475799619,0.0027401696051793972,3.454346478341156
c0_half,0.66,660,0.5,abs,0.02,20.0,0.001,0.5,0.0061104971008722146,0.5905501021906339,0.8070009769527122,0.0043590218383590925,3.4161140291816032
c0_half,0.68,680,0.5,abs,0.02,20.0,0.001,0.5,0.003125614595097524,0.7268082842769952,0.6868403875037712,0.0021517170507657133,3.448076843648746
c0_half,0.7000000000000001,700,0.5,abs,0.02,20.0,0.001,0.5,0.004063853776333639,0.6504713117616662,0.7595308239795519,0.0028393128947546186,3.4155518142806685
c0_half,0.72,720,0.5,abs,0.02,20.0,0.001,0.5,0.0025653349721615026,,,,
c0_half,0.74,740,0.5,abs,0.02,20.0,0.001,0.5,0.0049062383834475335,0.723189071005535,0.6906501050301456,0.0029860191857597014,3.4251615362878187
c0_half,0.76,760,0.5,abs,0.02,20.0,0.001,0.5,0.0031243753850083785,0.8779755074401914,0.4787055549449358,0.001546451147362371,3.4573354454707665
c0_half,0.78,780,0.5,abs,0.02,20.0,0.001,0.5,0.005243951427862833,0.6923422277106233,0.7215692896241438,0.0033687864324185787,3.417441129511907
c0_half,0.8,800,0.5,abs,0.02,20.0,0.001,0.5,0.004681736773830293,0.7957490429643138,0.6056265025751253,0.002570153446610358,3.4408797217843397
c0_half,0.8200000000000001,820,0.5,abs,0.02,20.0,0.001,0.5,0.003566494739114588,0.7317414705749409,0.6815822916132894,0.00264594119623701,3.395512110667685
c0_half,0.84,840,0.5,abs,0.02,20.0,0.001,0.5,0.004509929235714307,0.6753906305973647,0.7374601657725617,0.003009460776445209,3.426797147855183
c0_half,0.86,860,0.5,abs,0.02,20.0,0.001,0.5,0.0016299892358131486,,,,
c0_half,0.88,880,0.5,abs,0.02,20.0,0.001,0.5,0.002549920571992171,,,,
c0_half,0.9,900,0.5,abs,0.02,20.0,0.001,0.5,0.002317307119331626,,,,
c0_half,0.92,920,0.5,abs,0.02,20.0,0.001,0.5,0.0010401942328341948,,,,
c0_half,0.9400000000000001,940,0.5,abs,0.02,20.0,0.001,0.5,0.003142789349592118,0.681123713849307,0.7321683456911581,0.00205766482588111,3.4237976123363936
c0_half,0.96,960,0.5,abs,0.02,20.0,0.001,0.5,0.00112638067250679,,,,
c0_half,0.98,980,0.5,abs,0.02,20.0,0.001,0.5,0.0032884226119843877,0.5769950760955389,0.816747624521494,0.002448572686326161,3.4246623119445836
c0_half,1.0,1000,0.5,abs,0.02,20.0,0.001,0.5,0.0007274829077421621,,,,
c0_half,1.02,1020,0.5,abs,0.02,20.0,0.001,0.5,0.0030203129456695694,0.6649465899895541,0.7468909106832563,0.0021132454739146572,3.436067986228357
c0_half,1.04,1040,0.5,abs,0.02,20.0,0.001,0.5,0.001239193874798425,,,,
c0_half,1.06,1060,0.5,abs,0.02,20.0,0.001,0.5,0.0026668096921019205,,,,
c0_half,1.08,1080,0.5,abs,0.02,20.0,0.001,0.5,0.0008763498480596992,,,,
c0_half,1.1,1100,0.5,abs,0.02,20.0,0.001,0.5,0.0018184196005686848,,,,
c0_half,1.12,1120,0.5,abs,0.02,20.0,0.001,0.5,0.0012469456485299732,,,,
c0_half,1.1400000000000001,1140,0.5,abs,0.02,20.0,0.001,0.5,0.0033181246926008304,0.7076052412238824,0.7066079695223448,0.002045091734426974,3.4489604203214856
c0_half,1.16,1160,0.5,abs,0.02,20.0,0.001,0.5,0.002950693590421011,,,,
c0_half,1.18,1180,0.5,abs,0.02,20.0,0.001,0.5,0.005288172421273459,0.7014599153131179,0.7127089077659359,0.003303459552179461,3.4423966053332133
c0_half,1.2,1200,0.5,abs,0.02,20.0,0.001,0.5,0.003069383516541523,0.7344343777819644,0.6786797070283,0.0021132736545358315,3.393670507073711
c0_half,1.22,1220,0.5,abs,0.02,20.0,0.001,0.5,0.006656800580287143,0.6025895605015027,0.7980512650040761,0.004692140038762696,3.4315081439948223
c0_half,1.24,1240,0.5,abs,0.02,20.0,0.001,0.5,0.0025744288292613247,,,,
c0_half,1.26,1260,0.5,abs,0.02,20.0,0.001,0.5,0.0063673468289647765,0.539402962653566,0.8420477681702838,0.004780442048340325,3.426443866059495
c0_half,1.28,1280,0.5,abs,0.02,20.0,0.001,0.5,0.0021667154564290617,,,,
c0_half,1.3,1300,0.5,abs,0.02,20.0,0.001,0.5,0.0060760044869795655,0.5965222674650085,0.802596526542699,0.004228285353049854,3.435540279520037
c0_half,1.32,1320,0.5,abs,0.02,20.0,0.001,0.5,0.002424146762335724,,,,
c0_half,1.34,1340,0.5,abs,0.02,20.0,0.001,0.5,0.006877891484165304,0.6404830996511195,0.7679722645130449,0.004665520547170563,3.436677008013742
c0_half,1.36,1360,0.5,abs,0.02,20.0,0.001,0.5,0.0030545219147124843,0.8116651428506203,0.5841230143396868,0.0020238532206869387,3.384125163414833
c0_half,1.3800000000000001,1380,0.5,abs,0.02,20.0,0.001,0.5,0.007409750266073369,0.5848631699813713,0.8111319697800978,0.005377911985892148,3.431595691875236
c0_half,1.4000000000000001,1400,0.5,abs,0.02,20.0,0.001,0.5,0.0026771665612173043,,,,
c0_half,1.42,1420,0.5,abs,0.02,20.0,0.001,0.5,0.007149126645224231,0.5698001627887166,0.8217832892472028,0.005150134486230555,3.427802804189561
c0_half,1.44,1440,0.5,abs,0.02,20.0,0.001,0.5,0.0032441149999005055,0.8757848760550371,0.4827016168123565,0.0015126084716242049,3.4684499516667238
c0_half,1.46,1460,0.5,abs,0.02,20.0,0.001,0.5,0.006760621726722627,0.6255234049939697,0.7802054023170758,0.004495242034352582,3.4247450144833333
c0_half,1.48,1480,0.5,abs,0.02,20.0,0.001,0.5,0.004516385986779209,0.8176260846134557,0.5757495859830646,0.0024032226975503027,3.454922255500666
c0_half,1.5,1500,0.5,abs,0.02,20.0,0.001,0.5,0.006910648642688038,0.6608266205759005,0.7505385916381883,0.004508071677174831,3.4182313588246185
c0_half,1.52,1520,0.5,abs,0.02,20.0,0.001,0.5,0.004668778484969208,0.7657240266901679,0.6431692739469099,0.0028903512387620954,3.450303685073335
c0_half,1.54,1540,0.5,abs,0.02,20.0,0.001,0.5,0.005732522677556487,0.616496781076341,0.7873574276797737,0.0040997643621817036,3.4114717416095903
c0_half,1.56,1560,0.5,abs,0.02,20.0,0.001,0.5,0.003927854282706429,0.6923740302671962,0.7215387738795187,0.0027100330051370303,3.444875619903005
c0_half,1.58,1580,0.5,abs,0.02,20.0,0.001,0.5,0.0049697923110221314,0.7014241000221053,0.712744155997213,0.0031920845972781458,3.418759175871399
c0_half,1.6,1600,0.5,abs,0.02,20.0,0.001,0.5,0.0037036961052356815,0.8280603981883505,0.5606389006768533,0.0019543571581600756,3.4569265474862085
c0_half,1.62,1620,0.5,abs,0.02,20.0,0.001,0.5,0.006421681669358907,0.6883307015754869,0.725397025957922,0.0040628653925392985,3.4217939886224737
c0_half,1.6400000000000001,1640,0.5,abs,0.02,20.0,0.001,0.5,0.004595167161324013,0.813280695284063,0.5818715585748034,0.002514992703921666,3.455509602486691
c0_half,1.6600000000000001,1660,0.5,abs,0.02,20.0,0.001,0.5,0.0065265818549883545,0.6609606874155647,0.7504205285645803,0.004283279956508303,3.4208897724061877
c0_half,1.68,1680,0.5,abs,0.02,20.0,0.001,0.5,0.003963876060980962,0.8286723030840594,0.5597340565852331,0.002212259527563402,3.4495882073485813
c0_half,1.7,1700,0.5,abs,0.02,20.0,0.001,0.5,0.004147633634506831,0.5437293493744778,0.8392606237807221,0.0035086525537228906,3.3991849623376957
c0_half,1.72,1720,0.5,abs,0.02,20.0,0.001,0.5,0.003825255265852466,0.5695213162695792,0.821976563117566,0.0028353800683139857,3.4226077793045615
c0_half,1.74,1740,0.5,abs,0.02,20.0,0.001,0.5,0.0011465288237690256,,,,
c0_half,1.76,1760,0.5,abs,0.02,20.0,0.001,0.5,0.001411587266581253,,,,
c0_half,1.78,1780,0.5,abs,0.02,20.0,0.001,0.5,0.0022426842455588922,,,,
c0_half,1.8,1800,0.5,abs,0.02,20.0,0.001,0.5,0.0017615977248129637,,,,
c0_half,1.82,1820,0.5,abs,0.02,20.0,0.001,0.5,0.0018172528195508507,,,,
c0_half,1.84,1840,0.5,abs,0.02,20.0,0.001,0.5,0.0012242338417889924,,,,
c0_half,1.86,1860,0.5,abs,0.02,20.0,0.001,0.5,0.002890883454363267,,,,
c0_half,1.8800000000000001,1880,0.5,abs,0.02,20.0,0.001,0.5,0.0017709785135500472,,,,
c0_half,1.9000000000000001,1900,0.5,abs,0.02,20.0,0.001,0.5,0.003085001837830662,0.7317080872678572,0.681618129913527,0.001910345778849486,3.4237696377764877
c0_half,1.92,1920,0.5,abs,0.02,20.0,0.001,0.5,0.0010597796182353172,,,,
c0_half,1.94,1940,0.5,abs,0.02,20.0,0.001,0.5,0.0032542267891963617,0.6861058536505078,0.7275017234251122,0.002128306575763542,3.4313466967140815
c0_half,1.96,1960,0.5,abs,0.02,20.0,0.001,0.5,0.0011625851606062877,,,,
c0_half,1.98,1980,0.5,abs,0.02,20.0,0.001,0.5,0.0025568725316624796,,,,
c0_half,2.0,2000,0.5,abs,0.02,20.0,0.001,0.5,0.0014296397197716448,,,,
c0_half,2.02,2020,0.5,abs,0.02,20.0,0.001,0.5,0.003803440625889305,0.7813063902903538,0.6241476784315212,0.0021243879523013746,3.454047683724209
c0_half,2.04,2040,0.5,abs,0.02,20.0,0.001,0.5,0.004139590209718854,0.6098309948052411,0.7925314869296044,0.003023895238570828,3.4170654692813116
c0_half,2.06,2060,0.5,abs,0.02,20.0,0.001,0.5,0.005850631966610614,0.6460629010595805,0.7632841724249747,0.0038412571666957525,3.4448584986899426
c0_half,2.08,2080,0.5,abs,0.02,20.0,0.001,0.5,0.0030860028199534636,0.5648712622987606,0.8251790454374158,0.002526903883831275,3.3985694583946415
c0_half,2.1,2100,0.5,abs,0.02,20.0,0.001,0.5,0.005374018798636699,0.5602196743968697,0.8283440809341641,0.003977850619798194,3.4323000376580417
c0_half,2.12,2120,0.5,abs,0.02,20.0,0.001,0.5,0.0013841070346321356,,,,
c0_half,2.14,2140,0.5,abs,0.02,20.0,0.001,0.5,0.004358194632652563,0.5840711822697802,0.8117024418110254,0.0032165178102388507,3.430439272145607
c0_half,2.16,2160,0.5,abs,0.02,20.0,0.001,0.5,0.001407371998384517,,,,
c0_half,2.18,2180,0.5,abs,0.02,20.0,0.001,0.5,0.005258494724034729,0.5934276112024801,0.804887364953953,0.003816588808540078,3.4321574988367995
c0_half,2.2,2200,0.5,abs,0.02,20.0,0.001,0.5,0.0017480011537470386,,,,
c0_half,2.22,2220,0.5,abs,0.02,20.0,0.001,0.5,0.005959146195558057,0.6654257839297173,0.746464015262304,0.004039711896792817,3.435038450734883
c0_half,2.24,2240,0.5,abs,0.02,20.0,0.001,0.5,0.0027138964169833753,,,,
c0_half,2.2600000000000002,2260,0.5,abs,0.02,20.0,0.001,0.5,0.0079449667827723,0.6187930811552168,0.7855540227854692,0.005571429423093354,3.430201671816336
c0_half,2.2800000000000002,2280,0.5,abs,0.02,20.0,0.001,0.5,0.003376027304764365,0.928779820603583,0.37063195334398263,0.0014586064571755408,3.4792032743595644
c0_half,2.3000000000000003,2300,0.5,abs,0.02,20.0,0.001,0.5,0.008178573282532148,0.560246728369052,0.8283257833435911,0.006008834622290952,3.4277869975210304
c0_half,2.32,2320,0.5,abs,0.02,20.0,0.001,0.5,0.003821127973169266,0.8705674062406378,0.49204917558253125,0.0018263846230143843,3.471748399523877
c0_half,2.34,2340,0.5,abs,0.02,20.0,0.001,0.5,0.007670934259698436,0.6248187200403104,0.7807698553909389,0.005226851329152108,3.4304735109319715
c0_half,2.36,2360,0.5,abs,0.02,20.0,0.001,0.5,0.0036585412335831606,0.9082118825955735,0.41851066451430363,0.0015733868162006335,3.468718461513067
c0_half,2.38,2380,0.5,abs,0.02,20.0,0.001,0.5,0.007289580873024979,0.5983012193664624,0.8012712717329905,0.004987497201789484,3.421912774156919
c0_half,2.4,2400,0.5,abs,0.02,20.0,0.001,0.5,0.003880746391786028,0.7830033912038449,0.6220174349351301,0.002350182897186287,3.452853883389272
c0_half,2.42,2420,0.5,abs,0.02,20.0,0.001,0.5,0.005165518255317931,0.5231647965602052,0.8522315387499569,0.0039393261816032255,3.412869338175449
c0_half,2.44,2440,0.5,abs,0.02,20.0,0.001,0.5,0.0027017705948420936,,,,
c0_half,2.46,2460,0.5,abs,0.02,20.0,0.001,0.5,0.0041538906896405586,0.7517030747712578,0.6595016962672932,0.002418600585314064,3.4226936487818556
c0_half,2.48,2480,0.5,abs,0.02,20.0,0.001,0.5,0.0033120602165637404,0.8673237561770976,0.4977444143040191,0.0015656797782198546,3.458161758631494
c0_half,2.5,2500,0.5,abs,0.02,20.0,0.001,0.5,0.0063259163972307995,0.7010631638614465,0.7130991798316549,0.00387387099417234,3.421068028706122
c0_half,2.52,2520,0.5,abs,0.02,20.0,0.001,0.5,0.005025680519257213,0.8014838459113455,0.5980164251449607,0.0028846767281064997,3.4511433062052213
c0_half,2.54,2540,0.5,abs,0.02,20.0,0.001,0.5,0.006598854966406235,0.636006282730803,0.7716838784936135,0.004567630472059744,3.4112534530892784
c0_half,2.56,2560,0.5,abs,0.02,20.0,0.001,0.5,0.005616502070823383,0.673983471129544,0.7387464251312295,0.003676073202932228,3.442919552380685
c0_half,2.58,2580,0.5,abs,0.02,20.0,0.001,0.5,0.00466528117565663,0.662765350387914,0.7488271431546706,0.003237629969995648,3.4065431737512952
c0_half,2.6,2600,0.5,abs,0.02,20.0,0.001,0.5,0.0040938997455118335,0.6746338048918129,0.73815257860228,0.0026076448637569914,3.4371432438332867
c0_half,2.62,2620,0.5,abs,0.02,20.0,0.001,0.5,0.0031784652734911773,0.7313393831421907,0.6820137144260371,0.0020808747375120878,3.4052792896823085
c0_half,2.64,2640,0.5,abs,0.02,20.0,0.001,0.5,0.0025674989767792617,,,,
c0_half,2.66,2660,0.5,abs,0.02,20.0,0.001,0.5,0.002829902718586597,,,,
c0_half,2.68,2680,0.5,abs,0.02,20.0,0.001,0.5,0.0012665772039726277,,,,
c0_half,2.7,2700,0.5,abs,0.02,20.0,0.001,0.5,0.0027493971529536513,,,,
c0_half,2.72,2720,0.5,abs,0.02,20.0,0.001,0.5,0.0007803085170017419,,,,
c0_half,2.74,2740,0.5,abs,0.02,20.0,0.001,0.5,0.0022281224002589422,,,,
c0_half,2.7600000000000002,2760,0.5,abs,0.02,20.0,0.001,0.5,0.0009317973835644474,,,,
c0_half,2.7800000000000002,2780,0.5,abs,0.02,20.0,0.001,0.5,0.0024257359835476067,,,,
c0_half,2.8000000000000003,2800,0.5,abs,0.02,20.0,0.001,0.5,0.0012504421339803974,,,,
c0_half,2.82,2820,0.5,abs,0.02,20.0,0.001,0.5,0.00218420804145501,,,,
c0_half,2.84,2840,0.5,abs,0.02,20.0,0.001,0.5,0.0011506743055260781,,,,
c0_half,2.86,2860,0.5,abs,0.02,20.0,0.001,0.5,0.0014361947796972913,,,,
c0_half,2.88,2880,0.5,abs,0.02,20.0,0.001,0.5,0.0008954460184866996,,,,
c0_half,2.9,2900,0.5,abs,0.02,20.0,0.001,0.5,0.003354626389711399,0.7532847177111018,0.6576945598550332,0.0019393803128451858,3.4471142563365618
c0_half,2.92,2920,0.5,abs,0.02,20.0,0.001,0.5,0.0029924535939322974,,,,
c0_half,2.94,2940,0.5,abs,0.02,20.0,0.001,0.5,0.006189042965847547,0.6842031685427591,0.7292914535054204,0.003956670116856313,3.441586416444199
c0_half,2.96,2960,0.5,abs,0.02,20.0,0.001,0.5,0.0033460193397771196,0.602393715414631,0.79819910525442,0.0027239163623390024,3.3925580161628375
c0_half,2.98,2980,0.5,abs,0.02,20.0,0.001,0.5,0.005875938361100963,0.5220084622344296,0.8529403058571251,0.00456885540321432,3.4329318095517696
c0_half,3.0,3000,0.5,abs,0.02,20.0,0.001,0.5,0.0014112309102806224,,,,
c0_half,3.02,3020,0.5,abs,0.02,20.0,0.001,0.5,0.004902550705469827,0.522138351482154,0.8528607986720332,0.0036445396912809093,3.434092408257806
c0_half,3.04,3040,0.5,abs,0.02,20.0,0.001,0.5,0.0017707170449301653,,,,
c0_half,3.06,3060,0.5,abs,0.02,20.0,0.001,0.5,0.0050589083061849255,0.6571639458012817,0.7537476688779144,0.0032799501674120636,3.4423521528189696
c0_half,3.08,3080,0.5,abs,0.02,20.0,0.001,0.5,0.002683398112403253,,,,
c0_half,3.1,3100,0.5,abs,0.02,20.0,0.001,0.5,0.005789101926138836,0.5879736135691238,0.8088801083884228,0.004129720232055704,3.436907080438699
c0_half,3.12,3120,0.5,abs,0.02,20.0,0.001,0.5,0.0021236785515045464,,,,
c0_half,3.14,3140,0.5,abs,0.02,20.0,0.001,0.5,0.006041388760204421,0.5939551027952923,0.8044981888503129,0.004344600760447696,3.428671071994735
c0_half,3.16,3160,0.5,abs,0.02,20.0,0.001,0.5,0.0028664402527180596,,,,
c0_half,3.18,3180,0.5,abs,0.02,20.0,0.001,0.5,0.007344496329003156,0.6479803661922512,0.7616570389810338,0.004945418671688245,3.430334322624107
c0_half,3.2,3200,0.5,abs,0.02,20.0,0.001,0.5,0.003968780336023103,0.9132832563255793,0.4073250467566982,0.001678730184848653,3.472668092087165
c0_half,3.22,3220,0.5,abs,0.02,20.0,0.001,0.5,0.008517276280967918,0.6106635557988269,0.7918901575465709,0.00580686705326187,3.4263868026180653
c0_half,3.24,3240,0.5,abs,0.02,20.0,0.001,0.5,0.004822566396560399,0.8411988013260473,0.5407259718634027,0.0024427449666539463,3.461964454630719
c0_half,3.2600000000000002,3260,0.5,abs,0.02,20.0,0.001,0.5,0.007727729159444802,0.5765098814468397,0.8170901765375416,0.005454930789439828,3.4207806595306334
c0_half,3.2800000000000002,3280,0.5,abs,0.02,20.0,0.001,0.5,0.004281195961702861,0.762538400554291,0.6469429555069781,0.002523911124417631,3.454818052297412
c0_half,3.3000000000000003,3300,0.5,abs,0.02,20.0,0.001,0.5,0.006267299764674139,0.59396357077107,0.8044919369371455,0.004430732610082128,3.41903926683605
c0_half,3.3200000000000003,3320,0.5,abs,0.02,20.0,0.001,0.5,0.003145179973449169,0.7838083698517506,0.6210027691969994,0.0017637808160972438,3.4609349588765443
c0_half,3.34,3340,0.5,abs,0.02,20.0,0.001,0.5,0.0055452602772172194,0.6700953178604742,0.7422750601909444,0.0036805913435339734,3.4303296944311263
c0_half,3.36,3360,0.5,abs,0.02,20.0,0.001,0.5,0.002777217872820095,,,,
c0_half,3.38,3380,0.5,abs,0.02,20.0,0.001,0.5,0.006633783374473333,0.6220303947634771,0.7829930957488658,0.004470747709266863,3.4227729172285226
c0_half,3.4,3400,0.5,abs,0.02,20.0,0.001,0.5,0.004201575234819932,0.8001470354021841,0.5998039027357992,0.002421296639807944,3.4518739616607697
c0_half,3.42,3420,0.5,abs,0.02,20.0,0.001,0.5,0.005757691714018873,0.6893384186089375,0.7244394692655345,0.0037131251687735913,3.416136101496038
c0_half,3.44,3440,0.5,abs,0.02,20.0,0.001,0.5,0.004911748411394929,0.779373033286456,0.6265601926278659,0.002821139055784094,3.4437584809244957
c0_half,3.46,3460,0.5,abs,0.02,20.0,0.001,0.5,0.004439905128490228,0.6282379292993484,0.778021274895274,0.003453358987044879,3.399518450910051
c0_half,3.48,3480,0.5,abs,0.02,20.0,0.001,0.5,0.0044641807478195995,0.6067427969168848,0.7948982188868432,0.003086153573737059,3.429552784389047
c0_half,3.5,3500,0.5,abs,0.02,20.0,0.001,0.5,0.0023303933650570714,,,,
c0_half,3.52,3520,0.5,abs,0.02,20.0,0.001,0.5,0.0033922829174383292,0.7904895266320102,0.6124755572960444,0.0018899147377598943,3.4400555801799175
c0_half,3.54,3540,0.5,abs,0.02,20.0,0.001,0.5,0.003669038735517257,0.7236286622325532,0.6901895096243681,0.0024050346074307866,3.4063917252283478
c0_half,3.56,3560,0.5,abs,0.02,20.0,0.001,0.5,0.003384038292641339,0.6839954716606612,0.7294862539813273,0.0021872914780243923,3.4381250501886367
c0_half,3.58,3580,0.5,abs,0.02,20.0,0.001,0.5,0.003056925235004263,0.7107893870669161,0.7034048956561488,0.001961123951670055,3.4194011864367333
c0_half,3.6,3600,0.5,abs,0.02,20.0,0.001,0.5,0.0014801799701124867,,,,
c0_half,3.62,3620,0.5,abs,0.02,20.0,0.001,0.5,0.0037182241518547814,0.5950554060793323,0.8036846792715168,0.002643914405399516,3.4212096526229665
c0_half,3.64,3640,0.5,abs,0.02,20.0,0.001,0.5,0.0010588670585268726,,,,
c0_half,3.66,3660,0.5,abs,0.02,20.0,0.001,0.5,0.0030891035899174193,0.74034842383583,0.6722233344088868,0.0018438059928842679,3.424862344175695
c0_half,3.68,3680,0.5,abs,0.02,20.0,0.001,0.5,0.0011888210654890416,,,,
c0_half,3.7,3700,0.5,abs,0.02,20.0,0.001,0.5,0.002316025682429151,,,,
c0_half,3.72,3720,0.5,abs,0.02,20.0,0.001,0.5,0.001000325298530735,,,,
c0_half,3.74,3740,0.5,abs,0.02,20.0,0.001,0.5,0.0010474209298232896,,,,
c0_half,3.7600000000000002,3760,0.5,abs,0.02,20.0,0.001,0.5,0.0015229505137067908,,,,
c0_half,3.7800000000000002,3780,0.5,abs,0.02,20.0,0.001,0.5,0.0022826672794722105,,,,
c0_half,3.8000000000000003,3800,0.5,abs,0.02,20.0,0.001,0.5,0.0026537198904884544,,,,
c0_half,3.8200000000000003,3820,0.5,abs,0.02,20.0,0.001,0.5,0.0045212773515501264,0.653492298795512,0.7569331644306234,0.003149368624641032,3.435608579321636
c0_half,3.84,3840,0.5,abs,0.02,20.0,0.001,0.5,0.001793560626083873,,,,
c0_half,3.86,3860,0.5,abs,0.02,20.0,0.001,0.5,0.004944431965616164,0.5814752556736899,0.8135640890791686,0.0036291854928261888,3.430405041795103
c0_half,3.88,3880,0.5,abs,0.02,20.0,0.001,0.5,0.0012339721599225742,,,,
c0_half,3.9,3900,0.5,abs,0.02,20.0,0.001,0.5,0.00443216305797278,0.5803583573136231,0.8143612080006225,0.003309045461641796,3.4310949013489775
c0_half,3.92,3920,0.5,abs,0.02,20.0,0.001,0.5,0.001563098731840705,,,,
c0_half,3.94,3940,0.5,abs,0.02,20.0,0.001,0.5,0.005913245797566911,0.6436830731940204,0.7652921672691427,0.003975956353350578,3.438359914891379
c0_half,3.96,3960,0.5,abs,0.02,20.0,0.001,0.5,0.0026810735029974323,,,,
c0_half,3.98,3980,0.5,abs,0.02,20.0,0.001,0.5,0.006633625676790776,0.6316661982751185,0.7752404878208176,0.0045116575643976056,3.438863902495145
c0_half,4.0,4000,0.5,abs,0.02,20.0,0.001,0.5,0.0031836704158192137,0.6261424673754267,0.7797086703051418,0.0026893657862941673,3.3856454276808776
c0_half,4.0200000000000005,4020,0.5,abs,0.02,20.0,0.001,0.5,0.006837663014639626,0.546043046568506,0.837757119512681,0.005003246536185702,3.4333182773760065
c0_half,4.04,4040,0.5,abs,0.02,20.0,0.001,0.5,0.002124380318067256,,,,
c0_half,4.0600000000000005,4060,0.5,abs,0.02,20.0,0.001,0.5,0.006509182890919375,0.6514629522168459,0.7586804478098217,0.00447157201197746,3.434550607034618
c0_half,4.08,4080,0.5,abs,0.02,20.0,0.001,0.5,0.002879376709760942,,,,
c0_half,4.1,4100,0.5,abs,0.02,20.0,0.001,0.5,0.007702988369252187,0.6164196192577771,0.7874178388848561,0.005237517869899392,3.429738033454372
c0_half,4.12,4120,0.5,abs,0.02,20.0,0.001,0.5,0.0037570044838062654,0.8919286150599112,0.45217623294165815,0.0017576300479421193,3.4638481190201897
c0_half,4.14,4140,0.5,abs,0.02,20.0,0.001,0.5,0.0069038384350870435,0.5360007815457422,0.8442174851200097,0.005085983276738533,3.4163138545498892
c0_half,4.16,4160,0.5,abs,0.02,20.0,0.001,0.5,0.003929429167805604,0.6792056359950517,0.7339480254299736,0.002656284227721523,3.4465521380500004
c0_half,4.18,4180,0.5,abs,0.02,20.0,0.001,0.5,0.005261320704969017,0.6790725473518587,0.7340711651012165,0.003418489215862197,3.4182444356506814
c0_half,4.2,4200,0.5,abs,0.02,20.0,0.001,0.5,0.003734818028743007,0.8114080442494239,0.584480098658051,0.0019597012848781774,3.4591160487699373
c0_half,4.22,4220,0.5,abs,0.02,20.0,0.001,0.5,0.006743768041491662,0.6698391695485313,0.7425062201345752,0.0043734449243447,3.4258221972126996
c0_half,4.24,4240,0.5,abs,0.02,20.0,0.001,0.5,0.004224386101257001,0.872969807232114,0.4877742466153022,0.001965900884515286,3.4678105725230033
c0_half,4.26,4260,0.5,abs,0.02,20.0,0.001,0.5,0.008022666744741096,0.6302892287497203,0.776360411227983,0.005293477920321324,3.424315978740145
c0_half,4.28,4280,0.5,abs,0.02,20.0,0.001,0.5,0.005092021423469079,0.8069108749935855,0.5906732089887657,0.0028323786543265612,3.4554163940417766
c0_half,4.3,4300,0.5,abs,0.02,20.0,0.001,0.5,0.006700957720299273,0.5778335307832388,0.8161546487661363,0.004845388960608499,3.416017182175855
c0_half,4.32,4320,0.5,abs,0.02,20.0,0.001,0.5,0.004266542603526771,0.7237762590524675,0.6900347287144433,0.0027636813593050055,3.447446667970201
c0_half,4.34,4340,0.5,abs,0.02,20.0,0.001,0.5,0.0053270664892017105,0.6409839759345471,0.7675542603589276,0.0035842732513514694,3.411038196845846
c0_half,4.36,4360,0.5,abs,0.02,20.0,0.001,0.5,0.0036750331212810953,0.6940559556525944,0.7199210584662487,0.002286181548539917,3.4391901695234086
c0_half,4.38,4380,0.5,abs,0.02,20.0,0.001,0.5,0.0029105627171211483,,,,
c0_half,4.4,4400,0.5,abs,0.02,20.0,0.001,0.5,0.0023423560512695796,,,,
c0_half,4.42,4420,0.5,abs,0.02,20.0,0.001,0.5,0.0026282257795672845,,,,
c0_half,4.44,4440,0.5,abs,0.02,20.0,0.001,0.5,0.003225364562951234,0.7558239022773402,0.6547749451118711,0.0019167487073149549,3.435478089410628
c0_half,4.46,4460,0.5,abs,0.02,20.0,0.001,0.5,0.00285619834594901,,,,
c0_half,4.48,4480,0.5,abs,0.02,20.0,0.001,0.5,0.00248475138885683,,,,
c0_half,4.5,4500,0.5,abs,0.02,20.0,0.001,0.5,0.002728675865488696,,,,
c0_half,4.5200000000000005,4520,0.5,abs,0.02,20.0,0.001,0.5,0.001955466715945146,,,,
c0_half,4.54,4540,0.5,abs,0.02,20.0,0.001,0.5,0.0041648927393152695,0.7109968522644723,0.7031951905907862,0.0025892037704454566,3.4150456817842585
c0_half,4.5600000000000005,4560,0.5,abs,0.02,20.0,0.001,0.5,0.003219845880671862,0.7956245645884227,0.6057900232122375,0.0017542321173706634,3.4410214709385407
c0_half,4.58,4580,0.5,abs,0.02,20.0,0.001,0.5,0.0024651427320520323,,,,
c0_half,4.6000000000000005,4600,0.5,abs,0.02,20.0,0.001,0.5,0.0012902763553916388,,,,
c0_half,4.62,4620,0.5,abs,0.02,20.0,0.001,0.5,0.0018938921952364777,,,,
c0_half,4.64,4640,0.5,abs,0.02,20.0,0.001,0.5,0.0020767996024304374,,,,
c0_half,4.66,4660,0.5,abs,0.02,20.0,0.001,0.5,0.003448906227174686,0.7039987201893236,0.7102012404746944,0.0021975080312963808,3.4490803944291972
c0_half,4.68,4680,0.5,abs,0.02,20.0,0.001,0.5,0.002418701272968795,,,,
c0_half,4.7,4700,0.5,abs,0.02,20.0,0.001,0.5,0.004094830242733378,0.6193609762670421,0.785106350170177,0.0028704629403724946,3.440540561986543
c0_half,4.72,4720,0.5,abs,0.02,20.0,0.001,0.5,0.0019012622476416601,,,,
c0_half,4.74,4740,0.5,abs,0.02,20.0,0.001,0.5,0.003890424614217796,0.5925640912911354,0.8055233067468072,0.0029271578328746357,3.4350458542416966
c0_half,4.76,4760,0.5,abs,0.02,20.0,0.001,0.5,0.0012524926971721004,,,,
c0_half,4.78,4780,0.5,abs,0.02,20.0,0.001,0.5,0.00317957964519344,0.5656946437398545,0.8246148010095615,0.0024691805045257116,3.4352776172262285
c0_half,4.8,4800,0.5,abs,0.02,20.0,0.001,0.5,0.0009167592335329174,,,,
c0_half,4.82,4820,0.5,abs,0.02,20.0,0.001,0.5,0.004206842025232569,0.6672896331312775,0.7447983253979058,0.0028167490929628764,3.436789650849448
c0_half,4.84,4840,0.5,abs,0.02,20.0,0.001,0.5,0.0019808871105200902,,,,
c0_half,4.86,4860,0.5,abs,0.02,20.0,0.001,0.5,0.005978663443675802,0.6157808749169926,0.7879174538531706,0.004202556809083745,3.4351183538121024
c0_half,4.88,4880,0.5,abs,0.02,20.0,0.001,0.5,0.002348711910319876,,,,
c0_half,4.9,4900,0.5,abs,0.02,20.0,0.001,0.5,0.006723921760332463,0.5856390009807747,0.8105719958956397,0.004815488556648837,3.4327990175895344
c0_half,4.92,4920,0.5,abs,0.02,20.0,0.001,0.5,0.002609062720288254,,,,
c0_half,4.94,4940,0.5,abs,0.02,20.0,0.001,0.5,0.007543415145461355,0.652030386004567,0.7581928354493567,0.005105362207892082,3.435542506375194
c0_half,4.96,4960,0.5,abs,0.02,20.0,0.001,0.5,0.003459607037610835,0.8984164178176917,0.4391445550107926,0.0019104720073131133,3.377646898000032
c0_half,4.98,4980,0.5,abs,0.02,20.0,0.001,0.5,0.008857235515402916,0.5825837222379434,0.8127706974192553,0.006292997208580199,3.430004066202157
c0_half,5.0,5000,0.5,abs,0.02,20.0,0.001,0.5,0.0034401760983117377,0.8974612835599696,0.44109323788842186,0.0016233657639178754,3.4705238398700047
c0_half,5.0200000000000005,5020,0.5,abs,0.02,20.0,0.001,0.5,0.006502386808488312,0.5328865446581587,0.846186699565934,0.004857914536729386,3.4240190607309486
c0_half,5.04,5040,0.5,abs,0.02,20.0,0.001,0.5,0.00230334217409993,,,,
c0_half,5.0600000000000005,5060,0.5,abs,0.02,20.0,0.001,0.5,0.00495425704083707,0.6252753127155034,0.780404243522887,0.003490525244714604,3.4230202119599458
c0_half,5.08,5080,0.5,abs,0.02,20.0,0.001,0.5,0.00237625868271211,,,,
c0_half,5.1000000000000005,5100,0.5,abs,0.02,20.0,0.001,0.5,0.005978734072940094,0.728253261018485,0.6853080970015911,0.0036103081339107206,3.428634999228869
c0_half,5.12,5120,0.5,abs,0.02,20.0,0.001,0.5,0.004078823507350412,0.8954983284867862,0.4450648758073048,0.001826440334756122,3.4663587001767677
c0_half,5.14,5140,0.5,abs,0.02,20.0,0.001,0.5,0.007557460638212059,0.6058243421575027,0.7955984329103652,0.005198649713197064,3.4201946342166742
c0_half,5.16,5160,0.5,abs,0.02,20.0,0.001,0.5,0.004982816796405914,0.7624693902672579,0.6470242877245612,0.0030424920017560345,3.449803188372922
c0_half,5.18,5180,0.5,abs,0.02,20.0,0.001,0.5,0.006295757692447381,0.6826297809949016,0.7307643820677447,0.0041331077599114285,3.41520574714958
c0_half,5.2,5200,0.5,abs,0.02,20.0,0.001,0.5,0.005165082644562208,0.7627681766328962,0.6466720256174122,0.0032026873532398268,3.4479715381615197
c0_half,5.22,5220,0.5,abs,0.02,20.0,0.001,0.5,0.00637378826647289,0.6181463572213748,0.7860630261333659,0.004483695304892301,3.409705129826241
c0_half,5.24,5240,0.5,abs,0.02,20.0,0.001,0.5,0.004588212671118175,0.65098038485168,0.7590945517775495,0.0031514004380935674,3.4426233114151916
c0_half,5.26,5260,0.5,abs,0.02,20.0,0.001,0.5,0.004520248841746789,0.7515164587976263,0.6597143413298483,0.0026661397850479707,3.416514168302786
c0_half,5.28,5280,0.5,abs,0.02,20.0,0.001,0.5,0.0029322341910923977,,,,
c0_half,5.3,5300,0.5,abs,0.02,20.0,0.001,0.5,0.003933355128449254,0.6085885452692622,0.7934859687272632,0.0028199009842838963,3.4129617828662706
c0_half,5.32,5320,0.5,abs,0.02,20.0,0.001,0.5,0.002682715158476981,,,,
c0_half,5.34,5340,0.5,abs,0.02,20.0,0.001,0.5,0.002864396517524653,,,,
c0_half,5.36,5360,0.5,abs,0.02,20.0,0.001,0.5,0.0015730922183524142,,,,
c0_half,5.38,5380,0.5,abs,0.02,20.0,0.001,0.5,0.0035187041964961736,0.6976238930052824,0.7164641679164103,0.0022388026712684356,3.421951927877407
c0_half,5.4,5400,0.5,abs,0.02,20.0,0.001,0.5,0.001894127428834402,,,,
c0_half,5.42,5420,0.5,abs,0.02,20.0,0.001,0.5,0.002773401689193868,,,,
c0_half,5.44,5440,0.5,abs,0.02,20.0,0.001,0.5,0.002822991738771636,,,,
c0_half,5.46,5460,0.5,abs,0.02,20.0,0.001,0.5,0.0019547016921465273,,,,
c0_half,5.48,5480,0.5,abs,0.02,20.0,0.001,0.5,0.002339007669214231,,,,
c0_half,5.5,5500,0.5,abs,0.02,20.0,0.001,0.5,0.0012097350503604764,,,,
c0_half,5.5200000000000005,5520,0.5,abs,0.02,20.0,0.001,0.5,0.0011679257341233107,,,,
c0_half,5.54,5540,0.5,abs,0.02,20.0,0.001,0.5,0.002842082493311264,,,,
c0_half,5.5600000000000005,5560,0.5,abs,0.02,20.0,0.001,0.5,0.002386669013961084,,,,
c0_half,5.58,5580,0.5,abs,0.02,20.0,0.001,0.5,0.004874663428958938,0.5591799879560346,0.8290462840333397,0.003618113443003808,3.430602325655803
c0_half,5.6000000000000005,5600,0.5,abs,0.02,20.0,0.001,0.5,0.0011453628989142146,,,,
c0_half,5.62,5620,0.5,abs,0.02,20.0,0.001,0.5,0.004068817532636401,0.5606199798788092,0.8280732082133098,0.0030250201525586044,3.4334654655463
c0_half,5.64,5640,0.5,abs,0.02,20.0,0.001,0.5,0.0016708396645263056,,,,
c0_half,5.66,5660,0.5,abs,0.02,20.0,0.001,0.5,0.0042885642169414265,0.6187320506506494,0.7856020936184185,0.0029027802003411813,3.4440777305268604
c0_half,5.68,5680,0.5,abs,0.02,20.0,0.001,0.5,0.002317721913232584,,,,
c0_half,5.7,5700,0.5,abs,0.02,20.0,0.001,0.5,0.004161933150346276,0.6005379605481653,0.7995962468275162,0.0029595864532208386,3.442038121612356
c0_half,5.72,5720,0.5,abs,0.02,20.0,0.001,0.5,0.0017412874140344218,,,,
c0_half,5.74,5740,0.5,abs,0.02,20.0,0.001,0.5,0.004836848703417334,0.6075057261051153,0.7943152980709214,0.0033652755273636064,3.437375812530597
c0_half,5.76,5760,0.5,abs,0.02,20.0,0.001,0.5,0.0023744808815505795,,,,
c0_half,5.78,5780,0.5,abs,0.02,20.0,0.001,0.5,0.005510365129526252,0.6177489599095399,0.7863753699923983,0.0037959679273115356,3.4356615141540665
c0_half,5.8,5800,0.5,abs,0.02,20.0,0.001,0.5,0.0024357589004346592,,,,
c0_half,5.82,5820,0.5,abs,0.02,20.0,0.001,0.5,0.006670774615675317,0.6781861994343505,0.7348901134841802,0.004486522429286938,3.4356569253459845
c0_half,5.84,5840,0.5,abs,0.02,20.0,0.001,0.5,0.003372120824984689,0.8976046088154946,0.44080150434541704,0.0018189645706904246,3.373375658777933
c0_half,5.86,5860,0.5,abs,0.02,20.0,0.001,0.5,0.008542732895737553,0.5910527234879625,0.806632926464983,0.005945718189504192,3.425883245580968
c0_half,5.88,5880,0.5,abs,0.02,20.0,0.001,0.5,0.0044579280699544735,0.8339931801719087,0.5517747506245153,0.002331335784019889,3.4625373067337666
c0_half,5.9,5900,0.5,abs,0.02,20.0,0.001,0.5,0.007193965869321813,0.5319085293650165,0.8468018164769991,0.005422312455378113,3.423782779966732
c0_half,5.92,5920,0.5,abs,0.02,20.0,0.001,0.5,0.002759791581420436,,,,
c0_half,5.94,5940,0.5,abs,0.02,20.0,0.001,0.5,0.00604483159234451,0.6497528071279963,0.7601455713409694,0.004132386342321647,3.4295798760052563
c0_half,5.96,5960,0.5,abs,0.02,20.0,0.001,0.5,0.0026409534006990934,,,,
c0_half,5.98,5980,0.5,abs,0.02,20.0,0.001,0.5,0.007184471570170796,0.6418231565961073,0.7668526818476993,0.004859280228233819,3.4295916646267184
c0_half,6.0,6000,0.5,abs,0.02,20.0,0.001,0.5,0.003613976700339971,0.9059629114273284,0.4233570633851744,0.0016004933547751107,3.4717661846476116
c0_half,6.0200000000000005,6020,0.5,abs,0.02,20.0,0.001,0.5,0.0074120807363211956,0.6150544904801748,0.7884846058992989,0.005046320627342959,3.42611667028177
c0_half,6.04,6040,0.5,abs,0.02,20.0,0.001,0.5,0.0040292978594839044,0.8463348072956836,0.5326512873914584,0.002104343676592763,3.45995841673915
c0_half,6.0600000000000005,6060,0.5,abs,0.02,20.0,0.001,0.5,0.006289140801939689,0.5446238225738911,0.8386804468240586,0.004625706802413624,3.4155545860190664
c0_half,6.08,6080,0.5,abs,0.02,20.0,0.001,0.5,0.004372275420379769,0.7081259692792194,0.7060861219655614,0.002815123369988991,3.441767687479752
c0_half,6.1000000000000005,6100,0.5,abs,0.02,20.0,0.001,0.5,0.005000776399369958,0.7299755996505015,0.6834732064352564,0.003102709714162197,3.4098128236664866
c0_half,6.12,6120,0.5,abs,0.02,20.0,0.001,0.5,0.0044238908438768935,0.7287090199101671,0.6848234548418766,0.002735781036777915,3.4434957561639745
c0_half,6.140000000000001,6140,0.5,abs,0.02,20.0,0.001,0.5,0.004708469204933532,0.7673511971395441,0.6412270582629126,0.002777916594625675,3.413843950449154
c0_half,6.16,6160,0.5,abs,0.02,20.0,0.001,0.5,0.004270812379477866,0.7720329781565577,0.6355824735144261,0.0025003903997709675,3.446256015374887
c0_half,6.18,6180,0.5,abs,0.02,20.0,0.001,0.5,0.004205183105102232,0.6072355895989339,0.7945218302378073,0.0032334251034772214,3.402620366327076
c0_half,6.2,6200,0.5,abs,0.02,20.0,0.001,0.5,0.003878131839123329,0.5919624475674137,0.8059655455849194,0.0027615903514553956,3.4357072255101375
c0_half,6.22,6220,0.5,abs,0.02,20.0,0.001,0.5,0.003395716946177461,0.7309485212214721,0.6824326042358637,0.0020892824535030485,3.414686686796852
c0_half,6.24,6240,0.5,abs,0.02,20.0,0.001,0.5,0.002716327427478933,,,,
c0_half,6.26,6260,0.5,abs,0.02,20.0,0.001,0.5,0.005190230446493849,0.7007263773128576,0.7134301256170774,0.003140558048461795,3.424731568444974
c0_half,6.28,6280,0.5,abs,0.02,20.0,0.001,0.5,0.0023913419163628315,,,,
c0_half,6.3,6300,0.5,abs,0.02,20.0,0.001,0.5,0.004044704410878368,0.5824405480231826,0.8128733037924514,0.0029824325279520546,3.4120783923650606
c0_half,6.32,6320,0.5,abs,0.02,20.0,0.001,0.5,0.0026046192647416065,,,,
c0_half,6.34,6340,0.5,abs,0.02,20.0,0.001,0.5,0.0011212386349382202,,,,
c0_half,6.36,6360,0.5,abs,0.02,20.0,0.001,0.5,0.0010715155328148733,,,,
c0_half,6.38,6380,0.5,abs,0.02,20.0,0.001,0.5,0.0008316803810906895,,,,
c0_half,6.4,6400,0.5,abs,0.02,20.0,0.001,0.5,0.0008716547639636574,,,,
c0_half,6.42,6420,0.5,abs,0.02,20.0,0.001,0.5,0.002164297057571416,,,,
c0_half,6.44,6440,0.5,abs,0.02,20.0,0.001,0.5,0.0013193029098308464,,,,
c0_half,6.46,6460,0.5,abs,0.02,20.0,0.001,0.5,0.0032520803494544017,0.6295369579468694,0.7769705390676032,0.0022180423339996105,3.426978493063512
c0_half,6.48,6480,0.5,abs,0.02,20.0,0.001,0.5,0.0008664855162376616,,,,
c0_half,6.5,6500,0.5,abs,0.02,20.0,0.001,0.5,0.003385407015695771,0.5819491800248615,0.8132251544734654,0.0024321745007394166,3.424563534315448
c0_half,6.5200000000000005,6520,0.5,abs,0.02,20.0,0.001,0.5,0.0008295535021251758,,,,
c0_half,6.54,6540,0.5,abs,0.02,20.0,0.001,0.5,0.003794135321429338,0.6708992460961336,0.7415485160039361,0.002485831704833794,3.4409757171412423
c0_half,6.5600000000000005,6560,0.5,abs,0.02,20.0,0.001,0.5,0.0020688940537594677,,,,
c0_half,6.58,6580,0.5,abs,0.02,20.0,0.001,0.5,0.005157464421711209,0.5352837368284808,0.8446723158047371,0.003821398638813946,3.4363731802031126
c0_half,6.6000000000000005,6600,0.5,abs,0.02,20.0,0.001,0.5,0.0015508987633914208,,,,
c0_half,6.62,6620,0.5,abs,0.02,20.0,0.001,0.5,0.005082246165591222,0.5915532066044075,0.8062659634116047,0.0034990951007054694,3.4383264800956574
c0_half,6.640000000000001,6640,0.5,abs,0.02,20.0,0.001,0.5,0.0029643916949021547,,,,
c0_half,6.66,6660,0.5,abs,0.02,20.0,0.001,0.5,0.006440829319286525,0.6680913863641947,0.7440792292934727,0.0040418369000375315,3.443710824057103
c0_half,6.68,6680,0.5,abs,0.02,20.0,0.001,0.5,0.004119726987817671,0.6841879215904462,0.7293057575185773,0.002837426687942415,3.401616596128786
c0_half,6.7,6700,0.5,abs,0.02,20.0,0.001,0.5,0.006799154459829009,0.6097577849299618,0.7925878145147743,0.004810231831906894,3.4365282600513947
c0_half,6.72,6720,0.5,abs,0.02,20.0,0.001,0.5,0.002683193862594908,,,,
c0_half,6.74,6740,0.5,abs,0.02,20.0,0.001,0.5,0.006698334849567782,0.542049091324951,0.8403468228022253,0.004888697772866163,3.427262940178924
c0_half,6.76,6760,0.5,abs,0.02,20.0,0.001,0.5,0.0031242599461191105,0.8439605930297319,0.5364051802629273,0.0015915566347360136,3.4599853016133952
c0_half,6.78,6780,0.5,abs,0.02,20.0,0.001,0.5,0.005936095149833039,0.6095667810134289,0.7927347220129356,0.004109799169958196,3.425425601800331
c0_half,6.8,6800,0.5,abs,0.02,20.0,0.001,0.5,0.002516428137415007,,,,
c0_half,6.82,6820,0.5,abs,0.02,20.0,0.001,0.5,0.005990869593012938,0.5972489939201694,0.8020558828793326,0.0042545205931910236,3.424868628366255
c0_half,6.84,6840,0.5,abs,0.02,20.0,0.001,0.5,0.002991057161287686,,,,
c0_half,6.86,6860,0.5,abs,0.02,20.0,0.001,0.5,0.0071253115208274745,0.7125038117539914,0.7016682394380074,0.004424817393482957,3.429733996077452
c0_half,6.88,6880,0.5,abs,0.02,20.0,0.001,0.5,0.0046526818419800695,0.9053011167556718,0.4247703944496764,0.0020144339012102054,3.4719332410335806
c0_half,6.9,6900,0.5,abs,0.02,20.0,0.001,0.5,0.009007960487741334,0.5717877355059632,0.8204016001477343,0.006319380413079556,3.423121530948995
c0_half,6.92,6920,0.5,abs,0.02,20.0,0.001,0.5,0.005127110223805038,0.7714403120645653,0.6363016933198639,0.0029171919658782515,3.4574278874460624
c0_half,6.94,6940,0.5,abs,0.02,20.0,0.001,0.5,0.007049032526353869,0.5705204831401247,0.8212833727268309,0.005044329645802923,3.4214386385410798
c0_half,6.96,6960,0.5,abs,0.02,20.0,0.001,0.5,0.0037105031866467427,0.791209050298728,0.6115457781109971,0.0020494601854467755,3.4558311973019133
c0_half,6.98,6980,0.5,abs,0.02,20.0,0.001,0.5,0.006072315055680873,0.6325338492202972,0.7745327169271511,0.004018285082363078,3.419081061472861
c0_half,7.0,7000,0.5,abs,0.02,20.0,0.001,0.5,0.0037004538535129034,0.7689523860013163,0.6393060519523357,0.002229927545525946,3.449632144021221
c0_half,7.0200000000000005,7020,0.5,abs,0.02,20.0,0.001,0.5,0.005065020815976249,0.7185539715071234,0.6954712000013662,0.003100976820661974,3.4165806292588954
c0_half,7.04,7040,0.5,abs,0.02,20.0,0.001,0.5,0.0035233675790640536,0.7851799216121734,0.6192677051946931,0.0020370621977980393,3.448199608561845
c0_half,7.0600000000000005,7060,0.5,abs,0.02,20.0,0.001,0.5,0.0033540962815646553,0.5592806365664913,0.8289783890800654,0.002778798425950414,3.400150463390016
c0_half,7.08,7080,0.5,abs,0.02,20.0,0.001,0.5,0.0032346893335628937,0.5767772709433358,0.816901450435215,0.002364300185661076,3.4280792340575985
c0_half,7.1000000000000005,7100,0.5,abs,0.02,20.0,0.001,0.5,0.002795065683169326,,,,
c0_half,7.12,7120,0.5,abs,0.02,20.0,0.001,0.5,0.002707168770007275,,,,
c0_half,7.140000000000001,7140,0.5,abs,0.02,20.0,0.001,0.5,0.00528012015189784,0.7382458580076793,0.6745317287826463,0.0031178645687621907,3.4160053901145915
c0_half,7.16,7160,0.5,abs,0.02,20.0,0.001,0.5,0.00454601256565696,0.7807208686033309,0.62487992872812,0.0025588592644304156,3.444893614269418
c0_half,7.18,7180,0.5,abs,0.02,20.0,0.001,0.5,0.004345213485335499,0.661310465061777,0.7501123041250398,0.0031501969641216576,3.4058351656978587
c0_half,7.2,7200,0.5,abs,0.02,20.0,0.001,0.5,0.0037448690348389118,0.6768363211681611,0.736133543827171,0.002429450532069429,3.4336538371081673
c0_half,7.22,7220,0.5,abs,0.02,20.0,0.001,0.5,0.0018081246072317466,,,,
c0_half,7.24,7240,0.5,abs,0.02,20.0,0.001,0.5,0.0018277514070231234,,,,
c0_half,7.26,7260,0.5,abs,0.02,20.0,0.001,0.5,0.0018234701824420944,,,,
c0_half,7.28,7280,0.5,abs,0.02,20.0,0.001,0.5,0.0011073190463606207,,,,
c0_half,7.3,7300,0.5,abs,0.02,20.0,0.001,0.5,0.003037203469924389,0.7238802634168924,0.6899256222488702,0.00195878302731303,3.444889842050708
c0_half,7.32,7320,0.5,abs,0.02,20.0,0.001,0.5,0.0017455751293678845,,,,
c0_half,7.34,7340,0.5,abs,0.02,20.0,0.001,0.5,0.0031815469319851305,0.4560676354594336,0.8899451173451325,0.002588919199913132,3.430389546949007
c0_half,7.36,7360,0.5,abs,0.02,20.0,0.001,0.5,0.0008638631296625291,,,,
c0_half,7.38,7380,0.5,abs,0.02,20.0,0.001,0.5,0.0018784728683270018,,,,
c0_half,7.4,7400,0.5,abs,0.02,20.0,0.001,0.5,0.000999890807261256,,,,
c0_half,7.42,7420,0.5,abs,0.02,20.0,0.001,0.5,0.0029835337064129785,,,,
c0_half,7.44,7440,0.5,abs,0.02,20.0,0.001,0.5,0.001386637623159712,,,,
c0_half,7.46,7460,0.5,abs,0.02,20.0,0.001,0.5,0.0034640353338644377,0.5488815673511107,0.8359001286171622,0.0026346628409672085,3.4325572298969647
c0_half,7.48,7480,0.5,abs,0.02,20.0,0.001,0.5,0.0008942273240495298,,,,
c0_half,7.5,7500,0.5,abs,0.02,20.0,0.001,0.5,0.003964296368904322,0.618120324657425,0.7860834969934171,0.002714876844930688,3.4363725640146807
c0_half,7.5200000000000005,7520,0.5,abs,0.02,20.0,0.001,0.5,0.002442113615715645,,,,
c0_half,7.54,7540,0.5,abs,0.02,20.0,0.001,0.5,0.006599076029877605,0.6974335287061759,0.7166494771061038,0.004090980103500388,3.4398222563709737
c0_half,7.5600000000000005,7560,0.5,abs,0.02,20.0,0.001,0.5,0.003947058671713026,0.8192302416972861,0.5734647426726477,0.0024015598164045145,3.397778054700936
c0_half,7.58,7580,0.5,abs,0.02,20.0,0.001,0.5,0.00774277166075119,0.6287550549570943,0.7776034213311445,0.005408863989401476,3.4375372836165248
c0_half,7.6000000000000005,7600,0.5,abs,0.02,20.0,0.001,0.5,0.003281917787671517,0.7569188947266177,0.6535088268767573,0.002518305758977349,3.372542821418632
c0_half,7.62,7620,0.5,abs,0.02,20.0,0.001,0.5,0.007307271392567302,0.48574360280898315,0.8741013398514778,0.005672286477243163,3.4272137781435426
c0_half,7.640000000000001,7640,0.5,abs,0.02,20.0,0.001,0.5,0.0023481150491436987,,,,
c0_half,7.66,7660,0.5,abs,0.02,20.0,0.001,0.5,0.005531250727641712,0.5904494940662366,0.8070745907020768,0.0039515291827755036,3.432939152225563
c0_half,7.68,7680,0.5,abs,0.02,20.0,0.001,0.5,0.0019291688521647348,,,,
c0_half,7.7,7700,0.5,abs,0.02,20.0,0.001,0.5,0.006109331706981042,0.6524288713949378,0.7578499638914868,0.004156947349878115,3.434386854702405
c0_half,7.72,7720,0.5,abs,0.02,20.0,0.001,0.5,0.002592982286985114,,,,
c0_half,7.74,7740,0.5,abs,0.02,20.0,0.001,0.5,0.006300294094978928,0.5954254925356943,0.8034105319440524,0.0044294723056374,3.4254406620501836
c0_half,7.76,7760,0.5,abs,0.02,20.0,0.001,0.5,0.0038736809644802197,0.8394493403714852,0.543437949493664,0.0019303494259210183,3.4623053477267334
c0_half,7.78,7780,0.5,abs,0.02,20.0,0.001,0.5,0.00713153734761428,0.6513005044458616,0.7588199080866066,0.004645293889669057,3.4245578026337373
c0_half,7.8,7800,0.5,abs,0.02,20.0,0.001,0.5,0.004711294624306496,0.8349344066925246,0.5503494676303431,0.0024052279057885356,3.460283825291853
c0_half,7.82,7820,0.5,abs,0.02,20.0,0.001,0.5,0.007680433187878964,0.5971885254407351,0.8021009070446936,0.005343204274015281,3.420273173596293
c0_half,7.84,7840,0.5,abs,0.02,20.0,0.001,0.5,0.005065065519231275,0.7690954732758296,0.639133908493852,0.0028879892307321726,3.4533274053209784
c0_half,7.86,7860,0.5,abs,0.02,20.0,0.001,0.5,0.0071601293620586265,0.6491110579516383,0.7606936534801014,0.004668044072760506,3.418160370349975
c0_half,7.88,7880,0.5,abs,0.02,20.0,0.001,0.5,0.004534216631640237,0.7602349262634878,0.6496482562811582,0.0027623909463753093,3.4509533926984197
c0_half,7.9,7900,0.5,abs,0.02,20.0,0.001,0.5,0.00583436335910656,0.6729146010096315,0.73972017665334,0.003847423653638229,3.414176563331708
c0_half,7.92,7920,0.5,abs,0.02,20.0,0.001,0.5,0.004058619646309169,0.7169362029751445,0.6971387816379051,0.002630737160295293,3.450695157757597
c0_half,7.94,7940,0.5,abs,0.02,20.0,0.001,0.5,0.004753248926688841,0.5698588235669466,0.8217426125027811,0.0034567982858640014,3.4150044504575394
c0_half,7.96,7960,0.5,abs,0.02,20.0,0.001,0.5,0.002473979408330786,,,,
c0_half,7.98,7980,0.5,abs,0.02,20.0,0.001,0.5,0.003853542662599124,0.6800276052011536,0.7331865084440546,0.0024625109881854573,3.426094244211317
c0_half,8.0,8000,0.5,abs,0.02,20.0,0.001,0.5,0.0023107753352953095,,,,
c0_half,8.02,8020,0.5,abs,0.02,20.0,0.001,0.5,0.005111876170656596,0.6924934180149261,0.7214241928338726,0.003162160697968314,3.4190945751293853
c0_half,8.040000000000001,8040,0.5,abs,0.02,20.0,0.001,0.5,0.003942508179790964,0.8221451272452555,0.5692779547346642,0.0020264642490874975,3.4422894574349545
c0_half,8.06,8060,0.5,abs,0.02,20.0,0.001,0.5,0.003544236503089409,0.7319773645055688,0.6813289498116764,0.002492401980094594,3.401214667745146
c0_half,8.08,8080,0.5,abs,0.02,20.0,0.001,0.5,0.003543427281897633,0.7059097771427112,0.7083017623402668,0.0022933115824096337,3.430367568142257
c0_half,8.1,8100,0.5,abs,0.02,20.0,0.001,0.5,0.00145461607104772,,,,
c0_half,8.120000000000001,8120,0.5,abs,0.02,20.0,0.001,0.5,0.002708391625437085,,,,
c0_half,8.14,8140,0.5,abs,0.02,20.0,0.001,0.5,0.0011628051571581453,,,,
c0_half,8.16,8160,0.5,abs,0.02,20.0,0.001,0.5,0.001278564169544554,,,,
c0_half,8.18,8180,0.5,abs,0.02,20.0,0.001,0.5,0.0034532292151828983,0.7398479501250672,0.6727741156552742,0.002067718212273711,3.430211402694109
c0_half,8.2,8200,0.5,abs,0.02,20.0,0.001,0.5,0.0012045698576572583,,,,
c0_half,8.22,8220,0.5,abs,0.02,20.0,0.001,0.5,0.0033844899970818763,0.5590185675788145,0.8291551369328486,0.002724184188777765,3.4240841430771063
c0_half,8.24,8240,0.5,abs,0.02,20.0,0.001,0.5,0.0008573735855478764,,,,
c0_half,8.26,8260,0.5,abs,0.02,20.0,0.001,0.5,0.002986442059614419,,,,
c0_half,8.28,8280,0.5,abs,0.02,20.0,0.001,0.5,0.0014193399106758385,,,,
c0_half,8.3,8300,0.5,abs,0.02,20.0,0.001,0.5,0.003313677011714049,0.6575622765579107,0.7534001940854396,0.0024078912181734508,3.4389187089430386
c0_half,8.32,8320,0.5,abs,0.02,20.0,0.001,0.5,0.001291145379681953,,,,
c0_half,8.34,8340,0.5,abs,0.02,20.0,0.001,0.5,0.0032953871155321605,0.5307231728335762,0.8475452281839962,0.0025893992535952295,3.4399854788222957
c0_half,8.36,8360,0.5,abs,0.02,20.0,0.001,0.5,0.0014047543650176112,,,,
c0_half,8.38,8380,0.5,abs,0.02,20.0,0.001,0.5,0.0030171092328799424,0.7333828173732164,0.6798158891800954,0.0019130683930531263,3.449674146602545
c0_half,8.4,8400,0.5,abs,0.02,20.0,0.001,0.5,0.0028105900427192916,,,,
c0_half,8.42,8420,0.5,abs,0.02,20.0,0.001,0.5,0.005114918961374764,0.6956660803262343,0.7183653003058634,0.0032555739348462003,3.4395571621647694
c0_half,8.44,8440,0.5,abs,0.02,20.0,0.001,0.5,0.0027997111711591948,,,,
c0_half,8.46,8460,0.5,abs,0.02,20.0,0.001,0.5,0.0065215260654548825,0.6449788793468768,0.7642003959672141,0.004538606574171184,3.4347935021470892
c0_half,8.48,8480,0.5,abs,0.02,20.0,0.001,0.5,0.002507063020101439,,,,
c0_half,8.5,8500,0.5,abs,0.02,20.0,0.001,0.5,0.006404751856872417,0.5499069115273579,0.8352259506591272,0.0048498321902451826,3.427687052793356
c0_half,8.52,8520,0.5,abs,0.02,20.0,0.001,0.5,0.0029279512932269464,,,,
c0_half,8.540000000000001,8540,0.5,abs,0.02,20.0,0.001,0.5,0.006533395627745858,0.6177408105241818,0.786381771795943,0.004676452585041227,3.4292567547175654
c0_half,8.56,8560,0.5,abs,0.02,20.0,0.001,0.5,0.0021335973175633438,,,,
c0_half,8.58,8580,0.5,abs,0.02,20.0,0.001,0.5,0.006735629740512317,0.6454419399661668,0.7638093362434833,0.004728035733939501,3.4330002946237723
c0_half,8.6,8600,0.5,abs,0.02,20.0,0.001,0.5,0.0026328130339832996,,,,
c0_half,8.620000000000001,8620,0.5,abs,0.02,20.0,0.001,0.5,0.007028552144807405,0.6440039700850159,0.7650221477282457,0.0049432337628166215,3.434460617692384
c0_half,8.64,8640,0.5,abs,0.02,20.0,0.001,0.5,0.0028564993259813636,,,,
c0_half,8.66,8660,0.5,abs,0.02,20.0,0.001,0.5,0.007566262504039219,0.5392997799627337,0.8421138565135637,0.005522556110258187,3.4235448759044047
c0_half,8.68,8680,0.5,abs,0.02,20.0,0.001,0.5,0.004136419644818716,0.7795447659388403,0.6263465158339743,0.0022837038768508356,3.457693030069864
c0_half,8.700000000000001,8700,0.5,abs,0.02,20.0,0.001,0.5,0.006559090641860431,0.6429831632352367,0.7658803116649553,0.004354488428853264,3.427346793827093
c0_half,8.72,8720,0.5,abs,0.02,20.0,0.001,0.5,0.003573427149144863,0.887048136729186,0.4616769467119618,0.0016376971438876505,3.4622071126349407
c0_half,8.74,8740,0.5,abs,0.02,20.0,0.001,0.5,0.0069607881043297634,0.6351892355427017,0.7723565465836867,0.004613990163905648,3.417573293092838
c0_half,8.76,8760,0.5,abs,0.02,20.0,0.001,0.5,0.004659785142543938,0.7440668140508473,0.6681052134418813,0.0028636868653307422,3.447294189556116
c0_half,8.78,8780,0.5,abs,0.02,20.0,0.001,0.5,0.0049804429209899664,0.7077695973584774,0.7064433431316476,0.0033287359915490145,3.408862202894813
c0_half,8.8,8800,0.5,abs,0.02,20.0,0.001,0.5,0.004433329961326373,0.6996990212100781,0.7144377367676334,0.002928025902735894,3.444487668690334
c0_half,8.82,8820,0.5,abs,0.02,20.0,0.001,0.5,0.004824466834262769,0.6637090059181208,0.7479908792647009,0.0032941729278573415,3.409692668711875
c0_half,8.84,8840,0.5,abs,0.02,20.0,0.001,0.5,0.004086395109357497,0.6979612453004947,0.7161355319062046,0.002568624199321308,3.4487006600127046
c0_half,8.86,8860,0.5,abs,0.02,20.0,0.001,0.5,0.005411170824108958,0.6815658179772599,0.7317568146351552,0.003385880519480055,3.4245316143269573
c0_half,8.88,8880,0.5,abs,0.02,20.0,0.001,0.5,0.0035381561680557666,0.8523975261272778,0.5228943081083373,0.0017978671383998821,3.454915816730674
c0_half,8.9,8900,0.5,abs,0.02,20.0,0.001,0.5,0.006170026576201548,0.6594288287618474,0.7517669983430889,0.0040050929456212905,3.4184818698968833
c0_half,8.92,8920,0.5,abs,0.02,20.0,0.001,0.5,0.0039042355704456706,0.7923446012875391,0.6100737929222092,0.0022722033757852085,3.4485171862962414
c0_half,8.94,8940,0.5,abs,0.02,20.0,0.001,0.5,0.004672382964192405,0.6192391547668706,0.7852024383581672,0.0034246203890682275,3.406808200890259
c0_half,8.96,8960,0.5,abs,0.02,20.0,0.001,0.5,0.0035796728479280037,0.6656495297334714,0.7462644997355886,0.0023434869009471403,3.434009192517509
c0_half,8.98,8980,0.5,abs,0.02,20.0,0.001,0.5,0.0017838848825929615,,,,
c0_half,9.0,9000,0.5,abs,0.02,20.0,0.001,0.5,0.001373100127226572,,,,
c0_half,9.02,9020,0.5,abs,0.02,20.0,0.001,0.5,0.0010168924010875958,,,,
c0_half,9.040000000000001,9040,0.5,abs,0.02,20.0,0.001,0.5,0.0008930760115259445,,,,
c0_half,9.06,9060,0.5,abs,0.02,20.0,0.001,0.5,0.0025328328996579203,,,,
c0_half,9.08,9080,0.5,abs,0.02,20.0,0.001,0.5,0.0011089093411641917,,,,
c0_half,9.1,9100,0.5,abs,0.02,20.0,0.001,0.5,0.0025109453752450096,,,,
c0_half,9.120000000000001,9120,0.5,abs,0.02,20.0,0.001,0.5,0.000999069358758579,,,,
c0_half,9.14,9140,0.5,abs,0.02,20.0,0.001,0.5,0.0024086600937467625,,,,
c0_half,9.16,9160,0.5,abs,0.02,20.0,0.001,0.5,0.0012462883818231657,,,,
c0_half,9.18,9180,0.5,abs,0.02,20.0,0.001,0.5,0.003837394191997216,0.6181850374872226,0.7860326071015892,0.002623136505973656,3.42644612428073
c0_half,9.200000000000001,9200,0.5,abs,0.02,20.0,0.001,0.5,0.0013951332400870251,,,,
c0_half,9.22,9220,0.5,abs,0.02,20.0,0.001,0.5,0.0034138304660594034,0.5386876697753413,0.842505545638729,0.0026453847135366228,3.43514804155671
c0_half,9.24,9240,0.5,abs,0.02,20.0,0.001,0.5,0.001678263328090473,,,,
c0_half,9.26,9260,0.5,abs,0.02,20.0,0.001,0.5,0.004143644536158789,0.7022845630130672,0.7118963355387812,0.0025491560677782955,3.449149043600748
c0_half,9.28,9280,0.5,abs,0.02,20.0,0.001,0.5,0.0036533444609211335,0.6250817842674036,0.7805592629500203,0.0026745902353473303,3.416939168008124
c0_half,9.3,9300,0.5,abs,0.02,20.0,0.001,0.5,0.005774668147208649,0.6524161719787985,0.7578608965638288,0.003745605236704621,3.443045433678437
c0_half,9.32,9320,0.5,abs,0.02,20.0,0.001,0.5,0.0033467183586060457,0.7455094168885993,0.6664950932530714,0.002211582818356496,3.4047787007217902
c0_half,9.34,9340,0.5,abs,0.02,20.0,0.001,0.5,0.0058737604847889455,0.6395418558571693,0.7687562777673872,0.0040769348235798995,3.439140333850025
c0_half,9.36,9360,0.5,abs,0.02,20.0,0.001,0.5,0.0026545735026473885,,,,
c0_half,9.38,9380,0.5,abs,0.02,20.0,0.001,0.5,0.005620771605448252,0.4698260843607442,0.8827589990785996,0.004463975218036941,3.429597146848483
c0_half,9.4,9400,0.5,abs,0.02,20.0,0.001,0.5,0.001329613419914789,,,,
c0_half,9.42,9420,0.5,abs,0.02,20.0,0.001,0.5,0.004565404635708415,0.6136298203565502,0.7895938472209544,0.0032989190619504634,3.4302430714875705
c0_half,9.44,9440,0.5,abs,0.02,20.0,0.001,0.5,0.0017385246898375427,,,,
c0_half,9.46,9460,0.5,abs,0.02,20.0,0.001,0.5,0.006264778784897632,0.685884673356277,0.727710254740823,0.004110653180141823,3.43327364992391
c0_half,9.48,9480,0.5,abs,0.02,20.0,0.001,0.5,0.0028597125359078835,,,,
c0_half,9.5,9500,0.5,abs,0.02,20.0,0.001,0.5,0.007623971778220261,0.6020166996875552,0.7984834959454727,0.0053667828269532885,3.427926418283434
c0_half,9.52,9520,0.5,abs,0.02,20.0,0.001,0.5,0.0036934287730373857,0.8852438397418829,0.46512723441983866,0.0017550970563944173,3.4726869324845886
c0_half,9.540000000000001,9540,0.5,abs,0.02,20.0,0.001,0.5,0.0074593155779418,0.5722839496830933,0.8200555352749707,0.005391931180047158,3.427692383183077
c0_half,9.56,9560,0.5,abs,0.02,20.0,0.001,0.5,0.004220109955064727,0.8654637451473052,0.500971561903069,0.0019744162520131574,3.467127384187947
c0_half,9.58,9580,0.5,abs,0.02,20.0,0.001,0.5,0.008310434300836198,0.6194641278336583,0.785024964142724,0.005670140072808172,3.427503911626374
c0_half,9.6,9600,0.5,abs,0.02,20.0,0.001,0.5,0.004284470441991881,0.8688856560875804,0.4950128449295581,0.002017148528481341,3.466630432604008
c0_half,9.620000000000001,9620,0.5,abs,0.02,20.0,0.001,0.5,0.007648316000543438,0.6149102935415004,0.788597064981037,0.005166721624754324,3.424376019030971
c0_half,9.64,9640,0.5,abs,0.02,20.0,0.001,0.5,0.003404496149523726,0.8461467880689034,0.5329499160715556,0.0018816656134655182,3.4575803503862304
c0_half,9.66,9660,0.5,abs,0.02,20.0,0.001,0.5,0.005226779126992233,0.5780108984777821,0.8160290443611102,0.0038784654319701504,3.410707417040591
c0_half,9.68,9680,0.5,abs,0.02,20.0,0.001,0.5,0.0032725519515245938,0.6456130788157736,0.7636646858811906,0.002340644136103698,3.4428465622539726
c0_half,9.700000000000001,9700,0.5,abs,0.02,20.0,0.001,0.5,0.00362221950218469,0.7255570714379886,0.6881619984322945,0.002299210305660217,3.4129927338423336
c0_half,9.72,9720,0.5,abs,0.02,20.0,0.001,0.5,0.003171430798750153,0.7855076226508266,0.6188519812987967,0.0018174376745612624,3.4494990392120464
c0_half,9.74,9740,0.5,abs,0.02,20.0,0.001,0.5,0.005363465896594259,0.7246358036396002,0.689132028049481,0.0031952495961665287,3.4246017121682524
c0_half,9.76,9760,0.5,abs,0.02,20.0,0.001,0.5,0.003730262078107092,0.8680983291818635,0.49639227519337686,0.0018926139009100866,3.4536707561223423
c0_half,9.78,9780,0.5,abs,0.02,20.0,0.001,0.5,0.006078815927024542,0.6572807567498565,0.753645809917587,0.004086052251623512,3.4126130561961823
c0_half,9.8,9800,0.5,abs,0.02,20.0,0.001,0.5,0.005491854640981782,0.7229189136253077,0.6909328797522991,0.003323864910617737,3.4402118031630877
c0_half,9.82,9820,0.5,abs,0.02,20.0,0.001,0.5,0.004358686980362592,0.7221359165850975,0.6917511965857388,0.003065797057463128,3.4016500613030196
c0_half,9.84,9840,0.5,abs,0.02,20.0,0.001,0.5,0.004352949571909738,0.6591265694829842,0.7520320241861997,0.002875688552554953,3.4383031107669577
c0_half,9.86,9860,0.5,abs,0.02,20.0,0.001,0.5,0.003199470167949515,0.7208340286633798,0.6931077139384048,0.0021878049995443464,3.4003808983398347
c0_half,9.88,9880,0.5,abs,0.02,20.0,0.001,0.5,0.0027000665542129456,,,,
c0_half,9.9,9900,0.5,abs,0.02,20.0,0.001,0.5,0.002513387065915813,,,,
c0_half,9.92,9920,0.5,abs,0.02,20.0,0.001,0.5,0.0010139303352777744,,,,
c0_half,9.94,9940,0.5,abs,0.02,20.0,0.001,0.5,0.002888099384112627,,,,
c0_half,9.96,9960,0.5,abs,0.02,20.0,0.001,0.5,0.000921321218927368,,,,
c0_half,9.98,9980,0.5,abs,0.02,20.0,0.001,0.5,0.0025725143025253795,,,,
c0_half,10.0,10000,0.5,abs,0.02,20.0,0.001,0.5,0.0009365701342372645,,,,
c0_half,10.02,10020,0.5,abs,0.02,20.0,0.001,0.5,0.0019292495536471662,,,,
c0_half,10.040000000000001,10040,0.5,abs,0.02,20.0,0.001,0.5,0.0011487544306354983,,,,
c0_half,10.06,10060,0.5,abs,0.02,20.0,0.001,0.5,0.0026298546920057687,,,,
c0_half,10.08,10080,0.5,abs,0.02,20.0,0.001,0.5,0.0015262339509540298,,,,
c0_half,10.1,10100,0.5,abs,0.02,20.0,0.001,0.5,0.001921141103590329,,,,
c0_half,10.120000000000001,10120,0.5,abs,0.02,20.0,0.001,0.5,0.0009191111677327497,,,,
c0_half,10.14,10140,0.5,abs,0.02,20.0,0.001,0.5,0.003317762403343845,0.7893338726087157,0.6139641989175978,0.0018288165436996656,3.451233221362294
c0_half,10.16,10160,0.5,abs,0.02,20.0,0.001,0.5,0.0033779633712930535,0.6422067359546763,0.7665314789977259,0.002388710391716208,3.415316444321437
c0_half,10.18,10180,0.5,abs,0.02,20.0,0.001,0.5,0.005683083868139553,0.6765231609090002,0.7364213554438078,0.0037300180678778577,3.438838217691819
c0_half,10.200000000000001,10200,0.5,abs,0.02,20.0,0.001,0.5,0.0029074757792698336,,,,
c0_half,10.22,10220,0.5,abs,0.02,20.0,0.001,0.5,0.006288307327887681,0.5960855752069358,0.8029209095734251,0.0045978750758960294,3.4350155349250393
c0_half,10.24,10240,0.5,abs,0.02,20.0,0.001,0.5,0.0022017332326498187,,,,
c0_half,10.26,10260,0.5,abs,0.02,20.0,0.001,0.5,0.0061897644295704725,0.4948061678491725,0.8690033695322572,0.004761360776419931,3.4326947164021924
c0_half,10.28,10280,0.5,abs,0.02,20.0,0.001,0.5,0.0015525538700317371,,,,
c0_half,10.3,10300,0.5,abs,0.02,20.0,0.001,0.5,0.005368884399857201,0.6366020812508937,0.771192446894438,0.003550217462019107,3.441361839002459
c0_half,10.32,10320,0.5,abs,0.02,20.0,0.001,0.5,0.0025928489446116225,,,,
c0_half,10.34,10340,0.5,abs,0.02,20.0,0.001,0.5,0.0059236325658695455,0.638595374217477,0.7695426875931185,0.004162710836655784,3.433999104634445
c0_half,10.36,10360,0.5,abs,0.02,20.0,0.001,0.5,0.0023780152007461188,,,,
c0_half,10.38,10380,0.5,abs,0.02,20.0,0.001,0.5,0.006065877740600367,0.5976006473584454,0.8017939051132571,0.004367540849793704,3.4304359628404413
c0_half,10.4,10400,0.5,abs,0.02,20.0,0.001,0.5,0.002522848357221424,,,,
c0_half,10.42,10420,0.5,abs,0.02,20.0,0.001,0.5,0.0065315932015748155,0.5867067376987883,0.8097994837852427,0.004709932989177691,3.4271001026241645
c0_half,10.44,10440,0.5,abs,0.02,20.0,0.001,0.5,0.003911030124055759,0.8694442014483653,0.49403115343854026,0.0018160427621899812,3.4650358221286996
c0_half,10.46,10460,0.5,abs,0.02,20.0,0.001,0.5,0.007930061045934439,0.6882213140995167,0.7255008082828951,0.004981002065811881,3.428671035798482
c0_half,10.48,10480,0.5,abs,0.02,20.0,0.001,0.5,0.0051840513490164376,0.8835832098289587,0.4682741839012212,0.002374867752803339,3.463634142185292
c0_half,10.5,10500,0.5,abs,0.02,20.0,0.001,0.5,0.00888098079414636,0.5819994154827189,0.8131892033086603,0.006244816818933752,3.41897463189132
c0_half,10.52,10520,0.5,abs,0.02,20.0,0.001,0.5,0.004616802565544015,0.7280607458549753,0.685512618662193,0.0029557072680428263,3.453367656910423
c0_half,10.540000000000001,10540,0.5,abs,0.02,20.0,0.001,0.5,0.0056050994828659734,0.6106299177551128,0.791916096276862,0.0040373410448451925,3.414560660768565
c0_half,10.56,10560,0.5,abs,0.02,20.0,0.001,0.5,0.0034835374638302933,0.7478326562807942,0.6638872782332944,0.002107296388667073,3.4547728832109907
c0_half,10.58,10580,0.5,abs,0.02,20.0,0.001,0.5,0.0053858004214745875,0.6693825623386567,0.7429178859315033,0.0035263196892969043,3.423354235831294
c0_half,10.6,10600,0.5,abs,0.02,20.0,0.001,0.5,0.0033711560145888554,0.8510287241122575,0.5251191395634551,0.0016965914523239692,3.461269331740583
c0_half,10.620000000000001,10620,0.5,abs,0.02,20.0,0.001,0.5,0.006137764992132828,0.6888387587006418,0.7249145911842021,0.003884028028353983,3.428696859566532
c0_half,10.64,10640,0.5,abs,0.02,20.0,0.001,0.5,0.0035252134063533413,0.8980850504149759,0.4398218300870596,0.0016458784118822236,3.4615057836938945
c0_half,10.66,10660,0.5,abs,0.02,20.0,0.001,0.5,0.006332048589000412,0.5807863904495464,0.8140559984844944,0.0045272467486436,3.415718657489416
c0_half,10.68,10680,0.5,abs,0.02,20.0,0.001,0.5,0.004343168550352419,0.7568543270111521,0.6535836042041568,0.0025490007024255978,3.439397984277255
c0_half,10.700000000000001,10700,0.5,abs,0.02,20.0,0.001,0.5,0.0033442787215001214,0.6824613068493816,0.7309217226580657,0.002739525725362778,3.3885613098252083
c0_half,10.72,10720,0.5,abs,0.02,20.0,0.001,0.5,0.004236695230378768,0.5772250344886748,0.8165851208291446,0.002987508408498602,3.426890404681897
c0_half,10.74,10740,0.5,abs,0.02,20.0,0.001,0.5,0.0023568281742009397,,,,
c0_half,10.76,10760,0.5,abs,0.02,20.0,0.001,0.5,0.0030084990589116633,0.8286910314640185,0.5597063286859468,0.0015432662461900945,3.445365054671866
c0_half,10.78,10780,0.5,abs,0.02,20.0,0.001,0.5,0.003470902790387544,0.655328808683923,0.7553437313626892,0.0024664922500168903,3.406970178691921
c0_half,10.8,10800,0.5,abs,0.02,20.0,0.001,0.5,0.0034930949389327397,0.6879197333046894,0.7257867734603636,0.0021691864878349326,3.4320367998208923
c0_half,10.82,10820,0.5,abs,0.02,20.0,0.001,0.5,0.0022965874420250525,,,,
c0_half,10.84,10840,0.5,abs,0.02,20.0,0.001,0.5,0.0014455348430629869,,,,
c0_half,10.86,10860,0.5,abs,0.02,20.0,0.001,0.5,0.003249186046962601,0.7505133157771448,0.6608553267101626,0.001892902184369125,3.427050823373646
c0_half,10.88,10880,0.5,abs,0.02,20.0,0.001,0.5,0.0013702293132259963,,,,
c0_half,10.9,10900,0.5,abs,0.02,20.0,0.001,0.5,0.004062265567310531,0.6158285462419573,0.7878801949747929,0.0027057296378572436,3.4285706396936995
c0_half,10.92,10920,0.5,abs,0.02,20.0,0.001,0.5,0.0012669474307516748,,,,
c0_half,10.94,10940,0.5,abs,0.02,20.0,0.001,0.5,0.002295954689126005,,,,
c0_half,10.96,10960,0.5,abs,0.02,20.0,0.001,0.5,0.0010946711827993165,,,,
c0_half,10.98,10980,0.5,abs,0.02,20.0,0.001,0.5,0.0014694465232574186,,,,
c0_half,11.0,11000,0.5,abs,0.02,20.0,0.001,0.5,0.0015838846963490707,,,,
c0_half,11.02,11020,0.5,abs,0.02,20.0,0.001,0.5,0.0029815725323625105,,,,
c0_half,11.040000000000001,11040,0.5,abs,0.02,20.0,0.001,0.5,0.0027433453295573115,,,,
c0_half,11.06,11060,0.5,abs,0.02,20.0,0.001,0.5,0.004027282586097968,0.6587732148773576,0.7523415789122321,0.0026501831918541914,3.4417944440930697
c0_half,11.08,11080,0.5,abs,0.02,20.0,0.001,0.5,0.002080167088275022,,,,
c0_half,11.1,11100,0.5,abs,0.02,20.0,0.001,0.5,0.004960194411489695,0.6212530565172213,0.7836100048927467,0.0034123617685936796,3.432558854157442
c0_half,11.120000000000001,11120,0.5,abs,0.02,20.0,0.001,0.5,0.0018481875913316096,,,,
c0_half,11.14,11140,0.5,abs,0.02,20.0,0.001,0.5,0.005223169388762166,0.49334407286167137,0.8698342518964508,0.004127247188127094,3.4297533230868265
c0_half,11.16,11160,0.5,abs,0.02,20.0,0.001,0.5,0.00149700915717949,,,,
c0_half,11.18,11180,0.5,abs,0.02,20.0,0.001,0.5,0.006149152803055083,0.6474219073297114,0.7621317956295738,0.004006644714144138,3.438740473687899
c0_half,11.200000000000001,11200,0.5,abs,0.02,20.0,0.001,0.5,0.0028992524775164094,,,,
c0_half,11.22,11220,0.5,abs,0.02,20.0,0.001,0.5,0.00661589564992426,0.6052203265324518,0.7960580106700468,0.00472034815484204,3.4332589055984446
c0_half,11.24,11240,0.5,abs,0.02,20.0,0.001,0.5,0.0023723182562148458,,,,
c0_half,11.26,11260,0.5,abs,0.02,20.0,0.001,0.5,0.006721849867877034,0.5651101510575579,0.8250154648076022,0.004890554134730935,3.4327745383819135
c0_half,11.28,11280,0.5,abs,0.02,20.0,0.001,0.5,0.002540433408974265,,,,
c0_half,11.3,11300,0.5,abs,0.02,20.0,0.001,0.5,0.006976394704158711,0.6235187678772695,0.7818083819612144,0.00476732229647199,3.437037496086159
c0_half,11.32,11320,0.5,abs,0.02,20.0,0.001,0.5,0.0030119856062222573,0.8973684876521439,0.4412819930258927,0.0016018419693787714,3.3771294762347495
c0_half,11.34,11340,0.5,abs,0.02,20.0,0.001,0.5,0.007872652842172086,0.5928973003387048,0.8052780831806341,0.005436226562321863,3.428070508175871
c0_half,11.36,11360,0.5,abs,0.02,20.0,0.001,0.5,0.003868870520896274,0.8629451287355474,0.5052976398040956,0.0019288153410556817,3.459922086462578
c0_half,11.38,11380,0.5,abs,0.02,20.0,0.001,0.5,0.006779183074675329,0.6252962781245393,0.7803874451601578,0.004621064623899218,3.4189804074683874
c0_half,11.4,11400,0.5,abs,0.02,20.0,0.001,0.5,0.003944792825416207,0.7761714210344622,0.6305219466198965,0.002367811033415126,3.4535196632529814
c0_half,11.42,11420,0.5,abs,0.02,20.0,0.001,0.5,0.005610866421131645,0.6026730596947242,0.7979882098867119,0.003985623749629841,3.413276097404884
c0_half,11.44,11440,0.5,abs,0.02,20.0,0.001,0.5,0.003664385120698187,0.7033824025993238,0.7108116457357763,0.0023085063370846233,3.450157006609338
c0_half,11.46,11460,0.5,abs,0.02,20.0,0.001,0.5,0.0052516386386750775,0.7273808804301218,0.6862339650474178,0.003165703513518637,3.421252964683358
c0_half,11.48,11480,0.5,abs,0.02,20.0,0.001,0.5,0.00444140689318137,0.8249702944143733,0.5651760905539639,0.0022737127431386884,3.4585930780877625
c0_half,11.5,11500,0.5,abs,0.02,20.0,0.001,0.5,0.007378303803956677,0.6653742848009024,0.746509920312977,0.004745572899019593,3.4246164440963724
c0_half,11.52,11520,0.5,abs,0.02,20.0,0.001,0.5,0.0049596975604622616,0.8400104355415943,0.5425702426241428,0.0025381032328352835,3.458194112697514
c0_half,11.540000000000001,11540,0.5,abs,0.02,20.0,0.001,0.5,0.0075881108052011335,0.5624234827977895,0.8268493369396898,0.005410931546586526,3.415252024021166
c0_half,11.56,11560,0.5,abs,0.02,20.0,0.001,0.5,0.004435978141781535,0.6630931827277678,0.7485368601611807,0.0029320848293937283,3.444652468712251
c0_half,11.58,11580,0.5,abs,0.02,20.0,0.001,0.5,0.004164826108664563,0.6514226009708833,0.7587150947123231,0.0028672367649588944,3.4100178500809157
c0_half,11.6,11600,0.5,abs,0.02,20.0,0.001,0.5,0.0029196963375020305,,,,
c0_half,11.620000000000001,11620,0.5,abs,0.02,20.0,0.001,0.5,0.003722037195803526,0.7612587480345036,0.648448238906499,0.00215687046217318,3.411692245643586
c0_half,11.64,11640,0.5,abs,0.02,20.0,0.001,0.5,0.0031341170956888614,0.7427833507012008,0.6695318468311249,0.0018125244991212604,3.442539822593755
c0_half,11.66,11660,0.5,abs,0.02,20.0,0.001,0.5,0.002532624939453551,,,,
c0_half,11.68,11680,0.5,abs,0.02,20.0,0.001,0.5,0.002386902971162817,,,,
c0_half,11.700000000000001,11700,0.5,abs,0.02,20.0,0.001,0.5,0.0018315840342639368,,,,
c0_half,11.72,11720,0.5,abs,0.02,20.0,0.001,0.5,0.0014381198653385847,,,,
c0_half,11.74,11740,0.5,abs,0.02,20.0,0.001,0.5,0.0025407822635836485,,,,
c0_half,11.76,11760,0.5,abs,0.02,20.0,0.001,0.5,0.0018083148918186162,,,,
c0_half,11.78,11780,0.5,abs,0.02,20.0,0.001,0.5,0.0039022218833088345,0.7348032552224241,0.6782803079218273,0.002333884902940468,3.417000963951242
c0_half,11.8,11800,0.5,abs,0.02,20.0,0.001,0.5,0.002458063211678481,,,,
c0_half,11.82,11820,0.5,abs,0.02,20.0,0.001,0.5,0.0024196102944730544,,,,
c0_half,11.84,11840,0.5,abs,0.02,20.0,0.001,0.5,0.0013734573065763422,,,,
c0_half,11.86,11860,0.5,abs,0.02,20.0,0.001,0.5,0.0020933315245878323,,,,
c0_half,11.88,11880,0.5,abs,0.02,20.0,0.001,0.5,0.0009910182472247279,,,,
c0_half,11.9,11900,0.5,abs,0.02,20.0,0.001,0.5,0.00369023679486903,0.7415709858613282,0.6708744092068634,0.0022264735632955687,3.4482155916684327
c0_half,11.92,11920,0.5,abs,0.02,20.0,0.001,0.5,0.0032610456792494286,0.623557406885987,0.7817775644757425,0.0024743238058772526,3.4153007658963332
c0_half,11.94,11940,0.5,abs,0.02,20.0,0.001,0.5,0.004954736441659692,0.6460759220150583,0.7632731509704715,0.0033421689010493983,3.4422107400421424
c0_half,11.96,11960,0.5,abs,0.02,20.0,0.001,0.5,0.0024090483334097985,,,,
c0_half,11.98,11980,0.5,abs,0.02,20.0,0.001,0.5,0.003900533741516206,0.5999989096949738,0.8000008177276091,0.0028778140836168884,3.439150040326272
c0_half,12.0,12000,0.5,abs,0.02,20.0,0.001,0.5,0.0015389434216426996,,,,
c0_half,12.02,12020,0.5,abs,0.02,20.0,0.001,0.5,0.004546160059841051,0.5293007972099621,0.8484342438120345,0.003534074807942315,3.4325836027886147
c0_half,12.040000000000001,12040,0.5,abs,0.02,20.0,0.001,0.5,0.0009707989706320152,,,,
c0_half,12.06,12060,0.5,abs,0.02,20.0,0.001,0.5,0.004492901381348596,0.6981987564689255,0.7159039715389529,0.0028082026996049925,3.442176797980961
c0_half,12.08,12080,0.5,abs,0.02,20.0,0.001,0.5,0.0024742279863185965,,,,
c0_half,12.1,12100,0.5,abs,0.02,20.0,0.001,0.5,0.006027068257590441,0.5683710603386609,0.8227723486903934,0.004326450550807617,3.4294382264930263
c0_half,12.120000000000001,12120,0.5,abs,0.02,20.0,0.001,0.5,0.0017030127264045483,,,,
c0_half,12.14,12140,0.5,abs,0.02,20.0,0.001,0.5,0.00595565262356517,0.6330498652573734,0.7741110179409809,0.004177953912099359,3.431046168161629
c0_half,12.16,12160,0.5,abs,0.02,20.0,0.001,0.5,0.002859780490743125,,,,
c0_half,12.18,12180,0.5,abs,0.02,20.0,0.001,0.5,0.008085681924256297,0.6333670741602908,0.7738515034356608,0.005541850999405307,3.4358017171407873
c0_half,12.200000000000001,12200,0.5,abs,0.02,20.0,0.001,0.5,0.003451229704156646,0.9037046884593001,0.4281563219861168,0.0018204754189447506,3.3792669441027314
c0_half,12.22,12220,0.5,abs,0.02,20.0,0.001,0.5,0.008735908651742234,0.5887025038558932,0.8083497769863007,0.006179043256557601,3.430020115545865
c0_half,12.24,12240,0.5,abs,0.02,20.0,0.001,0.5,0.0038599964889637667,0.8953997200311663,0.44526322705575966,0.0017854582824191174,3.4689865084490314
c0_half,12.26,12260,0.5,abs,0.02,20.0,0.001,0.5,0.007567489009179892,0.5307954047741742,0.8474999930800122,0.005577454245701162,3.420928257394273
c0_half,12.280000000000001,12280,0.5,abs,0.02,20.0,0.001,0.5,0.0032810400514645495,0.7346073057419751,0.6784925249039344,0.0020063867898904094,3.4556978902488886
c0_half,12.3,12300,0.5,abs,0.02,20.0,0.001,0.5,0.005010848016842825,0.6457842700873937,0.763519925416287,0.0033650454718762548,3.4242029972320154
c0_half,12.32,12320,0.5,abs,0.02,20.0,0.001,0.5,0.0022955739829531733,,,,
c0_half,12.34,12340,0.5,abs,0.02,20.0,0.001,0.5,0.005394293787453621,0.6307833215386357,0.7759590203539655,0.003596815885621364,3.425887363577303
c0_half,12.36,12360,0.5,abs,0.02,20.0,0.001,0.5,0.003596136724959271,0.8416591295026592,0.5400091755931801,0.0018205856197724697,3.4573858491011755
c0_half,12.38,12380,0.5,abs,0.02,20.0,0.001,0.5,0.006424915808854272,0.6850785644980721,0.7284691897844828,0.004035968022317296,3.4215726569582703
c0_half,12.4,12400,0.5,abs,0.02,20.0,0.001,0.5,0.00471098035484338,0.8073401399846042,0.5900863482318833,0.002667675770496097,3.4525568880440733
c0_half,12.42,12420,0.5,abs,0.02,20.0,0.001,0.5,0.006664535408109795,0.6327665928360954,0.7743425850297782,0.004580628288978798,3.4144186424057814
c0_half,12.44,12440,0.5,abs,0.02,20.0,0.001,0.5,0.0048669999629697034,0.733577064704685,0.6796062758239201,0.0030687400454528784,3.4456405150891847
c0_half,12.46,12460,0.5,abs,0.02,20.0,0.001,0.5,0.0054815733144819665,0.6648813568848965,0.7469489817028332,0.0037329400806548063,3.407729739867989
c0_half,12.48,12480,0.5,abs,0.02,20.0,0.001,0.5,0.004420946538763533,0.6608908047121009,0.750482074567402,0.0029602539298290696,3.4424930431138225
c0_half,12.5,12500,0.5,abs,0.02,20.0,0.001,0.5,0.004197682873732852,0.78490754230275,0.6196129033810198,0.0024230275381515306,3.4113932032446357
c0_half,12.52,12520,0.5,abs,0.02,20.0,0.001,0.5,0.003917948291492021,0.739307865692716,0.6733675665822351,0.0024321484141664983,3.4469737459637084
c0_half,12.540000000000001,12540,0.5,abs,0.02,20.0,0.001,0.5,0.004282382239122002,0.587474771335335,0.8092424809934878,0.0030924622247295924,3.4116464571765377
c0_half,12.56,12560,0.5,abs,0.02,20.0,0.001,0.5,0.002745682812887816,,,,
c0_half,12.58,12580,0.5,abs,0.02,20.0,0.001,0.5,0.0024809467871124017,,,,
c0_half,12.6,12600,0.5,abs,0.02,20.0,0.001,0.5,0.0009296168074760924,,,,
c0_half,12.620000000000001,12620,0.5,abs,0.02,20.0,0.001,0.5,0.003063410421795547,0.6871262979596959,0.7265379898203559,0.0019367677373556599,3.423544917579237
c0_half,12.64,12640,0.5,abs,0.02,20.0,0.001,0.5,0.0010448566284566756,,,,
c0_half,12.66,12660,0.5,abs,0.02,20.0,0.001,0.5,0.0032195599724583433,0.8030439277539598,0.5959198352945578,0.0017328719349436056,3.4172942569665885
c0_half,12.68,12680,0.5,abs,0.02,20.0,0.001,0.5,0.002474316453076805,,,,
c0_half,12.700000000000001,12700,0.5,abs,0.02,20.0,0.001,0.5,0.0018874717561311268,,,,
c0_half,12.72,12720,0.5,abs,0.02,20.0,0.001,0.5,0.0017842262153672998,,,,
c0_half,12.74,12740,0.5,abs,0.02,20.0,0.001,0.5,0.0011417260767815321,,,,
c0_half,12.76,12760,0.5,abs,0.02,20.0,0.001,0.5,0.0011562265844265464,,,,
c0_half,12.780000000000001,12780,0.5,abs,0.02,20.0,0.001,0.5,0.0027757811947532614,,,,
c0_half,12.8,12800,0.5,abs,0.02,20.0,0.001,0.5,0.0020184826319721793,,,,
c0_half,12.82,12820,0.5,abs,0.02,20.0,0.001,0.5,0.004575121667931017,0.5944648651261238,0.8041215854151533,0.00335797788028958,3.4337276154568137
c0_half,12.84,12840,0.5,abs,0.02,20.0,0.001,0.5,0.001675018450304273,,,,
c0_half,12.86,12860,0.5,abs,0.02,20.0,0.001,0.5,0.0045680196397121405,0.5684261519471934,0.8227342886877306,0.003290238396700186,3.4369733549684867
c0_half,12.88,12880,0.5,abs,0.02,20.0,0.001,0.5,0.0017128140430394086,,,,
c0_half,12.9,12900,0.5,abs,0.02,20.0,0.001,0.5,0.005007477129683605,0.5765928422075369,0.8170316360551986,0.0035243629851616216,3.438282168857384
c0_half,12.92,12920,0.5,abs,0.02,20.0,0.001,0.5,0.002018339954165877,,,,
c0_half,12.94,12940,0.5,abs,0.02,20.0,0.001,0.5,0.005506229377727902,0.5937763797561466,0.804630108089229,0.003797644823688436,3.4413560373973624
c0_half,12.96,12960,0.5,abs,0.02,20.0,0.001,0.5,0.0023250479550599385,,,,
c0_half,12.98,12980,0.5,abs,0.02,20.0,0.001,0.5,0.004639669355773327,0.5679901199993527,0.8230353720121151,0.0033959848916429924,3.4360679372252516
c0_half,13.0,13000,0.5,abs,0.02,20.0,0.001,0.5,0.002016263186952679,,,,
c0_half,13.02,13020,0.5,abs,0.02,20.0,0.001,0.5,0.005104509821879304,0.6372972682972278,0.7706180583277887,0.0034281133885857612,3.436703394845324
c0_half,13.040000000000001,13040,0.5,abs,0.02,20.0,0.001,0.5,0.0024713690843674208,,,,
c0_half,13.06,13060,0.5,abs,0.02,20.0,0.001,0.5,0.007072424462795998,0.653101726659993,0.7572701860193203,0.004815483243037187,3.434941581462123
c0_half,13.08,13080,0.5,abs,0.02,20.0,0.001,0.5,0.0033947391814696335,0.918391941191218,0.39567188724374447,0.0015966006056613068,3.3743031086848294
c0_half,13.1,13100,0.5,abs,0.02,20.0,0.001,0.5,0.008110724462547432,0.5825029775128138,0.8128285681425735,0.005741391708398549,3.427599940086779
c0_half,13.120000000000001,13120,0.5,abs,0.02,20.0,0.001,0.5,0.004124977420628687,0.8613983512062198,0.5079299957072881,0.0020375812536161646,3.4618681240121543
c0_half,13.14,13140,0.5,abs,0.02,20.0,0.001,0.5,0.007492930619448932,0.5919195566818256,0.8059970461593461,0.005294506871839708,3.420340504930511
c0_half,13.16,13160,0.5,abs,0.02,20.0,0.001,0.5,0.003996518938801562,0.7896735697846022,0.6135272228545716,0.002214185568317358,3.459808048283465
c0_half,13.18,13180,0.5,abs,0.02,20.0,0.001,0.5,0.006530045968125149,0.6185190873635028,0.7857697745313319,0.004499361188316512,3.422792271993522
c0_half,13.200000000000001,13200,0.5,abs,0.02,20.0,0.001,0.5,0.003442778925496592,0.8336556622884669,0.5522845613760875,0.0018039952336229396,3.4680897242427307
c0_half,13.22,13220,0.5,abs,0.02,20.0,0.001,0.5,0.006355972665006359,0.6605822897148077,0.7507536470208733,0.004245374419125475,3.431759926167558
c0_half,13.24,13240,0.5,abs,0.02,20.0,0.001,0.5,0.003139382874289651,0.9323586587881829,0.36153468904477315,0.0012843635305825943,3.4757960208191907
c0_half,13.26,13260,0.5,abs,0.02,20.0,0.001,0.5,0.0073301723305520166,0.5851910795586587,0.8108954312394241,0.0051024541671543305,3.4246510454489414
c0_half,13.280000000000001,13280,0.5,abs,0.02,20.0,0.001,0.5,0.0043070674872149155,0.8128642609137692,0.5824531683570034,0.0023475952112410785,3.4550915117149312
c0_half,13.3,13300,0.5,abs,0.02,20.0,0.001,0.5,0.006558471924418646,0.5784429004630872,0.8157228762906256,0.004615652252169197,3.416524576454453
c0_half,13.32,13320,0.5,abs,0.02,20.0,0.001,0.5,0.00374732052166236,0.7078607548602008,0.7063520027073944,0.002440311086910908,3.4460101300700927
c0_half,13.34,13340,0.5,abs,0.02,20.0,0.001,0.5,0.004713184728173131,0.7455401429335524,0.6664607229796955,0.002812463430835685,3.4148429517160164
c0_half,13.36,13360,0.5,abs,0.02,20.0,0.001,0.5,0.003863917123388988,0.7874187516677351,0.6164184532620884,0.0021988450234373706,3.447248834068171
c0_half,13.38,13380,0.5,abs,0.02,20.0,0.001,0.5,0.004230802295571832,0.6978939875266088,0.7162010766357517,0.002966116477052785,3.402503070926201
c0_half,13.4,13400,0.5,abs,0.02,20.0,0.001,0.5,0.004926545032386862,0.6369860012973587,0.7708753687537314,0.0032164388974925966,3.4355178199061207
c0_half,13.42,13420,0.5,abs,0.02,20.0,0.001,0.5,0.003031687175703488,0.7814080520670065,0.6240203972346147,0.0019364049110734505,3.4022277722998933
c0_half,13.44,13440,0.5,abs,0.02,20.0,0.001,0.5,0.003709333550104995,0.6874319904334328,0.7262487580221593,0.0023560884828667163,3.439280720412947
c0_half,13.46,13460,0.5,abs,0.02,20.0,0.001,0.5,0.003828342883932262,0.6436381471965226,0.765329952029468,0.0025345047867553834,3.4156634173919063
c0_half,13.48,13480,0.5,abs,0.02,20.0,0.001,0.5,0.0020423830315178682,,,,
c0_half,13.5,13500,0.5,abs,0.02,20.0,0.001,0.5,0.004067171710515022,0.6968363575243942,0.7172301519262383,0.002524607282497885,3.418741154573027
c0_half,13.52,13520,0.5,abs,0.02,20.0,0.001,0.5,0.002047678645619247,,,,
c0_half,13.540000000000001,13540,0.5,abs,0.02,20.0,0.001,0.5,0.004078615650057564,0.6956696210150491,0.7183618714803688,0.0025343739442770857,3.4185754217945465
c0_half,13.56,13560,0.5,abs,0.02,20.0,0.001,0.5,0.002360792320777285,,,,
c0_half,13.58,13580,0.5,abs,0.02,20.0,0.001,0.5,0.0025502706212834837,,,,
c0_half,13.6,13600,0.5,abs,0.02,20.0,0.001,0.5,0.001413709573279136,,,,
c0_half,13.620000000000001,13620,0.5,abs,0.02,20.0,0.001,0.5,0.0008551301327798692,,,,
c0_half,13.64,13640,0.5,abs,0.02,20.0,0.001,0.5,0.00175612249392885,,,,
c0_half,13.66,13660,0.5,abs,0.02,20.0,0.001,0.5,0.0020749647891427133,,,,
c0_half,13.68,13680,0.5,abs,0.02,20.0,0.001,0.5,0.002004800597032389,,,,
c0_half,13.700000000000001,13700,0.5,abs,0.02,20.0,0.001,0.5,0.003713538490566441,0.5835223212325487,0.812097100489454,0.0026500684427626982,3.430179200774747
c0_half,13.72,13720,0.5,abs,0.02,20.0,0.001,0.5,0.000816377070883341,,,,
c0_half,13.74,13740,0.5,abs,0.02,20.0,0.001,0.5,0.0029179135908240336,,,,
c0_half,13.76,13760,0.5,abs,0.02,20.0,0.001,0.5,0.001203752254563821,,,,
c0_half,13.780000000000001,13780,0.5,abs,0.02,20.0,0.001,0.5,0.004217669734733853,0.5796792278556473,0.8148447660706184,0.0031117855679189074,3.4345175363890004
c0_half,13.8,13800,0.5,abs,0.02,20.0,0.001,0.5,0.0013641309387441068,,,,
c0_half,13.82,13820,0.5,abs,0.02,20.0,0.001,0.5,0.0053861494648185584,0.6417693423848319,0.7668977188484397,0.003672726571144549,3.4371388481511183
c0_half,13.84,13840,0.5,abs,0.02,20.0,0.001,0.5,0.0023307244979205548,,,,
c0_half,13.86,13860,0.5,abs,0.02,20.0,0.001,0.5,0.005699549745713145,0.5079024088746331,0.8614146173935899,0.004294628661195787,3.433534047201647
c0_half,13.88,13880,0.5,abs,0.02,20.0,0.001,0.5,0.002164156762769415,,,,
c0_half,13.9,13900,0.5,abs,0.02,20.0,0.001,0.5,0.005863395924521521,0.6718687685434666,0.7406702085651113,0.0036300068644521772,3.4437278894778185
c0_half,13.92,13920,0.5,abs,0.02,20.0,0.001,0.5,0.0040899652724633,0.7594381437897948,0.6505795153223863,0.002543671165859915,3.3999888760238584
c0_half,13.94,13940,0.5,abs,0.02,20.0,0.001,0.5,0.007572617138107032,0.614902705035483,0.7886029820765617,0.005233797902014006,3.4379073270617457
c0_half,13.96,13960,0.5,abs,0.02,20.0,0.001,0.5,0.0032271510567583365,0.860050005714986,0.5102097487011124,0.0019028170289270287,3.379517772447043
c0_half,13.98,13980,0.5,abs,0.02,20.0,0.001,0.5,0.007657094731898308,0.5448840197156202,0.838511422139584,0.005621336084837345,3.430341053887881
c0_half,14.0,14000,0.5,abs,0.02,20.0,0.001,0.5,0.0026576319441694364,,,,
c0_half,14.02,14020,0.5,abs,0.02,20.0,0.001,0.5,0.005859362777074404,0.5411574365456143,0.8409212976678493,0.004273684165327039,3.419752849373591
c0_half,14.040000000000001,14040,0.5,abs,0.02,20.0,0.001,0.5,0.0029294393454658576,,,,
c0_half,14.06,14060,0.5,abs,0.02,20.0,0.001,0.5,0.0054371630098676025,0.6863566252303168,0.727265139410965,0.003471742052348225,3.4242398105450746
c0_half,14.08,14080,0.5,abs,0.02,20.0,0.001,0.5,0.0033749237577926088,0.8772096948373235,0.4801074372298456,0.001559984472959456,3.469407103344521
c0_half,14.1,14100,0.5,abs,0.02,20.0,0.001,0.5,0.00707512286522547,0.650559968414857,0.7594548883877569,0.004620051322919742,3.42678032111907
c0_half,14.120000000000001,14120,0.5,abs,0.02,20.0,0.001,0.5,0.004606230937163861,0.8504440576005162,0.5260654948691939,0.0022507620420268624,3.464392260051472
c0_half,14.14,14140,0.5,abs,0.02,20.0,0.001,0.5,0.007786560854715497,0.5934476225378761,0.8048726106062638,0.005417649093744342,3.42369944739346
c0_half,14.16,14160,0.5,abs,0.02,20.0,0.001,0.5,0.004781420737952349,0.8044485594384722,0.5940223187872379,0.00259020820476357,3.456891515878075
c0_half,14.18,14180,0.5,abs,0.02,20.0,0.001,0.5,0.007455900193292278,0.6231171550033884,0.7821285131872403,0.005071554799618783,3.419323844846991
c0_half,14.200000000000001,14200,0.5,abs,0.02,20.0,0.001,0.5,0.0045028524033468255,0.7756690596343527,0.6311398497369335,0.0025869838101042447,3.455040423142048
c0_half,14.22,14220,0.5,abs,0.02,20.0,0.001,0.5,0.00654216936672385,0.6377838854507706,0.7702153695294054,0.004379050627109379,3.4191988792322014
c0_half,14.24,14240,0.5,abs,0.02,20.0,0.001,0.5,0.0035600098076819546,0.7835153395265801,0.621372442844505,0.0021149598797030817,3.453650008784722
c0_half,14.26,14260,0.5,abs,0.02,20.0,0.001,0.5,0.00473005723453628,0.6957786780050199,0.7182562434351594,0.003068334189064529,3.413249244678763
c0_half,14.280000000000001,14280,0.5,abs,0.02,20.0,0.001,0.5,0.0038504747548414185,0.7360247400416859,0.676954638101083,0.002338209376082899,3.442507109249812
c0_half,14.3,14300,0.5,abs,0.02,20.0,0.001,0.5,0.002817753638000716,,,,
c0_half,14.32,14320,0.5,abs,0.02,20.0,0.001,0.5,0.0030197292702723055,0.7073259024808688,0.7068875919689244,0.002012018038729378,3.4283659965831923
c0_half,14.34,14340,0.5,abs,0.02,20.0,0.001,0.5,0.002730237723071519,,,,
c0_half,14.36,14360,0.5,abs,0.02,20.0,0.001,0.5,0.0017934263312738795,,,,
c0_half,14.38,14380,0.5,abs,0.02,20.0,0.001,0.5,0.004290006558506289,0.7141359863001145,0.7000069950158803,0.0026995108978853147,3.413862435703429
c0_half,14.4,14400,0.5,abs,0.02,20.0,0.001,0.5,0.0034724511896268117,0.8048910011468886,0.5934226792706522,0.0019051333506033298,3.438099595480482
c0_half,14.42,14420,0.5,abs,0.02,20.0,0.001,0.5,0.0034945483489267296,0.8472101975549959,0.531257829268261,0.0019477170208238481,3.4083481010043
c0_half,14.44,14440,0.5,abs,0.02,20.0,0.001,0.5,0.003831945415525752,0.7760027779427671,0.6307294892623212,0.0022113355470819193,3.4415771077252497
c0_half,14.46,14460,0.5,abs,0.02,20.0,0.001,0.5,0.0027465043135913576,,,,
c0_half,14.48,14480,0.5,abs,0.02,20.0,0.001,0.5,0.002461243062013915,,,,
c0_half,14.5,14500,0.5,abs,0.02,20.0,0.001,0.5,0.0016326617175180984,,,,
c0_half,14.52,14520,0.5,abs,0.02,20.0,0.001,0.5,0.0012758533009578038,,,,
c0_half,14.540000000000001,14540,0.5,abs,0.02,20.0,0.001,0.5,0.0028097726433492735,,,,
c0_half,14.56,14560,0.5,abs,0.02,20.0,0.001,0.5,0.0022620597758534456,,,,
c0_half,14.58,14580,0.5,abs,0.02,20.0,0.001,0.5,0.003954691388648397,,,,
c0_half,14.6,14600,0.5,abs,0.02,20.0,0.001,0.5,0.0009746918123815261,,,,
c0_half,14.620000000000001,14620,0.5,abs,0.02,20.0,0.001,0.5,0.0027804259339480283,,,,
c0_half,14.64,14640,0.5,abs,0.02,20.0,0.001,0.5,0.00178873873175409,,,,
c0_half,14.66,14660,0.5,abs,0.02,20.0,0.001,0.5,0.0035483207513523417,0.6861808472928164,0.7274309897224018,0.002364421288766021,3.4445438240882638
c0_half,14.68,14680,0.5,abs,0.02,20.0,0.001,0.5,0.0017852194560061753,,,,
c0_half,14.700000000000001,14700,0.5,abs,0.02,20.0,0.001,0.5,0.0038722906273337427,0.5743487373760112,0.8186107303685811,0.0028493494903830035,3.430547354433351
c0_half,14.72,14720,0.5,abs,0.02,20.0,0.001,0.5,0.0012065706592029695,,,,
c0_half,14.74,14740,0.5,abs,0.02,20.0,0.001,0.5,0.0041463014829869185,0.5957137650855897,0.8031968065720572,0.002956567727202539,3.432489240825742
c0_half,14.76,14760,0.5,abs,0.02,20.0,0.001,0.5,0.002422218699733575,,,,
c0_half,14.780000000000001,14780,0.5,abs,0.02,20.0,0.001,0.5,0.005787222596344704,0.7186613203433571,0.6953602711129988,0.0035143493568444597,3.4416918037137982
c0_half,14.8,14800,0.5,abs,0.02,20.0,0.001,0.5,0.0035501490125294695,0.859925200126849,0.5104200722804684,0.002008767289794538,3.3950346193528844
c0_half,14.82,14820,0.5,abs,0.02,20.0,0.001,0.5,0.007783154261878624,0.6309215470990919,0.775846635235398,0.005514136254546084,3.435852205515552
c0_half,14.84,14840,0.5,abs,0.02,20.0,0.001,0.5,0.0031509943451309545,0.8352859435762248,0.5498157804792221,0.002315514409507285,3.371016017285342
c0_half,14.86,14860,0.5,abs,0.02,20.0,0.001,0.5,0.008269225937307239,0.5264856693713846,0.8501840035819098,0.006301563467323121,3.428772465586711
c0_half,14.88,14880,0.5,abs,0.02,20.0,0.001,0.5,0.0028634000663916373,,,,
c0_half,14.9,14900,0.5,abs,0.02,20.0,0.001,0.5,0.0063450433532643005,0.5667859511532676,0.8238650894262275,0.004690820120779679,3.429896073475131
c0_half,14.92,14920,0.5,abs,0.02,20.0,0.001,0.5,0.0016110875574119026,,,,
c0_half,14.94,14940,0.5,abs,0.02,20.0,0.001,0.5,0.005508074868720369,0.6527315573207919,0.7575892779584291,0.0037480696785493262,3.4296108683462556
c0_half,14.96,14960,0.5,abs,0.02,20.0,0.001,0.5,0.002547559942122724,,,,
c0_half,14.98,14980,0.5,abs,0.02,20.0,0.001,0.5,0.006407970633369505,0.6337017252451729,0.7735774837863958,0.004328653084783577,3.42952009896905
c0_half,15.0,15000,0.5,abs,0.02,20.0,0.001,0.5,0.003370225715153443,0.8931772610392877,0.4497047702241503,0.0015537321706369284,3.467674965095952
c0_half,15.02,15020,0.5,abs,0.02,20.0,0.001,0.5,0.006719415429588529,0.593361617034547,0.8049360169790811,0.004700429767763206,3.4235199512581644
c0_half,15.040000000000001,15040,0.5,abs,0.02,20.0,0.001,0.5,0.004266220491747305,0.8093648493570658,0.5873061728138181,0.0023165127008739216,3.455464524632273
c0_half,15.06,15060,0.5,abs,0.02,20.0,0.001,0.5,0.006871818216399125,0.6406075204331219,0.767868481424083,0.004591321157462911,3.418617610727736
c0_half,15.08,15080,0.5,abs,0.02,20.0,0.001,0.5,0.0050060192078893295,0.7780015382050978,0.6282623707898652,0.0028753579321744386,3.4513624339597193
c0_half,15.1,15100,0.5,abs,0.02,20.0,0.001,0.5,0.0072175403190589795,0.7100461107689603,0.7041551821735558,0.004460015154347081,3.4166822011242317
c0_half,15.120000000000001,15120,0.5,abs,0.02,20.0,0.001,0.5,0.005092935418429188,0.7614387432155427,0.6482368705421924,0.0031036588556402757,3.4530790301958554
c0_half,15.14,15140,0.5,abs,0.02,20.0,0.001,0.5,0.005800240462713817,0.6279437689997736,0.7782587121095138,0.004108418900578629,3.4113009009473885
c0_half,15.16,15160,0.5,abs,0.02,20.0,0.001,0.5,0.004415311205414517,0.6652109565563771,0.7466554649082464,0.003032970243220278,3.4433726847437427
c0_half,15.18,15180,0.5,abs,0.02,20.0,0.001,0.5,0.003903331862321091,0.679973819188811,0.7332363910893825,0.0026808902005699175,3.411614823136272
c0_half,15.200000000000001,15200,0.5,abs,0.02,20.0,0.001,0.5,0.0027720795196183546,,,,
c0_half,15.22,15220,0.5,abs,0.02,20.0,0.001,0.5,0.004236372017503166,0.6700398455513478,0.7423251345424902,0.002792361732289609,3.421275986594889
c0_half,15.24,15240,0.5,abs,0.02,20.0,0.001,0.5,0.0019697981295479622,,,,
c0_half,15.26,15260,0.5,abs,0.02,20.0,0.001,0.5,0.004503933257026672,0.7245275021539687,0.6892458912627126,0.0027476375963593706,3.424720735479262
c0_half,15.280000000000001,15280,0.5,abs,0.02,20.0,0.001,0.5,0.002114154130492519,,,,
c0_half,15.3,15300,0.5,abs,0.02,20.0,0.001,0.5,0.0034450339201583936,0.7340163992133081,0.6791317439833967,0.002468488754374532,3.403143565463065
c0_half,15.32,15320,0.5,abs,0.02,20.0,0.001,0.5,0.0039004403615281206,0.7321961103951773,0.6810938671887842,0.0024250256593163484,3.429620704218312
c0_half,15.34,15340,0.5,abs,0.02,20.0,0.001,0.5,0.0015060136903386665,,,,
c0_half,15.36,15360,0.5,abs,0.02,20.0,0.001,0.5,0.002209038440977201,,,,
c0_half,15.38,15380,0.5,abs,0.02,20.0,0.001,0.5,0.0013597186072801793,,,,
c0_half,15.4,15400,0.5,abs,0.02,20.0,0.001,0.5,0.0011743098814785962,,,,
c0_half,15.42,15420,0.5,abs,0.02,20.0,0.001,0.5,0.0026080332699201596,,,,
c0_half,15.44,15440,0.5,abs,0.02,20.0,0.001,0.5,0.001274239695442504,,,,
c0_half,15.46,15460,0.5,abs,0.02,20.0,0.001,0.5,0.0030556632435399253,0.7157276715394776,0.6983794815089271,0.002090641039415097,3.424051703474042
c0_half,15.48,15480,0.5,abs,0.02,20.0,0.001,0.5,0.0012462320024349827,,,,
c0_half,15.5,15500,0.5,abs,0.02,20.0,0.001,0.5,0.004156729830542475,0.6990007672544851,0.7151209180115213,0.0027132541239476677,3.440189329295311
c0_half,15.52,15520,0.5,abs,0.02,20.0,0.001,0.5,0.0020964683143358106,,,,
c0_half,15.540000000000001,15540,0.5,abs,0.02,20.0,0.001,0.5,0.00420708961904468,0.5433475288843939,0.8395078694421052,0.0033300764091798996,3.4345050334127407
c0_half,15.56,15560,0.5,abs,0.02,20.0,0.001,0.5,0.0011020187012412053,,,,
c0_half,15.58,15580,0.5,abs,0.02,20.0,0.001,0.5,0.003584601362751001,0.7000121735453442,0.7141309101896677,0.0023411444393415426,3.446058360727001
c0_half,15.6,15600,0.5,abs,0.02,20.0,0.001,0.5,0.0023209007999426606,,,,
c0_half,15.620000000000001,15620,0.5,abs,0.02,20.0,0.001,0.5,0.004279969236897777,0.5659382292323545,0.824447645817093,0.0031604178793436365,3.4360908200351794
c0_half,15.64,15640,0.5,abs,0.02,20.0,0.001,0.5,0.0019937173709160426,,,,
c0_half,15.66,15660,0.5,abs,0.02,20.0,0.001,0.5,0.004450451079020731,0.7228702894647876,0.6909837513350761,0.0026886119048606452,3.4483505886695482
c0_half,15.68,15680,0.5,abs,0.02,20.0,0.001,0.5,0.0035846940672759993,0.7243268302173891,0.6894567738641995,0.002354229606509681,3.4043230410085172
c0_half,15.700000000000001,15700,0.5,abs,0.02,20.0,0.001,0.5,0.006543866325600167,0.6545931492287608,0.7559813549174167,0.004473934142089389,3.436114543783841
c0_half,15.72,15720,0.5,abs,0.02,20.0,0.001,0.5,0.0029648728141680246,,,,
c0_half,15.74,15740,0.5,abs,0.02,20.0,0.001,0.5,0.0074389285100125825,0.5501221639513127,0.8350841902045117,0.0055263006352984844,3.4276172454624785
c0_half,15.76,15760,0.5,abs,0.02,20.0,0.001,0.5,0.0033186842893657667,0.87365158510393,0.4865520607760185,0.0016081969892727263,3.4648511047374733
c0_half,15.780000000000001,15780,0.5,abs,0.02,20.0,0.001,0.5,0.006623231201955701,0.5846448694564123,0.8112893297821033,0.004768095963688761,3.425720046173936
c0_half,15.8,15800,0.5,abs,0.02,20.0,0.001,0.5,0.0022963787673208748,,,,
c0_half,15.82,15820,0.5,abs,0.02,20.0,0.001,0.5,0.00614307447609423,0.6610717832458752,0.7503226621901531,0.004258557244745136,3.431727681984995
c0_half,15.84,15840,0.5,abs,0.02,20.0,0.001,0.5,0.003015487821242825,0.9475266290074621,0.3196768482729944,0.0011793536699435802,3.481590835770696
c0_half,15.860000000000001,15860,0.5,abs,0.02,20.0,0.001,0.5,0.00785926223700763,0.6276153632835265,0.7785235743190356,0.005315388774526311,3.4302699030554784
c0_half,15.88,15880,0.5,abs,0.02,20.0,0.001,0.5,0.0035052633639879563,0.9031383103410126,0.42934973203017224,0.0016746315761598438,3.4737899975356505
c0_half,15.9,15900,0.5,abs,0.02,20.0,0.001,0.5,0.006954341101944128,0.5531884697867047,0.8330561306989126,0.005298981917315563,3.4282060552619704
c0_half,15.92,15920,0.5,abs,0.02,20.0,0.001,0.5,0.0034159820746842533,0.8910281968833617,0.45394796217053907,0.0015393029389881106,3.4666098646965153
c0_half,15.94,15940,0.5,abs,0.02,20.0,0.001,0.5,0.007078705505174379,0.6277804679343058,0.7783904444943963,0.004719735727630531,3.4244642750706653
c0_half,15.96,15960,0.5,abs,0.02,20.0,0.001,0.5,0.0036096414853193618,0.852312943244236,0.5230321661029537,0.0018907521839139291,3.4573195607658853
c0_half,15.98,15980,0.5,abs,0.02,20.0,0.001,0.5,0.006353962081926988,0.6940814059596067,0.7198965216620621,0.004083141864325574,3.4172579348343213
c0_half,16.0,16000,0.5,abs,0.02,20.0,0.001,0.5,0.0046626856428481685,0.7684447495341821,0.6399161405319823,0.0028983598064837067,3.4494084524181936
c0_half,16.02,16020,0.5,abs,0.02,20.0,0.001,0.5,0.0051527917692555025,0.7198908573604142,0.6940872808868406,0.0033907420029253934,3.4106591417376606
c0_half,16.04,16040,0.5,abs,0.02,20.0,0.001,0.5,0.004470863972771586,0.731429051484149,0.6819175482747147,0.002847780569680047,3.4434632028921826
c0_half,16.06,16060,0.5,abs,0.02,20.0,0.001,0.5,0.0036654403875389673,0.6726531219115542,0.7399579566317532,0.002823671044089276,3.399864745874556
c0_half,16.080000000000002,16080,0.5,abs,0.02,20.0,0.001,0.5,0.0038233491301759956,0.6804361843570581,0.7328073409959862,0.002715165430319049,3.4363395147065354
c0_half,16.1,16100,0.5,abs,0.02,20.0,0.001,0.5,0.004658439312378534,0.7760613658881113,0.630657400159452,0.002658968354851338,3.420620808782683
c0_half,16.12,16120,0.5,abs,0.02,20.0,0.001,0.5,0.003382175308170713,0.8636624127894911,0.5040706664096162,0.0017467085548505264,3.4547534277285408
c0_half,16.14,16140,0.5,abs,0.02,20.0,0.001,0.5,0.0059877550622408375,0.7009856880016705,0.7131753397424959,0.0037942939753659783,3.419158499203874
c0_half,16.16,16160,0.5,abs,0.02,20.0,0.001,0.5,0.00345724755634784,0.8242413401550085,0.5662386539079399,0.0020587014023762075,3.4520731301313248
c0_half,16.18,16180,0.5,abs,0.02,20.0,0.001,0.5,0.0046270913508655075,0.6766955293083096,0.7362629697425689,0.003236838501902277,3.4101339871533582
c0_half,16.2,16200,0.5,abs,0.02,20.0,0.001,0.5,0.003397219003300433,0.7638836624800192,0.6453539727902139,0.0020914305974613807,3.4373301600870896
c0_half,16.22,16220,0.5,abs,0.02,20.0,0.001,0.5,0.001929187976998576,,,,
c0_half,16.240000000000002,16240,0.5,abs,0.02,20.0,0.001,0.5,0.001986465038579799,,,,
c0_half,16.26,16260,0.5,abs,0.02,20.0,0.001,0.5,0.0013223267023053206,,,,
c0_half,16.28,16280,0.5,abs,0.02,20.0,0.001,0.5,0.0011102925360946968,,,,
c0_half,16.3,16300,0.5,abs,0.02,20.0,0.001,0.5,0.0021646254749907554,,,,
c0_half,16.32,16320,0.5,abs,0.02,20.0,0.001,0.5,0.0010565274439729136,,,,
c0_half,16.34,16340,0.5,abs,0.02,20.0,0.001,0.5,0.0019411818274379256,,,,
c0_half,16.36,16360,0.5,abs,0.02,20.0,0.001,0.5,0.0009037295485744748,,,,
c0_half,16.38,16380,0.5,abs,0.02,20.0,0.001,0.5,0.002462076066876502,,,,
c0_half,16.4,16400,0.5,abs,0.02,20.0,0.001,0.5,0.0016497343846286086,,,,
c0_half,16.42,16420,0.5,abs,0.02,20.0,0.001,0.5,0.004122949887608696,0.5815515607346989,0.8135095464756613,0.002987124668185487,3.4314891041567464
c0_half,16.44,16440,0.5,abs,0.02,20.0,0.001,0.5,0.0009978960367687181,,,,
c0_half,16.46,16460,0.5,abs,0.02,20.0,0.001,0.5,0.0035236029269133007,0.587338844277992,0.809341140683082,0.0027256681996884638,3.430210191906255
c0_half,16.48,16480,0.5,abs,0.02,20.0,0.001,0.5,0.0009164747769337806,,,,
c0_half,16.5,16500,0.5,abs,0.02,20.0,0.001,0.5,0.00432500690652711,0.6639549762724163,0.7477725519722526,0.002830263206282042,3.4402525465544045
c0_half,16.52,16520,0.5,abs,0.02,20.0,0.001,0.5,0.0031500393760365893,0.765385380530746,0.6435722331407758,0.0020454070677465796,3.4165892509290074
c0_half,16.54,16540,0.5,abs,0.02,20.0,0.001,0.5,0.006131272715807531,0.701454821504147,0.7127139211412846,0.003736909039739909,3.4463004116045965
c0_half,16.56,16560,0.5,abs,0.02,20.0,0.001,0.5,0.004392366962928954,0.717913378672067,0.6961324448146758,0.002905622314920716,3.405516987659528
c0_half,16.580000000000002,16580,0.5,abs,0.02,20.0,0.001,0.5,0.006645837469688909,0.621948218090923,0.7830583720346304,0.0046715392500427996,3.440686805617414
c0_half,16.6,16600,0.5,abs,0.02,20.0,0.001,0.5,0.0028594982603582365,,,,
c0_half,16.62,16620,0.5,abs,0.02,20.0,0.001,0.5,0.006506651186383363,0.4739624914212238,0.8805450338999059,0.005142520248719972,3.4268341504016675
c0_half,16.64,16640,0.5,abs,0.02,20.0,0.001,0.5,0.0019081833992686825,,,,
c0_half,16.66,16660,0.5,abs,0.02,20.0,0.001,0.5,0.004897052229224888,0.6209476132577928,0.7838520661384074,0.003484243612025571,3.4321837654907412
c0_half,16.68,16680,0.5,abs,0.02,20.0,0.001,0.5,0.0017667703715357939,,,,
c0_half,16.7,16700,0.5,abs,0.02,20.0,0.001,0.5,0.005809470885217235,0.6680190820862218,0.7441441432737887,0.00385143887926171,3.4320920635308667
c0_half,16.72,16720,0.5,abs,0.02,20.0,0.001,0.5,0.0027936846828455148,,,,
c0_half,16.740000000000002,16740,0.5,abs,0.02,20.0,0.001,0.5,0.007183502770600117,0.6072823254793911,0.7944861088529761,0.004933737708251345,3.425233744962501
c0_half,16.76,16760,0.5,abs,0.02,20.0,0.001,0.5,0.004454182328282667,0.8331045888059638,0.55311548894462,0.002265859095360693,3.463983069767419
c0_half,16.78,16780,0.5,abs,0.02,20.0,0.001,0.5,0.00765650497225587,0.584415232619201,0.8114547651487699,0.005482535743292009,3.4270507451646353
c0_half,16.8,16800,0.5,abs,0.02,20.0,0.001,0.5,0.0039850341703459745,0.8714817971860985,0.4904278511394801,0.0018777142241780877,3.4684681342359625
c0_half,16.82,16820,0.5,abs,0.02,20.0,0.001,0.5,0.008081464827029797,0.6191473672913554,0.7852748165936454,0.005526613472881917,3.4275283449819334
c0_half,16.84,16840,0.5,abs,0.02,20.0,0.001,0.5,0.004435390256007085,0.8665930253050091,0.49901555936935654,0.0021029750107238285,3.465217551354449
c0_half,16.86,16860,0.5,abs,0.02,20.0,0.001,0.5,0.00798767855331646,0.6458666440280108,0.7634502460095188,0.005214117604146039,3.4221553399072704
c0_half,16.88,16880,0.5,abs,0.02,20.0,0.001,0.5,0.004442379185096173,0.8011862779941898,0.5984150298528749,0.0025772151305738186,3.4565045279527453
c0_half,16.9,16900,0.5,abs,0.02,20.0,0.001,0.5,0.005540908869613483,0.5630898056745993,0.8263957107496032,0.004162868660871603,3.4106905736290187
c0_half,16.92,16920,0.5,abs,0.02,20.0,0.001,0.5,0.003472493087108633,0.6166673910199436,0.7872238111570661,0.0025815651617370414,3.442866899443917
c0_half,16.94,16940,0.5,abs,0.02,20.0,0.001,0.5,0.0033120593358627864,0.6700771764776052,0.7422914370810162,0.00225109943749632,3.416477280497727
c0_half,16.96,16960,0.5,abs,0.02,20.0,0.001,0.5,0.002195612792296068,,,,
c0_half,16.98,16980,0.5,abs,0.02,20.0,0.001,0.5,0.0044188168146037776,0.7569044722668312,0.6535255311481486,0.0025361915846394576,3.4211240073024136
c0_half,17.0,17000,0.5,abs,0.02,20.0,0.001,0.5,0.003359839075013751,0.8475245646496063,0.5307561703037426,0.0018180034827655533,3.449261039964565
c0_half,17.02,17020,0.5,abs,0.02,20.0,0.001,0.5,0.005505115063702161,0.7278515949790935,0.6857346831584282,0.0034047500801812854,3.415891192419924
c0_half,17.04,17040,0.5,abs,0.02,20.0,0.001,0.5,0.004538642154577522,0.7975063121178466,0.6033106017071073,0.0025445502315631914,3.446255010453811
c0_half,17.06,17060,0.5,abs,0.02,20.0,0.001,0.5,0.004405810357923274,0.6535732397392319,0.7568632771490267,0.0034369012765071796,3.397846511160356
c0_half,17.080000000000002,17080,0.5,abs,0.02,20.0,0.001,0.5,0.004705581599309392,0.5765899854419139,0.8170336521148278,0.003307929072180561,3.4323627352322497
c0_half,17.1,17100,0.5,abs,0.02,20.0,0.001,0.5,0.00212570067634358,,,,
c0_half,17.12,17120,0.5,abs,0.02,20.0,0.001,0.5,0.002760132098991454,,,,
c0_half,17.14,17140,0.5,abs,0.02,20.0,0.001,0.5,0.003094240327716361,0.7548595578553605,0.6558864596211831,0.0017848523670130972,3.4226228017808964
c0_half,17.16,17160,0.5,abs,0.02,20.0,0.001,0.5,0.001348362827926183,,,,
c0_half,17.18,17180,0.5,abs,0.02,20.0,0.001,0.5,0.003049967717418309,0.5427153068996501,0.8399167194768891,0.002328157199803241,3.4233754965471626
c0_half,17.2,17200,0.5,abs,0.02,20.0,0.001,0.5,0.0007629887037499252,,,,
c0_half,17.22,17220,0.5,abs,0.02,20.0,0.001,0.5,0.001939249723813235,,,,
c0_half,17.240000000000002,17240,0.5,abs,0.02,20.0,0.001,0.5,0.0011900315144422714,,,,
c0_half,17.26,17260,0.5,abs,0.02,20.0,0.001,0.5,0.0025886906686501416,,,,
c0_half,17.28,17280,0.5,abs,0.02,20.0,0.001,0.5,0.0018127431911947878,,,,
c0_half,17.3,17300,0.5,abs,0.02,20.0,0.001,0.5,0.0033983154155689675,0.48624035840555907,0.873825104845148,0.002700698319584301,3.423779380127435
c0_half,17.32,17320,0.5,abs,0.02,20.0,0.001,0.5,0.0009181697420090939,,,,
c0_half,17.34,17340,0.5,abs,0.02,20.0,0.001,0.5,0.0014351074582606236,,,,
c0_half,17.36,17360,0.5,abs,0.02,20.0,0.001,0.5,0.0008818952733002313,,,,
c0_half,17.38,17380,0.5,abs,0.02,20.0,0.001,0.5,0.003126260374733447,0.7272318081118838,0.6863919414374852,0.0019946806220896445,3.439246653221545
c0_half,17.400000000000002,17400,0.5,abs,0.02,20.0,0.001,0.5,0.002299176759743068,,,,
c0_half,17.42,17420,0.5,abs,0.02,20.0,0.001,0.5,0.005370753013560046,0.7203339881805374,0.6936273822968074,0.003296698977683527,3.4429016411484312
c0_half,17.44,17440,0.5,abs,0.02,20.0,0.001,0.5,0.003452002623869224,0.6987576991605134,0.7153584261500701,0.002652944841988922,3.388844109043781
c0_half,17.46,17460,0.5,abs,0.02,20.0,0.001,0.5,0.007124844905027295,0.5437948039206406,0.8392182143095513,0.005337048791008737,3.433701051718405
c0_half,17.48,17480,0.5,abs,0.02,20.0,0.001,0.5,0.0019982877080769795,,,,
c0_half,17.5,17500,0.5,abs,0.02,20.0,0.001,0.5,0.006222248795229386,0.5678957329224877,0.8231005020824799,0.004560905644865271,3.434078199204297
c0_half,17.52,17520,0.5,abs,0.02,20.0,0.001,0.5,0.0019482681733141581,,,,
c0_half,17.54,17540,0.5,abs,0.02,20.0,0.001,0.5,0.006546881568054659,0.5866500298028747,0.8098405661192123,0.004679491611982728,3.4346777202322407
c0_half,17.56,17560,0.5,abs,0.02,20.0,0.001,0.5,0.002306341167195639,,,,
c0_half,17.580000000000002,17580,0.5,abs,0.02,20.0,0.001,0.5,0.005842507526553056,0.5974188360578585,0.8019293823793174,0.004209965489962577,3.433709695556594
c0_half,17.6,17600,0.5,abs,0.02,20.0,0.001,0.5,0.0020640506225214615,,,,
c0_half,17.62,17620,0.5,abs,0.02,20.0,0.001,0.5,0.0055741031452199085,0.6238693752201677,0.7815286320170219,0.0038952701851395818,3.433461422839308
c0_half,17.64,17640,0.5,abs,0.02,20.0,0.001,0.5,0.0025085400760332345,,,,
c0_half,17.66,17660,0.5,abs,0.02,20.0,0.001,0.5,0.006965809732759038,0.5767673123422381,0.8169084816633447,0.005021949672059052,3.4266516763041857
c0_half,17.68,17680,0.5,abs,0.02,20.0,0.001,0.5,0.004069862578646756,0.8541843181982987,0.5199703362155458,0.0019405767045707284,3.4643236955279626
c0_half,17.7,17700,0.5,abs,0.02,20.0,0.001,0.5,0.007771670884233724,0.6402358716719911,0.7681783833358016,0.005118365221791694,3.4266418411919695
c0_half,17.72,17720,0.5,abs,0.02,20.0,0.001,0.5,0.0044829381977175625,0.8615762746919754,0.5076281344526701,0.002174679937500643,3.4606180241227307
c0_half,17.740000000000002,17740,0.5,abs,0.02,20.0,0.001,0.5,0.0077496774612315755,0.6656102721591045,0.7462995146697357,0.005035894045590793,3.4188727324315877
c0_half,17.76,17760,0.5,abs,0.02,20.0,0.001,0.5,0.0054497454383737555,0.7634532495619383,0.6458630936454853,0.0032512535476943195,3.454023564329905
c0_half,17.78,17780,0.5,abs,0.02,20.0,0.001,0.5,0.006447521883230018,0.5849716307783045,0.8110537535728263,0.0046753657881845895,3.411053906828812
c0_half,17.8,17800,0.5,abs,0.02,20.0,0.001,0.5,0.004441646369630462,0.6225795434605004,0.7825565232393857,0.0031010008408716293,3.4472754810713475
c0_half,17.82,17820,0.5,abs,0.02,20.0,0.001,0.5,0.0048180027370254555,0.6296092024099615,0.7769119977453639,0.003301157383666713,3.420634006067761
c0_half,17.84,17840,0.5,abs,0.02,20.0,0.001,0.5,0.003047456384643137,0.8285332904340271,0.5599398062672131,0.0015333426959663696,3.459423936821281
c0_half,17.86,17860,0.5,abs,0.02,20.0,0.001,0.5,0.0057619550745789255,0.6909200855995665,0.7229311414755125,0.0035448682521708676,3.429626638021375
c0_half,17.88,17880,0.5,abs,0.02,20.0,0.001,0.5,0.003108217870943084,0.9103637460946153,0.4138089532581173,0.001387105085215703,3.4609967582516035
c0_half,17.900000000000002,17900,0.5,abs,0.02,20.0,0.001,0.5,0.0061636304478964385,0.5951669458369709,0.8036020822416354,0.004343589383542231,3.4136454242069867
c0_half,17.92,17920,0.5,abs,0.02,20.0,0.001,0.5,0.004037991189181327,0.6829510932467041,0.7304641019469276,0.0025839905482620716,3.442659050320902
c0_half,17.94,17940,0.5,abs,0.02,20.0,0.001,0.5,0.0034511984187711015,0.700387084301295,0.7137632185423474,0.002414601830159388,3.4019186813856273
c0_half,17.96,17960,0.5,abs,0.02,20.0,0.001,0.5,0.003510425508727152,0.6763787910628998,0.7365539566116593,0.002208524028366168,3.433246520612464
c0_half,17.98,17980,0.5,abs,0.02,20.0,0.001,0.5,0.0022151173228931883,,,,
c0_half,18.0,18000,0.5,abs,0.02,20.0,0.001,0.5,0.0033685360588832257,0.7383045922598548,0.6744674410585063,0.001954008231510087,3.430397116762176
c0_half,18.02,18020,0.5,abs,0.02,20.0,0.001,0.5,0.0020768859261247304,,,,
c0_half,18.04,18040,0.5,abs,0.02,20.0,0.001,0.5,0.0028080668189443382,,,,
c0_half,18.06,18060,0.5,abs,0.02,20.0,0.001,0.5,0.0026766216528783847,,,,
c0_half,18.080000000000002,18080,0.5,abs,0.02,20.0,0.001,0.5,0.0010836438384728574,,,,
c0_half,18.1,18100,0.5,abs,0.02,20.0,0.001,0.5,0.0027496598489992613,,,,
c0_half,18.12,18120,0.5,abs,0.02,20.0,0.001,0.5,0.0010939450545547102,,,,
c0_half,18.14,18140,0.5,abs,0.02,20.0,0.001,0.5,0.0033836704785490898,0.7169716742415257,0.6971023011978251,0.0020684814692841407,3.4335939683168526
c0_half,18.16,18160,0.5,abs,0.02,20.0,0.001,0.5,0.0015073124482072263,,,,
c0_half,18.18,18180,0.5,abs,0.02,20.0,0.001,0.5,0.003954788361381565,0.46651227363912684,0.8845147248882026,0.0029843214421720467,3.4264779053586345
c0_half,18.2,18200,0.5,abs,0.02,20.0,0.001,0.5,0.0008740483698507843,,,,
c0_half,18.22,18220,0.5,abs,0.02,20.0,0.001,0.5,0.002174260700632587,,,,
c0_half,18.240000000000002,18240,0.5,abs,0.02,20.0,0.001,0.5,0.002191871093936223,,,,
c0_half,18.26,18260,0.5,abs,0.02,20.0,0.001,0.5,0.0025821191998299056,,,,
c0_half,18.28,18280,0.5,abs,0.02,20.0,0.001,0.5,0.0030233128033504875,0.5994130278955269,0.8004398928021494,0.0022911362420906544,3.4215446683799478
c0_half,18.3,18300,0.5,abs,0.02,20.0,0.001,0.5,0.004671269483451597,0.6763677984577681,0.7365640509890446,0.0030076436259625864,3.4433819063434505
c0_half,18.32,18320,0.5,abs,0.02,20.0,0.001,0.5,0.002588626934890951,,,,
c0_half,18.34,18340,0.5,abs,0.02,20.0,0.001,0.5,0.005128672552275542,0.5540583946633713,0.8324778046909408,0.003874648469333319,3.4342038681462377
c0_half,18.36,18360,0.5,abs,0.02,20.0,0.001,0.5,0.001465762084584053,,,,
c0_half,18.38,18380,0.5,abs,0.02,20.0,0.001,0.5,0.005312302624906271,0.5434569102846717,0.8394370653383364,0.004031707604972232,3.43113609926802
c0_half,18.400000000000002,18400,0.5,abs,0.02,20.0,0.001,0.5,0.0017640834784671436,,,,
c0_half,18.42,18420,0.5,abs,0.02,20.0,0.001,0.5,0.006029040324332603,0.6568923067458341,0.753984414519383,0.004120850162052296,3.4333819441240188
c0_half,18.44,18440,0.5,abs,0.02,20.0,0.001,0.5,0.0025995513379600747,,,,
c0_half,18.46,18460,0.5,abs,0.02,20.0,0.001,0.5,0.00689068899216924,0.5648521146247406,0.825192152534159,0.005113516595538078,3.43132923903611
c0_half,18.48,18480,0.5,abs,0.02,20.0,0.001,0.5,0.0021008305872826797,,,,
c0_half,18.5,18500,0.5,abs,0.02,20.0,0.001,0.5,0.00633403560961243,0.5929983414624583,0.8052036804577917,0.00452832198529615,3.434190560324218
c0_half,18.52,18520,0.5,abs,0.02,20.0,0.001,0.5,0.0023899882316871734,,,,
c0_half,18.54,18540,0.5,abs,0.02,20.0,0.001,0.5,0.007559025961369899,0.607682197066155,0.794180299030926,0.0053001537360163895,3.4350369591528676
c0_half,18.56,18560,0.5,abs,0.02,20.0,0.001,0.5,0.0031743815955611264,0.9533482011143812,0.3018728332128834,0.0011526024007365587,3.4802126983407007
c0_half,18.580000000000002,18580,0.5,abs,0.02,20.0,0.001,0.5,0.008377900561773755,0.5756588686263554,0.8176899577295937,0.005890854721033928,3.4275711685252155
c0_half,18.6,18600,0.5,abs,0.02,20.0,0.001,0.5,0.003631265140175961,0.8547874688898058,0.5189782105531594,0.00181483367567116,3.4637244078606173
c0_half,18.62,18620,0.5,abs,0.02,20.0,0.001,0.5,0.006383580422433348,0.6345139059568433,0.7729114458638779,0.004257855797886112,3.4211330623552065
c0_half,18.64,18640,0.5,abs,0.02,20.0,0.001,0.5,0.003864610592148501,0.7964675309773366,0.6046812979569197,0.002274389467933218,3.4530383637946898
c0_half,18.66,18660,0.5,abs,0.02,20.0,0.001,0.5,0.005448163965302984,0.6080301600461936,0.7939139276232657,0.0039000180961351206,3.4090109519412444
c0_half,18.68,18680,0.5,abs,0.02,20.0,0.001,0.5,0.004306461039415125,0.6260747043396048,0.7797630823436541,0.002984761033678662,3.4451189444552206
c0_half,18.7,18700,0.5,abs,0.02,20.0,0.001,0.5,0.0047618813862352945,0.6990066001018673,0.7151152166008133,0.002969129578285236,3.419315962064971
c0_half,18.72,18720,0.5,abs,0.02,20.0,0.001,0.5,0.003952020195081987,0.8034610804829637,0.5953572810919076,0.002102475132547154,3.4548769292182797
c0_half,18.740000000000002,18740,0.5,abs,0.02,20.0,0.001,0.5,0.006521302062202034,0.660203761795919,0.7510865415586392,0.004185660760978579,3.4230110254644153
c0_half,18.76,18760,0.5,abs,0.02,20.0,0.001,0.5,0.0042769451550380855,0.8287838212153965,0.5595689213060403,0.0022554670818048924,3.4554881535959154
c0_half,18.78,18780,0.5,abs,0.02,20.0,0.001,0.5,0.006819355405865742,0.653718154502967,0.7567381148542968,0.004487819500321159,3.4157389253710875
c0_half,18.8,18800,0.5,abs,0.02,20.0,0.001,0.5,0.004767921511545272,0.7303831917035855,0.6830376221533362,0.0030336410890956164,3.448601539175492
c0_half,18.82,18820,0.5,abs,0.02,20.0,0.001,0.5,0.005219180444189601,0.6082074931328646,0.7937780831548804,0.003752628481537331,3.407992738032675
c0_half,18.84,18840,0.5,abs,0.02,20.0,0.001,0.5,0.00343166095065294,0.5927860215884011,0.8053600018683543,0.0024224391132814838,3.441474982239704
c0_half,18.86,18860,0.5,abs,0.02,20.0,0.001,0.5,0.003049537593836873,0.7394250924194832,0.673238837783768,0.0018490750214580774,3.4137231942254616
c0_half,18.88,18880,0.5,abs,0.02,20.0,0.001,0.5,0.0025994886063534783,,,,
c0_half,18.900000000000002,18900,0.5,abs,0.02,20.0,0.001,0.5,0.002540128103704246,,,,
c0_half,18.92,18920,0.5,abs,0.02,20.0,0.001,0.5,0.0020731959766383517,,,,
c0_half,18.94,18940,0.5,abs,0.02,20.0,0.001,0.5,0.0015649366863242603,,,,
c0_half,18.96,18960,0.5,abs,0.02,20.0,0.001,0.5,0.0009272165561496036,,,,
c0_half,18.98,18980,0.5,abs,0.02,20.0,0.001,0.5,0.0023543954421756117,,,,
c0_half,19.0,19000,0.5,abs,0.02,20.0,0.001,0.5,0.0009894003034022947,,,,
c0_half,19.02,19020,0.5,abs,0.02,20.0,0.001,0.5,0.002632511985402786,,,,
c0_half,19.04,19040,0.5,abs,0.02,20.0,0.001,0.5,0.0020425891195797697,,,,
c0_half,19.06,19060,0.5,abs,0.02,20.0,0.001,0.5,0.0034405965029997115,0.594366239765381,0.8041944870658848,0.0024950019339362137,3.4141730123155725
c0_half,19.080000000000002,19080,0.5,abs,0.02,20.0,0.001,0.5,0.0019192638967518538,,,,
c0_half,19.1,19100,0.5,abs,0.02,20.0,0.001,0.5,0.0021472672174327107,,,,
c0_half,19.12,19120,0.5,abs,0.02,20.0,0.001,0.5,0.0012223432219857792,,,,
c0_half,19.14,19140,0.5,abs,0.02,20.0,0.001,0.5,0.0034412027932485384,0.7081656711140305,0.7060463031952046,0.0021503232019855385,3.4468914731719096
c0_half,19.16,19160,0.5,abs,0.02,20.0,0.001,0.5,0.003008991844586327,0.7077309089232469,0.7064821020766731,0.0020808009352740646,3.422489916743711
c0_half,19.18,19180,0.5,abs,0.02,20.0,0.001,0.5,0.005124238632344521,0.7316598998664093,0.6816698547885743,0.0030838968890441604,3.445809207534168
c0_half,19.2,19200,0.5,abs,0.02,20.0,0.001,0.5,0.0034837904940383533,0.5640441960786049,0.8257446002669592,0.0028772932038545218,3.3939456082723964
c0_half,19.22,19220,0.5,abs,0.02,20.0,0.001,0.5,0.005643470972348354,0.46642893608208236,0.8845586739076933,0.004484765797645277,3.4350458204791323
c0_half,19.240000000000002,19240,0.5,abs,0.02,20.0,0.001,0.5,0.0010959383321825277,,,,
c0_half,19.26,19260,0.5,abs,0.02,20.0,0.001,0.5,0.004687816683086391,0.587200569171875,0.8094414688933511,0.003190307616379841,3.4402905725417554
c0_half,19.28,19280,0.5,abs,0.02,20.0,0.001,0.5,0.002187237814445624,,,,
c0_half,19.3,19300,0.5,abs,0.02,20.0,0.001,0.5,0.005165668142293457,0.6527974514500554,0.7575324992238369,0.003463585105427394,3.4353579805515366
c0_half,19.32,19320,0.5,abs,0.02,20.0,0.001,0.5,0.002055759120950259,,,,
c0_half,19.34,19340,0.5,abs,0.02,20.0,0.001,0.5,0.005414817275467906,0.5812595824538206,0.8137181931145512,0.0040019871415234495,3.4284554843091293
c0_half,19.36,19360,0.5,abs,0.02,20.0,0.001,0.5,0.0017477518399363558,,,,
c0_half,19.38,19380,0.5,abs,0.02,20.0,0.001,0.5,0.005610615524185978,0.6247501801533669,0.7808247001717706,0.003951826098424747,3.4341310744650997
c0_half,19.400000000000002,19400,0.5,abs,0.02,20.0,0.001,0.5,0.0025772888637576197,,,,
c0_half,19.42,19420,0.5,abs,0.02,20.0,0.001,0.5,0.007967938861750425,0.6191578925972757,0.7852665178361421,0.0056291785115070185,3.4316687230463216
c0_half,19.44,19440,0.5,abs,0.02,20.0,0.001,0.5,0.004087891421666582,0.9209083129701473,0.3897792697187437,0.0016847214006128928,3.4741305836566276
c0_half,19.46,19460,0.5,abs,0.02,20.0,0.001,0.5,0.008972210518126448,0.6242856828051794,0.7811961253388748,0.0061095925938932085,3.42965459064893
c0_half,19.48,19480,0.5,abs,0.02,20.0,0.001,0.5,0.004214166535291551,0.8997614936555874,0.4363820052828326,0.0019194161690085742,3.47031963140482
c0_half,19.5,19500,0.5,abs,0.02,20.0,0.001,0.5,0.008106073362108899,0.54514710235165,0.8383404062775456,0.0059357370878378515,3.422266954794228
c0_half,19.52,19520,0.5,abs,0.02,20.0,0.001,0.5,0.0037195238532952805,0.7686723766554944,0.6396426950781146,0.00217070332843757,3.45899765866665
c0_half,19.54,19540,0.5,abs,0.02,20.0,0.001,0.5,0.005340304297922242,0.5988658249883035,0.8008493763880188,0.0037031371734467483,3.4174074368088263
c0_half,19.56,19560,0.5,abs,0.02,20.0,0.001,0.5,0.0031109545381906613,0.7290376980039754,0.6844735457919936,0.001923939203720069,3.453149914987172
c0_half,19.580000000000002,19580,0.5,abs,0.02,20.0,0.001,0.5,0.004741873665658382,0.6581632197215698,0.752875272675187,0.00317754790984188,3.4273534407192834
c0_half,19.6,19600,0.5,abs,0.02,20.0,0.001,0.5,0.0031049994679587223,0.89259724038012,0.45085492840357677,0.0013529913595786264,3.4639929178771673
c0_half,19.62,19620,0.5,abs,0.02,20.0,0.001,0.5,0.006401182952044441,0.6645325033027546,0.7472593606333577,0.004018574082564609,3.4238197283947116
c0_half,19.64,19640,0.5,abs,0.02,20.0,0.001,0.5,0.0039115616919108845,0.8255209693203865,0.564371446134839,0.002219710940043455,3.4522829678027698
c0_half,19.66,19660,0.5,abs,0.02,20.0,0.001,0.5,0.005632297867126346,0.6380127381001982,0.7700258086725975,0.004005398399002931,3.410897404844743
c0_half,19.68,19680,0.5,abs,0.02,20.0,0.001,0.5,0.004746562341335413,0.7133207158588216,0.7008377532115819,0.003068920957580832,3.4428010171831573
c0_half,19.7,19700,0.5,abs,0.02,20.0,0.001,0.5,0.005180685121092978,0.75013592493361,0.6612836714481896,0.0032043882430633918,3.40590047997625
c0_half,19.72,19720,0.5,abs,0.02,20.0,0.001,0.5,0.005045700071738226,0.6728340054278175,0.7397934854673697,0.003285574659994047,3.443669048127081
c0_half,19.740000000000002,19740,0.5,abs,0.02,20.0,0.001,0.5,0.004241010822473488,0.7141064000076606,0.7000371772042533,0.0028023367217159404,3.4104192479991724
c0_half,19.76,19760,0.5,abs,0.02,20.0,0.001,0.5,0.003998180738473168,0.7241500604658488,0.6896424362865932,0.0024865556870301013,3.441584190891998
c0_half,19.78,19780,0.5,abs,0.02,20.0,0.001,0.5,0.00344515584052407,0.7199015146614954,0.6940762272172162,0.0023063008626440914,3.4085214290706816
c0_half,19.8,19800,0.5,abs,0.02,20.0,0.001,0.5,0.0025928128730362114,,,,
c0_half,19.82,19820,0.5,abs,0.02,20.0,0.001,0.5,0.0027989874083559677,,,,
c0_half,19.84,19840,0.5,abs,0.02,20.0,0.001,0.5,0.0010000508559040516,,,,
c0_half,19.86,19860,0.5,abs,0.02,20.0,0.001,0.5,0.0028671130197515412,,,,
c0_half,19.88,19880,0.5,abs,0.02,20.0,0.001,0.5,0.0010403953058970615,,,,
c0_half,19.900000000000002,19900,0.5,abs,0.02,20.0,0.001,0.5,0.0029457923336623547,,,,
c0_half,19.92,19920,0.5,abs,0.02,20.0,0.001,0.5,0.0015195525753613009,,,,
c0_half,19.94,19940,0.5,abs,0.02,20.0,0.001,0.5,0.002371122086408914,,,,
c0_half,19.96,19960,0.5,abs,0.02,20.0,0.001,0.5,0.0021243339472683293,,,,
c0_half,19.98,19980,0.5,abs,0.02,20.0,0.001,0.5,0.0009730678877884214,,,,
c0_half,20.0,20000,0.5,abs,0.02,20.0,0.001,0.5,0.0012256907601352197,,,,
c0_half,20.02,20020,0.5,abs,0.02,20.0,0.001,0.5,0.0026688067196153358,,,,
c0_half,20.04,20040,0.5,abs,0.02,20.0,0.001,0.5,0.0017057435160211967,,,,
c0_half,20.06,20060,0.5,abs,0.02,20.0,0.001,0.5,0.003865769029927334,0.6781524251355883,0.7349212803305676,0.0026765066716801103,3.4367883088952667
c0_half,20.080000000000002,20080,0.5,abs,0.02,20.0,0.001,0.5,0.0017299292728536796,,,,
c0_half,20.1,20100,0.5,abs,0.02,20.0,0.001,0.5,0.0054629717654378854,0.6130365590677678,0.7900545406782693,0.0038523947405716737,3.4369441385459396
c0_half,20.12,20120,0.5,abs,0.02,20.0,0.001,0.5,0.0022233649682997995,,,,
c0_half,20.14,20140,0.5,abs,0.02,20.0,0.001,0.5,0.00598545776612806,0.5358588985340368,0.84430755111031,0.004419963444498469,3.4353604886064844
c0_half,20.16,20160,0.5,abs,0.02,20.0,0.001,0.5,0.001762145379682592,,,,
c0_half,20.18,20180,0.5,abs,0.02,20.0,0.001,0.5,0.005532857540360836,0.6411952829884281,0.7673777486175826,0.0036974104680656678,3.4397887476580955
c0_half,20.2,20200,0.5,abs,0.02,20.0,0.001,0.5,0.002514084912018868,,,,
c0_half,20.22,20220,0.5,abs,0.02,20.0,0.001,0.5,0.00525943736907769,0.576067675181469,0.8174020024510691,0.003877559147119657,3.435271702811498
c0_half,20.240000000000002,20240,0.5,abs,0.02,20.0,0.001,0.5,0.0019990496934272476,,,,
c0_half,20.26,20260,0.5,abs,0.02,20.0,0.001,0.5,0.005645139389210644,0.5788907995999413,0.8154050785582225,0.003964783626118044,3.4368074913429396
c0_half,20.28,20280,0.5,abs,0.02,20.0,0.001,0.5,0.002400047376498466,,,,
c0_half,20.3,20300,0.5,abs,0.02,20.0,0.001,0.5,0.006434295146294096,0.6618885609554656,0.7496022497807107,0.004351084975364954,3.4366592613047757
c0_half,20.32,20320,0.5,abs,0.02,20.0,0.001,0.5,0.0032130344981939375,0.9582645968407388,0.2858827774484788,0.0011108236203377913,3.477094723367607
c0_half,20.34,20340,0.5,abs,0.02,20.0,0.001,0.5,0.008404417150438706,0.6134662565807033,0.7897209330116928,0.00578140112445808,3.427083815984478
c0_half,20.36,20360,0.5,abs,0.02,20.0,0.001,0.5,0.004525909015355697,0.8637976335681794,0.5038389110043143,0.0022134526786086474,3.4632085233384373
c0_half,20.38,20380,0.5,abs,0.02,20.0,0.001,0.5,0.007843529815026206,0.6021399441720225,0.7983905608363078,0.0054485649300786065,3.4196405445036326
c0_half,20.400000000000002,20400,0.5,abs,0.02,20.0,0.001,0.5,0.0044540503196252084,0.7655644229628196,0.643359242020821,0.002618572243044849,3.4566068234204472
c0_half,20.42,20420,0.5,abs,0.02,20.0,0.001,0.5,0.006156969634145964,0.580548486654453,0.8142256779561947,0.00440834186484284,3.418095131674491
c0_half,20.44,20440,0.5,abs,0.02,20.0,0.001,0.5,0.0037643483186150344,0.7458936233025977,0.6660650889489125,0.002211609133183268,3.4558225009196235
c0_half,20.46,20460,0.5,abs,0.02,20.0,0.001,0.5,0.006052576883609749,0.7057448111783894,0.7084661329201131,0.0038168947048198435,3.4299212840261895
c0_half,20.48,20480,0.5,abs,0.02,20.0,0.001,0.5,0.003934475355680484,0.9060681401410412,0.42313180620387575,0.001686575751331654,3.470723808262864
c0_half,20.5,20500,0.5,abs,0.02,20.0,0.001,0.5,0.0077999991259885635,0.559770360644531,0.8286477800271304,0.005530724213008246,3.4246115289537506
c0_half,20.52,20520,0.5,abs,0.02,20.0,0.001,0.5,0.0037015838876096646,0.8102206147272027,0.5861250339911047,0.0020264390332524447,3.456836214488451
c0_half,20.54,20540,0.5,abs,0.02,20.0,0.001,0.5,0.005952655463554754,0.6153185987462639,0.7882785180613098,0.004068412332508428,3.418211195974699
c0_half,20.56,20560,0.5,abs,0.02,20.0,0.001,0.5,0.0035479118625604956,0.7638223515952318,0.6454265374181093,0.0021769678230674125,3.4499601998603957
c0_half,20.580000000000002,20580,0.5,abs,0.02,20.0,0.001,0.5,0.0048626181855418085,0.7013621221076074,0.7128051442524204,0.0031201260428303473,3.4106508028457476
c0_half,20.6,20600,0.5,abs,0.02,20.0,0.001,0.5,0.004395938446582987,0.7086409362551774,0.7055692903346813,0.0027094877177542506,3.441796228042641
c0_half,20.62,20620,0.5,abs,0.02,20.0,0.001,0.5,0.0036978259498711545,0.7577208997188651,0.6525787600966135,0.0023921541277736025,3.406118151361653
c0_half,20.64,20640,0.5,abs,0.02,20.0,0.001,0.5,0.004171036644940087,0.7185447544952497,0.6954807228006836,0.0025286633093685564,3.4376752010924996
c0_half,20.66,20660,0.5,abs,0.02,20.0,0.001,0.5,0.0028199239440824947,,,,
c0_half,20.68,20680,0.5,abs,0.02,20.0,0.001,0.5,0.003626334555499589,0.7302324727550092,0.6831987527316662,0.0022167235773478777,3.4299189322973973
c0_half,20.7,20700,0.5,abs,0.02,20.0,0.001,0.5,0.0026432135124381225,,,,
c0_half,20.72,20720,0.5,abs,0.02,20.0,0.001,0.5,0.0021219729072392704,,,,
c0_half,20.740000000000002,20740,0.5,abs,0.02,20.0,0.001,0.5,0.003639410230337366,0.7450290982080183,0.6670319653684876,0.0022091122309737046,3.417236769302505
c0_half,20.76,20760,0.5,abs,0.02,20.0,0.001,0.5,0.002001835266551064,,,,
c0_half,20.78,20780,0.5,abs,0.02,20.0,0.001,0.5,0.004178018088927115,0.726779207892385,0.6868711545663548,0.0025000707746672137,3.4259891221034984
c0_half,20.8,20800,0.5,abs,0.02,20.0,0.001,0.5,0.0019452866748038884,,,,
c0_half,20.82,20820,0.5,abs,0.02,20.0,0.001,0.5,0.0028899150871851604,,,,
c0_half,20.84,20840,0.5,abs,0.02,20.0,0.001,0.5,0.0018609658607739194,,,,
c0_half,20.86,20860,0.5,abs,0.02,20.0,0.001,0.5,0.0011717136455562836,,,,
c0_half,20.88,20880,0.5,abs,0.02,20.0,0.001,0.5,0.001988582969673907,,,,
c0_half,20.900000000000002,20900,0.5,abs,0.02,20.0,0.001,0.5,0.0023816842312465386,,,,
c0_half,20.92,20920,0.5,abs,0.02,20.0,0.001,0.5,0.0021413975935117707,,,,
c0_half,20.94,20940,0.5,abs,0.02,20.0,0.001,0.5,0.003032883105774821,0.667086592171149,0.744980186679809,0.0020772071798503653,3.4415478665947177
c0_half,20.96,20960,0.5,abs,0.02,20.0,0.001,0.5,0.001456052990042003,,,,
c0_half,20.98,20980,0.5,abs,0.02,20.0,0.001,0.5,0.00364495783292609,0.5327447723870885,0.846275964147765,0.002779519574316888,3.429913880087817
c0_half,21.0,21000,0.5,abs,0.02,20.0,0.001,0.5,0.0009546725745940149,,,,
c0_half,21.02,21020,0.5,abs,0.02,20.0,0.001,0.5,0.0046950920495154366,0.6315135244197124,0.7753648615168174,0.003187349327795983,3.4379932359550267
c0_half,21.04,21040,0.5,abs,0.02,20.0,0.001,0.5,0.0019756096917599155,,,,
c0_half,21.06,21060,0.5,abs,0.02,20.0,0.001,0.5,0.005374566301701886,0.6277033022201882,0.778452673180503,0.003756778477001138,3.4336021767571765
c0_half,21.080000000000002,21080,0.5,abs,0.02,20.0,0.001,0.5,0.0018802594256421723,,,,
c0_half,21.1,21100,0.5,abs,0.02,20.0,0.001,0.5,0.005629653168305721,0.5665906416056592,0.8239994204153832,0.004186552234766216,3.431406057051621
c0_half,21.12,21120,0.5,abs,0.02,20.0,0.001,0.5,0.001992404016024451,,,,
c0_half,21.14,21140,0.5,abs,0.02,20.0,0.001,0.5,0.006529074580172595,0.6344474429521526,0.7729660032184308,0.004278914197402855,3.4398077509580283
c0_half,21.16,21160,0.5,abs,0.02,20.0,0.001,0.5,0.0036854231439450336,0.8238793139202669,0.5667652742487584,0.002169089895084027,3.397736138491915
c0_half,21.18,21180,0.5,abs,0.02,20.0,0.001,0.5,0.00792489215659935,0.6185425662534347,0.7857512925427584,0.005369512637231915,3.4393769204880513
c0_half,21.2,21200,0.5,abs,0.02,20.0,0.001,0.5,0.00335588228295617,0.852167697118784,0.523268779870602,0.001945926461435611,3.3874803166155374
c0_half,21.22,21220,0.5,abs,0.02,20.0,0.001,0.5,0.007980939459224384,0.6140733800452358,0.7892489365972053,0.005535401746675204,3.430838154411383
c0_half,21.240000000000002,21240,0.5,abs,0.02,20.0,0.001,0.5,0.003409150259441254,0.9202173894310987,0.39140765984918263,0.0014739627915007433,3.4707725391005724
c0_half,21.26,21260,0.5,abs,0.02,20.0,0.001,0.5,0.007034034201117984,0.4858469940816798,0.874043876668555,0.005336555695912785,3.4184186844067135
c0_half,21.28,21280,0.5,abs,0.02,20.0,0.001,0.5,0.0032474638133985624,0.6375821900608282,0.7703823407355842,0.0021730067044038216,3.449827242710228
c0_half,21.3,21300,0.5,abs,0.02,20.0,0.001,0.5,0.004566101678569493,0.6715268034519449,0.7409802644103369,0.0029283098659798946,3.4236319235158703
c0_half,21.32,21320,0.5,abs,0.02,20.0,0.001,0.5,0.0030205118097341352,0.8575426500406397,0.514412872468484,0.001435515623386762,3.4643160346022484
c0_half,21.34,21340,0.5,abs,0.02,20.0,0.001,0.5,0.006381591423146484,0.680553896093387,0.7326980240945867,0.004018173251733908,3.4269829115926917
c0_half,21.36,21360,0.5,abs,0.02,20.0,0.001,0.5,0.004802025972728281,0.8554978504297415,0.5178063614036543,0.0023042382914991834,3.4605597305411244
c0_half,21.38,21380,0.5,abs,0.02,20.0,0.001,0.5,0.008032865179389614,0.5858617140923379,0.8104110388937136,0.005553492252782029,3.4198055307640303
c0_half,21.400000000000002,21400,0.5,abs,0.02,20.0,0.001,0.5,0.004918510490537549,0.7353505360798134,0.6776869403250523,0.002929953692547806,3.4544002204815385
c0_half,21.42,21420,0.5,abs,0.02,20.0,0.001,0.5,0.006669326343084431,0.6034127132567207,0.7974290548256705,0.004600945012456283,3.418839146524842
c0_half,21.44,21440,0.5,abs,0.02,20.0,0.001,0.5,0.004338297699500235,0.7544350517396159,0.6563747044993761,0.0024646814528639966,3.454528953858855
c0_half,21.46,21460,0.5,abs,0.02,20.0,0.001,0.5,0.006452026522727108,0.6696852392694561,0.742645056742864,0.004063077265244544,3.4186037737039356
c0_half,21.48,21480,0.5,abs,0.02,20.0,0.001,0.5,0.0043481185664083835,0.7527608906502665,0.6582940387907348,0.0026076938561389227,3.452773940973369
c0_half,21.5,21500,0.5,abs,0.02,20.0,0.001,0.5,0.0051750904556306055,0.6411023399988985,0.7674553991261879,0.0034962074924276797,3.413585915296789
c0_half,21.52,21520,0.5,abs,0.02,20.0,0.001,0.5,0.004125399016687702,0.6936199068494241,0.7203411863986372,0.002570332465764497,3.4423073780771425
c0_half,21.54,21540,0.5,abs,0.02,20.0,0.001,0.5,0.0029585867407325088,,,,
c0_half,21.56,21560,0.5,abs,0.02,20.0,0.001,0.5,0.0021411442716310638,,,,
c0_half,21.580000000000002,21580,0.5,abs,0.02,20.0,0.001,0.5,0.0018024117185085468,,,,
c0_half,21.6,21600,0.5,abs,0.02,20.0,0.001,0.5,0.0015867901575089712,,,,
c0_half,21.62,21620,0.5,abs,0.02,20.0,0.001,0.5,0.0034366531810096153,0.7989087619047117,0.6014522343061673,0.0018565848523424064,3.4185246294275693
c0_half,21.64,21640,0.5,abs,0.02,20.0,0.001,0.5,0.002437764949835019,,,,
c0_half,21.66,21660,0.5,abs,0.02,20.0,0.001,0.5,0.0037786672229740436,0.7118753764545992,0.7023058083183013,0.002509946106131873,3.4081803103508044
c0_half,21.68,21680,0.5,abs,0.02,20.0,0.001,0.5,0.0038038999223537658,0.7236102494326443,0.6902088139947404,0.002258348854086484,3.4360404393634134
c0_half,21.7,21700,0.5,abs,0.02,20.0,0.001,0.5,0.002195204147392561,,,,
c0_half,21.72,21720,0.5,abs,0.02,20.0,0.001,0.5,0.0021490798871585262,,,,
c0_half,21.740000000000002,21740,0.5,abs,0.02,20.0,0.001,0.5,0.001556451107720379,,,,
c0_half,21.76,21760,0.5,abs,0.02,20.0,0.001,0.5,0.0010275383874096284,,,,
c0_half,21.78,21780,0.5,abs,0.02,20.0,0.001,0.5,0.0034683038980801687,0.6098307516702031,0.7925316740152124,0.002485426634449564,3.4358117462952684
c0_half,21.8,21800,0.5,abs,0.02,20.0,0.001,0.5,0.0014588125512657504,,,,
c0_half,21.82,21820,0.5,abs,0.02,20.0,0.001,0.5,0.0032206285149685115,0.6370785451166565,0.770798889044376,0.0021771484951321352,3.4430793820036243
c0_half,21.84,21840,0.5,abs,0.02,20.0,0.001,0.5,0.0021662137630515934,,,,
c0_half,21.86,21860,0.5,abs,0.02,20.0,0.001,0.5,0.004022192955321923,0.5962943207543638,0.8027658955362342,0.0027945910131477567,3.4430294349969515
c0_half,21.88,21880,0.5,abs,0.02,20.0,0.001,0.5,0.0019501898854127563,,,,
c0_half,21.900000000000002,21900,0.5,abs,0.02,20.0,0.001,0.5,0.00439967542576198,0.5562102619791,0.8310416021290032,0.0032225221692094392,3.436666192795151
c0_half,21.92,21920,0.5,abs,0.02,20.0,0.001,0.5,0.0013528218591000822,,,,
c0_half,21.94,21940,0.5,abs,0.02,20.0,0.001,0.5,0.003665596860181262,0.6091976904292911,0.7930183944749439,0.002647074177242429,3.4386054610954453
c0_half,21.96,21960,0.5,abs,0.02,20.0,0.001,0.5,0.0013243786090782713,,,,
c0_half,21.98,21980,0.5,abs,0.02,20.0,0.001,0.5,0.0038542533417919786,0.5985635383691265,0.8010753338700622,0.0028841088106523124,3.430164020859383
c0_half,22.0,22000,0.5,abs,0.02,20.0,0.001,0.5,0.0014587152951413764,,,,
c0_half,22.02,22020,0.5,abs,0.02,20.0,0.001,0.5,0.005677505718751124,0.668398757675284,0.7438031330521114,0.0036672486875865703,3.438746835935305
c0_half,22.04,22040,0.5,abs,0.02,20.0,0.001,0.5,0.003073622916527836,0.8727735004842652,0.4881254109882441,0.0017442690033731341,3.3932664033042705
c0_half,22.06,22060,0.5,abs,0.02,20.0,0.001,0.5,0.008108556964574692,0.6395058699762547,0.7687862136289344,0.005535410162949126,3.4363065591512907
c0_half,22.080000000000002,22080,0.5,abs,0.02,20.0,0.001,0.5,0.00345967191074544,0.8659562160938991,0.5001198174521145,0.002085003594308143,3.3771908141005476
c0_half,22.1,22100,0.5,abs,0.02,20.0,0.001,0.5,0.008450242550173735,0.5687657651474045,0.8224995467453388,0.00611746686199588,3.42870177471724
c0_half,22.12,22120,0.5,abs,0.02,20.0,0.001,0.5,0.0035698756548890333,0.8869275127280984,0.4619086350848498,0.001690046887887659,3.468930466455806
c0_half,22.14,22140,0.5,abs,0.02,20.0,0.001,0.5,0.007300277031662258,0.5852844618932047,0.8108280327334408,0.0052715854588467875,3.4265226746464705
c0_half,22.16,22160,0.5,abs,0.02,20.0,0.001,0.5,0.002837960031770725,,,,
c0_half,22.18,22180,0.5,abs,0.02,20.0,0.001,0.5,0.006105263176052009,0.5517251663658328,0.8340259832874478,0.004492134951220872,3.426945935045808
c0_half,22.2,22200,0.5,abs,0.02,20.0,0.001,0.5,0.0025714315156384793,,,,
c0_half,22.22,22220,0.5,abs,0.02,20.0,0.001,0.5,0.0054710312862945795,0.6882095438385223,0.7255119735535539,0.0035306813514250973,3.433521388961765
c0_half,22.240000000000002,22240,0.5,abs,0.02,20.0,0.001,0.5,0.002871028291147077,,,,
c0_half,22.26,22260,0.5,abs,0.02,20.0,0.001,0.5,0.007136751592903458,0.5747974120310118,0.8182957503998486,0.005003470995204115,3.421368444470847
c0_half,22.28,22280,0.5,abs,0.02,20.0,0.001,0.5,0.004435059895973159,0.7678067960578235,0.6406814527730763,0.002564698690865837,3.4528673545800075
c0_half,22.3,22300,0.5,abs,0.02,20.0,0.001,0.5,0.006507078664003223,0.6262435173799249,0.7796275116615753,0.004385544250490934,3.417548801295691
c0_half,22.32,22320,0.5,abs,0.02,20.0,0.001,0.5,0.0043786688530783905,0.746968097932053,0.664859880479918,0.002615378641852343,3.4509345707552157
c0_half,22.34,22340,0.5,abs,0.02,20.0,0.001,0.5,0.005967490012149292,0.7223038801489782,0.6915758127072771,0.003640514008580817,3.415230776909837
c0_half,22.36,22360,0.5,abs,0.02,20.0,0.001,0.5,0.005209192693292407,0.7462169027135601,0.6657028872587087,0.0032265619239637633,3.449054159185561
c0_half,22.38,22380,0.5,abs,0.02,20.0,0.001,0.5,0.005937267280671244,0.6810234625163272,0.7322615949933963,0.003919455611402128,3.411380574755178
c0_half,22.400000000000002,22400,0.5,abs,0.02,20.0,0.001,0.5,0.005298578939564458,0.689515209776561,0.7242712029942825,0.003387092339262814,3.4438905537526487
c0_half,22.42,22420,0.5,abs,0.02,20.0,0.001,0.5,0.0041556632839374035,0.5564638038500864,0.8308718523362627,0.003240664833978103,3.4039340013428223
c0_half,22.44,22440,0.5,abs,0.02,20.0,0.001,0.5,0.002949916276482066,,,,
c0_half,22.46,22460,0.5,abs,0.02,20.0,0.001,0.5,0.0031985930240415413,0.7450093906031101,0.6670539767613882,0.001890907570632404,3.4265612387234476
c0_half,22.48,22480,0.5,abs,0.02,20.0,0.001,0.5,0.0013252734416582938,,,,
c0_half,22.5,22500,0.5,abs,0.02,20.0,0.001,0.5,0.004519097922575948,0.7012005054468115,0.7129641303467772,0.0027662221891121865,3.420583079167219
c0_half,22.52,22520,0.5,abs,0.02,20.0,0.001,0.5,0.0024918966291679434,,,,
c0_half,22.54,22540,0.5,abs,0.02,20.0,0.001,0.5,0.003450177404178649,0.662898307091823,0.7487094459500262,0.002411515355817888,3.412359960212317
c0_half,22.56,22560,0.5,abs,0.02,20.0,0.001,0.5,0.0026406070658588957,,,,
c0_half,22.580000000000002,22580,0.5,abs,0.02,20.0,0.001,0.5,0.0016773697036593703,,,,
c0_half,22.6,22600,0.5,abs,0.02,20.0,0.001,0.5,0.0020399138412670577,,,,
c0_half,22.62,22620,0.5,abs,0.02,20.0,0.001,0.5,0.001190500938112055,,,,
c0_half,22.64,22640,0.5,abs,0.02,20.0,0.001,0.5,0.0009978063384270184,,,,
c0_half,22.66,22660,0.5,abs,0.02,20.0,0.001,0.5,0.002322785708371604,,,,
c0_half,22.68,22680,0.5,abs,0.02,20.0,0.001,0.5,0.0009575455256739571,,,,
c0_half,22.7,22700,0.5,abs,0.02,20.0,0.001,0.5,0.002832913371571109,,,,
c0_half,22.72,22720,0.5,abs,0.02,20.0,0.001,0.5,0.001438158566835061,,,,
c0_half,22.740000000000002,22740,0.5,abs,0.02,20.0,0.001,0.5,0.003967718481704095,0.5405099060003934,0.8413376501235671,0.0030531788905868353,3.431305817059247
c0_half,22.76,22760,0.5,abs,0.02,20.0,0.001,0.5,0.0011405089791679285,,,,
c0_half,22.78,22780,0.5,abs,0.02,20.0,0.001,0.5,0.0048041836084528125,0.6305829935081932,0.776121825680895,0.0032250889477187673,3.439141051590809
c0_half,22.8,22800,0.5,abs,0.02,20.0,0.001,0.5,0.0020799142082848594,,,,
c0_half,22.82,22820,0.5,abs,0.02,20.0,0.001,0.5,0.004790709656622699,0.5913877351049988,0.8063873428863948,0.0034595890431948608,3.438415342699539
c0_half,22.84,22840,0.5,abs,0.02,20.0,0.001,0.5,0.0018911064748901522,,,,
c0_half,22.86,22860,0.5,abs,0.02,20.0,0.001,0.5,0.00397902064297391,0.4890831110721338,0.8722371870449018,0.0029994908922393914,3.43674617458295
c0_half,22.88,22880,0.5,abs,0.02,20.0,0.001,0.5,0.001953817551036007,,,,
c0_half,22.900000000000002,22900,0.5,abs,0.02,20.0,0.001,0.5,0.004964106089557566,0.7205800160793818,0.6933717909080509,0.002928668439744451,3.447417663030972
c0_half,22.92,22920,0.5,abs,0.02,20.0,0.001,0.5,0.0038089403675209844,0.7138104654631541,0.7003389318003642,0.002518232494735882,3.4034592532292223
c0_half,22.94,22940,0.5,abs,0.02,20.0,0.001,0.5,0.007080132234575858,0.6228273431853881,0.7823593167979984,0.0048862219897351615,3.4376758908837886
c0_half,22.96,22960,0.5,abs,0.02,20.0,0.001,0.5,0.002944492678222751,,,,
c0_half,22.98,22980,0.5,abs,0.02,20.0,0.001,0.5,0.007588263370326111,0.5552440730699398,0.8316874529056597,0.0054483956678795875,3.426995655933606
c0_half,23.0,23000,0.5,abs,0.02,20.0,0.001,0.5,0.003284002032055433,0.8523889595005469,0.5229082727606962,0.0016646111757079697,3.4628777020464057
c0_half,23.02,23020,0.5,abs,0.02,20.0,0.001,0.5,0.0064079475883806886,0.5693694504774984,0.822081765314711,0.004628966245463647,3.421284217768566
c0_half,23.04,23040,0.5,abs,0.02,20.0,0.001,0.5,0.003624994157292944,0.7999950883717699,0.6000065487817978,0.0019137996656060211,3.463046050276869
c0_half,23.06,23060,0.5,abs,0.02,20.0,0.001,0.5,0.0066756500358758205,0.654090146553786,0.7564166049084637,0.004453098903341147,3.4309324911673187
c0_half,23.080000000000002,23080,0.5,abs,0.02,20.0,0.001,0.5,0.003091165516522406,0.9322528232648958,0.3618075089251617,0.001279904918526893,3.4787881194069357
c0_half,23.1,23100,0.5,abs,0.02,20.0,0.001,0.5,0.007545910407526669,0.5759861381287923,0.8174594599632934,0.005373988993405132,3.4287457408230466
c0_half,23.12,23120,0.5,abs,0.02,20.0,0.001,0.5,0.003866667889911639,0.8661768152184866,0.4997376559535613,0.0018376844959877988,3.467547624543869
c0_half,23.14,23140,0.5,abs,0.02,20.0,0.001,0.5,0.00728100056885716,0.5706952890289697,0.8211619128284878,0.005178013399481698,3.4265141728578996
c0_half,23.16,23160,0.5,abs,0.02,20.0,0.001,0.5,0.003534535482061721,0.8573853648049264,0.5146749811466681,0.0017101415308594793,3.46554740085751
c0_half,23.18,23180,0.5,abs,0.02,20.0,0.001,0.5,0.007142477031986984,0.6212422561559542,0.7836185673950433,0.004831647507696637,3.424669811113837
c0_half,23.2,23200,0.5,abs,0.02,20.0,0.001,0.5,0.003941532917422067,0.8369251026967754,0.5473174330093933,0.001983918708952001,3.4617307122367507
c0_half,23.22,23220,0.5,abs,0.02,20.0,0.001,0.5,0.006361669894329689,0.6100136406743933,0.7923909124864897,0.004263373327575272,3.418735300011541
c0_half,23.240000000000002,23240,0.5,abs,0.02,20.0,0.001,0.5,0.00421944092074531,0.7333341708418039,0.6798683651088377,0.0026256818126366046,3.446564801538628
c0_half,23.26,23260,0.5,abs,0.02,20.0,0.001,0.5,0.004528290985593387,0.7352271022345627,0.6778208525412656,0.0029215260433545854,3.409080196258607
c0_half,23.28,23280,0.5,abs,0.02,20.0,0.001,0.5,0.005050017957786137,0.7109609797552459,0.7032314592404556,0.003093622368293368,3.4416722455368536
c0_half,23.3,23300,0.5,abs,0.02,20.0,0.001,0.5,0.0038137285683124715,0.641823306197624,0.7668525566375526,0.0028593654713756863,3.400531581424275
c0_half,23.32,23320,0.5,abs,0.02,20.0,0.001,0.5,0.003761702189172516,0.606823799391578,0.7948363834727056,0.002597168691937551,3.4323535552692164
c0_half,23.34,23340,0.5,abs,0.02,20.0,0.001,0.5,0.003309940717494416,0.7563634703322897,0.6541515885075077,0.00197646473516007,3.4148986324769552
c0_half,23.36,23360,0.5,abs,0.02,20.0,0.001,0.5,0.002684801245317299,,,,
c0_half,23.38,23380,0.5,abs,0.02,20.0,0.001,0.5,0.005317672309838597,0.745422278291868,0.6665925494829361,0.003041220817152695,3.4204002042667696
c0_half,23.400000000000002,23400,0.5,abs,0.02,20.0,0.001,0.5,0.003930919672284451,0.8160660981394313,0.5779585828305382,0.0021860141938721944,3.4513123747248358
c0_half,23.42,23420,0.5,abs,0.02,20.0,0.001,0.5,0.004843949854686505,0.633076191689769,0.7740894880539193,0.0034870560055866727,3.409093642310623
c0_half,23.44,23440,0.5,abs,0.02,20.0,0.001,0.5,0.0036702951105613284,0.6636087958270321,0.7480797859192538,0.0024304644094415907,3.439234921146358
c0_half,23.46,23460,0.5,abs,0.02,20.0,0.001,0.5,0.0022903109394327974,,,,
c0_half,23.48,23480,0.5,abs,0.02,20.0,0.001,0.5,0.0012814620683764208,,,,
c0_half,23.5,23500,0.5,abs,0.02,20.0,0.001,0.5,0.0012552228702496695,,,,
c0_half,23.52,23520,0.5,abs,0.02,20.0,0.001,0.5,0.0008599943930882574,,,,
c0_half,23.54,23540,0.5,abs,0.02,20.0,0.001,0.5,0.002118766092127138,,,,
c0_half,23.56,23560,0.5,abs,0.02,20.0,0.001,0.5,0.000853157237636037,,,,
c0_half,23.580000000000002,23580,0.5,abs,0.02,20.0,0.001,0.5,0.001966163095631361,,,,
c0_half,23.6,23600,0.5,abs,0.02,20.0,0.001,0.5,0.0012976860232738149,,,,
c0_half,23.62,23620,0.5,abs,0.02,20.0,0.001,0.5,0.0027394293691929694,,,,
c0_half,23.64,23640,0.5,abs,0.02,20.0,0.001,0.5,0.0010374093373703742,,,,
c0_half,23.66,23660,0.5,abs,0.02,20.0,0.001,0.5,0.003749596516400329,0.6964552319734475,0.7176002437686402,0.002508337763422151,3.4323481157609628
c0_half,23.68,23680,0.5,abs,0.02,20.0,0.001,0.5,0.0012379233287635226,,,,
c0_half,23.7,23700,0.5,abs,0.02,20.0,0.001,0.5,0.004240225249141818,0.5778043765915429,0.8161752890106749,0.003148951051816054,3.428559214755385
c0_half,23.72,23720,0.5,abs,0.02,20.0,0.001,0.5,0.0012861474068508064,,,,
c0_half,23.740000000000002,23740,0.5,abs,0.02,20.0,0.001,0.5,0.004277817088212415,0.6152368350282401,0.7883423347914497,0.002970376219325263,3.4368307629227886
c0_half,23.76,23760,0.5,abs,0.02,20.0,0.001,0.5,0.0025953458769256083,,,,
c0_half,23.78,23780,0.5,abs,0.02,20.0,0.001,0.5,0.005854135066498214,0.7369802951802854,0.6759142286680906,0.003416739442689425,3.4471904377163476
c0_half,23.8,23800,0.5,abs,0.02,20.0,0.001,0.5,0.00448348711290572,0.726756307670853,0.686895384509627,0.0030379163518024187,3.4003100961631887
c0_half,23.82,23820,0.5,abs,0.02,20.0,0.001,0.5,0.008237928803286046,0.601262969088421,0.7990512136296248,0.005784272997115311,3.4381980028159234
c0_half,23.84,23840,0.5,abs,0.02,20.0,0.001,0.5,0.003177974144808828,0.7340615304049332,0.6790829622215293,0.002429944486290465,3.3776700524389405
c0_half,23.86,23860,0.5,abs,0.02,20.0,0.001,0.5,0.006814271551330239,0.5093080868301709,0.8605842623993254,0.005242097647986954,3.428694810093262
c0_half,23.88,23880,0.5,abs,0.02,20.0,0.001,0.5,0.0016553902345907172,,,,
c0_half,23.900000000000002,23900,0.5,abs,0.02,20.0,0.001,0.5,0.0050076068024680325,0.6448935812721505,0.7642723786936043,0.0035298971782188856,3.4316860093057606
c0_half,23.92,23920,0.5,abs,0.02,20.0,0.001,0.5,0.001993502293258845,,,,
c0_half,23.94,23940,0.5,abs,0.02,20.0,0.001,0.5,0.006300516256732561,0.633217007222345,0.7739743030387874,0.00422443296072239,3.4274050834288907
c0_half,23.96,23960,0.5,abs,0.02,20.0,0.001,0.5,0.0032115073574868753,0.8775529129589772,0.47947980662089795,0.0015609777149355412,3.4674201846376285
c0_half,23.98,23980,0.5,abs,0.02,20.0,0.001,0.5,0.006323064932707639,0.638717094528665,0.769441663257755,0.004333122088629615,3.4290863300826366
c0_half,24.0,24000,0.5,abs,0.02,20.0,0.001,0.5,0.003469889149618852,0.9074536423848771,0.4201522187522271,0.001522607493493181,3.468201387949364
c0_half,24.02,24020,0.5,abs,0.02,20.0,0.001,0.5,0.0076362257436584716,0.5856218068988791,0.8105844183578239,0.005410155149950535,3.4221040597096035
c0_half,24.04,24040,0.5,abs,0.02,20.0,0.001,0.5,0.004787603289839213,0.7972215481018954,0.6036868420315431,0.002539160587615454,3.4585201378651966
c0_half,24.060000000000002,24060,0.5,abs,0.02,20.0,0.001,0.5,0.007753913785889651,0.6630053471997459,0.7486146602789346,0.005034161528904002,3.426380072103843
c0_half,24.080000000000002,24080,0.5,abs,0.02,20.0,0.001,0.5,0.0048069366699097305,0.8635553698384557,0.5042540264818595,0.002289141677499917,3.4655196268376542
c0_half,24.1,24100,0.5,abs,0.02,20.0,0.001,0.5,0.008368018760125905,0.6081873995902922,0.7937934787963414,0.005666481787401215,3.4211723157477856
c0_half,24.12,24120,0.5,abs,0.02,20.0,0.001,0.5,0.0048024618753668815,0.7576073901603187,0.6527105349038507,0.0028808162672267715,3.4548114456145598
c0_half,24.14,24140,0.5,abs,0.02,20.0,0.001,0.5,0.005541653402561889,0.5772640683656234,0.816557527290006,0.004026656204554989,3.4121347563467026
c0_half,24.16,24160,0.5,abs,0.02,20.0,0.001,0.5,0.004164316526793796,0.6479883327851139,0.7616502613236396,0.002774147455862548,3.440008893512122
c0_half,24.18,24180,0.5,abs,0.02,20.0,0.001,0.5,0.0033618482009817696,0.6534151802365056,0.7569997372763712,0.0023455024584291143,3.411033681725897
c0_half,24.2,24200,0.5,abs,0.02,20.0,0.001,0.5,0.0021552396129992444,,,,
c0_half,24.22,24220,0.5,abs,0.02,20.0,0.001,0.5,0.003954631844456878,0.7386192763170123,0.6741228112539531,0.002318563570065177,3.423928579343759
c0_half,24.240000000000002,24240,0.5,abs,0.02,20.0,0.001,0.5,0.0023833993966481865,,,,
c0_half,24.26,24260,0.5,abs,0.02,20.0,0.001,0.5,0.00459054927871165,0.7087787151594814,0.7054308845924415,0.0029290938544390428,3.4133051953832805
c0_half,24.28,24280,0.5,abs,0.02,20.0,0.001,0.5,0.004194360583012209,0.7564258651454062,0.654079437483723,0.0024376799098476455,3.441129855512454
c0_half,24.3,24300,0.5,abs,0.02,20.0,0.001,0.5,0.003609375602040124,0.7780028083760878,0.6282607978848596,0.0023818981772312006,3.4028462391689374
c0_half,24.32,24320,0.5,abs,0.02,20.0,0.001,0.5,0.004669512560197735,0.696644704400386,0.7174163058022163,0.0029060136841785058,3.4375876214931935
c0_half,24.34,24340,0.5,abs,0.02,20.0,0.001,0.5,0.0030006255005093872,0.6684548837621662,0.7437526930200042,0.0023295220385200145,3.3943804326528166
c0_half,24.36,24360,0.5,abs,0.02,20.0,0.001,0.5,0.0028495107388182292,,,,
c0_half,24.38,24380,0.5,abs,0.02,20.0,0.001,0.5,0.001996031312006677,,,,
c0_half,24.400000000000002,24400,0.5,abs,0.02,20.0,0.001,0.5,0.0011086979523900731,,,,
c0_half,24.42,24420,0.5,abs,0.02,20.0,0.001,0.5,0.0029387044628993255,,,,
c0_half,24.44,24440,0.5,abs,0.02,20.0,0.001,0.5,0.0008952505791165658,,,,
c0_half,24.46,24460,0.5,abs,0.02,20.0,0.001,0.5,0.002454715480413664,,,,
c0_half,24.48,24480,0.5,abs,0.02,20.0,0.001,0.5,0.0017454512057286857,,,,
c0_half,24.5,24500,0.5,abs,0.02,20.0,0.001,0.5,0.003433913518851781,0.6353269493826803,0.7722432695647772,0.002392238675178466,3.4429123932329446
c0_half,24.52,24520,0.5,abs,0.02,20.0,0.001,0.5,0.0014943120714064745,,,,
c0_half,24.54,24540,0.5,abs,0.02,20.0,0.001,0.5,0.0031487683878159848,0.6223220654780109,0.7827612961939175,0.0022366659373923253,3.434141475282278
c0_half,24.560000000000002,24560,0.5,abs,0.02,20.0,0.001,0.5,0.0009484552655599261,,,,
c0_half,24.580000000000002,24580,0.5,abs,0.02,20.0,0.001,0.5,0.002547749634777558,,,,
c0_half,24.6,24600,0.5,abs,0.02,20.0,0.001,0.5,0.0008782442612115396,,,,
c0_half,24.62,24620,0.5,abs,0.02,20.0,0.001,0.5,0.002716709051903038,,,,
c0_half,24.64,24640,0.5,abs,0.02,20.0,0.001,0.5,0.002353550722055428,,,,
c0_half,24.66,24660,0.5,abs,0.02,20.0,0.001,0.5,0.005123499749390613,0.730379695039953,0.6830413611732056,0.003072371529185034,3.44525467022698
c0_half,24.68,24680,0.5,abs,0.02,20.0,0.001,0.5,0.003424760148166072,0.7303256625537656,0.6830991338125112,0.002399409610241492,3.392412755895535
c0_half,24.7,24700,0.5,abs,0.02,20.0,0.001,0.5,0.007480397767772482,0.585334697961547,0.810791768188519,0.0054324216011643,3.4324331426047365
c0_half,24.72,24720,0.5,abs,0.02,20.0,0.001,0.5,0.0024815887497438884,,,,
c0_half,24.740000000000002,24740,0.5,abs,0.02,20.0,0.001,0.5,0.007057338919395915,0.5619950403384327,0.8271406014910666,0.005231966462329427,3.432506972313057
c0_half,24.76,24760,0.5,abs,0.02,20.0,0.001,0.5,0.0019921685511039497,,,,
c0_half,24.78,24780,0.5,abs,0.02,20.0,0.001,0.5,0.006600396748423654,0.5829623431139805,0.8124991732371531,0.004825883832589154,3.4319137348304984
c0_half,24.8,24800,0.5,abs,0.02,20.0,0.001,0.5,0.0021294708423505388,,,,
c0_half,24.82,24820,0.5,abs,0.02,20.0,0.001,0.5,0.006104431800010519,0.6253432391717305,0.780349814648666,0.004305118478673331,3.4338887843660046
c0_half,24.84,24840,0.5,abs,0.02,20.0,0.001,0.5,0.002239614219750433,,,,
c0_half,24.86,24860,0.5,abs,0.02,20.0,0.001,0.5,0.006360659756310461,0.5711552383325218,0.8208420638133259,0.004715742314568256,3.4310199880421592
c0_half,24.88,24880,0.5,abs,0.02,20.0,0.001,0.5,0.0022017101185075817,,,,
c0_half,24.900000000000002,24900,0.5,abs,0.02,20.0,0.001,0.5,0.006085816212584092,0.5881836988577857,0.8087273560341418,0.004369175643052958,3.4287490988103144
c0_half,24.92,24920,0.5,abs,0.02,20.0,0.001,0.5,0.0033269429380030718,0.8941027808362731,0.447861828358751,0.0014601280445461105,3.465406265268925
c0_half,24.94,24940,0.5,abs,0.02,20.0,0.001,0.5,0.007505660283691465,0.6839343859826502,0.7295435255490483,0.004739495076339553,3.4255282226755703
c0_half,24.96,24960,0.5,abs,0.02,20.0,0.001,0.5,0.005040486129012279,0.8556387277326117,0.5175735383538437,0.002475732909097663,3.460768091352893
c0_half,24.98,24980,0.5,abs,0.02,20.0,0.001,0.5,0.007972710466959384,0.6300751922084472,0.7765341281382863,0.0053810227412723136,3.4170309215927297
c0_half,25.0,25000,0.5,abs,0.02,20.0,0.001,0.5,0.005566763551289855,0.7242668880401966,0.6895197422036365,0.0036128629822946416,3.448842568968132
